task,H,B,query_ordinal,condition,mode,record_id,success,primitive_steps,decisions,predictor_calls,prediction_blocks,optimizer_seed,prelude,elapsed_seconds,variant,planned_actions_per_decision,maximum_executed_actions_per_decision
cube,150,150,0,clean,released_raw,ap-fresh-cube-000,True,13,3,450,135000,26091351,"{""initial_success"": false, ""success"": false, ""terminal_without_success"": false, ""category"": ""policy_entered"", ""primitive_steps"": 0}",5.7641,LeWM (5-action replanning),25,5
cube,150,150,0,prefix_a,released_raw,ap-fresh-cube-000,True,10,2,300,90000,26091351,"{""initial_success"": false, ""success"": false, ""terminal_without_success"": false, ""category"": ""policy_entered"", ""primitive_steps"": 5}",3.9337,LeWM (5-action replanning),25,5
cube,150,150,0,prefix_b,released_raw,ap-fresh-cube-000,False,150,30,4500,1350000,26091351,"{""initial_success"": false, ""success"": false, ""terminal_without_success"": false, ""category"": ""policy_entered"", ""primitive_steps"": 5}",53.124,LeWM (5-action replanning),25,5
cube,150,150,1,clean,released_raw,ap-fresh-cube-001,False,150,30,4500,1350000,26092351,"{""initial_success"": false, ""success"": false, ""terminal_without_success"": false, ""category"": ""policy_entered"", ""primitive_steps"": 0}",53.7328,LeWM (5-action replanning),25,5
cube,150,150,1,prefix_a,released_raw,ap-fresh-cube-001,False,150,30,4500,1350000,26092351,"{""initial_success"": false, ""success"": false, ""terminal_without_success"": false, ""category"": ""policy_entered"", ""primitive_steps"": 5}",53.394,LeWM (5-action replanning),25,5
cube,150,150,1,prefix_b,released_raw,ap-fresh-cube-001,False,150,30,4500,1350000,26092351,"{""initial_success"": false, ""success"": false, ""terminal_without_success"": false, ""category"": ""policy_entered"", ""primitive_steps"": 5}",53.6268,LeWM (5-action replanning),25,5
cube,150,150,2,clean,released_raw,ap-fresh-cube-002,False,150,30,4500,1350000,26093351,"{""initial_success"": false, ""success"": false, ""terminal_without_success"": false, ""category"": ""policy_entered"", ""primitive_steps"": 0}",53.5701,LeWM (5-action replanning),25,5
cube,150,150,2,prefix_a,released_raw,ap-fresh-cube-002,False,150,30,4500,1350000,26093351,"{""initial_success"": false, ""success"": false, ""terminal_without_success"": false, ""category"": ""policy_entered"", ""primitive_steps"": 5}",54.1161,LeWM (5-action replanning),25,5
cube,150,150,2,prefix_b,released_raw,ap-fresh-cube-002,False,150,30,4500,1350000,26093351,"{""initial_success"": false, ""success"": false, ""terminal_without_success"": false, ""category"": ""policy_entered"", ""primitive_steps"": 5}",53.5826,LeWM (5-action replanning),25,5
cube,150,150,3,clean,released_raw,ap-fresh-cube-003,False,150,30,4500,1350000,26094351,"{""initial_success"": false, ""success"": false, ""terminal_without_success"": false, ""category"": ""policy_entered"", ""primitive_steps"": 0}",53.4239,LeWM (5-action replanning),25,5
cube,150,150,3,prefix_a,released_raw,ap-fresh-cube-003,False,150,30,4500,1350000,26094351,"{""initial_success"": false, ""success"": false, ""terminal_without_success"": false, ""category"": ""policy_entered"", ""primitive_steps"": 5}",53.051,LeWM (5-action replanning),25,5
cube,150,150,3,prefix_b,released_raw,ap-fresh-cube-003,False,150,30,4500,1350000,26094351,"{""initial_success"": false, ""success"": false, ""terminal_without_success"": false, ""category"": ""policy_entered"", ""primitive_steps"": 5}",53.5457,LeWM (5-action replanning),25,5
cube,150,150,4,clean,released_raw,ap-fresh-cube-004,False,150,30,4500,1350000,26095351,"{""initial_success"": false, ""success"": false, ""terminal_without_success"": false, ""category"": ""policy_entered"", ""primitive_steps"": 0}",57.8474,LeWM (5-action replanning),25,5
cube,150,150,4,prefix_a,released_raw,ap-fresh-cube-004,False,150,30,4500,1350000,26095351,"{""initial_success"": false, ""success"": false, ""terminal_without_success"": false, ""category"": ""policy_entered"", ""primitive_steps"": 5}",56.5113,LeWM (5-action replanning),25,5
cube,150,150,4,prefix_b,released_raw,ap-fresh-cube-004,False,150,30,4500,1350000,26095351,"{""initial_success"": false, ""success"": false, ""terminal_without_success"": false, ""category"": ""policy_entered"", ""primitive_steps"": 5}",56.2631,LeWM (5-action replanning),25,5
cube,150,150,5,clean,released_raw,ap-fresh-cube-005,False,150,30,4500,1350000,26096351,"{""initial_success"": false, ""success"": false, ""terminal_without_success"": false, ""category"": ""policy_entered"", ""primitive_steps"": 0}",54.5258,LeWM (5-action replanning),25,5
cube,150,150,5,prefix_a,released_raw,ap-fresh-cube-005,True,22,5,750,225000,26096351,"{""initial_success"": false, ""success"": false, ""terminal_without_success"": false, ""category"": ""policy_entered"", ""primitive_steps"": 5}",9.3116,LeWM (5-action replanning),25,5
cube,150,150,5,prefix_b,released_raw,ap-fresh-cube-005,False,150,30,4500,1350000,26096351,"{""initial_success"": false, ""success"": false, ""terminal_without_success"": false, ""category"": ""policy_entered"", ""primitive_steps"": 5}",55.3753,LeWM (5-action replanning),25,5
cube,150,150,6,clean,released_raw,ap-fresh-cube-006,False,150,30,4500,1350000,26097351,"{""initial_success"": false, ""success"": false, ""terminal_without_success"": false, ""category"": ""policy_entered"", ""primitive_steps"": 0}",55.7154,LeWM (5-action replanning),25,5
cube,150,150,6,prefix_a,released_raw,ap-fresh-cube-006,False,150,30,4500,1350000,26097351,"{""initial_success"": false, ""success"": false, ""terminal_without_success"": false, ""category"": ""policy_entered"", ""primitive_steps"": 5}",55.8232,LeWM (5-action replanning),25,5
cube,150,150,6,prefix_b,released_raw,ap-fresh-cube-006,False,150,30,4500,1350000,26097351,"{""initial_success"": false, ""success"": false, ""terminal_without_success"": false, ""category"": ""policy_entered"", ""primitive_steps"": 5}",55.8706,LeWM (5-action replanning),25,5
cube,150,150,7,clean,released_raw,ap-fresh-cube-007,False,150,30,4500,1350000,26098351,"{""initial_success"": false, ""success"": false, ""terminal_without_success"": false, ""category"": ""policy_entered"", ""primitive_steps"": 0}",54.9657,LeWM (5-action replanning),25,5
cube,150,150,7,prefix_a,released_raw,ap-fresh-cube-007,False,150,30,4500,1350000,26098351,"{""initial_success"": false, ""success"": false, ""terminal_without_success"": false, ""category"": ""policy_entered"", ""primitive_steps"": 5}",54.9716,LeWM (5-action replanning),25,5
cube,150,150,7,prefix_b,released_raw,ap-fresh-cube-007,True,14,3,450,135000,26098351,"{""initial_success"": false, ""success"": false, ""terminal_without_success"": false, ""category"": ""policy_entered"", ""primitive_steps"": 5}",5.6183,LeWM (5-action replanning),25,5
cube,150,150,8,clean,released_raw,ap-fresh-cube-008,False,150,30,4500,1350000,26099351,"{""initial_success"": false, ""success"": false, ""terminal_without_success"": false, ""category"": ""policy_entered"", ""primitive_steps"": 0}",54.7756,LeWM (5-action replanning),25,5
cube,150,150,8,prefix_a,released_raw,ap-fresh-cube-008,False,150,30,4500,1350000,26099351,"{""initial_success"": false, ""success"": false, ""terminal_without_success"": false, ""category"": ""policy_entered"", ""primitive_steps"": 5}",54.6193,LeWM (5-action replanning),25,5
cube,150,150,8,prefix_b,released_raw,ap-fresh-cube-008,False,150,30,4500,1350000,26099351,"{""initial_success"": false, ""success"": false, ""terminal_without_success"": false, ""category"": ""policy_entered"", ""primitive_steps"": 5}",54.7536,LeWM (5-action replanning),25,5
cube,150,150,9,clean,released_raw,ap-fresh-cube-009,False,150,30,4500,1350000,26100351,"{""initial_success"": false, ""success"": false, ""terminal_without_success"": false, ""category"": ""policy_entered"", ""primitive_steps"": 0}",55.2746,LeWM (5-action replanning),25,5
cube,150,150,9,prefix_a,released_raw,ap-fresh-cube-009,False,150,30,4500,1350000,26100351,"{""initial_success"": false, ""success"": false, ""terminal_without_success"": false, ""category"": ""policy_entered"", ""primitive_steps"": 5}",55.0329,LeWM (5-action replanning),25,5
cube,150,150,9,prefix_b,released_raw,ap-fresh-cube-009,False,150,30,4500,1350000,26100351,"{""initial_success"": false, ""success"": false, ""terminal_without_success"": false, ""category"": ""policy_entered"", ""primitive_steps"": 5}",55.4014,LeWM (5-action replanning),25,5
cube,150,150,10,clean,released_raw,ap-fresh-cube-010,False,150,30,4500,1350000,26101351,"{""initial_success"": false, ""success"": false, ""terminal_without_success"": false, ""category"": ""policy_entered"", ""primitive_steps"": 0}",54.4145,LeWM (5-action replanning),25,5
cube,150,150,10,prefix_a,released_raw,ap-fresh-cube-010,False,150,30,4500,1350000,26101351,"{""initial_success"": false, ""success"": false, ""terminal_without_success"": false, ""category"": ""policy_entered"", ""primitive_steps"": 5}",56.2633,LeWM (5-action replanning),25,5
cube,150,150,10,prefix_b,released_raw,ap-fresh-cube-010,False,150,30,4500,1350000,26101351,"{""initial_success"": false, ""success"": false, ""terminal_without_success"": false, ""category"": ""policy_entered"", ""primitive_steps"": 5}",58.535,LeWM (5-action replanning),25,5
cube,150,150,11,clean,released_raw,ap-fresh-cube-011,True,8,2,300,90000,26102351,"{""initial_success"": false, ""success"": false, ""terminal_without_success"": false, ""category"": ""policy_entered"", ""primitive_steps"": 0}",3.7048,LeWM (5-action replanning),25,5
cube,150,150,11,prefix_a,released_raw,ap-fresh-cube-011,False,150,30,4500,1350000,26102351,"{""initial_success"": false, ""success"": false, ""terminal_without_success"": false, ""category"": ""policy_entered"", ""primitive_steps"": 5}",56.8808,LeWM (5-action replanning),25,5
cube,150,150,11,prefix_b,released_raw,ap-fresh-cube-011,True,6,2,300,90000,26102351,"{""initial_success"": false, ""success"": false, ""terminal_without_success"": false, ""category"": ""policy_entered"", ""primitive_steps"": 5}",4.0742,LeWM (5-action replanning),25,5
cube,150,150,12,clean,released_raw,ap-fresh-cube-012,False,150,30,4500,1350000,26103351,"{""initial_success"": false, ""success"": false, ""terminal_without_success"": false, ""category"": ""policy_entered"", ""primitive_steps"": 0}",57.0077,LeWM (5-action replanning),25,5
cube,150,150,12,prefix_a,released_raw,ap-fresh-cube-012,False,150,30,4500,1350000,26103351,"{""initial_success"": false, ""success"": false, ""terminal_without_success"": false, ""category"": ""policy_entered"", ""primitive_steps"": 5}",58.4248,LeWM (5-action replanning),25,5
cube,150,150,12,prefix_b,released_raw,ap-fresh-cube-012,True,18,4,600,180000,26103351,"{""initial_success"": false, ""success"": false, ""terminal_without_success"": false, ""category"": ""policy_entered"", ""primitive_steps"": 5}",7.7616,LeWM (5-action replanning),25,5
cube,150,150,13,clean,released_raw,ap-fresh-cube-013,False,150,30,4500,1350000,26104351,"{""initial_success"": false, ""success"": false, ""terminal_without_success"": false, ""category"": ""policy_entered"", ""primitive_steps"": 0}",58.4085,LeWM (5-action replanning),25,5
cube,150,150,13,prefix_a,released_raw,ap-fresh-cube-013,False,150,30,4500,1350000,26104351,"{""initial_success"": false, ""success"": false, ""terminal_without_success"": false, ""category"": ""policy_entered"", ""primitive_steps"": 5}",57.0927,LeWM (5-action replanning),25,5
cube,150,150,13,prefix_b,released_raw,ap-fresh-cube-013,False,150,30,4500,1350000,26104351,"{""initial_success"": false, ""success"": false, ""terminal_without_success"": false, ""category"": ""policy_entered"", ""primitive_steps"": 5}",56.1619,LeWM (5-action replanning),25,5
cube,150,150,14,clean,released_raw,ap-fresh-cube-014,False,150,30,4500,1350000,26105351,"{""initial_success"": false, ""success"": false, ""terminal_without_success"": false, ""category"": ""policy_entered"", ""primitive_steps"": 0}",54.1475,LeWM (5-action replanning),25,5
cube,150,150,14,prefix_a,released_raw,ap-fresh-cube-014,False,150,30,4500,1350000,26105351,"{""initial_success"": false, ""success"": false, ""terminal_without_success"": false, ""category"": ""policy_entered"", ""primitive_steps"": 5}",55.099,LeWM (5-action replanning),25,5
cube,150,150,14,prefix_b,released_raw,ap-fresh-cube-014,False,150,30,4500,1350000,26105351,"{""initial_success"": false, ""success"": false, ""terminal_without_success"": false, ""category"": ""policy_entered"", ""primitive_steps"": 5}",55.2186,LeWM (5-action replanning),25,5
cube,150,150,15,clean,released_raw,ap-fresh-cube-015,False,150,30,4500,1350000,26106351,"{""initial_success"": false, ""success"": false, ""terminal_without_success"": false, ""category"": ""policy_entered"", ""primitive_steps"": 0}",57.8224,LeWM (5-action replanning),25,5
cube,150,150,15,prefix_a,released_raw,ap-fresh-cube-015,False,150,30,4500,1350000,26106351,"{""initial_success"": false, ""success"": false, ""terminal_without_success"": false, ""category"": ""policy_entered"", ""primitive_steps"": 5}",56.7295,LeWM (5-action replanning),25,5
cube,150,150,15,prefix_b,released_raw,ap-fresh-cube-015,False,150,30,4500,1350000,26106351,"{""initial_success"": false, ""success"": false, ""terminal_without_success"": false, ""category"": ""policy_entered"", ""primitive_steps"": 5}",55.8705,LeWM (5-action replanning),25,5
cube,150,150,16,clean,released_raw,ap-fresh-cube-016,False,150,30,4500,1350000,26107351,"{""initial_success"": false, ""success"": false, ""terminal_without_success"": false, ""category"": ""policy_entered"", ""primitive_steps"": 0}",55.6841,LeWM (5-action replanning),25,5
cube,150,150,16,prefix_a,released_raw,ap-fresh-cube-016,False,150,30,4500,1350000,26107351,"{""initial_success"": false, ""success"": false, ""terminal_without_success"": false, ""category"": ""policy_entered"", ""primitive_steps"": 5}",55.0938,LeWM (5-action replanning),25,5
cube,150,150,16,prefix_b,released_raw,ap-fresh-cube-016,False,150,30,4500,1350000,26107351,"{""initial_success"": false, ""success"": false, ""terminal_without_success"": false, ""category"": ""policy_entered"", ""primitive_steps"": 5}",55.7564,LeWM (5-action replanning),25,5
cube,150,150,17,clean,released_raw,ap-fresh-cube-017,False,150,30,4500,1350000,26108351,"{""initial_success"": false, ""success"": false, ""terminal_without_success"": false, ""category"": ""policy_entered"", ""primitive_steps"": 0}",55.7694,LeWM (5-action replanning),25,5
cube,150,150,17,prefix_a,released_raw,ap-fresh-cube-017,False,150,30,4500,1350000,26108351,"{""initial_success"": false, ""success"": false, ""terminal_without_success"": false, ""category"": ""policy_entered"", ""primitive_steps"": 5}",55.5455,LeWM (5-action replanning),25,5
cube,150,150,17,prefix_b,released_raw,ap-fresh-cube-017,False,150,30,4500,1350000,26108351,"{""initial_success"": false, ""success"": false, ""terminal_without_success"": false, ""category"": ""policy_entered"", ""primitive_steps"": 5}",55.6509,LeWM (5-action replanning),25,5
cube,150,150,18,clean,released_raw,ap-fresh-cube-018,False,150,30,4500,1350000,26109351,"{""initial_success"": false, ""success"": false, ""terminal_without_success"": false, ""category"": ""policy_entered"", ""primitive_steps"": 0}",55.1038,LeWM (5-action replanning),25,5
cube,150,150,18,prefix_a,released_raw,ap-fresh-cube-018,False,150,30,4500,1350000,26109351,"{""initial_success"": false, ""success"": false, ""terminal_without_success"": false, ""category"": ""policy_entered"", ""primitive_steps"": 5}",55.2134,LeWM (5-action replanning),25,5
cube,150,150,18,prefix_b,released_raw,ap-fresh-cube-018,False,150,30,4500,1350000,26109351,"{""initial_success"": false, ""success"": false, ""terminal_without_success"": false, ""category"": ""policy_entered"", ""primitive_steps"": 5}",55.2614,LeWM (5-action replanning),25,5
cube,150,150,19,clean,released_raw,ap-fresh-cube-019,False,150,30,4500,1350000,26110351,"{""initial_success"": false, ""success"": false, ""terminal_without_success"": false, ""category"": ""policy_entered"", ""primitive_steps"": 0}",55.6116,LeWM (5-action replanning),25,5
cube,150,150,19,prefix_a,released_raw,ap-fresh-cube-019,False,150,30,4500,1350000,26110351,"{""initial_success"": false, ""success"": false, ""terminal_without_success"": false, ""category"": ""policy_entered"", ""primitive_steps"": 5}",56.1955,LeWM (5-action replanning),25,5
cube,150,150,19,prefix_b,released_raw,ap-fresh-cube-019,False,150,30,4500,1350000,26110351,"{""initial_success"": false, ""success"": false, ""terminal_without_success"": false, ""category"": ""policy_entered"", ""primitive_steps"": 5}",59.1672,LeWM (5-action replanning),25,5
cube,150,150,20,clean,released_raw,ap-fresh-cube-020,False,150,30,4500,1350000,26111351,"{""initial_success"": false, ""success"": false, ""terminal_without_success"": false, ""category"": ""policy_entered"", ""primitive_steps"": 0}",59.6157,LeWM (5-action replanning),25,5
cube,150,150,20,prefix_a,released_raw,ap-fresh-cube-020,False,150,30,4500,1350000,26111351,"{""initial_success"": false, ""success"": false, ""terminal_without_success"": false, ""category"": ""policy_entered"", ""primitive_steps"": 5}",57.1704,LeWM (5-action replanning),25,5
cube,150,150,20,prefix_b,released_raw,ap-fresh-cube-020,False,150,30,4500,1350000,26111351,"{""initial_success"": false, ""success"": false, ""terminal_without_success"": false, ""category"": ""policy_entered"", ""primitive_steps"": 5}",59.8862,LeWM (5-action replanning),25,5
cube,150,150,21,clean,released_raw,ap-fresh-cube-021,False,150,30,4500,1350000,26112351,"{""initial_success"": false, ""success"": false, ""terminal_without_success"": false, ""category"": ""policy_entered"", ""primitive_steps"": 0}",56.7857,LeWM (5-action replanning),25,5
cube,150,150,21,prefix_a,released_raw,ap-fresh-cube-021,False,150,30,4500,1350000,26112351,"{""initial_success"": false, ""success"": false, ""terminal_without_success"": false, ""category"": ""policy_entered"", ""primitive_steps"": 5}",57.1074,LeWM (5-action replanning),25,5
cube,150,150,21,prefix_b,released_raw,ap-fresh-cube-021,False,150,30,4500,1350000,26112351,"{""initial_success"": false, ""success"": false, ""terminal_without_success"": false, ""category"": ""policy_entered"", ""primitive_steps"": 5}",57.5532,LeWM (5-action replanning),25,5
cube,150,150,22,clean,released_raw,ap-fresh-cube-022,False,150,30,4500,1350000,26113351,"{""initial_success"": false, ""success"": false, ""terminal_without_success"": false, ""category"": ""policy_entered"", ""primitive_steps"": 0}",60.4865,LeWM (5-action replanning),25,5
cube,150,150,22,prefix_a,released_raw,ap-fresh-cube-022,False,150,30,4500,1350000,26113351,"{""initial_success"": false, ""success"": false, ""terminal_without_success"": false, ""category"": ""policy_entered"", ""primitive_steps"": 5}",59.2459,LeWM (5-action replanning),25,5
cube,150,150,22,prefix_b,released_raw,ap-fresh-cube-022,True,9,2,300,90000,26113351,"{""initial_success"": false, ""success"": false, ""terminal_without_success"": false, ""category"": ""policy_entered"", ""primitive_steps"": 5}",3.8107,LeWM (5-action replanning),25,5
cube,150,150,23,clean,released_raw,ap-fresh-cube-023,False,150,30,4500,1350000,26114351,"{""initial_success"": false, ""success"": false, ""terminal_without_success"": false, ""category"": ""policy_entered"", ""primitive_steps"": 0}",56.6632,LeWM (5-action replanning),25,5
cube,150,150,23,prefix_a,released_raw,ap-fresh-cube-023,False,150,30,4500,1350000,26114351,"{""initial_success"": false, ""success"": false, ""terminal_without_success"": false, ""category"": ""policy_entered"", ""primitive_steps"": 5}",56.0235,LeWM (5-action replanning),25,5
cube,150,150,23,prefix_b,released_raw,ap-fresh-cube-023,False,150,30,4500,1350000,26114351,"{""initial_success"": false, ""success"": false, ""terminal_without_success"": false, ""category"": ""policy_entered"", ""primitive_steps"": 5}",55.4026,LeWM (5-action replanning),25,5
cube,150,150,24,clean,released_raw,ap-fresh-cube-024,False,150,30,4500,1350000,26115351,"{""initial_success"": false, ""success"": false, ""terminal_without_success"": false, ""category"": ""policy_entered"", ""primitive_steps"": 0}",55.2321,LeWM (5-action replanning),25,5
cube,150,150,24,prefix_a,released_raw,ap-fresh-cube-024,False,150,30,4500,1350000,26115351,"{""initial_success"": false, ""success"": false, ""terminal_without_success"": false, ""category"": ""policy_entered"", ""primitive_steps"": 5}",55.5687,LeWM (5-action replanning),25,5
cube,150,150,24,prefix_b,released_raw,ap-fresh-cube-024,False,150,30,4500,1350000,26115351,"{""initial_success"": false, ""success"": false, ""terminal_without_success"": false, ""category"": ""policy_entered"", ""primitive_steps"": 5}",55.54,LeWM (5-action replanning),25,5
cube,150,150,25,clean,released_raw,ap-fresh-cube-025,True,10,2,300,90000,26116351,"{""initial_success"": false, ""success"": false, ""terminal_without_success"": false, ""category"": ""policy_entered"", ""primitive_steps"": 0}",3.8087,LeWM (5-action replanning),25,5
cube,150,150,25,prefix_a,released_raw,ap-fresh-cube-025,True,8,2,300,90000,26116351,"{""initial_success"": false, ""success"": false, ""terminal_without_success"": false, ""category"": ""policy_entered"", ""primitive_steps"": 5}",3.7433,LeWM (5-action replanning),25,5
cube,150,150,25,prefix_b,released_raw,ap-fresh-cube-025,True,9,2,300,90000,26116351,"{""initial_success"": false, ""success"": false, ""terminal_without_success"": false, ""category"": ""policy_entered"", ""primitive_steps"": 5}",3.7251,LeWM (5-action replanning),25,5
cube,150,150,26,clean,released_raw,ap-fresh-cube-026,False,150,30,4500,1350000,26117351,"{""initial_success"": false, ""success"": false, ""terminal_without_success"": false, ""category"": ""policy_entered"", ""primitive_steps"": 0}",54.9385,LeWM (5-action replanning),25,5
cube,150,150,26,prefix_a,released_raw,ap-fresh-cube-026,False,150,30,4500,1350000,26117351,"{""initial_success"": false, ""success"": false, ""terminal_without_success"": false, ""category"": ""policy_entered"", ""primitive_steps"": 5}",55.3162,LeWM (5-action replanning),25,5
cube,150,150,26,prefix_b,released_raw,ap-fresh-cube-026,False,150,30,4500,1350000,26117351,"{""initial_success"": false, ""success"": false, ""terminal_without_success"": false, ""category"": ""policy_entered"", ""primitive_steps"": 5}",55.6447,LeWM (5-action replanning),25,5
cube,150,150,27,clean,released_raw,ap-fresh-cube-027,False,150,30,4500,1350000,26118351,"{""initial_success"": false, ""success"": false, ""terminal_without_success"": false, ""category"": ""policy_entered"", ""primitive_steps"": 0}",55.6919,LeWM (5-action replanning),25,5
cube,150,150,27,prefix_a,released_raw,ap-fresh-cube-027,False,150,30,4500,1350000,26118351,"{""initial_success"": false, ""success"": false, ""terminal_without_success"": false, ""category"": ""policy_entered"", ""primitive_steps"": 5}",55.585,LeWM (5-action replanning),25,5
cube,150,150,27,prefix_b,released_raw,ap-fresh-cube-027,False,150,30,4500,1350000,26118351,"{""initial_success"": false, ""success"": false, ""terminal_without_success"": false, ""category"": ""policy_entered"", ""primitive_steps"": 5}",55.7073,LeWM (5-action replanning),25,5
cube,150,150,28,clean,released_raw,ap-fresh-cube-028,True,13,3,450,135000,26119351,"{""initial_success"": false, ""success"": false, ""terminal_without_success"": false, ""category"": ""policy_entered"", ""primitive_steps"": 0}",5.5655,LeWM (5-action replanning),25,5
cube,150,150,28,prefix_a,released_raw,ap-fresh-cube-028,False,150,30,4500,1350000,26119351,"{""initial_success"": false, ""success"": false, ""terminal_without_success"": false, ""category"": ""policy_entered"", ""primitive_steps"": 5}",55.2131,LeWM (5-action replanning),25,5
cube,150,150,28,prefix_b,released_raw,ap-fresh-cube-028,False,150,30,4500,1350000,26119351,"{""initial_success"": false, ""success"": false, ""terminal_without_success"": false, ""category"": ""policy_entered"", ""primitive_steps"": 5}",55.3713,LeWM (5-action replanning),25,5
cube,150,150,29,clean,released_raw,ap-fresh-cube-029,False,150,30,4500,1350000,26120351,"{""initial_success"": false, ""success"": false, ""terminal_without_success"": false, ""category"": ""policy_entered"", ""primitive_steps"": 0}",55.0859,LeWM (5-action replanning),25,5
cube,150,150,29,prefix_a,released_raw,ap-fresh-cube-029,False,150,30,4500,1350000,26120351,"{""initial_success"": false, ""success"": false, ""terminal_without_success"": false, ""category"": ""policy_entered"", ""primitive_steps"": 5}",55.437,LeWM (5-action replanning),25,5
cube,150,150,29,prefix_b,released_raw,ap-fresh-cube-029,False,150,30,4500,1350000,26120351,"{""initial_success"": false, ""success"": false, ""terminal_without_success"": false, ""category"": ""policy_entered"", ""primitive_steps"": 5}",54.719,LeWM (5-action replanning),25,5
cube,150,150,30,clean,released_raw,ap-fresh-cube-030,False,150,30,4500,1350000,26121351,"{""initial_success"": false, ""success"": false, ""terminal_without_success"": false, ""category"": ""policy_entered"", ""primitive_steps"": 0}",57.3414,LeWM (5-action replanning),25,5
cube,150,150,30,prefix_a,released_raw,ap-fresh-cube-030,False,150,30,4500,1350000,26121351,"{""initial_success"": false, ""success"": false, ""terminal_without_success"": false, ""category"": ""policy_entered"", ""primitive_steps"": 5}",57.6805,LeWM (5-action replanning),25,5
cube,150,150,30,prefix_b,released_raw,ap-fresh-cube-030,False,150,30,4500,1350000,26121351,"{""initial_success"": false, ""success"": false, ""terminal_without_success"": false, ""category"": ""policy_entered"", ""primitive_steps"": 5}",58.2687,LeWM (5-action replanning),25,5
cube,150,150,31,clean,released_raw,ap-fresh-cube-031,True,3,1,150,45000,26122351,"{""initial_success"": false, ""success"": false, ""terminal_without_success"": false, ""category"": ""policy_entered"", ""primitive_steps"": 0}",1.8836,LeWM (5-action replanning),25,5
cube,150,150,31,prefix_a,released_raw,ap-fresh-cube-031,False,150,30,4500,1350000,26122351,"{""initial_success"": false, ""success"": false, ""terminal_without_success"": false, ""category"": ""policy_entered"", ""primitive_steps"": 5}",55.6689,LeWM (5-action replanning),25,5
cube,150,150,31,prefix_b,released_raw,ap-fresh-cube-031,False,150,30,4500,1350000,26122351,"{""initial_success"": false, ""success"": false, ""terminal_without_success"": false, ""category"": ""policy_entered"", ""primitive_steps"": 5}",54.7582,LeWM (5-action replanning),25,5
cube,150,150,32,clean,released_raw,ap-fresh-cube-032,False,150,30,4500,1350000,26123351,"{""initial_success"": false, ""success"": false, ""terminal_without_success"": false, ""category"": ""policy_entered"", ""primitive_steps"": 0}",53.6388,LeWM (5-action replanning),25,5
cube,150,150,32,prefix_a,released_raw,ap-fresh-cube-032,False,150,30,4500,1350000,26123351,"{""initial_success"": false, ""success"": false, ""terminal_without_success"": false, ""category"": ""policy_entered"", ""primitive_steps"": 5}",52.6913,LeWM (5-action replanning),25,5
cube,150,150,32,prefix_b,released_raw,ap-fresh-cube-032,False,150,30,4500,1350000,26123351,"{""initial_success"": false, ""success"": false, ""terminal_without_success"": false, ""category"": ""policy_entered"", ""primitive_steps"": 5}",53.5415,LeWM (5-action replanning),25,5
cube,150,150,33,clean,released_raw,ap-fresh-cube-033,True,11,3,450,135000,26124351,"{""initial_success"": false, ""success"": false, ""terminal_without_success"": false, ""category"": ""policy_entered"", ""primitive_steps"": 0}",5.3272,LeWM (5-action replanning),25,5
cube,150,150,33,prefix_a,released_raw,ap-fresh-cube-033,True,58,12,1800,540000,26124351,"{""initial_success"": false, ""success"": false, ""terminal_without_success"": false, ""category"": ""policy_entered"", ""primitive_steps"": 5}",21.4123,LeWM (5-action replanning),25,5
cube,150,150,33,prefix_b,released_raw,ap-fresh-cube-033,True,9,2,300,90000,26124351,"{""initial_success"": false, ""success"": false, ""terminal_without_success"": false, ""category"": ""policy_entered"", ""primitive_steps"": 5}",3.5449,LeWM (5-action replanning),25,5
cube,150,150,34,clean,released_raw,ap-fresh-cube-034,False,150,30,4500,1350000,26125351,"{""initial_success"": false, ""success"": false, ""terminal_without_success"": false, ""category"": ""policy_entered"", ""primitive_steps"": 0}",52.9287,LeWM (5-action replanning),25,5
cube,150,150,34,prefix_a,released_raw,ap-fresh-cube-034,False,150,30,4500,1350000,26125351,"{""initial_success"": false, ""success"": false, ""terminal_without_success"": false, ""category"": ""policy_entered"", ""primitive_steps"": 5}",52.4703,LeWM (5-action replanning),25,5
cube,150,150,34,prefix_b,released_raw,ap-fresh-cube-034,True,12,3,450,135000,26125351,"{""initial_success"": false, ""success"": false, ""terminal_without_success"": false, ""category"": ""policy_entered"", ""primitive_steps"": 5}",5.2238,LeWM (5-action replanning),25,5
cube,150,150,35,clean,released_raw,ap-fresh-cube-035,False,150,30,4500,1350000,26126351,"{""initial_success"": false, ""success"": false, ""terminal_without_success"": false, ""category"": ""policy_entered"", ""primitive_steps"": 0}",53.1576,LeWM (5-action replanning),25,5
cube,150,150,35,prefix_a,released_raw,ap-fresh-cube-035,False,150,30,4500,1350000,26126351,"{""initial_success"": false, ""success"": false, ""terminal_without_success"": false, ""category"": ""policy_entered"", ""primitive_steps"": 5}",53.3698,LeWM (5-action replanning),25,5
cube,150,150,35,prefix_b,released_raw,ap-fresh-cube-035,False,150,30,4500,1350000,26126351,"{""initial_success"": false, ""success"": false, ""terminal_without_success"": false, ""category"": ""policy_entered"", ""primitive_steps"": 5}",53.3822,LeWM (5-action replanning),25,5
cube,150,150,36,clean,released_raw,ap-fresh-cube-036,False,150,30,4500,1350000,26127351,"{""initial_success"": false, ""success"": false, ""terminal_without_success"": false, ""category"": ""policy_entered"", ""primitive_steps"": 0}",53.1147,LeWM (5-action replanning),25,5
cube,150,150,36,prefix_a,released_raw,ap-fresh-cube-036,False,150,30,4500,1350000,26127351,"{""initial_success"": false, ""success"": false, ""terminal_without_success"": false, ""category"": ""policy_entered"", ""primitive_steps"": 5}",53.332,LeWM (5-action replanning),25,5
cube,150,150,36,prefix_b,released_raw,ap-fresh-cube-036,True,104,21,3150,945000,26127351,"{""initial_success"": false, ""success"": false, ""terminal_without_success"": false, ""category"": ""policy_entered"", ""primitive_steps"": 5}",37.304,LeWM (5-action replanning),25,5
cube,150,150,37,clean,released_raw,ap-fresh-cube-037,False,150,30,4500,1350000,26128351,"{""initial_success"": false, ""success"": false, ""terminal_without_success"": false, ""category"": ""policy_entered"", ""primitive_steps"": 0}",53.3333,LeWM (5-action replanning),25,5
cube,150,150,37,prefix_a,released_raw,ap-fresh-cube-037,False,150,30,4500,1350000,26128351,"{""initial_success"": false, ""success"": false, ""terminal_without_success"": false, ""category"": ""policy_entered"", ""primitive_steps"": 5}",52.9014,LeWM (5-action replanning),25,5
cube,150,150,37,prefix_b,released_raw,ap-fresh-cube-037,True,116,24,3600,1080000,26128351,"{""initial_success"": false, ""success"": false, ""terminal_without_success"": false, ""category"": ""policy_entered"", ""primitive_steps"": 5}",42.9454,LeWM (5-action replanning),25,5
cube,150,150,38,clean,released_raw,ap-fresh-cube-038,False,150,30,4500,1350000,26129351,"{""initial_success"": false, ""success"": false, ""terminal_without_success"": false, ""category"": ""policy_entered"", ""primitive_steps"": 0}",52.9928,LeWM (5-action replanning),25,5
cube,150,150,38,prefix_a,released_raw,ap-fresh-cube-038,False,150,30,4500,1350000,26129351,"{""initial_success"": false, ""success"": false, ""terminal_without_success"": false, ""category"": ""policy_entered"", ""primitive_steps"": 5}",52.8847,LeWM (5-action replanning),25,5
cube,150,150,38,prefix_b,released_raw,ap-fresh-cube-038,False,150,30,4500,1350000,26129351,"{""initial_success"": false, ""success"": false, ""terminal_without_success"": false, ""category"": ""policy_entered"", ""primitive_steps"": 5}",53.1259,LeWM (5-action replanning),25,5
cube,150,150,39,clean,released_raw,ap-fresh-cube-039,False,150,30,4500,1350000,26130351,"{""initial_success"": false, ""success"": false, ""terminal_without_success"": false, ""category"": ""policy_entered"", ""primitive_steps"": 0}",52.2513,LeWM (5-action replanning),25,5
cube,150,150,39,prefix_a,released_raw,ap-fresh-cube-039,False,150,30,4500,1350000,26130351,"{""initial_success"": false, ""success"": false, ""terminal_without_success"": false, ""category"": ""policy_entered"", ""primitive_steps"": 5}",52.3023,LeWM (5-action replanning),25,5
cube,150,150,39,prefix_b,released_raw,ap-fresh-cube-039,False,150,30,4500,1350000,26130351,"{""initial_success"": false, ""success"": false, ""terminal_without_success"": false, ""category"": ""policy_entered"", ""primitive_steps"": 5}",52.2721,LeWM (5-action replanning),25,5
cube,150,150,40,clean,released_raw,ap-fresh-cube-040,False,150,30,4500,1350000,26131351,"{""initial_success"": false, ""success"": false, ""terminal_without_success"": false, ""category"": ""policy_entered"", ""primitive_steps"": 0}",53.6243,LeWM (5-action replanning),25,5
cube,150,150,40,prefix_a,released_raw,ap-fresh-cube-040,False,150,30,4500,1350000,26131351,"{""initial_success"": false, ""success"": false, ""terminal_without_success"": false, ""category"": ""policy_entered"", ""primitive_steps"": 5}",53.4759,LeWM (5-action replanning),25,5
cube,150,150,40,prefix_b,released_raw,ap-fresh-cube-040,False,150,30,4500,1350000,26131351,"{""initial_success"": false, ""success"": false, ""terminal_without_success"": false, ""category"": ""policy_entered"", ""primitive_steps"": 5}",54.4507,LeWM (5-action replanning),25,5
cube,150,150,41,clean,released_raw,ap-fresh-cube-041,False,150,30,4500,1350000,26132351,"{""initial_success"": false, ""success"": false, ""terminal_without_success"": false, ""category"": ""policy_entered"", ""primitive_steps"": 0}",53.4834,LeWM (5-action replanning),25,5
cube,150,150,41,prefix_a,released_raw,ap-fresh-cube-041,False,150,30,4500,1350000,26132351,"{""initial_success"": false, ""success"": false, ""terminal_without_success"": false, ""category"": ""policy_entered"", ""primitive_steps"": 5}",53.37,LeWM (5-action replanning),25,5
cube,150,150,41,prefix_b,released_raw,ap-fresh-cube-041,False,150,30,4500,1350000,26132351,"{""initial_success"": false, ""success"": false, ""terminal_without_success"": false, ""category"": ""policy_entered"", ""primitive_steps"": 5}",53.3554,LeWM (5-action replanning),25,5
cube,150,150,42,clean,released_raw,ap-fresh-cube-042,True,12,3,450,135000,26133351,"{""initial_success"": false, ""success"": false, ""terminal_without_success"": false, ""category"": ""policy_entered"", ""primitive_steps"": 0}",5.2183,LeWM (5-action replanning),25,5
cube,150,150,42,prefix_a,released_raw,ap-fresh-cube-042,False,150,30,4500,1350000,26133351,"{""initial_success"": false, ""success"": false, ""terminal_without_success"": false, ""category"": ""policy_entered"", ""primitive_steps"": 5}",52.3913,LeWM (5-action replanning),25,5
cube,150,150,42,prefix_b,released_raw,ap-fresh-cube-042,False,150,30,4500,1350000,26133351,"{""initial_success"": false, ""success"": false, ""terminal_without_success"": false, ""category"": ""policy_entered"", ""primitive_steps"": 5}",52.5436,LeWM (5-action replanning),25,5
cube,150,150,43,clean,released_raw,ap-fresh-cube-043,True,0,0,0,0,26134351,"{""initial_success"": true, ""success"": true, ""terminal_without_success"": false, ""category"": ""initial_success"", ""primitive_steps"": 0}",0.0058,LeWM (5-action replanning),25,5
cube,150,150,43,prefix_a,released_raw,ap-fresh-cube-043,True,0,0,0,0,26134351,"{""initial_success"": true, ""success"": true, ""terminal_without_success"": false, ""category"": ""initial_success"", ""primitive_steps"": 0}",0.007,LeWM (5-action replanning),25,5
cube,150,150,43,prefix_b,released_raw,ap-fresh-cube-043,True,0,0,0,0,26134351,"{""initial_success"": true, ""success"": true, ""terminal_without_success"": false, ""category"": ""initial_success"", ""primitive_steps"": 0}",0.0053,LeWM (5-action replanning),25,5
cube,150,150,44,clean,released_raw,ap-fresh-cube-044,False,150,30,4500,1350000,26135351,"{""initial_success"": false, ""success"": false, ""terminal_without_success"": false, ""category"": ""policy_entered"", ""primitive_steps"": 0}",52.9492,LeWM (5-action replanning),25,5
cube,150,150,44,prefix_a,released_raw,ap-fresh-cube-044,False,150,30,4500,1350000,26135351,"{""initial_success"": false, ""success"": false, ""terminal_without_success"": false, ""category"": ""policy_entered"", ""primitive_steps"": 5}",53.1289,LeWM (5-action replanning),25,5
cube,150,150,44,prefix_b,released_raw,ap-fresh-cube-044,False,150,30,4500,1350000,26135351,"{""initial_success"": false, ""success"": false, ""terminal_without_success"": false, ""category"": ""policy_entered"", ""primitive_steps"": 5}",53.6824,LeWM (5-action replanning),25,5
cube,150,150,45,clean,released_raw,ap-fresh-cube-045,False,150,30,4500,1350000,26136351,"{""initial_success"": false, ""success"": false, ""terminal_without_success"": false, ""category"": ""policy_entered"", ""primitive_steps"": 0}",53.796,LeWM (5-action replanning),25,5
cube,150,150,45,prefix_a,released_raw,ap-fresh-cube-045,False,150,30,4500,1350000,26136351,"{""initial_success"": false, ""success"": false, ""terminal_without_success"": false, ""category"": ""policy_entered"", ""primitive_steps"": 5}",53.7601,LeWM (5-action replanning),25,5
cube,150,150,45,prefix_b,released_raw,ap-fresh-cube-045,False,150,30,4500,1350000,26136351,"{""initial_success"": false, ""success"": false, ""terminal_without_success"": false, ""category"": ""policy_entered"", ""primitive_steps"": 5}",53.5781,LeWM (5-action replanning),25,5
cube,150,150,46,clean,released_raw,ap-fresh-cube-046,False,150,30,4500,1350000,26137351,"{""initial_success"": false, ""success"": false, ""terminal_without_success"": false, ""category"": ""policy_entered"", ""primitive_steps"": 0}",53.7843,LeWM (5-action replanning),25,5
cube,150,150,46,prefix_a,released_raw,ap-fresh-cube-046,False,150,30,4500,1350000,26137351,"{""initial_success"": false, ""success"": false, ""terminal_without_success"": false, ""category"": ""policy_entered"", ""primitive_steps"": 5}",54.1155,LeWM (5-action replanning),25,5
cube,150,150,46,prefix_b,released_raw,ap-fresh-cube-046,False,150,30,4500,1350000,26137351,"{""initial_success"": false, ""success"": false, ""terminal_without_success"": false, ""category"": ""policy_entered"", ""primitive_steps"": 5}",53.739,LeWM (5-action replanning),25,5
cube,150,150,47,clean,released_raw,ap-fresh-cube-047,False,150,30,4500,1350000,26138351,"{""initial_success"": false, ""success"": false, ""terminal_without_success"": false, ""category"": ""policy_entered"", ""primitive_steps"": 0}",53.3946,LeWM (5-action replanning),25,5
cube,150,150,47,prefix_a,released_raw,ap-fresh-cube-047,False,150,30,4500,1350000,26138351,"{""initial_success"": false, ""success"": false, ""terminal_without_success"": false, ""category"": ""policy_entered"", ""primitive_steps"": 5}",54.2376,LeWM (5-action replanning),25,5
cube,150,150,47,prefix_b,released_raw,ap-fresh-cube-047,False,150,30,4500,1350000,26138351,"{""initial_success"": false, ""success"": false, ""terminal_without_success"": false, ""category"": ""policy_entered"", ""primitive_steps"": 5}",53.6266,LeWM (5-action replanning),25,5
cube,150,150,48,clean,released_raw,ap-fresh-cube-048,False,150,30,4500,1350000,26139351,"{""initial_success"": false, ""success"": false, ""terminal_without_success"": false, ""category"": ""policy_entered"", ""primitive_steps"": 0}",53.053,LeWM (5-action replanning),25,5
cube,150,150,48,prefix_a,released_raw,ap-fresh-cube-048,False,150,30,4500,1350000,26139351,"{""initial_success"": false, ""success"": false, ""terminal_without_success"": false, ""category"": ""policy_entered"", ""primitive_steps"": 5}",53.0322,LeWM (5-action replanning),25,5
cube,150,150,48,prefix_b,released_raw,ap-fresh-cube-048,False,150,30,4500,1350000,26139351,"{""initial_success"": false, ""success"": false, ""terminal_without_success"": false, ""category"": ""policy_entered"", ""primitive_steps"": 5}",53.9348,LeWM (5-action replanning),25,5
cube,150,150,49,clean,released_raw,ap-fresh-cube-049,False,150,30,4500,1350000,26140351,"{""initial_success"": false, ""success"": false, ""terminal_without_success"": false, ""category"": ""policy_entered"", ""primitive_steps"": 0}",54.1142,LeWM (5-action replanning),25,5
cube,150,150,49,prefix_a,released_raw,ap-fresh-cube-049,False,150,30,4500,1350000,26140351,"{""initial_success"": false, ""success"": false, ""terminal_without_success"": false, ""category"": ""policy_entered"", ""primitive_steps"": 5}",53.5356,LeWM (5-action replanning),25,5
cube,150,150,49,prefix_b,released_raw,ap-fresh-cube-049,False,150,30,4500,1350000,26140351,"{""initial_success"": false, ""success"": false, ""terminal_without_success"": false, ""category"": ""policy_entered"", ""primitive_steps"": 5}",53.9317,LeWM (5-action replanning),25,5
cube,150,150,50,clean,released_raw,ap-fresh-cube-050,True,27,6,900,270000,26141351,"{""initial_success"": false, ""success"": false, ""terminal_without_success"": false, ""category"": ""policy_entered"", ""primitive_steps"": 0}",10.8802,LeWM (5-action replanning),25,5
cube,150,150,50,prefix_a,released_raw,ap-fresh-cube-050,True,27,6,900,270000,26141351,"{""initial_success"": false, ""success"": false, ""terminal_without_success"": false, ""category"": ""policy_entered"", ""primitive_steps"": 5}",10.7427,LeWM (5-action replanning),25,5
cube,150,150,50,prefix_b,released_raw,ap-fresh-cube-050,False,150,30,4500,1350000,26141351,"{""initial_success"": false, ""success"": false, ""terminal_without_success"": false, ""category"": ""policy_entered"", ""primitive_steps"": 5}",53.3599,LeWM (5-action replanning),25,5
cube,150,150,51,clean,released_raw,ap-fresh-cube-051,True,30,6,900,270000,26142351,"{""initial_success"": false, ""success"": false, ""terminal_without_success"": false, ""category"": ""policy_entered"", ""primitive_steps"": 0}",10.7814,LeWM (5-action replanning),25,5
cube,150,150,51,prefix_a,released_raw,ap-fresh-cube-051,False,150,30,4500,1350000,26142351,"{""initial_success"": false, ""success"": false, ""terminal_without_success"": false, ""category"": ""policy_entered"", ""primitive_steps"": 5}",53.9317,LeWM (5-action replanning),25,5
cube,150,150,51,prefix_b,released_raw,ap-fresh-cube-051,False,150,30,4500,1350000,26142351,"{""initial_success"": false, ""success"": false, ""terminal_without_success"": false, ""category"": ""policy_entered"", ""primitive_steps"": 5}",54.2754,LeWM (5-action replanning),25,5
cube,150,150,52,clean,released_raw,ap-fresh-cube-052,False,150,30,4500,1350000,26143351,"{""initial_success"": false, ""success"": false, ""terminal_without_success"": false, ""category"": ""policy_entered"", ""primitive_steps"": 0}",54.4106,LeWM (5-action replanning),25,5
cube,150,150,52,prefix_a,released_raw,ap-fresh-cube-052,False,150,30,4500,1350000,26143351,"{""initial_success"": false, ""success"": false, ""terminal_without_success"": false, ""category"": ""policy_entered"", ""primitive_steps"": 5}",54.3029,LeWM (5-action replanning),25,5
cube,150,150,52,prefix_b,released_raw,ap-fresh-cube-052,False,150,30,4500,1350000,26143351,"{""initial_success"": false, ""success"": false, ""terminal_without_success"": false, ""category"": ""policy_entered"", ""primitive_steps"": 5}",54.3609,LeWM (5-action replanning),25,5
cube,150,150,53,clean,released_raw,ap-fresh-cube-053,False,150,30,4500,1350000,26144351,"{""initial_success"": false, ""success"": false, ""terminal_without_success"": false, ""category"": ""policy_entered"", ""primitive_steps"": 0}",54.0645,LeWM (5-action replanning),25,5
cube,150,150,53,prefix_a,released_raw,ap-fresh-cube-053,False,150,30,4500,1350000,26144351,"{""initial_success"": false, ""success"": false, ""terminal_without_success"": false, ""category"": ""policy_entered"", ""primitive_steps"": 5}",54.4374,LeWM (5-action replanning),25,5
cube,150,150,53,prefix_b,released_raw,ap-fresh-cube-053,False,150,30,4500,1350000,26144351,"{""initial_success"": false, ""success"": false, ""terminal_without_success"": false, ""category"": ""policy_entered"", ""primitive_steps"": 5}",53.9949,LeWM (5-action replanning),25,5
cube,150,150,54,clean,released_raw,ap-fresh-cube-054,True,19,4,600,180000,26145351,"{""initial_success"": false, ""success"": false, ""terminal_without_success"": false, ""category"": ""policy_entered"", ""primitive_steps"": 0}",7.2303,LeWM (5-action replanning),25,5
cube,150,150,54,prefix_a,released_raw,ap-fresh-cube-054,True,19,4,600,180000,26145351,"{""initial_success"": false, ""success"": false, ""terminal_without_success"": false, ""category"": ""policy_entered"", ""primitive_steps"": 5}",7.2552,LeWM (5-action replanning),25,5
cube,150,150,54,prefix_b,released_raw,ap-fresh-cube-054,True,22,5,750,225000,26145351,"{""initial_success"": false, ""success"": false, ""terminal_without_success"": false, ""category"": ""policy_entered"", ""primitive_steps"": 5}",9.1013,LeWM (5-action replanning),25,5
cube,150,150,55,clean,released_raw,ap-fresh-cube-055,False,150,30,4500,1350000,26146351,"{""initial_success"": false, ""success"": false, ""terminal_without_success"": false, ""category"": ""policy_entered"", ""primitive_steps"": 0}",54.08,LeWM (5-action replanning),25,5
cube,150,150,55,prefix_a,released_raw,ap-fresh-cube-055,False,150,30,4500,1350000,26146351,"{""initial_success"": false, ""success"": false, ""terminal_without_success"": false, ""category"": ""policy_entered"", ""primitive_steps"": 5}",53.348,LeWM (5-action replanning),25,5
cube,150,150,55,prefix_b,released_raw,ap-fresh-cube-055,False,150,30,4500,1350000,26146351,"{""initial_success"": false, ""success"": false, ""terminal_without_success"": false, ""category"": ""policy_entered"", ""primitive_steps"": 5}",53.0662,LeWM (5-action replanning),25,5
cube,150,150,56,clean,released_raw,ap-fresh-cube-056,False,150,30,4500,1350000,26147351,"{""initial_success"": false, ""success"": false, ""terminal_without_success"": false, ""category"": ""policy_entered"", ""primitive_steps"": 0}",52.8646,LeWM (5-action replanning),25,5
cube,150,150,56,prefix_a,released_raw,ap-fresh-cube-056,False,150,30,4500,1350000,26147351,"{""initial_success"": false, ""success"": false, ""terminal_without_success"": false, ""category"": ""policy_entered"", ""primitive_steps"": 5}",53.1337,LeWM (5-action replanning),25,5
cube,150,150,56,prefix_b,released_raw,ap-fresh-cube-056,False,150,30,4500,1350000,26147351,"{""initial_success"": false, ""success"": false, ""terminal_without_success"": false, ""category"": ""policy_entered"", ""primitive_steps"": 5}",53.0189,LeWM (5-action replanning),25,5
cube,150,150,57,clean,released_raw,ap-fresh-cube-057,False,150,30,4500,1350000,26148351,"{""initial_success"": false, ""success"": false, ""terminal_without_success"": false, ""category"": ""policy_entered"", ""primitive_steps"": 0}",53.4143,LeWM (5-action replanning),25,5
cube,150,150,57,prefix_a,released_raw,ap-fresh-cube-057,False,150,30,4500,1350000,26148351,"{""initial_success"": false, ""success"": false, ""terminal_without_success"": false, ""category"": ""policy_entered"", ""primitive_steps"": 5}",53.3303,LeWM (5-action replanning),25,5
cube,150,150,57,prefix_b,released_raw,ap-fresh-cube-057,False,150,30,4500,1350000,26148351,"{""initial_success"": false, ""success"": false, ""terminal_without_success"": false, ""category"": ""policy_entered"", ""primitive_steps"": 5}",53.626,LeWM (5-action replanning),25,5
cube,150,150,58,clean,released_raw,ap-fresh-cube-058,False,150,30,4500,1350000,26149351,"{""initial_success"": false, ""success"": false, ""terminal_without_success"": false, ""category"": ""policy_entered"", ""primitive_steps"": 0}",53.0503,LeWM (5-action replanning),25,5
cube,150,150,58,prefix_a,released_raw,ap-fresh-cube-058,False,150,30,4500,1350000,26149351,"{""initial_success"": false, ""success"": false, ""terminal_without_success"": false, ""category"": ""policy_entered"", ""primitive_steps"": 5}",53.0659,LeWM (5-action replanning),25,5
cube,150,150,58,prefix_b,released_raw,ap-fresh-cube-058,False,150,30,4500,1350000,26149351,"{""initial_success"": false, ""success"": false, ""terminal_without_success"": false, ""category"": ""policy_entered"", ""primitive_steps"": 5}",53.4613,LeWM (5-action replanning),25,5
cube,150,150,59,clean,released_raw,ap-fresh-cube-059,False,150,30,4500,1350000,26150351,"{""initial_success"": false, ""success"": false, ""terminal_without_success"": false, ""category"": ""policy_entered"", ""primitive_steps"": 0}",52.8109,LeWM (5-action replanning),25,5
cube,150,150,59,prefix_a,released_raw,ap-fresh-cube-059,False,150,30,4500,1350000,26150351,"{""initial_success"": false, ""success"": false, ""terminal_without_success"": false, ""category"": ""policy_entered"", ""primitive_steps"": 5}",52.5345,LeWM (5-action replanning),25,5
cube,150,150,59,prefix_b,released_raw,ap-fresh-cube-059,False,150,30,4500,1350000,26150351,"{""initial_success"": false, ""success"": false, ""terminal_without_success"": false, ""category"": ""policy_entered"", ""primitive_steps"": 5}",53.0108,LeWM (5-action replanning),25,5
cube,150,150,60,clean,released_raw,ap-fresh-cube-060,False,150,30,4500,1350000,26151351,"{""initial_success"": false, ""success"": false, ""terminal_without_success"": false, ""category"": ""policy_entered"", ""primitive_steps"": 0}",52.9926,LeWM (5-action replanning),25,5
cube,150,150,60,prefix_a,released_raw,ap-fresh-cube-060,False,150,30,4500,1350000,26151351,"{""initial_success"": false, ""success"": false, ""terminal_without_success"": false, ""category"": ""policy_entered"", ""primitive_steps"": 5}",53.2598,LeWM (5-action replanning),25,5
cube,150,150,60,prefix_b,released_raw,ap-fresh-cube-060,False,150,30,4500,1350000,26151351,"{""initial_success"": false, ""success"": false, ""terminal_without_success"": false, ""category"": ""policy_entered"", ""primitive_steps"": 5}",53.3557,LeWM (5-action replanning),25,5
cube,150,150,61,clean,released_raw,ap-fresh-cube-061,False,150,30,4500,1350000,26152351,"{""initial_success"": false, ""success"": false, ""terminal_without_success"": false, ""category"": ""policy_entered"", ""primitive_steps"": 0}",53.5316,LeWM (5-action replanning),25,5
cube,150,150,61,prefix_a,released_raw,ap-fresh-cube-061,False,150,30,4500,1350000,26152351,"{""initial_success"": false, ""success"": false, ""terminal_without_success"": false, ""category"": ""policy_entered"", ""primitive_steps"": 5}",53.5636,LeWM (5-action replanning),25,5
cube,150,150,61,prefix_b,released_raw,ap-fresh-cube-061,False,150,30,4500,1350000,26152351,"{""initial_success"": false, ""success"": false, ""terminal_without_success"": false, ""category"": ""policy_entered"", ""primitive_steps"": 5}",53.2899,LeWM (5-action replanning),25,5
cube,150,150,62,clean,released_raw,ap-fresh-cube-062,False,150,30,4500,1350000,26153351,"{""initial_success"": false, ""success"": false, ""terminal_without_success"": false, ""category"": ""policy_entered"", ""primitive_steps"": 0}",53.9225,LeWM (5-action replanning),25,5
cube,150,150,62,prefix_a,released_raw,ap-fresh-cube-062,False,150,30,4500,1350000,26153351,"{""initial_success"": false, ""success"": false, ""terminal_without_success"": false, ""category"": ""policy_entered"", ""primitive_steps"": 5}",53.533,LeWM (5-action replanning),25,5
cube,150,150,62,prefix_b,released_raw,ap-fresh-cube-062,False,150,30,4500,1350000,26153351,"{""initial_success"": false, ""success"": false, ""terminal_without_success"": false, ""category"": ""policy_entered"", ""primitive_steps"": 5}",53.8039,LeWM (5-action replanning),25,5
cube,150,150,63,clean,released_raw,ap-fresh-cube-063,True,15,3,450,135000,26154351,"{""initial_success"": false, ""success"": false, ""terminal_without_success"": false, ""category"": ""policy_entered"", ""primitive_steps"": 0}",5.4077,LeWM (5-action replanning),25,5
cube,150,150,63,prefix_a,released_raw,ap-fresh-cube-063,False,150,30,4500,1350000,26154351,"{""initial_success"": false, ""success"": false, ""terminal_without_success"": false, ""category"": ""policy_entered"", ""primitive_steps"": 5}",52.9264,LeWM (5-action replanning),25,5
cube,150,150,63,prefix_b,released_raw,ap-fresh-cube-063,True,13,3,450,135000,26154351,"{""initial_success"": false, ""success"": false, ""terminal_without_success"": false, ""category"": ""policy_entered"", ""primitive_steps"": 5}",5.3757,LeWM (5-action replanning),25,5
cube,150,150,64,clean,released_raw,ap-fresh-cube-064,False,150,30,4500,1350000,26155351,"{""initial_success"": false, ""success"": false, ""terminal_without_success"": false, ""category"": ""policy_entered"", ""primitive_steps"": 0}",53.653,LeWM (5-action replanning),25,5
cube,150,150,64,prefix_a,released_raw,ap-fresh-cube-064,False,150,30,4500,1350000,26155351,"{""initial_success"": false, ""success"": false, ""terminal_without_success"": false, ""category"": ""policy_entered"", ""primitive_steps"": 5}",53.1302,LeWM (5-action replanning),25,5
cube,150,150,64,prefix_b,released_raw,ap-fresh-cube-064,True,14,3,450,135000,26155351,"{""initial_success"": false, ""success"": false, ""terminal_without_success"": false, ""category"": ""policy_entered"", ""primitive_steps"": 5}",5.364,LeWM (5-action replanning),25,5
cube,150,150,65,clean,released_raw,ap-fresh-cube-065,False,150,30,4500,1350000,26156351,"{""initial_success"": false, ""success"": false, ""terminal_without_success"": false, ""category"": ""policy_entered"", ""primitive_steps"": 0}",52.9028,LeWM (5-action replanning),25,5
cube,150,150,65,prefix_a,released_raw,ap-fresh-cube-065,False,150,30,4500,1350000,26156351,"{""initial_success"": false, ""success"": false, ""terminal_without_success"": false, ""category"": ""policy_entered"", ""primitive_steps"": 5}",53.31,LeWM (5-action replanning),25,5
cube,150,150,65,prefix_b,released_raw,ap-fresh-cube-065,False,150,30,4500,1350000,26156351,"{""initial_success"": false, ""success"": false, ""terminal_without_success"": false, ""category"": ""policy_entered"", ""primitive_steps"": 5}",53.3404,LeWM (5-action replanning),25,5
cube,150,150,66,clean,released_raw,ap-fresh-cube-066,False,150,30,4500,1350000,26157351,"{""initial_success"": false, ""success"": false, ""terminal_without_success"": false, ""category"": ""policy_entered"", ""primitive_steps"": 0}",53.2033,LeWM (5-action replanning),25,5
cube,150,150,66,prefix_a,released_raw,ap-fresh-cube-066,False,150,30,4500,1350000,26157351,"{""initial_success"": false, ""success"": false, ""terminal_without_success"": false, ""category"": ""policy_entered"", ""primitive_steps"": 5}",52.823,LeWM (5-action replanning),25,5
cube,150,150,66,prefix_b,released_raw,ap-fresh-cube-066,False,150,30,4500,1350000,26157351,"{""initial_success"": false, ""success"": false, ""terminal_without_success"": false, ""category"": ""policy_entered"", ""primitive_steps"": 5}",53.2499,LeWM (5-action replanning),25,5
cube,150,150,67,clean,released_raw,ap-fresh-cube-067,False,150,30,4500,1350000,26158351,"{""initial_success"": false, ""success"": false, ""terminal_without_success"": false, ""category"": ""policy_entered"", ""primitive_steps"": 0}",53.0547,LeWM (5-action replanning),25,5
cube,150,150,67,prefix_a,released_raw,ap-fresh-cube-067,False,150,30,4500,1350000,26158351,"{""initial_success"": false, ""success"": false, ""terminal_without_success"": false, ""category"": ""policy_entered"", ""primitive_steps"": 5}",53.4109,LeWM (5-action replanning),25,5
cube,150,150,67,prefix_b,released_raw,ap-fresh-cube-067,False,150,30,4500,1350000,26158351,"{""initial_success"": false, ""success"": false, ""terminal_without_success"": false, ""category"": ""policy_entered"", ""primitive_steps"": 5}",52.7377,LeWM (5-action replanning),25,5
cube,150,150,68,clean,released_raw,ap-fresh-cube-068,False,150,30,4500,1350000,26159351,"{""initial_success"": false, ""success"": false, ""terminal_without_success"": false, ""category"": ""policy_entered"", ""primitive_steps"": 0}",53.5478,LeWM (5-action replanning),25,5
cube,150,150,68,prefix_a,released_raw,ap-fresh-cube-068,False,150,30,4500,1350000,26159351,"{""initial_success"": false, ""success"": false, ""terminal_without_success"": false, ""category"": ""policy_entered"", ""primitive_steps"": 5}",53.0751,LeWM (5-action replanning),25,5
cube,150,150,68,prefix_b,released_raw,ap-fresh-cube-068,True,16,4,600,180000,26159351,"{""initial_success"": false, ""success"": false, ""terminal_without_success"": false, ""category"": ""policy_entered"", ""primitive_steps"": 5}",7.1555,LeWM (5-action replanning),25,5
cube,150,150,69,clean,released_raw,ap-fresh-cube-069,False,150,30,4500,1350000,26160351,"{""initial_success"": false, ""success"": false, ""terminal_without_success"": false, ""category"": ""policy_entered"", ""primitive_steps"": 0}",53.5177,LeWM (5-action replanning),25,5
cube,150,150,69,prefix_a,released_raw,ap-fresh-cube-069,False,150,30,4500,1350000,26160351,"{""initial_success"": false, ""success"": false, ""terminal_without_success"": false, ""category"": ""policy_entered"", ""primitive_steps"": 5}",53.428,LeWM (5-action replanning),25,5
cube,150,150,69,prefix_b,released_raw,ap-fresh-cube-069,False,150,30,4500,1350000,26160351,"{""initial_success"": false, ""success"": false, ""terminal_without_success"": false, ""category"": ""policy_entered"", ""primitive_steps"": 5}",53.4893,LeWM (5-action replanning),25,5
cube,150,150,70,clean,released_raw,ap-fresh-cube-070,False,150,30,4500,1350000,26161351,"{""initial_success"": false, ""success"": false, ""terminal_without_success"": false, ""category"": ""policy_entered"", ""primitive_steps"": 0}",52.9688,LeWM (5-action replanning),25,5
cube,150,150,70,prefix_a,released_raw,ap-fresh-cube-070,False,150,30,4500,1350000,26161351,"{""initial_success"": false, ""success"": false, ""terminal_without_success"": false, ""category"": ""policy_entered"", ""primitive_steps"": 5}",52.941,LeWM (5-action replanning),25,5
cube,150,150,70,prefix_b,released_raw,ap-fresh-cube-070,False,150,30,4500,1350000,26161351,"{""initial_success"": false, ""success"": false, ""terminal_without_success"": false, ""category"": ""policy_entered"", ""primitive_steps"": 5}",53.4306,LeWM (5-action replanning),25,5
cube,150,150,71,clean,released_raw,ap-fresh-cube-071,False,150,30,4500,1350000,26162351,"{""initial_success"": false, ""success"": false, ""terminal_without_success"": false, ""category"": ""policy_entered"", ""primitive_steps"": 0}",53.3452,LeWM (5-action replanning),25,5
cube,150,150,71,prefix_a,released_raw,ap-fresh-cube-071,False,150,30,4500,1350000,26162351,"{""initial_success"": false, ""success"": false, ""terminal_without_success"": false, ""category"": ""policy_entered"", ""primitive_steps"": 5}",52.554,LeWM (5-action replanning),25,5
cube,150,150,71,prefix_b,released_raw,ap-fresh-cube-071,False,150,30,4500,1350000,26162351,"{""initial_success"": false, ""success"": false, ""terminal_without_success"": false, ""category"": ""policy_entered"", ""primitive_steps"": 5}",52.9484,LeWM (5-action replanning),25,5
cube,150,150,72,clean,released_raw,ap-fresh-cube-072,False,150,30,4500,1350000,26163351,"{""initial_success"": false, ""success"": false, ""terminal_without_success"": false, ""category"": ""policy_entered"", ""primitive_steps"": 0}",53.4982,LeWM (5-action replanning),25,5
cube,150,150,72,prefix_a,released_raw,ap-fresh-cube-072,False,150,30,4500,1350000,26163351,"{""initial_success"": false, ""success"": false, ""terminal_without_success"": false, ""category"": ""policy_entered"", ""primitive_steps"": 5}",53.3159,LeWM (5-action replanning),25,5
cube,150,150,72,prefix_b,released_raw,ap-fresh-cube-072,False,150,30,4500,1350000,26163351,"{""initial_success"": false, ""success"": false, ""terminal_without_success"": false, ""category"": ""policy_entered"", ""primitive_steps"": 5}",53.0183,LeWM (5-action replanning),25,5
cube,150,150,73,clean,released_raw,ap-fresh-cube-073,False,150,30,4500,1350000,26164351,"{""initial_success"": false, ""success"": false, ""terminal_without_success"": false, ""category"": ""policy_entered"", ""primitive_steps"": 0}",53.1256,LeWM (5-action replanning),25,5
cube,150,150,73,prefix_a,released_raw,ap-fresh-cube-073,False,150,30,4500,1350000,26164351,"{""initial_success"": false, ""success"": false, ""terminal_without_success"": false, ""category"": ""policy_entered"", ""primitive_steps"": 5}",54.2892,LeWM (5-action replanning),25,5
cube,150,150,73,prefix_b,released_raw,ap-fresh-cube-073,False,150,30,4500,1350000,26164351,"{""initial_success"": false, ""success"": false, ""terminal_without_success"": false, ""category"": ""policy_entered"", ""primitive_steps"": 5}",53.441,LeWM (5-action replanning),25,5
cube,150,150,74,clean,released_raw,ap-fresh-cube-074,False,150,30,4500,1350000,26165351,"{""initial_success"": false, ""success"": false, ""terminal_without_success"": false, ""category"": ""policy_entered"", ""primitive_steps"": 0}",53.7895,LeWM (5-action replanning),25,5
cube,150,150,74,prefix_a,released_raw,ap-fresh-cube-074,False,150,30,4500,1350000,26165351,"{""initial_success"": false, ""success"": false, ""terminal_without_success"": false, ""category"": ""policy_entered"", ""primitive_steps"": 5}",54.5882,LeWM (5-action replanning),25,5
cube,150,150,74,prefix_b,released_raw,ap-fresh-cube-074,False,150,30,4500,1350000,26165351,"{""initial_success"": false, ""success"": false, ""terminal_without_success"": false, ""category"": ""policy_entered"", ""primitive_steps"": 5}",52.6386,LeWM (5-action replanning),25,5
cube,150,150,75,clean,released_raw,ap-fresh-cube-075,False,150,30,4500,1350000,26166351,"{""initial_success"": false, ""success"": false, ""terminal_without_success"": false, ""category"": ""policy_entered"", ""primitive_steps"": 0}",53.4743,LeWM (5-action replanning),25,5
cube,150,150,75,prefix_a,released_raw,ap-fresh-cube-075,False,150,30,4500,1350000,26166351,"{""initial_success"": false, ""success"": false, ""terminal_without_success"": false, ""category"": ""policy_entered"", ""primitive_steps"": 5}",54.1733,LeWM (5-action replanning),25,5
cube,150,150,75,prefix_b,released_raw,ap-fresh-cube-075,False,150,30,4500,1350000,26166351,"{""initial_success"": false, ""success"": false, ""terminal_without_success"": false, ""category"": ""policy_entered"", ""primitive_steps"": 5}",53.7495,LeWM (5-action replanning),25,5
cube,150,150,76,clean,released_raw,ap-fresh-cube-076,False,150,30,4500,1350000,26167351,"{""initial_success"": false, ""success"": false, ""terminal_without_success"": false, ""category"": ""policy_entered"", ""primitive_steps"": 0}",52.4573,LeWM (5-action replanning),25,5
cube,150,150,76,prefix_a,released_raw,ap-fresh-cube-076,False,150,30,4500,1350000,26167351,"{""initial_success"": false, ""success"": false, ""terminal_without_success"": false, ""category"": ""policy_entered"", ""primitive_steps"": 5}",52.4374,LeWM (5-action replanning),25,5
cube,150,150,76,prefix_b,released_raw,ap-fresh-cube-076,False,150,30,4500,1350000,26167351,"{""initial_success"": false, ""success"": false, ""terminal_without_success"": false, ""category"": ""policy_entered"", ""primitive_steps"": 5}",52.3543,LeWM (5-action replanning),25,5
cube,150,150,77,clean,released_raw,ap-fresh-cube-077,False,150,30,4500,1350000,26168351,"{""initial_success"": false, ""success"": false, ""terminal_without_success"": false, ""category"": ""policy_entered"", ""primitive_steps"": 0}",53.4903,LeWM (5-action replanning),25,5
cube,150,150,77,prefix_a,released_raw,ap-fresh-cube-077,False,150,30,4500,1350000,26168351,"{""initial_success"": false, ""success"": false, ""terminal_without_success"": false, ""category"": ""policy_entered"", ""primitive_steps"": 5}",54.0201,LeWM (5-action replanning),25,5
cube,150,150,77,prefix_b,released_raw,ap-fresh-cube-077,False,150,30,4500,1350000,26168351,"{""initial_success"": false, ""success"": false, ""terminal_without_success"": false, ""category"": ""policy_entered"", ""primitive_steps"": 5}",53.4493,LeWM (5-action replanning),25,5
cube,150,150,78,clean,released_raw,ap-fresh-cube-078,True,8,2,300,90000,26169351,"{""initial_success"": false, ""success"": false, ""terminal_without_success"": false, ""category"": ""policy_entered"", ""primitive_steps"": 0}",3.5899,LeWM (5-action replanning),25,5
cube,150,150,78,prefix_a,released_raw,ap-fresh-cube-078,False,150,30,4500,1350000,26169351,"{""initial_success"": false, ""success"": false, ""terminal_without_success"": false, ""category"": ""policy_entered"", ""primitive_steps"": 5}",54.685,LeWM (5-action replanning),25,5
cube,150,150,78,prefix_b,released_raw,ap-fresh-cube-078,False,150,30,4500,1350000,26169351,"{""initial_success"": false, ""success"": false, ""terminal_without_success"": false, ""category"": ""policy_entered"", ""primitive_steps"": 5}",54.6332,LeWM (5-action replanning),25,5
cube,150,150,79,clean,released_raw,ap-fresh-cube-079,False,150,30,4500,1350000,26170351,"{""initial_success"": false, ""success"": false, ""terminal_without_success"": false, ""category"": ""policy_entered"", ""primitive_steps"": 0}",54.2305,LeWM (5-action replanning),25,5
cube,150,150,79,prefix_a,released_raw,ap-fresh-cube-079,False,150,30,4500,1350000,26170351,"{""initial_success"": false, ""success"": false, ""terminal_without_success"": false, ""category"": ""policy_entered"", ""primitive_steps"": 5}",53.5074,LeWM (5-action replanning),25,5
cube,150,150,79,prefix_b,released_raw,ap-fresh-cube-079,False,150,30,4500,1350000,26170351,"{""initial_success"": false, ""success"": false, ""terminal_without_success"": false, ""category"": ""policy_entered"", ""primitive_steps"": 5}",53.72,LeWM (5-action replanning),25,5
cube,150,150,80,clean,released_raw,ap-fresh-cube-080,False,150,30,4500,1350000,26171351,"{""initial_success"": false, ""success"": false, ""terminal_without_success"": false, ""category"": ""policy_entered"", ""primitive_steps"": 0}",53.2489,LeWM (5-action replanning),25,5
cube,150,150,80,prefix_a,released_raw,ap-fresh-cube-080,False,150,30,4500,1350000,26171351,"{""initial_success"": false, ""success"": false, ""terminal_without_success"": false, ""category"": ""policy_entered"", ""primitive_steps"": 5}",53.2833,LeWM (5-action replanning),25,5
cube,150,150,80,prefix_b,released_raw,ap-fresh-cube-080,False,150,30,4500,1350000,26171351,"{""initial_success"": false, ""success"": false, ""terminal_without_success"": false, ""category"": ""policy_entered"", ""primitive_steps"": 5}",53.6904,LeWM (5-action replanning),25,5
cube,150,150,81,clean,released_raw,ap-fresh-cube-081,False,150,30,4500,1350000,26172351,"{""initial_success"": false, ""success"": false, ""terminal_without_success"": false, ""category"": ""policy_entered"", ""primitive_steps"": 0}",52.9997,LeWM (5-action replanning),25,5
cube,150,150,81,prefix_a,released_raw,ap-fresh-cube-081,False,150,30,4500,1350000,26172351,"{""initial_success"": false, ""success"": false, ""terminal_without_success"": false, ""category"": ""policy_entered"", ""primitive_steps"": 5}",53.0642,LeWM (5-action replanning),25,5
cube,150,150,81,prefix_b,released_raw,ap-fresh-cube-081,False,150,30,4500,1350000,26172351,"{""initial_success"": false, ""success"": false, ""terminal_without_success"": false, ""category"": ""policy_entered"", ""primitive_steps"": 5}",53.1167,LeWM (5-action replanning),25,5
cube,150,150,82,clean,released_raw,ap-fresh-cube-082,False,150,30,4500,1350000,26173351,"{""initial_success"": false, ""success"": false, ""terminal_without_success"": false, ""category"": ""policy_entered"", ""primitive_steps"": 0}",53.3785,LeWM (5-action replanning),25,5
cube,150,150,82,prefix_a,released_raw,ap-fresh-cube-082,False,150,30,4500,1350000,26173351,"{""initial_success"": false, ""success"": false, ""terminal_without_success"": false, ""category"": ""policy_entered"", ""primitive_steps"": 5}",53.2885,LeWM (5-action replanning),25,5
cube,150,150,82,prefix_b,released_raw,ap-fresh-cube-082,False,150,30,4500,1350000,26173351,"{""initial_success"": false, ""success"": false, ""terminal_without_success"": false, ""category"": ""policy_entered"", ""primitive_steps"": 5}",53.5031,LeWM (5-action replanning),25,5
cube,150,150,83,clean,released_raw,ap-fresh-cube-083,True,13,3,450,135000,26174351,"{""initial_success"": false, ""success"": false, ""terminal_without_success"": false, ""category"": ""policy_entered"", ""primitive_steps"": 0}",5.394,LeWM (5-action replanning),25,5
cube,150,150,83,prefix_a,released_raw,ap-fresh-cube-083,True,14,3,450,135000,26174351,"{""initial_success"": false, ""success"": false, ""terminal_without_success"": false, ""category"": ""policy_entered"", ""primitive_steps"": 5}",5.4025,LeWM (5-action replanning),25,5
cube,150,150,83,prefix_b,released_raw,ap-fresh-cube-083,True,14,3,450,135000,26174351,"{""initial_success"": false, ""success"": false, ""terminal_without_success"": false, ""category"": ""policy_entered"", ""primitive_steps"": 5}",5.3335,LeWM (5-action replanning),25,5
cube,150,150,84,clean,released_raw,ap-fresh-cube-084,False,150,30,4500,1350000,26175351,"{""initial_success"": false, ""success"": false, ""terminal_without_success"": false, ""category"": ""policy_entered"", ""primitive_steps"": 0}",53.362,LeWM (5-action replanning),25,5
cube,150,150,84,prefix_a,released_raw,ap-fresh-cube-084,False,150,30,4500,1350000,26175351,"{""initial_success"": false, ""success"": false, ""terminal_without_success"": false, ""category"": ""policy_entered"", ""primitive_steps"": 5}",52.9743,LeWM (5-action replanning),25,5
cube,150,150,84,prefix_b,released_raw,ap-fresh-cube-084,False,150,30,4500,1350000,26175351,"{""initial_success"": false, ""success"": false, ""terminal_without_success"": false, ""category"": ""policy_entered"", ""primitive_steps"": 5}",53.1663,LeWM (5-action replanning),25,5
cube,150,150,85,clean,released_raw,ap-fresh-cube-085,False,150,30,4500,1350000,26176351,"{""initial_success"": false, ""success"": false, ""terminal_without_success"": false, ""category"": ""policy_entered"", ""primitive_steps"": 0}",53.9715,LeWM (5-action replanning),25,5
cube,150,150,85,prefix_a,released_raw,ap-fresh-cube-085,False,150,30,4500,1350000,26176351,"{""initial_success"": false, ""success"": false, ""terminal_without_success"": false, ""category"": ""policy_entered"", ""primitive_steps"": 5}",53.3583,LeWM (5-action replanning),25,5
cube,150,150,85,prefix_b,released_raw,ap-fresh-cube-085,False,150,30,4500,1350000,26176351,"{""initial_success"": false, ""success"": false, ""terminal_without_success"": false, ""category"": ""policy_entered"", ""primitive_steps"": 5}",53.6104,LeWM (5-action replanning),25,5
cube,150,150,86,clean,released_raw,ap-fresh-cube-086,False,150,30,4500,1350000,26177351,"{""initial_success"": false, ""success"": false, ""terminal_without_success"": false, ""category"": ""policy_entered"", ""primitive_steps"": 0}",52.9366,LeWM (5-action replanning),25,5
cube,150,150,86,prefix_a,released_raw,ap-fresh-cube-086,False,150,30,4500,1350000,26177351,"{""initial_success"": false, ""success"": false, ""terminal_without_success"": false, ""category"": ""policy_entered"", ""primitive_steps"": 5}",53.5813,LeWM (5-action replanning),25,5
cube,150,150,86,prefix_b,released_raw,ap-fresh-cube-086,False,150,30,4500,1350000,26177351,"{""initial_success"": false, ""success"": false, ""terminal_without_success"": false, ""category"": ""policy_entered"", ""primitive_steps"": 5}",52.6758,LeWM (5-action replanning),25,5
cube,150,150,87,clean,released_raw,ap-fresh-cube-087,False,150,30,4500,1350000,26178351,"{""initial_success"": false, ""success"": false, ""terminal_without_success"": false, ""category"": ""policy_entered"", ""primitive_steps"": 0}",53.2933,LeWM (5-action replanning),25,5
cube,150,150,87,prefix_a,released_raw,ap-fresh-cube-087,False,150,30,4500,1350000,26178351,"{""initial_success"": false, ""success"": false, ""terminal_without_success"": false, ""category"": ""policy_entered"", ""primitive_steps"": 5}",53.2075,LeWM (5-action replanning),25,5
cube,150,150,87,prefix_b,released_raw,ap-fresh-cube-087,False,150,30,4500,1350000,26178351,"{""initial_success"": false, ""success"": false, ""terminal_without_success"": false, ""category"": ""policy_entered"", ""primitive_steps"": 5}",53.0308,LeWM (5-action replanning),25,5
cube,150,150,88,clean,released_raw,ap-fresh-cube-088,False,150,30,4500,1350000,26179351,"{""initial_success"": false, ""success"": false, ""terminal_without_success"": false, ""category"": ""policy_entered"", ""primitive_steps"": 0}",53.6334,LeWM (5-action replanning),25,5
cube,150,150,88,prefix_a,released_raw,ap-fresh-cube-088,False,150,30,4500,1350000,26179351,"{""initial_success"": false, ""success"": false, ""terminal_without_success"": false, ""category"": ""policy_entered"", ""primitive_steps"": 5}",54.0155,LeWM (5-action replanning),25,5
cube,150,150,88,prefix_b,released_raw,ap-fresh-cube-088,False,150,30,4500,1350000,26179351,"{""initial_success"": false, ""success"": false, ""terminal_without_success"": false, ""category"": ""policy_entered"", ""primitive_steps"": 5}",53.986,LeWM (5-action replanning),25,5
cube,150,150,89,clean,released_raw,ap-fresh-cube-089,False,150,30,4500,1350000,26180351,"{""initial_success"": false, ""success"": false, ""terminal_without_success"": false, ""category"": ""policy_entered"", ""primitive_steps"": 0}",54.1912,LeWM (5-action replanning),25,5
cube,150,150,89,prefix_a,released_raw,ap-fresh-cube-089,False,150,30,4500,1350000,26180351,"{""initial_success"": false, ""success"": false, ""terminal_without_success"": false, ""category"": ""policy_entered"", ""primitive_steps"": 5}",54.7319,LeWM (5-action replanning),25,5
cube,150,150,89,prefix_b,released_raw,ap-fresh-cube-089,True,13,3,450,135000,26180351,"{""initial_success"": false, ""success"": false, ""terminal_without_success"": false, ""category"": ""policy_entered"", ""primitive_steps"": 5}",5.4783,LeWM (5-action replanning),25,5
cube,150,150,90,clean,released_raw,ap-fresh-cube-090,False,150,30,4500,1350000,26181351,"{""initial_success"": false, ""success"": false, ""terminal_without_success"": false, ""category"": ""policy_entered"", ""primitive_steps"": 0}",54.7121,LeWM (5-action replanning),25,5
cube,150,150,90,prefix_a,released_raw,ap-fresh-cube-090,False,150,30,4500,1350000,26181351,"{""initial_success"": false, ""success"": false, ""terminal_without_success"": false, ""category"": ""policy_entered"", ""primitive_steps"": 5}",54.6058,LeWM (5-action replanning),25,5
cube,150,150,90,prefix_b,released_raw,ap-fresh-cube-090,False,150,30,4500,1350000,26181351,"{""initial_success"": false, ""success"": false, ""terminal_without_success"": false, ""category"": ""policy_entered"", ""primitive_steps"": 5}",54.0682,LeWM (5-action replanning),25,5
cube,150,150,91,clean,released_raw,ap-fresh-cube-091,True,14,3,450,135000,26182351,"{""initial_success"": false, ""success"": false, ""terminal_without_success"": false, ""category"": ""policy_entered"", ""primitive_steps"": 0}",5.4691,LeWM (5-action replanning),25,5
cube,150,150,91,prefix_a,released_raw,ap-fresh-cube-091,True,10,2,300,90000,26182351,"{""initial_success"": false, ""success"": false, ""terminal_without_success"": false, ""category"": ""policy_entered"", ""primitive_steps"": 5}",3.6326,LeWM (5-action replanning),25,5
cube,150,150,91,prefix_b,released_raw,ap-fresh-cube-091,True,11,3,450,135000,26182351,"{""initial_success"": false, ""success"": false, ""terminal_without_success"": false, ""category"": ""policy_entered"", ""primitive_steps"": 5}",5.4627,LeWM (5-action replanning),25,5
cube,150,150,92,clean,released_raw,ap-fresh-cube-092,False,150,30,4500,1350000,26183351,"{""initial_success"": false, ""success"": false, ""terminal_without_success"": false, ""category"": ""policy_entered"", ""primitive_steps"": 0}",54.123,LeWM (5-action replanning),25,5
cube,150,150,92,prefix_a,released_raw,ap-fresh-cube-092,True,11,3,450,135000,26183351,"{""initial_success"": false, ""success"": false, ""terminal_without_success"": false, ""category"": ""policy_entered"", ""primitive_steps"": 5}",5.4179,LeWM (5-action replanning),25,5
cube,150,150,92,prefix_b,released_raw,ap-fresh-cube-092,False,150,30,4500,1350000,26183351,"{""initial_success"": false, ""success"": false, ""terminal_without_success"": false, ""category"": ""policy_entered"", ""primitive_steps"": 5}",54.0734,LeWM (5-action replanning),25,5
cube,150,150,93,clean,released_raw,ap-fresh-cube-093,False,150,30,4500,1350000,26184351,"{""initial_success"": false, ""success"": false, ""terminal_without_success"": false, ""category"": ""policy_entered"", ""primitive_steps"": 0}",54.1811,LeWM (5-action replanning),25,5
cube,150,150,93,prefix_a,released_raw,ap-fresh-cube-093,False,150,30,4500,1350000,26184351,"{""initial_success"": false, ""success"": false, ""terminal_without_success"": false, ""category"": ""policy_entered"", ""primitive_steps"": 5}",54.4502,LeWM (5-action replanning),25,5
cube,150,150,93,prefix_b,released_raw,ap-fresh-cube-093,False,150,30,4500,1350000,26184351,"{""initial_success"": false, ""success"": false, ""terminal_without_success"": false, ""category"": ""policy_entered"", ""primitive_steps"": 5}",54.5788,LeWM (5-action replanning),25,5
cube,150,150,94,clean,released_raw,ap-fresh-cube-094,False,150,30,4500,1350000,26185351,"{""initial_success"": false, ""success"": false, ""terminal_without_success"": false, ""category"": ""policy_entered"", ""primitive_steps"": 0}",53.7416,LeWM (5-action replanning),25,5
cube,150,150,94,prefix_a,released_raw,ap-fresh-cube-094,False,150,30,4500,1350000,26185351,"{""initial_success"": false, ""success"": false, ""terminal_without_success"": false, ""category"": ""policy_entered"", ""primitive_steps"": 5}",54.1711,LeWM (5-action replanning),25,5
cube,150,150,94,prefix_b,released_raw,ap-fresh-cube-094,True,4,1,150,45000,26185351,"{""initial_success"": false, ""success"": false, ""terminal_without_success"": false, ""category"": ""policy_entered"", ""primitive_steps"": 5}",1.8514,LeWM (5-action replanning),25,5
cube,150,150,95,clean,released_raw,ap-fresh-cube-095,False,150,30,4500,1350000,26186351,"{""initial_success"": false, ""success"": false, ""terminal_without_success"": false, ""category"": ""policy_entered"", ""primitive_steps"": 0}",53.2955,LeWM (5-action replanning),25,5
cube,150,150,95,prefix_a,released_raw,ap-fresh-cube-095,False,150,30,4500,1350000,26186351,"{""initial_success"": false, ""success"": false, ""terminal_without_success"": false, ""category"": ""policy_entered"", ""primitive_steps"": 5}",52.8929,LeWM (5-action replanning),25,5
cube,150,150,95,prefix_b,released_raw,ap-fresh-cube-095,False,150,30,4500,1350000,26186351,"{""initial_success"": false, ""success"": false, ""terminal_without_success"": false, ""category"": ""policy_entered"", ""primitive_steps"": 5}",52.538,LeWM (5-action replanning),25,5
cube,150,150,96,clean,released_raw,ap-fresh-cube-096,False,150,30,4500,1350000,26187351,"{""initial_success"": false, ""success"": false, ""terminal_without_success"": false, ""category"": ""policy_entered"", ""primitive_steps"": 0}",55.9626,LeWM (5-action replanning),25,5
cube,150,150,96,prefix_a,released_raw,ap-fresh-cube-096,False,150,30,4500,1350000,26187351,"{""initial_success"": false, ""success"": false, ""terminal_without_success"": false, ""category"": ""policy_entered"", ""primitive_steps"": 5}",55.5641,LeWM (5-action replanning),25,5
cube,150,150,96,prefix_b,released_raw,ap-fresh-cube-096,False,150,30,4500,1350000,26187351,"{""initial_success"": false, ""success"": false, ""terminal_without_success"": false, ""category"": ""policy_entered"", ""primitive_steps"": 5}",55.4136,LeWM (5-action replanning),25,5
cube,150,150,97,clean,released_raw,ap-fresh-cube-097,False,150,30,4500,1350000,26188351,"{""initial_success"": false, ""success"": false, ""terminal_without_success"": false, ""category"": ""policy_entered"", ""primitive_steps"": 0}",55.5161,LeWM (5-action replanning),25,5
cube,150,150,97,prefix_a,released_raw,ap-fresh-cube-097,False,150,30,4500,1350000,26188351,"{""initial_success"": false, ""success"": false, ""terminal_without_success"": false, ""category"": ""policy_entered"", ""primitive_steps"": 5}",55.9524,LeWM (5-action replanning),25,5
cube,150,150,97,prefix_b,released_raw,ap-fresh-cube-097,False,150,30,4500,1350000,26188351,"{""initial_success"": false, ""success"": false, ""terminal_without_success"": false, ""category"": ""policy_entered"", ""primitive_steps"": 5}",55.6529,LeWM (5-action replanning),25,5
cube,150,150,98,clean,released_raw,ap-fresh-cube-098,False,150,30,4500,1350000,26189351,"{""initial_success"": false, ""success"": false, ""terminal_without_success"": false, ""category"": ""policy_entered"", ""primitive_steps"": 0}",55.5047,LeWM (5-action replanning),25,5
cube,150,150,98,prefix_a,released_raw,ap-fresh-cube-098,False,150,30,4500,1350000,26189351,"{""initial_success"": false, ""success"": false, ""terminal_without_success"": false, ""category"": ""policy_entered"", ""primitive_steps"": 5}",55.5636,LeWM (5-action replanning),25,5
cube,150,150,98,prefix_b,released_raw,ap-fresh-cube-098,False,150,30,4500,1350000,26189351,"{""initial_success"": false, ""success"": false, ""terminal_without_success"": false, ""category"": ""policy_entered"", ""primitive_steps"": 5}",55.7796,LeWM (5-action replanning),25,5
cube,150,150,99,clean,released_raw,ap-fresh-cube-099,False,150,30,4500,1350000,26190351,"{""initial_success"": false, ""success"": false, ""terminal_without_success"": false, ""category"": ""policy_entered"", ""primitive_steps"": 0}",55.4477,LeWM (5-action replanning),25,5
cube,150,150,99,prefix_a,released_raw,ap-fresh-cube-099,False,150,30,4500,1350000,26190351,"{""initial_success"": false, ""success"": false, ""terminal_without_success"": false, ""category"": ""policy_entered"", ""primitive_steps"": 5}",59.0096,LeWM (5-action replanning),25,5
cube,150,150,99,prefix_b,released_raw,ap-fresh-cube-099,False,150,30,4500,1350000,26190351,"{""initial_success"": false, ""success"": false, ""terminal_without_success"": false, ""category"": ""policy_entered"", ""primitive_steps"": 5}",58.0491,LeWM (5-action replanning),25,5
cube,150,150,100,clean,released_raw,ap-fresh-cube-100,False,150,30,4500,1350000,26191351,"{""initial_success"": false, ""success"": false, ""terminal_without_success"": false, ""category"": ""policy_entered"", ""primitive_steps"": 0}",57.7701,LeWM (5-action replanning),25,5
cube,150,150,100,prefix_a,released_raw,ap-fresh-cube-100,False,150,30,4500,1350000,26191351,"{""initial_success"": false, ""success"": false, ""terminal_without_success"": false, ""category"": ""policy_entered"", ""primitive_steps"": 5}",55.7938,LeWM (5-action replanning),25,5
cube,150,150,100,prefix_b,released_raw,ap-fresh-cube-100,False,150,30,4500,1350000,26191351,"{""initial_success"": false, ""success"": false, ""terminal_without_success"": false, ""category"": ""policy_entered"", ""primitive_steps"": 5}",55.0782,LeWM (5-action replanning),25,5
cube,150,150,101,clean,released_raw,ap-fresh-cube-101,False,150,30,4500,1350000,26192351,"{""initial_success"": false, ""success"": false, ""terminal_without_success"": false, ""category"": ""policy_entered"", ""primitive_steps"": 0}",55.3318,LeWM (5-action replanning),25,5
cube,150,150,101,prefix_a,released_raw,ap-fresh-cube-101,False,150,30,4500,1350000,26192351,"{""initial_success"": false, ""success"": false, ""terminal_without_success"": false, ""category"": ""policy_entered"", ""primitive_steps"": 5}",55.3991,LeWM (5-action replanning),25,5
cube,150,150,101,prefix_b,released_raw,ap-fresh-cube-101,False,150,30,4500,1350000,26192351,"{""initial_success"": false, ""success"": false, ""terminal_without_success"": false, ""category"": ""policy_entered"", ""primitive_steps"": 5}",55.4068,LeWM (5-action replanning),25,5
cube,150,150,102,clean,released_raw,ap-fresh-cube-102,False,150,30,4500,1350000,26193351,"{""initial_success"": false, ""success"": false, ""terminal_without_success"": false, ""category"": ""policy_entered"", ""primitive_steps"": 0}",55.5357,LeWM (5-action replanning),25,5
cube,150,150,102,prefix_a,released_raw,ap-fresh-cube-102,False,150,30,4500,1350000,26193351,"{""initial_success"": false, ""success"": false, ""terminal_without_success"": false, ""category"": ""policy_entered"", ""primitive_steps"": 5}",55.3068,LeWM (5-action replanning),25,5
cube,150,150,102,prefix_b,released_raw,ap-fresh-cube-102,False,150,30,4500,1350000,26193351,"{""initial_success"": false, ""success"": false, ""terminal_without_success"": false, ""category"": ""policy_entered"", ""primitive_steps"": 5}",55.2802,LeWM (5-action replanning),25,5
cube,150,150,103,clean,released_raw,ap-fresh-cube-103,False,150,30,4500,1350000,26194351,"{""initial_success"": false, ""success"": false, ""terminal_without_success"": false, ""category"": ""policy_entered"", ""primitive_steps"": 0}",55.6119,LeWM (5-action replanning),25,5
cube,150,150,103,prefix_a,released_raw,ap-fresh-cube-103,False,150,30,4500,1350000,26194351,"{""initial_success"": false, ""success"": false, ""terminal_without_success"": false, ""category"": ""policy_entered"", ""primitive_steps"": 5}",55.7223,LeWM (5-action replanning),25,5
cube,150,150,103,prefix_b,released_raw,ap-fresh-cube-103,False,150,30,4500,1350000,26194351,"{""initial_success"": false, ""success"": false, ""terminal_without_success"": false, ""category"": ""policy_entered"", ""primitive_steps"": 5}",55.7731,LeWM (5-action replanning),25,5
cube,150,150,104,clean,released_raw,ap-fresh-cube-104,True,14,3,450,135000,26195351,"{""initial_success"": false, ""success"": false, ""terminal_without_success"": false, ""category"": ""policy_entered"", ""primitive_steps"": 0}",5.5091,LeWM (5-action replanning),25,5
cube,150,150,104,prefix_a,released_raw,ap-fresh-cube-104,False,150,30,4500,1350000,26195351,"{""initial_success"": false, ""success"": false, ""terminal_without_success"": false, ""category"": ""policy_entered"", ""primitive_steps"": 5}",55.7536,LeWM (5-action replanning),25,5
cube,150,150,104,prefix_b,released_raw,ap-fresh-cube-104,False,150,30,4500,1350000,26195351,"{""initial_success"": false, ""success"": false, ""terminal_without_success"": false, ""category"": ""policy_entered"", ""primitive_steps"": 5}",55.1639,LeWM (5-action replanning),25,5
cube,150,150,105,clean,released_raw,ap-fresh-cube-105,False,150,30,4500,1350000,26196351,"{""initial_success"": false, ""success"": false, ""terminal_without_success"": false, ""category"": ""policy_entered"", ""primitive_steps"": 0}",55.6482,LeWM (5-action replanning),25,5
cube,150,150,105,prefix_a,released_raw,ap-fresh-cube-105,False,150,30,4500,1350000,26196351,"{""initial_success"": false, ""success"": false, ""terminal_without_success"": false, ""category"": ""policy_entered"", ""primitive_steps"": 5}",55.7258,LeWM (5-action replanning),25,5
cube,150,150,105,prefix_b,released_raw,ap-fresh-cube-105,False,150,30,4500,1350000,26196351,"{""initial_success"": false, ""success"": false, ""terminal_without_success"": false, ""category"": ""policy_entered"", ""primitive_steps"": 5}",55.6174,LeWM (5-action replanning),25,5
cube,150,150,106,clean,released_raw,ap-fresh-cube-106,False,150,30,4500,1350000,26197351,"{""initial_success"": false, ""success"": false, ""terminal_without_success"": false, ""category"": ""policy_entered"", ""primitive_steps"": 0}",57.4611,LeWM (5-action replanning),25,5
cube,150,150,106,prefix_a,released_raw,ap-fresh-cube-106,True,16,4,600,180000,26197351,"{""initial_success"": false, ""success"": false, ""terminal_without_success"": false, ""category"": ""policy_entered"", ""primitive_steps"": 5}",8.6677,LeWM (5-action replanning),25,5
cube,150,150,106,prefix_b,released_raw,ap-fresh-cube-106,False,150,30,4500,1350000,26197351,"{""initial_success"": false, ""success"": false, ""terminal_without_success"": false, ""category"": ""policy_entered"", ""primitive_steps"": 5}",64.1866,LeWM (5-action replanning),25,5
cube,150,150,107,clean,released_raw,ap-fresh-cube-107,False,150,30,4500,1350000,26198351,"{""initial_success"": false, ""success"": false, ""terminal_without_success"": false, ""category"": ""policy_entered"", ""primitive_steps"": 0}",61.8748,LeWM (5-action replanning),25,5
cube,150,150,107,prefix_a,released_raw,ap-fresh-cube-107,False,150,30,4500,1350000,26198351,"{""initial_success"": false, ""success"": false, ""terminal_without_success"": false, ""category"": ""policy_entered"", ""primitive_steps"": 5}",61.1446,LeWM (5-action replanning),25,5
cube,150,150,107,prefix_b,released_raw,ap-fresh-cube-107,False,150,30,4500,1350000,26198351,"{""initial_success"": false, ""success"": false, ""terminal_without_success"": false, ""category"": ""policy_entered"", ""primitive_steps"": 5}",61.2499,LeWM (5-action replanning),25,5
cube,150,150,108,clean,released_raw,ap-fresh-cube-108,False,150,30,4500,1350000,26199351,"{""initial_success"": false, ""success"": false, ""terminal_without_success"": false, ""category"": ""policy_entered"", ""primitive_steps"": 0}",61.5833,LeWM (5-action replanning),25,5
cube,150,150,108,prefix_a,released_raw,ap-fresh-cube-108,False,150,30,4500,1350000,26199351,"{""initial_success"": false, ""success"": false, ""terminal_without_success"": false, ""category"": ""policy_entered"", ""primitive_steps"": 5}",64.2671,LeWM (5-action replanning),25,5
cube,150,150,108,prefix_b,released_raw,ap-fresh-cube-108,False,150,30,4500,1350000,26199351,"{""initial_success"": false, ""success"": false, ""terminal_without_success"": false, ""category"": ""policy_entered"", ""primitive_steps"": 5}",63.8567,LeWM (5-action replanning),25,5
cube,150,150,109,clean,released_raw,ap-fresh-cube-109,True,16,4,600,180000,26200351,"{""initial_success"": false, ""success"": false, ""terminal_without_success"": false, ""category"": ""policy_entered"", ""primitive_steps"": 0}",8.4513,LeWM (5-action replanning),25,5
cube,150,150,109,prefix_a,released_raw,ap-fresh-cube-109,False,150,30,4500,1350000,26200351,"{""initial_success"": false, ""success"": false, ""terminal_without_success"": false, ""category"": ""policy_entered"", ""primitive_steps"": 5}",64.1859,LeWM (5-action replanning),25,5
cube,150,150,109,prefix_b,released_raw,ap-fresh-cube-109,True,15,3,450,135000,26200351,"{""initial_success"": false, ""success"": false, ""terminal_without_success"": false, ""category"": ""policy_entered"", ""primitive_steps"": 5}",6.1952,LeWM (5-action replanning),25,5
cube,150,150,110,clean,released_raw,ap-fresh-cube-110,False,150,30,4500,1350000,26201351,"{""initial_success"": false, ""success"": false, ""terminal_without_success"": false, ""category"": ""policy_entered"", ""primitive_steps"": 0}",57.1338,LeWM (5-action replanning),25,5
cube,150,150,110,prefix_a,released_raw,ap-fresh-cube-110,False,150,30,4500,1350000,26201351,"{""initial_success"": false, ""success"": false, ""terminal_without_success"": false, ""category"": ""policy_entered"", ""primitive_steps"": 5}",55.9116,LeWM (5-action replanning),25,5
cube,150,150,110,prefix_b,released_raw,ap-fresh-cube-110,False,150,30,4500,1350000,26201351,"{""initial_success"": false, ""success"": false, ""terminal_without_success"": false, ""category"": ""policy_entered"", ""primitive_steps"": 5}",54.5688,LeWM (5-action replanning),25,5
cube,150,150,111,clean,released_raw,ap-fresh-cube-111,False,150,30,4500,1350000,26202351,"{""initial_success"": false, ""success"": false, ""terminal_without_success"": false, ""category"": ""policy_entered"", ""primitive_steps"": 0}",55.1272,LeWM (5-action replanning),25,5
cube,150,150,111,prefix_a,released_raw,ap-fresh-cube-111,False,150,30,4500,1350000,26202351,"{""initial_success"": false, ""success"": false, ""terminal_without_success"": false, ""category"": ""policy_entered"", ""primitive_steps"": 5}",55.8217,LeWM (5-action replanning),25,5
cube,150,150,111,prefix_b,released_raw,ap-fresh-cube-111,False,150,30,4500,1350000,26202351,"{""initial_success"": false, ""success"": false, ""terminal_without_success"": false, ""category"": ""policy_entered"", ""primitive_steps"": 5}",55.4495,LeWM (5-action replanning),25,5
cube,150,150,112,clean,released_raw,ap-fresh-cube-112,False,150,30,4500,1350000,26203351,"{""initial_success"": false, ""success"": false, ""terminal_without_success"": false, ""category"": ""policy_entered"", ""primitive_steps"": 0}",55.1473,LeWM (5-action replanning),25,5
cube,150,150,112,prefix_a,released_raw,ap-fresh-cube-112,False,150,30,4500,1350000,26203351,"{""initial_success"": false, ""success"": false, ""terminal_without_success"": false, ""category"": ""policy_entered"", ""primitive_steps"": 5}",55.0771,LeWM (5-action replanning),25,5
cube,150,150,112,prefix_b,released_raw,ap-fresh-cube-112,False,150,30,4500,1350000,26203351,"{""initial_success"": false, ""success"": false, ""terminal_without_success"": false, ""category"": ""policy_entered"", ""primitive_steps"": 5}",54.7846,LeWM (5-action replanning),25,5
cube,150,150,113,clean,released_raw,ap-fresh-cube-113,False,150,30,4500,1350000,26204351,"{""initial_success"": false, ""success"": false, ""terminal_without_success"": false, ""category"": ""policy_entered"", ""primitive_steps"": 0}",55.6993,LeWM (5-action replanning),25,5
cube,150,150,113,prefix_a,released_raw,ap-fresh-cube-113,False,150,30,4500,1350000,26204351,"{""initial_success"": false, ""success"": false, ""terminal_without_success"": false, ""category"": ""policy_entered"", ""primitive_steps"": 5}",55.4102,LeWM (5-action replanning),25,5
cube,150,150,113,prefix_b,released_raw,ap-fresh-cube-113,False,150,30,4500,1350000,26204351,"{""initial_success"": false, ""success"": false, ""terminal_without_success"": false, ""category"": ""policy_entered"", ""primitive_steps"": 5}",55.8816,LeWM (5-action replanning),25,5
cube,150,150,114,clean,released_raw,ap-fresh-cube-114,False,150,30,4500,1350000,26205351,"{""initial_success"": false, ""success"": false, ""terminal_without_success"": false, ""category"": ""policy_entered"", ""primitive_steps"": 0}",55.7241,LeWM (5-action replanning),25,5
cube,150,150,114,prefix_a,released_raw,ap-fresh-cube-114,True,18,4,600,180000,26205351,"{""initial_success"": false, ""success"": false, ""terminal_without_success"": false, ""category"": ""policy_entered"", ""primitive_steps"": 5}",7.6695,LeWM (5-action replanning),25,5
cube,150,150,114,prefix_b,released_raw,ap-fresh-cube-114,False,150,30,4500,1350000,26205351,"{""initial_success"": false, ""success"": false, ""terminal_without_success"": false, ""category"": ""policy_entered"", ""primitive_steps"": 5}",59.3499,LeWM (5-action replanning),25,5
cube,150,150,115,clean,released_raw,ap-fresh-cube-115,False,150,30,4500,1350000,26206351,"{""initial_success"": false, ""success"": false, ""terminal_without_success"": false, ""category"": ""policy_entered"", ""primitive_steps"": 0}",55.2691,LeWM (5-action replanning),25,5
cube,150,150,115,prefix_a,released_raw,ap-fresh-cube-115,False,150,30,4500,1350000,26206351,"{""initial_success"": false, ""success"": false, ""terminal_without_success"": false, ""category"": ""policy_entered"", ""primitive_steps"": 5}",55.7216,LeWM (5-action replanning),25,5
cube,150,150,115,prefix_b,released_raw,ap-fresh-cube-115,False,150,30,4500,1350000,26206351,"{""initial_success"": false, ""success"": false, ""terminal_without_success"": false, ""category"": ""policy_entered"", ""primitive_steps"": 5}",55.646,LeWM (5-action replanning),25,5
cube,150,150,116,clean,released_raw,ap-fresh-cube-116,False,150,30,4500,1350000,26207351,"{""initial_success"": false, ""success"": false, ""terminal_without_success"": false, ""category"": ""policy_entered"", ""primitive_steps"": 0}",56.2903,LeWM (5-action replanning),25,5
cube,150,150,116,prefix_a,released_raw,ap-fresh-cube-116,False,150,30,4500,1350000,26207351,"{""initial_success"": false, ""success"": false, ""terminal_without_success"": false, ""category"": ""policy_entered"", ""primitive_steps"": 5}",55.1803,LeWM (5-action replanning),25,5
cube,150,150,116,prefix_b,released_raw,ap-fresh-cube-116,False,150,30,4500,1350000,26207351,"{""initial_success"": false, ""success"": false, ""terminal_without_success"": false, ""category"": ""policy_entered"", ""primitive_steps"": 5}",55.9104,LeWM (5-action replanning),25,5
cube,150,150,117,clean,released_raw,ap-fresh-cube-117,False,150,30,4500,1350000,26208351,"{""initial_success"": false, ""success"": false, ""terminal_without_success"": false, ""category"": ""policy_entered"", ""primitive_steps"": 0}",55.2025,LeWM (5-action replanning),25,5
cube,150,150,117,prefix_a,released_raw,ap-fresh-cube-117,True,14,3,450,135000,26208351,"{""initial_success"": false, ""success"": false, ""terminal_without_success"": false, ""category"": ""policy_entered"", ""primitive_steps"": 5}",5.5728,LeWM (5-action replanning),25,5
cube,150,150,117,prefix_b,released_raw,ap-fresh-cube-117,True,20,4,600,180000,26208351,"{""initial_success"": false, ""success"": false, ""terminal_without_success"": false, ""category"": ""policy_entered"", ""primitive_steps"": 5}",7.4149,LeWM (5-action replanning),25,5
cube,150,150,118,clean,released_raw,ap-fresh-cube-118,False,150,30,4500,1350000,26209351,"{""initial_success"": false, ""success"": false, ""terminal_without_success"": false, ""category"": ""policy_entered"", ""primitive_steps"": 0}",55.0138,LeWM (5-action replanning),25,5
cube,150,150,118,prefix_a,released_raw,ap-fresh-cube-118,True,19,4,600,180000,26209351,"{""initial_success"": false, ""success"": false, ""terminal_without_success"": false, ""category"": ""policy_entered"", ""primitive_steps"": 5}",7.4543,LeWM (5-action replanning),25,5
cube,150,150,118,prefix_b,released_raw,ap-fresh-cube-118,False,150,30,4500,1350000,26209351,"{""initial_success"": false, ""success"": false, ""terminal_without_success"": false, ""category"": ""policy_entered"", ""primitive_steps"": 5}",55.249,LeWM (5-action replanning),25,5
cube,150,150,119,clean,released_raw,ap-fresh-cube-119,False,150,30,4500,1350000,26210351,"{""initial_success"": false, ""success"": false, ""terminal_without_success"": false, ""category"": ""policy_entered"", ""primitive_steps"": 0}",55.3776,LeWM (5-action replanning),25,5
cube,150,150,119,prefix_a,released_raw,ap-fresh-cube-119,False,150,30,4500,1350000,26210351,"{""initial_success"": false, ""success"": false, ""terminal_without_success"": false, ""category"": ""policy_entered"", ""primitive_steps"": 5}",55.7249,LeWM (5-action replanning),25,5
cube,150,150,119,prefix_b,released_raw,ap-fresh-cube-119,False,150,30,4500,1350000,26210351,"{""initial_success"": false, ""success"": false, ""terminal_without_success"": false, ""category"": ""policy_entered"", ""primitive_steps"": 5}",55.4229,LeWM (5-action replanning),25,5
cube,150,150,120,clean,released_raw,ap-fresh-cube-120,False,150,30,4500,1350000,26211351,"{""initial_success"": false, ""success"": false, ""terminal_without_success"": false, ""category"": ""policy_entered"", ""primitive_steps"": 0}",55.3622,LeWM (5-action replanning),25,5
cube,150,150,120,prefix_a,released_raw,ap-fresh-cube-120,False,150,30,4500,1350000,26211351,"{""initial_success"": false, ""success"": false, ""terminal_without_success"": false, ""category"": ""policy_entered"", ""primitive_steps"": 5}",55.7538,LeWM (5-action replanning),25,5
cube,150,150,120,prefix_b,released_raw,ap-fresh-cube-120,False,150,30,4500,1350000,26211351,"{""initial_success"": false, ""success"": false, ""terminal_without_success"": false, ""category"": ""policy_entered"", ""primitive_steps"": 5}",55.5984,LeWM (5-action replanning),25,5
cube,150,150,121,clean,released_raw,ap-fresh-cube-121,False,150,30,4500,1350000,26212351,"{""initial_success"": false, ""success"": false, ""terminal_without_success"": false, ""category"": ""policy_entered"", ""primitive_steps"": 0}",55.5292,LeWM (5-action replanning),25,5
cube,150,150,121,prefix_a,released_raw,ap-fresh-cube-121,False,150,30,4500,1350000,26212351,"{""initial_success"": false, ""success"": false, ""terminal_without_success"": false, ""category"": ""policy_entered"", ""primitive_steps"": 5}",55.3968,LeWM (5-action replanning),25,5
cube,150,150,121,prefix_b,released_raw,ap-fresh-cube-121,False,150,30,4500,1350000,26212351,"{""initial_success"": false, ""success"": false, ""terminal_without_success"": false, ""category"": ""policy_entered"", ""primitive_steps"": 5}",55.0944,LeWM (5-action replanning),25,5
cube,150,150,122,clean,released_raw,ap-fresh-cube-122,False,150,30,4500,1350000,26213351,"{""initial_success"": false, ""success"": false, ""terminal_without_success"": false, ""category"": ""policy_entered"", ""primitive_steps"": 0}",55.5839,LeWM (5-action replanning),25,5
cube,150,150,122,prefix_a,released_raw,ap-fresh-cube-122,False,150,30,4500,1350000,26213351,"{""initial_success"": false, ""success"": false, ""terminal_without_success"": false, ""category"": ""policy_entered"", ""primitive_steps"": 5}",55.4485,LeWM (5-action replanning),25,5
cube,150,150,122,prefix_b,released_raw,ap-fresh-cube-122,False,150,30,4500,1350000,26213351,"{""initial_success"": false, ""success"": false, ""terminal_without_success"": false, ""category"": ""policy_entered"", ""primitive_steps"": 5}",55.0604,LeWM (5-action replanning),25,5
cube,150,150,123,clean,released_raw,ap-fresh-cube-123,False,150,30,4500,1350000,26214351,"{""initial_success"": false, ""success"": false, ""terminal_without_success"": false, ""category"": ""policy_entered"", ""primitive_steps"": 0}",55.1911,LeWM (5-action replanning),25,5
cube,150,150,123,prefix_a,released_raw,ap-fresh-cube-123,False,150,30,4500,1350000,26214351,"{""initial_success"": false, ""success"": false, ""terminal_without_success"": false, ""category"": ""policy_entered"", ""primitive_steps"": 5}",55.1449,LeWM (5-action replanning),25,5
cube,150,150,123,prefix_b,released_raw,ap-fresh-cube-123,False,150,30,4500,1350000,26214351,"{""initial_success"": false, ""success"": false, ""terminal_without_success"": false, ""category"": ""policy_entered"", ""primitive_steps"": 5}",55.1139,LeWM (5-action replanning),25,5
cube,150,150,124,clean,released_raw,ap-fresh-cube-124,False,150,30,4500,1350000,26215351,"{""initial_success"": false, ""success"": false, ""terminal_without_success"": false, ""category"": ""policy_entered"", ""primitive_steps"": 0}",55.2952,LeWM (5-action replanning),25,5
cube,150,150,124,prefix_a,released_raw,ap-fresh-cube-124,False,150,30,4500,1350000,26215351,"{""initial_success"": false, ""success"": false, ""terminal_without_success"": false, ""category"": ""policy_entered"", ""primitive_steps"": 5}",55.2361,LeWM (5-action replanning),25,5
cube,150,150,124,prefix_b,released_raw,ap-fresh-cube-124,False,150,30,4500,1350000,26215351,"{""initial_success"": false, ""success"": false, ""terminal_without_success"": false, ""category"": ""policy_entered"", ""primitive_steps"": 5}",55.0926,LeWM (5-action replanning),25,5
cube,150,150,125,clean,released_raw,ap-fresh-cube-125,False,150,30,4500,1350000,26216351,"{""initial_success"": false, ""success"": false, ""terminal_without_success"": false, ""category"": ""policy_entered"", ""primitive_steps"": 0}",55.1071,LeWM (5-action replanning),25,5
cube,150,150,125,prefix_a,released_raw,ap-fresh-cube-125,False,150,30,4500,1350000,26216351,"{""initial_success"": false, ""success"": false, ""terminal_without_success"": false, ""category"": ""policy_entered"", ""primitive_steps"": 5}",55.8355,LeWM (5-action replanning),25,5
cube,150,150,125,prefix_b,released_raw,ap-fresh-cube-125,False,150,30,4500,1350000,26216351,"{""initial_success"": false, ""success"": false, ""terminal_without_success"": false, ""category"": ""policy_entered"", ""primitive_steps"": 5}",54.3627,LeWM (5-action replanning),25,5
cube,150,150,126,clean,released_raw,ap-fresh-cube-126,False,150,30,4500,1350000,26217351,"{""initial_success"": false, ""success"": false, ""terminal_without_success"": false, ""category"": ""policy_entered"", ""primitive_steps"": 0}",55.5064,LeWM (5-action replanning),25,5
cube,150,150,126,prefix_a,released_raw,ap-fresh-cube-126,False,150,30,4500,1350000,26217351,"{""initial_success"": false, ""success"": false, ""terminal_without_success"": false, ""category"": ""policy_entered"", ""primitive_steps"": 5}",55.1984,LeWM (5-action replanning),25,5
cube,150,150,126,prefix_b,released_raw,ap-fresh-cube-126,False,150,30,4500,1350000,26217351,"{""initial_success"": false, ""success"": false, ""terminal_without_success"": false, ""category"": ""policy_entered"", ""primitive_steps"": 5}",55.5344,LeWM (5-action replanning),25,5
cube,150,150,127,clean,released_raw,ap-fresh-cube-127,False,150,30,4500,1350000,26218351,"{""initial_success"": false, ""success"": false, ""terminal_without_success"": false, ""category"": ""policy_entered"", ""primitive_steps"": 0}",55.0525,LeWM (5-action replanning),25,5
cube,150,150,127,prefix_a,released_raw,ap-fresh-cube-127,False,150,30,4500,1350000,26218351,"{""initial_success"": false, ""success"": false, ""terminal_without_success"": false, ""category"": ""policy_entered"", ""primitive_steps"": 5}",55.3599,LeWM (5-action replanning),25,5
cube,150,150,127,prefix_b,released_raw,ap-fresh-cube-127,False,150,30,4500,1350000,26218351,"{""initial_success"": false, ""success"": false, ""terminal_without_success"": false, ""category"": ""policy_entered"", ""primitive_steps"": 5}",54.9961,LeWM (5-action replanning),25,5
pusht,140,280,0,clean,released_raw,ap-fresh-pusht-000,False,280,56,8400,2520000,26091331,"{""initial_success"": false, ""success"": false, ""terminal_without_success"": false, ""category"": ""policy_entered"", ""primitive_steps"": 0}",89.0225,LeWM (5-action replanning),25,5
pusht,140,280,0,prefix_a,released_raw,ap-fresh-pusht-000,False,280,56,8400,2520000,26091331,"{""initial_success"": false, ""success"": false, ""terminal_without_success"": false, ""category"": ""policy_entered"", ""primitive_steps"": 5}",86.5509,LeWM (5-action replanning),25,5
pusht,140,280,0,prefix_b,released_raw,ap-fresh-pusht-000,False,280,56,8400,2520000,26091331,"{""initial_success"": false, ""success"": false, ""terminal_without_success"": false, ""category"": ""policy_entered"", ""primitive_steps"": 5}",86.3397,LeWM (5-action replanning),25,5
pusht,140,280,1,clean,released_raw,ap-fresh-pusht-001,True,120,24,3600,1080000,26092331,"{""initial_success"": false, ""success"": false, ""terminal_without_success"": false, ""category"": ""policy_entered"", ""primitive_steps"": 0}",37.4272,LeWM (5-action replanning),25,5
pusht,140,280,1,prefix_a,released_raw,ap-fresh-pusht-001,False,280,56,8400,2520000,26092331,"{""initial_success"": false, ""success"": false, ""terminal_without_success"": false, ""category"": ""policy_entered"", ""primitive_steps"": 5}",86.4542,LeWM (5-action replanning),25,5
pusht,140,280,1,prefix_b,released_raw,ap-fresh-pusht-001,False,280,56,8400,2520000,26092331,"{""initial_success"": false, ""success"": false, ""terminal_without_success"": false, ""category"": ""policy_entered"", ""primitive_steps"": 5}",86.3461,LeWM (5-action replanning),25,5
pusht,140,280,2,clean,released_raw,ap-fresh-pusht-002,False,280,56,8400,2520000,26093331,"{""initial_success"": false, ""success"": false, ""terminal_without_success"": false, ""category"": ""policy_entered"", ""primitive_steps"": 0}",86.8746,LeWM (5-action replanning),25,5
pusht,140,280,2,prefix_a,released_raw,ap-fresh-pusht-002,False,280,56,8400,2520000,26093331,"{""initial_success"": false, ""success"": false, ""terminal_without_success"": false, ""category"": ""policy_entered"", ""primitive_steps"": 5}",308.0959,LeWM (5-action replanning),25,5
pusht,140,280,2,prefix_b,released_raw,ap-fresh-pusht-002,False,280,56,8400,2520000,26093331,"{""initial_success"": false, ""success"": false, ""terminal_without_success"": false, ""category"": ""policy_entered"", ""primitive_steps"": 5}",86.4046,LeWM (5-action replanning),25,5
pusht,140,280,3,clean,released_raw,ap-fresh-pusht-003,False,280,56,8400,2520000,26094331,"{""initial_success"": false, ""success"": false, ""terminal_without_success"": false, ""category"": ""policy_entered"", ""primitive_steps"": 0}",86.9967,LeWM (5-action replanning),25,5
pusht,140,280,3,prefix_a,released_raw,ap-fresh-pusht-003,False,280,56,8400,2520000,26094331,"{""initial_success"": false, ""success"": false, ""terminal_without_success"": false, ""category"": ""policy_entered"", ""primitive_steps"": 5}",86.5643,LeWM (5-action replanning),25,5
pusht,140,280,3,prefix_b,released_raw,ap-fresh-pusht-003,False,280,56,8400,2520000,26094331,"{""initial_success"": false, ""success"": false, ""terminal_without_success"": false, ""category"": ""policy_entered"", ""primitive_steps"": 5}",86.7246,LeWM (5-action replanning),25,5
pusht,140,280,4,clean,released_raw,ap-fresh-pusht-004,False,280,56,8400,2520000,26095331,"{""initial_success"": false, ""success"": false, ""terminal_without_success"": false, ""category"": ""policy_entered"", ""primitive_steps"": 0}",88.6116,LeWM (5-action replanning),25,5
pusht,140,280,4,prefix_a,released_raw,ap-fresh-pusht-004,False,280,56,8400,2520000,26095331,"{""initial_success"": false, ""success"": false, ""terminal_without_success"": false, ""category"": ""policy_entered"", ""primitive_steps"": 5}",88.1291,LeWM (5-action replanning),25,5
pusht,140,280,4,prefix_b,released_raw,ap-fresh-pusht-004,False,280,56,8400,2520000,26095331,"{""initial_success"": false, ""success"": false, ""terminal_without_success"": false, ""category"": ""policy_entered"", ""primitive_steps"": 5}",88.0168,LeWM (5-action replanning),25,5
pusht,140,280,5,clean,released_raw,ap-fresh-pusht-005,False,280,56,8400,2520000,26096331,"{""initial_success"": false, ""success"": false, ""terminal_without_success"": false, ""category"": ""policy_entered"", ""primitive_steps"": 0}",94.6395,LeWM (5-action replanning),25,5
pusht,140,280,5,prefix_a,released_raw,ap-fresh-pusht-005,False,280,56,8400,2520000,26096331,"{""initial_success"": false, ""success"": false, ""terminal_without_success"": false, ""category"": ""policy_entered"", ""primitive_steps"": 5}",87.8909,LeWM (5-action replanning),25,5
pusht,140,280,5,prefix_b,released_raw,ap-fresh-pusht-005,False,280,56,8400,2520000,26096331,"{""initial_success"": false, ""success"": false, ""terminal_without_success"": false, ""category"": ""policy_entered"", ""primitive_steps"": 5}",87.9854,LeWM (5-action replanning),25,5
pusht,140,280,6,clean,released_raw,ap-fresh-pusht-006,False,280,56,8400,2520000,26097331,"{""initial_success"": false, ""success"": false, ""terminal_without_success"": false, ""category"": ""policy_entered"", ""primitive_steps"": 0}",87.059,LeWM (5-action replanning),25,5
pusht,140,280,6,prefix_a,released_raw,ap-fresh-pusht-006,False,280,56,8400,2520000,26097331,"{""initial_success"": false, ""success"": false, ""terminal_without_success"": false, ""category"": ""policy_entered"", ""primitive_steps"": 5}",87.1587,LeWM (5-action replanning),25,5
pusht,140,280,6,prefix_b,released_raw,ap-fresh-pusht-006,False,280,56,8400,2520000,26097331,"{""initial_success"": false, ""success"": false, ""terminal_without_success"": false, ""category"": ""policy_entered"", ""primitive_steps"": 5}",86.7897,LeWM (5-action replanning),25,5
pusht,140,280,7,clean,released_raw,ap-fresh-pusht-007,False,280,56,8400,2520000,26098331,"{""initial_success"": false, ""success"": false, ""terminal_without_success"": false, ""category"": ""policy_entered"", ""primitive_steps"": 0}",86.9645,LeWM (5-action replanning),25,5
pusht,140,280,7,prefix_a,released_raw,ap-fresh-pusht-007,False,280,56,8400,2520000,26098331,"{""initial_success"": false, ""success"": false, ""terminal_without_success"": false, ""category"": ""policy_entered"", ""primitive_steps"": 5}",87.821,LeWM (5-action replanning),25,5
pusht,140,280,7,prefix_b,released_raw,ap-fresh-pusht-007,True,142,29,4350,1305000,26098331,"{""initial_success"": false, ""success"": false, ""terminal_without_success"": false, ""category"": ""policy_entered"", ""primitive_steps"": 5}",45.503,LeWM (5-action replanning),25,5
pusht,140,280,8,clean,released_raw,ap-fresh-pusht-008,True,93,19,2850,855000,26099331,"{""initial_success"": false, ""success"": false, ""terminal_without_success"": false, ""category"": ""policy_entered"", ""primitive_steps"": 0}",29.8617,LeWM (5-action replanning),25,5
pusht,140,280,8,prefix_a,released_raw,ap-fresh-pusht-008,False,280,56,8400,2520000,26099331,"{""initial_success"": false, ""success"": false, ""terminal_without_success"": false, ""category"": ""policy_entered"", ""primitive_steps"": 5}",88.6544,LeWM (5-action replanning),25,5
pusht,140,280,8,prefix_b,released_raw,ap-fresh-pusht-008,False,280,56,8400,2520000,26099331,"{""initial_success"": false, ""success"": false, ""terminal_without_success"": false, ""category"": ""policy_entered"", ""primitive_steps"": 5}",89.0938,LeWM (5-action replanning),25,5
pusht,140,280,9,clean,released_raw,ap-fresh-pusht-009,False,280,56,8400,2520000,26100331,"{""initial_success"": false, ""success"": false, ""terminal_without_success"": false, ""category"": ""policy_entered"", ""primitive_steps"": 0}",87.9751,LeWM (5-action replanning),25,5
pusht,140,280,9,prefix_a,released_raw,ap-fresh-pusht-009,False,280,56,8400,2520000,26100331,"{""initial_success"": false, ""success"": false, ""terminal_without_success"": false, ""category"": ""policy_entered"", ""primitive_steps"": 5}",88.23,LeWM (5-action replanning),25,5
pusht,140,280,9,prefix_b,released_raw,ap-fresh-pusht-009,False,280,56,8400,2520000,26100331,"{""initial_success"": false, ""success"": false, ""terminal_without_success"": false, ""category"": ""policy_entered"", ""primitive_steps"": 5}",89.3252,LeWM (5-action replanning),25,5
pusht,140,280,10,clean,released_raw,ap-fresh-pusht-010,False,280,56,8400,2520000,26101331,"{""initial_success"": false, ""success"": false, ""terminal_without_success"": false, ""category"": ""policy_entered"", ""primitive_steps"": 0}",88.1441,LeWM (5-action replanning),25,5
pusht,140,280,10,prefix_a,released_raw,ap-fresh-pusht-010,False,280,56,8400,2520000,26101331,"{""initial_success"": false, ""success"": false, ""terminal_without_success"": false, ""category"": ""policy_entered"", ""primitive_steps"": 5}",87.5564,LeWM (5-action replanning),25,5
pusht,140,280,10,prefix_b,released_raw,ap-fresh-pusht-010,False,280,56,8400,2520000,26101331,"{""initial_success"": false, ""success"": false, ""terminal_without_success"": false, ""category"": ""policy_entered"", ""primitive_steps"": 5}",87.6291,LeWM (5-action replanning),25,5
pusht,140,280,11,clean,released_raw,ap-fresh-pusht-011,False,280,56,8400,2520000,26102331,"{""initial_success"": false, ""success"": false, ""terminal_without_success"": false, ""category"": ""policy_entered"", ""primitive_steps"": 0}",87.372,LeWM (5-action replanning),25,5
pusht,140,280,11,prefix_a,released_raw,ap-fresh-pusht-011,False,280,56,8400,2520000,26102331,"{""initial_success"": false, ""success"": false, ""terminal_without_success"": false, ""category"": ""policy_entered"", ""primitive_steps"": 5}",87.5497,LeWM (5-action replanning),25,5
pusht,140,280,11,prefix_b,released_raw,ap-fresh-pusht-011,False,280,56,8400,2520000,26102331,"{""initial_success"": false, ""success"": false, ""terminal_without_success"": false, ""category"": ""policy_entered"", ""primitive_steps"": 5}",87.1896,LeWM (5-action replanning),25,5
pusht,140,280,12,clean,released_raw,ap-fresh-pusht-012,False,280,56,8400,2520000,26103331,"{""initial_success"": false, ""success"": false, ""terminal_without_success"": false, ""category"": ""policy_entered"", ""primitive_steps"": 0}",87.3128,LeWM (5-action replanning),25,5
pusht,140,280,12,prefix_a,released_raw,ap-fresh-pusht-012,False,280,56,8400,2520000,26103331,"{""initial_success"": false, ""success"": false, ""terminal_without_success"": false, ""category"": ""policy_entered"", ""primitive_steps"": 5}",87.2493,LeWM (5-action replanning),25,5
pusht,140,280,12,prefix_b,released_raw,ap-fresh-pusht-012,False,280,56,8400,2520000,26103331,"{""initial_success"": false, ""success"": false, ""terminal_without_success"": false, ""category"": ""policy_entered"", ""primitive_steps"": 5}",86.9117,LeWM (5-action replanning),25,5
pusht,140,280,13,clean,released_raw,ap-fresh-pusht-013,True,77,16,2400,720000,26104331,"{""initial_success"": false, ""success"": false, ""terminal_without_success"": false, ""category"": ""policy_entered"", ""primitive_steps"": 0}",24.98,LeWM (5-action replanning),25,5
pusht,140,280,13,prefix_a,released_raw,ap-fresh-pusht-013,False,280,56,8400,2520000,26104331,"{""initial_success"": false, ""success"": false, ""terminal_without_success"": false, ""category"": ""policy_entered"", ""primitive_steps"": 5}",87.1216,LeWM (5-action replanning),25,5
pusht,140,280,13,prefix_b,released_raw,ap-fresh-pusht-013,True,25,5,750,225000,26104331,"{""initial_success"": false, ""success"": false, ""terminal_without_success"": false, ""category"": ""policy_entered"", ""primitive_steps"": 5}",7.786,LeWM (5-action replanning),25,5
pusht,140,280,14,clean,released_raw,ap-fresh-pusht-014,False,280,56,8400,2520000,26105331,"{""initial_success"": false, ""success"": false, ""terminal_without_success"": false, ""category"": ""policy_entered"", ""primitive_steps"": 0}",87.091,LeWM (5-action replanning),25,5
pusht,140,280,14,prefix_a,released_raw,ap-fresh-pusht-014,False,280,56,8400,2520000,26105331,"{""initial_success"": false, ""success"": false, ""terminal_without_success"": false, ""category"": ""policy_entered"", ""primitive_steps"": 5}",87.0458,LeWM (5-action replanning),25,5
pusht,140,280,14,prefix_b,released_raw,ap-fresh-pusht-014,False,280,56,8400,2520000,26105331,"{""initial_success"": false, ""success"": false, ""terminal_without_success"": false, ""category"": ""policy_entered"", ""primitive_steps"": 5}",87.3269,LeWM (5-action replanning),25,5
pusht,140,280,15,clean,released_raw,ap-fresh-pusht-015,False,280,56,8400,2520000,26106331,"{""initial_success"": false, ""success"": false, ""terminal_without_success"": false, ""category"": ""policy_entered"", ""primitive_steps"": 0}",88.3835,LeWM (5-action replanning),25,5
pusht,140,280,15,prefix_a,released_raw,ap-fresh-pusht-015,False,280,56,8400,2520000,26106331,"{""initial_success"": false, ""success"": false, ""terminal_without_success"": false, ""category"": ""policy_entered"", ""primitive_steps"": 5}",87.7438,LeWM (5-action replanning),25,5
pusht,140,280,15,prefix_b,released_raw,ap-fresh-pusht-015,False,280,56,8400,2520000,26106331,"{""initial_success"": false, ""success"": false, ""terminal_without_success"": false, ""category"": ""policy_entered"", ""primitive_steps"": 5}",87.3569,LeWM (5-action replanning),25,5
pusht,140,280,16,clean,released_raw,ap-fresh-pusht-016,False,280,56,8400,2520000,26107331,"{""initial_success"": false, ""success"": false, ""terminal_without_success"": false, ""category"": ""policy_entered"", ""primitive_steps"": 0}",89.7557,LeWM (5-action replanning),25,5
pusht,140,280,16,prefix_a,released_raw,ap-fresh-pusht-016,False,280,56,8400,2520000,26107331,"{""initial_success"": false, ""success"": false, ""terminal_without_success"": false, ""category"": ""policy_entered"", ""primitive_steps"": 5}",90.4254,LeWM (5-action replanning),25,5
pusht,140,280,16,prefix_b,released_raw,ap-fresh-pusht-016,False,280,56,8400,2520000,26107331,"{""initial_success"": false, ""success"": false, ""terminal_without_success"": false, ""category"": ""policy_entered"", ""primitive_steps"": 5}",90.4648,LeWM (5-action replanning),25,5
pusht,140,280,17,clean,released_raw,ap-fresh-pusht-017,False,280,56,8400,2520000,26108331,"{""initial_success"": false, ""success"": false, ""terminal_without_success"": false, ""category"": ""policy_entered"", ""primitive_steps"": 0}",90.7473,LeWM (5-action replanning),25,5
pusht,140,280,17,prefix_a,released_raw,ap-fresh-pusht-017,False,280,56,8400,2520000,26108331,"{""initial_success"": false, ""success"": false, ""terminal_without_success"": false, ""category"": ""policy_entered"", ""primitive_steps"": 5}",90.1993,LeWM (5-action replanning),25,5
pusht,140,280,17,prefix_b,released_raw,ap-fresh-pusht-017,True,25,5,750,225000,26108331,"{""initial_success"": false, ""success"": false, ""terminal_without_success"": false, ""category"": ""policy_entered"", ""primitive_steps"": 5}",8.0119,LeWM (5-action replanning),25,5
pusht,140,280,18,clean,released_raw,ap-fresh-pusht-018,False,280,56,8400,2520000,26109331,"{""initial_success"": false, ""success"": false, ""terminal_without_success"": false, ""category"": ""policy_entered"", ""primitive_steps"": 0}",90.7119,LeWM (5-action replanning),25,5
pusht,140,280,18,prefix_a,released_raw,ap-fresh-pusht-018,False,280,56,8400,2520000,26109331,"{""initial_success"": false, ""success"": false, ""terminal_without_success"": false, ""category"": ""policy_entered"", ""primitive_steps"": 5}",90.9459,LeWM (5-action replanning),25,5
pusht,140,280,18,prefix_b,released_raw,ap-fresh-pusht-018,False,280,56,8400,2520000,26109331,"{""initial_success"": false, ""success"": false, ""terminal_without_success"": false, ""category"": ""policy_entered"", ""primitive_steps"": 5}",90.9096,LeWM (5-action replanning),25,5
pusht,140,280,19,clean,released_raw,ap-fresh-pusht-019,False,280,56,8400,2520000,26110331,"{""initial_success"": false, ""success"": false, ""terminal_without_success"": false, ""category"": ""policy_entered"", ""primitive_steps"": 0}",90.3338,LeWM (5-action replanning),25,5
pusht,140,280,19,prefix_a,released_raw,ap-fresh-pusht-019,False,280,56,8400,2520000,26110331,"{""initial_success"": false, ""success"": false, ""terminal_without_success"": false, ""category"": ""policy_entered"", ""primitive_steps"": 5}",89.9504,LeWM (5-action replanning),25,5
pusht,140,280,19,prefix_b,released_raw,ap-fresh-pusht-019,True,58,12,1800,540000,26110331,"{""initial_success"": false, ""success"": false, ""terminal_without_success"": false, ""category"": ""policy_entered"", ""primitive_steps"": 5}",19.2845,LeWM (5-action replanning),25,5
pusht,140,280,20,clean,released_raw,ap-fresh-pusht-020,False,280,56,8400,2520000,26111331,"{""initial_success"": false, ""success"": false, ""terminal_without_success"": false, ""category"": ""policy_entered"", ""primitive_steps"": 0}",90.2932,LeWM (5-action replanning),25,5
pusht,140,280,20,prefix_a,released_raw,ap-fresh-pusht-020,False,280,56,8400,2520000,26111331,"{""initial_success"": false, ""success"": false, ""terminal_without_success"": false, ""category"": ""policy_entered"", ""primitive_steps"": 5}",90.2932,LeWM (5-action replanning),25,5
pusht,140,280,20,prefix_b,released_raw,ap-fresh-pusht-020,False,280,56,8400,2520000,26111331,"{""initial_success"": false, ""success"": false, ""terminal_without_success"": false, ""category"": ""policy_entered"", ""primitive_steps"": 5}",90.1875,LeWM (5-action replanning),25,5
pusht,140,280,21,clean,released_raw,ap-fresh-pusht-021,False,280,56,8400,2520000,26112331,"{""initial_success"": false, ""success"": false, ""terminal_without_success"": false, ""category"": ""policy_entered"", ""primitive_steps"": 0}",90.6024,LeWM (5-action replanning),25,5
pusht,140,280,21,prefix_a,released_raw,ap-fresh-pusht-021,False,280,56,8400,2520000,26112331,"{""initial_success"": false, ""success"": false, ""terminal_without_success"": false, ""category"": ""policy_entered"", ""primitive_steps"": 5}",90.5909,LeWM (5-action replanning),25,5
pusht,140,280,21,prefix_b,released_raw,ap-fresh-pusht-021,False,280,56,8400,2520000,26112331,"{""initial_success"": false, ""success"": false, ""terminal_without_success"": false, ""category"": ""policy_entered"", ""primitive_steps"": 5}",90.3141,LeWM (5-action replanning),25,5
pusht,140,280,22,clean,released_raw,ap-fresh-pusht-022,False,280,56,8400,2520000,26113331,"{""initial_success"": false, ""success"": false, ""terminal_without_success"": false, ""category"": ""policy_entered"", ""primitive_steps"": 0}",90.4295,LeWM (5-action replanning),25,5
pusht,140,280,22,prefix_a,released_raw,ap-fresh-pusht-022,False,280,56,8400,2520000,26113331,"{""initial_success"": false, ""success"": false, ""terminal_without_success"": false, ""category"": ""policy_entered"", ""primitive_steps"": 5}",90.5804,LeWM (5-action replanning),25,5
pusht,140,280,22,prefix_b,released_raw,ap-fresh-pusht-022,False,280,56,8400,2520000,26113331,"{""initial_success"": false, ""success"": false, ""terminal_without_success"": false, ""category"": ""policy_entered"", ""primitive_steps"": 5}",90.2296,LeWM (5-action replanning),25,5
pusht,140,280,23,clean,released_raw,ap-fresh-pusht-023,True,28,6,900,270000,26114331,"{""initial_success"": false, ""success"": false, ""terminal_without_success"": false, ""category"": ""policy_entered"", ""primitive_steps"": 0}",9.6608,LeWM (5-action replanning),25,5
pusht,140,280,23,prefix_a,released_raw,ap-fresh-pusht-023,False,280,56,8400,2520000,26114331,"{""initial_success"": false, ""success"": false, ""terminal_without_success"": false, ""category"": ""policy_entered"", ""primitive_steps"": 5}",90.7706,LeWM (5-action replanning),25,5
pusht,140,280,23,prefix_b,released_raw,ap-fresh-pusht-023,True,31,7,1050,315000,26114331,"{""initial_success"": false, ""success"": false, ""terminal_without_success"": false, ""category"": ""policy_entered"", ""primitive_steps"": 5}",11.4103,LeWM (5-action replanning),25,5
pusht,140,280,24,clean,released_raw,ap-fresh-pusht-024,False,280,56,8400,2520000,26115331,"{""initial_success"": false, ""success"": false, ""terminal_without_success"": false, ""category"": ""policy_entered"", ""primitive_steps"": 0}",89.5068,LeWM (5-action replanning),25,5
pusht,140,280,24,prefix_a,released_raw,ap-fresh-pusht-024,True,49,10,1500,450000,26115331,"{""initial_success"": false, ""success"": false, ""terminal_without_success"": false, ""category"": ""policy_entered"", ""primitive_steps"": 5}",16.0441,LeWM (5-action replanning),25,5
pusht,140,280,24,prefix_b,released_raw,ap-fresh-pusht-024,False,280,56,8400,2520000,26115331,"{""initial_success"": false, ""success"": false, ""terminal_without_success"": false, ""category"": ""policy_entered"", ""primitive_steps"": 5}",89.473,LeWM (5-action replanning),25,5
pusht,140,280,25,clean,released_raw,ap-fresh-pusht-025,False,280,56,8400,2520000,26116331,"{""initial_success"": false, ""success"": false, ""terminal_without_success"": false, ""category"": ""policy_entered"", ""primitive_steps"": 0}",89.2392,LeWM (5-action replanning),25,5
pusht,140,280,25,prefix_a,released_raw,ap-fresh-pusht-025,False,280,56,8400,2520000,26116331,"{""initial_success"": false, ""success"": false, ""terminal_without_success"": false, ""category"": ""policy_entered"", ""primitive_steps"": 5}",89.4502,LeWM (5-action replanning),25,5
pusht,140,280,25,prefix_b,released_raw,ap-fresh-pusht-025,False,280,56,8400,2520000,26116331,"{""initial_success"": false, ""success"": false, ""terminal_without_success"": false, ""category"": ""policy_entered"", ""primitive_steps"": 5}",88.0969,LeWM (5-action replanning),25,5
pusht,140,280,26,clean,released_raw,ap-fresh-pusht-026,False,280,56,8400,2520000,26117331,"{""initial_success"": false, ""success"": false, ""terminal_without_success"": false, ""category"": ""policy_entered"", ""primitive_steps"": 0}",88.292,LeWM (5-action replanning),25,5
pusht,140,280,26,prefix_a,released_raw,ap-fresh-pusht-026,False,280,56,8400,2520000,26117331,"{""initial_success"": false, ""success"": false, ""terminal_without_success"": false, ""category"": ""policy_entered"", ""primitive_steps"": 5}",89.1235,LeWM (5-action replanning),25,5
pusht,140,280,26,prefix_b,released_raw,ap-fresh-pusht-026,False,280,56,8400,2520000,26117331,"{""initial_success"": false, ""success"": false, ""terminal_without_success"": false, ""category"": ""policy_entered"", ""primitive_steps"": 5}",88.8932,LeWM (5-action replanning),25,5
pusht,140,280,27,clean,released_raw,ap-fresh-pusht-027,False,280,56,8400,2520000,26118331,"{""initial_success"": false, ""success"": false, ""terminal_without_success"": false, ""category"": ""policy_entered"", ""primitive_steps"": 0}",88.094,LeWM (5-action replanning),25,5
pusht,140,280,27,prefix_a,released_raw,ap-fresh-pusht-027,False,280,56,8400,2520000,26118331,"{""initial_success"": false, ""success"": false, ""terminal_without_success"": false, ""category"": ""policy_entered"", ""primitive_steps"": 5}",90.2592,LeWM (5-action replanning),25,5
pusht,140,280,27,prefix_b,released_raw,ap-fresh-pusht-027,False,280,56,8400,2520000,26118331,"{""initial_success"": false, ""success"": false, ""terminal_without_success"": false, ""category"": ""policy_entered"", ""primitive_steps"": 5}",89.5748,LeWM (5-action replanning),25,5
pusht,140,280,28,clean,released_raw,ap-fresh-pusht-028,False,280,56,8400,2520000,26119331,"{""initial_success"": false, ""success"": false, ""terminal_without_success"": false, ""category"": ""policy_entered"", ""primitive_steps"": 0}",88.3624,LeWM (5-action replanning),25,5
pusht,140,280,28,prefix_a,released_raw,ap-fresh-pusht-028,False,280,56,8400,2520000,26119331,"{""initial_success"": false, ""success"": false, ""terminal_without_success"": false, ""category"": ""policy_entered"", ""primitive_steps"": 5}",89.4521,LeWM (5-action replanning),25,5
pusht,140,280,28,prefix_b,released_raw,ap-fresh-pusht-028,False,280,56,8400,2520000,26119331,"{""initial_success"": false, ""success"": false, ""terminal_without_success"": false, ""category"": ""policy_entered"", ""primitive_steps"": 5}",90.0274,LeWM (5-action replanning),25,5
pusht,140,280,29,clean,released_raw,ap-fresh-pusht-029,False,280,56,8400,2520000,26120331,"{""initial_success"": false, ""success"": false, ""terminal_without_success"": false, ""category"": ""policy_entered"", ""primitive_steps"": 0}",89.5935,LeWM (5-action replanning),25,5
pusht,140,280,29,prefix_a,released_raw,ap-fresh-pusht-029,False,280,56,8400,2520000,26120331,"{""initial_success"": false, ""success"": false, ""terminal_without_success"": false, ""category"": ""policy_entered"", ""primitive_steps"": 5}",89.0508,LeWM (5-action replanning),25,5
pusht,140,280,29,prefix_b,released_raw,ap-fresh-pusht-029,False,280,56,8400,2520000,26120331,"{""initial_success"": false, ""success"": false, ""terminal_without_success"": false, ""category"": ""policy_entered"", ""primitive_steps"": 5}",90.0701,LeWM (5-action replanning),25,5
pusht,140,280,30,clean,released_raw,ap-fresh-pusht-030,False,280,56,8400,2520000,26121331,"{""initial_success"": false, ""success"": false, ""terminal_without_success"": false, ""category"": ""policy_entered"", ""primitive_steps"": 0}",90.2988,LeWM (5-action replanning),25,5
pusht,140,280,30,prefix_a,released_raw,ap-fresh-pusht-030,False,280,56,8400,2520000,26121331,"{""initial_success"": false, ""success"": false, ""terminal_without_success"": false, ""category"": ""policy_entered"", ""primitive_steps"": 5}",89.4763,LeWM (5-action replanning),25,5
pusht,140,280,30,prefix_b,released_raw,ap-fresh-pusht-030,False,280,56,8400,2520000,26121331,"{""initial_success"": false, ""success"": false, ""terminal_without_success"": false, ""category"": ""policy_entered"", ""primitive_steps"": 5}",89.7009,LeWM (5-action replanning),25,5
pusht,140,280,31,clean,released_raw,ap-fresh-pusht-031,False,280,56,8400,2520000,26122331,"{""initial_success"": false, ""success"": false, ""terminal_without_success"": false, ""category"": ""policy_entered"", ""primitive_steps"": 0}",90.0458,LeWM (5-action replanning),25,5
pusht,140,280,31,prefix_a,released_raw,ap-fresh-pusht-031,False,280,56,8400,2520000,26122331,"{""initial_success"": false, ""success"": false, ""terminal_without_success"": false, ""category"": ""policy_entered"", ""primitive_steps"": 5}",90.2772,LeWM (5-action replanning),25,5
pusht,140,280,31,prefix_b,released_raw,ap-fresh-pusht-031,False,280,56,8400,2520000,26122331,"{""initial_success"": false, ""success"": false, ""terminal_without_success"": false, ""category"": ""policy_entered"", ""primitive_steps"": 5}",90.0065,LeWM (5-action replanning),25,5
pusht,140,280,32,clean,released_raw,ap-fresh-pusht-032,False,280,56,8400,2520000,26123331,"{""initial_success"": false, ""success"": false, ""terminal_without_success"": false, ""category"": ""policy_entered"", ""primitive_steps"": 0}",90.0235,LeWM (5-action replanning),25,5
pusht,140,280,32,prefix_a,released_raw,ap-fresh-pusht-032,True,21,5,750,225000,26123331,"{""initial_success"": false, ""success"": false, ""terminal_without_success"": false, ""category"": ""policy_entered"", ""primitive_steps"": 5}",8.0244,LeWM (5-action replanning),25,5
pusht,140,280,32,prefix_b,released_raw,ap-fresh-pusht-032,False,280,56,8400,2520000,26123331,"{""initial_success"": false, ""success"": false, ""terminal_without_success"": false, ""category"": ""policy_entered"", ""primitive_steps"": 5}",87.7573,LeWM (5-action replanning),25,5
pusht,140,280,33,clean,released_raw,ap-fresh-pusht-033,False,280,56,8400,2520000,26124331,"{""initial_success"": false, ""success"": false, ""terminal_without_success"": false, ""category"": ""policy_entered"", ""primitive_steps"": 0}",88.441,LeWM (5-action replanning),25,5
pusht,140,280,33,prefix_a,released_raw,ap-fresh-pusht-033,False,280,56,8400,2520000,26124331,"{""initial_success"": false, ""success"": false, ""terminal_without_success"": false, ""category"": ""policy_entered"", ""primitive_steps"": 5}",89.2103,LeWM (5-action replanning),25,5
pusht,140,280,33,prefix_b,released_raw,ap-fresh-pusht-033,False,280,56,8400,2520000,26124331,"{""initial_success"": false, ""success"": false, ""terminal_without_success"": false, ""category"": ""policy_entered"", ""primitive_steps"": 5}",89.3967,LeWM (5-action replanning),25,5
pusht,140,280,34,clean,released_raw,ap-fresh-pusht-034,False,280,56,8400,2520000,26125331,"{""initial_success"": false, ""success"": false, ""terminal_without_success"": false, ""category"": ""policy_entered"", ""primitive_steps"": 0}",88.232,LeWM (5-action replanning),25,5
pusht,140,280,34,prefix_a,released_raw,ap-fresh-pusht-034,False,280,56,8400,2520000,26125331,"{""initial_success"": false, ""success"": false, ""terminal_without_success"": false, ""category"": ""policy_entered"", ""primitive_steps"": 5}",89.6008,LeWM (5-action replanning),25,5
pusht,140,280,34,prefix_b,released_raw,ap-fresh-pusht-034,False,280,56,8400,2520000,26125331,"{""initial_success"": false, ""success"": false, ""terminal_without_success"": false, ""category"": ""policy_entered"", ""primitive_steps"": 5}",87.1311,LeWM (5-action replanning),25,5
pusht,140,280,35,clean,released_raw,ap-fresh-pusht-035,False,280,56,8400,2520000,26126331,"{""initial_success"": false, ""success"": false, ""terminal_without_success"": false, ""category"": ""policy_entered"", ""primitive_steps"": 0}",87.188,LeWM (5-action replanning),25,5
pusht,140,280,35,prefix_a,released_raw,ap-fresh-pusht-035,False,280,56,8400,2520000,26126331,"{""initial_success"": false, ""success"": false, ""terminal_without_success"": false, ""category"": ""policy_entered"", ""primitive_steps"": 5}",86.5116,LeWM (5-action replanning),25,5
pusht,140,280,35,prefix_b,released_raw,ap-fresh-pusht-035,False,280,56,8400,2520000,26126331,"{""initial_success"": false, ""success"": false, ""terminal_without_success"": false, ""category"": ""policy_entered"", ""primitive_steps"": 5}",87.2801,LeWM (5-action replanning),25,5
pusht,140,280,36,clean,released_raw,ap-fresh-pusht-036,False,280,56,8400,2520000,26127331,"{""initial_success"": false, ""success"": false, ""terminal_without_success"": false, ""category"": ""policy_entered"", ""primitive_steps"": 0}",88.0331,LeWM (5-action replanning),25,5
pusht,140,280,36,prefix_a,released_raw,ap-fresh-pusht-036,False,280,56,8400,2520000,26127331,"{""initial_success"": false, ""success"": false, ""terminal_without_success"": false, ""category"": ""policy_entered"", ""primitive_steps"": 5}",88.9656,LeWM (5-action replanning),25,5
pusht,140,280,36,prefix_b,released_raw,ap-fresh-pusht-036,False,280,56,8400,2520000,26127331,"{""initial_success"": false, ""success"": false, ""terminal_without_success"": false, ""category"": ""policy_entered"", ""primitive_steps"": 5}",90.1741,LeWM (5-action replanning),25,5
pusht,140,280,37,clean,released_raw,ap-fresh-pusht-037,False,280,56,8400,2520000,26128331,"{""initial_success"": false, ""success"": false, ""terminal_without_success"": false, ""category"": ""policy_entered"", ""primitive_steps"": 0}",88.2049,LeWM (5-action replanning),25,5
pusht,140,280,37,prefix_a,released_raw,ap-fresh-pusht-037,False,280,56,8400,2520000,26128331,"{""initial_success"": false, ""success"": false, ""terminal_without_success"": false, ""category"": ""policy_entered"", ""primitive_steps"": 5}",87.3043,LeWM (5-action replanning),25,5
pusht,140,280,37,prefix_b,released_raw,ap-fresh-pusht-037,False,280,56,8400,2520000,26128331,"{""initial_success"": false, ""success"": false, ""terminal_without_success"": false, ""category"": ""policy_entered"", ""primitive_steps"": 5}",86.5083,LeWM (5-action replanning),25,5
pusht,140,280,38,clean,released_raw,ap-fresh-pusht-038,False,280,56,8400,2520000,26129331,"{""initial_success"": false, ""success"": false, ""terminal_without_success"": false, ""category"": ""policy_entered"", ""primitive_steps"": 0}",87.2968,LeWM (5-action replanning),25,5
pusht,140,280,38,prefix_a,released_raw,ap-fresh-pusht-038,False,280,56,8400,2520000,26129331,"{""initial_success"": false, ""success"": false, ""terminal_without_success"": false, ""category"": ""policy_entered"", ""primitive_steps"": 5}",87.2435,LeWM (5-action replanning),25,5
pusht,140,280,38,prefix_b,released_raw,ap-fresh-pusht-038,False,280,56,8400,2520000,26129331,"{""initial_success"": false, ""success"": false, ""terminal_without_success"": false, ""category"": ""policy_entered"", ""primitive_steps"": 5}",87.1975,LeWM (5-action replanning),25,5
pusht,140,280,39,clean,released_raw,ap-fresh-pusht-039,False,280,56,8400,2520000,26130331,"{""initial_success"": false, ""success"": false, ""terminal_without_success"": false, ""category"": ""policy_entered"", ""primitive_steps"": 0}",87.2354,LeWM (5-action replanning),25,5
pusht,140,280,39,prefix_a,released_raw,ap-fresh-pusht-039,True,36,8,1200,360000,26130331,"{""initial_success"": false, ""success"": false, ""terminal_without_success"": false, ""category"": ""policy_entered"", ""primitive_steps"": 5}",12.4856,LeWM (5-action replanning),25,5
pusht,140,280,39,prefix_b,released_raw,ap-fresh-pusht-039,False,280,56,8400,2520000,26130331,"{""initial_success"": false, ""success"": false, ""terminal_without_success"": false, ""category"": ""policy_entered"", ""primitive_steps"": 5}",87.2381,LeWM (5-action replanning),25,5
pusht,140,280,40,clean,released_raw,ap-fresh-pusht-040,False,280,56,8400,2520000,26131331,"{""initial_success"": false, ""success"": false, ""terminal_without_success"": false, ""category"": ""policy_entered"", ""primitive_steps"": 0}",86.6285,LeWM (5-action replanning),25,5
pusht,140,280,40,prefix_a,released_raw,ap-fresh-pusht-040,False,280,56,8400,2520000,26131331,"{""initial_success"": false, ""success"": false, ""terminal_without_success"": false, ""category"": ""policy_entered"", ""primitive_steps"": 5}",86.5659,LeWM (5-action replanning),25,5
pusht,140,280,40,prefix_b,released_raw,ap-fresh-pusht-040,False,280,56,8400,2520000,26131331,"{""initial_success"": false, ""success"": false, ""terminal_without_success"": false, ""category"": ""policy_entered"", ""primitive_steps"": 5}",87.1659,LeWM (5-action replanning),25,5
pusht,140,280,41,clean,released_raw,ap-fresh-pusht-041,False,280,56,8400,2520000,26132331,"{""initial_success"": false, ""success"": false, ""terminal_without_success"": false, ""category"": ""policy_entered"", ""primitive_steps"": 0}",87.2008,LeWM (5-action replanning),25,5
pusht,140,280,41,prefix_a,released_raw,ap-fresh-pusht-041,False,280,56,8400,2520000,26132331,"{""initial_success"": false, ""success"": false, ""terminal_without_success"": false, ""category"": ""policy_entered"", ""primitive_steps"": 5}",87.346,LeWM (5-action replanning),25,5
pusht,140,280,41,prefix_b,released_raw,ap-fresh-pusht-041,False,280,56,8400,2520000,26132331,"{""initial_success"": false, ""success"": false, ""terminal_without_success"": false, ""category"": ""policy_entered"", ""primitive_steps"": 5}",87.3016,LeWM (5-action replanning),25,5
pusht,140,280,42,clean,released_raw,ap-fresh-pusht-042,False,280,56,8400,2520000,26133331,"{""initial_success"": false, ""success"": false, ""terminal_without_success"": false, ""category"": ""policy_entered"", ""primitive_steps"": 0}",87.1765,LeWM (5-action replanning),25,5
pusht,140,280,42,prefix_a,released_raw,ap-fresh-pusht-042,False,280,56,8400,2520000,26133331,"{""initial_success"": false, ""success"": false, ""terminal_without_success"": false, ""category"": ""policy_entered"", ""primitive_steps"": 5}",88.1354,LeWM (5-action replanning),25,5
pusht,140,280,42,prefix_b,released_raw,ap-fresh-pusht-042,False,280,56,8400,2520000,26133331,"{""initial_success"": false, ""success"": false, ""terminal_without_success"": false, ""category"": ""policy_entered"", ""primitive_steps"": 5}",88.2592,LeWM (5-action replanning),25,5
pusht,140,280,43,clean,released_raw,ap-fresh-pusht-043,False,280,56,8400,2520000,26134331,"{""initial_success"": false, ""success"": false, ""terminal_without_success"": false, ""category"": ""policy_entered"", ""primitive_steps"": 0}",87.9839,LeWM (5-action replanning),25,5
pusht,140,280,43,prefix_a,released_raw,ap-fresh-pusht-043,False,280,56,8400,2520000,26134331,"{""initial_success"": false, ""success"": false, ""terminal_without_success"": false, ""category"": ""policy_entered"", ""primitive_steps"": 5}",87.9267,LeWM (5-action replanning),25,5
pusht,140,280,43,prefix_b,released_raw,ap-fresh-pusht-043,False,280,56,8400,2520000,26134331,"{""initial_success"": false, ""success"": false, ""terminal_without_success"": false, ""category"": ""policy_entered"", ""primitive_steps"": 5}",87.7625,LeWM (5-action replanning),25,5
pusht,140,280,44,clean,released_raw,ap-fresh-pusht-044,False,280,56,8400,2520000,26135331,"{""initial_success"": false, ""success"": false, ""terminal_without_success"": false, ""category"": ""policy_entered"", ""primitive_steps"": 0}",87.9511,LeWM (5-action replanning),25,5
pusht,140,280,44,prefix_a,released_raw,ap-fresh-pusht-044,False,280,56,8400,2520000,26135331,"{""initial_success"": false, ""success"": false, ""terminal_without_success"": false, ""category"": ""policy_entered"", ""primitive_steps"": 5}",87.7409,LeWM (5-action replanning),25,5
pusht,140,280,44,prefix_b,released_raw,ap-fresh-pusht-044,False,280,56,8400,2520000,26135331,"{""initial_success"": false, ""success"": false, ""terminal_without_success"": false, ""category"": ""policy_entered"", ""primitive_steps"": 5}",87.3984,LeWM (5-action replanning),25,5
pusht,140,280,45,clean,released_raw,ap-fresh-pusht-045,False,280,56,8400,2520000,26136331,"{""initial_success"": false, ""success"": false, ""terminal_without_success"": false, ""category"": ""policy_entered"", ""primitive_steps"": 0}",87.4994,LeWM (5-action replanning),25,5
pusht,140,280,45,prefix_a,released_raw,ap-fresh-pusht-045,False,280,56,8400,2520000,26136331,"{""initial_success"": false, ""success"": false, ""terminal_without_success"": false, ""category"": ""policy_entered"", ""primitive_steps"": 5}",86.9903,LeWM (5-action replanning),25,5
pusht,140,280,45,prefix_b,released_raw,ap-fresh-pusht-045,False,280,56,8400,2520000,26136331,"{""initial_success"": false, ""success"": false, ""terminal_without_success"": false, ""category"": ""policy_entered"", ""primitive_steps"": 5}",87.6959,LeWM (5-action replanning),25,5
pusht,140,280,46,clean,released_raw,ap-fresh-pusht-046,False,280,56,8400,2520000,26137331,"{""initial_success"": false, ""success"": false, ""terminal_without_success"": false, ""category"": ""policy_entered"", ""primitive_steps"": 0}",87.7009,LeWM (5-action replanning),25,5
pusht,140,280,46,prefix_a,released_raw,ap-fresh-pusht-046,False,280,56,8400,2520000,26137331,"{""initial_success"": false, ""success"": false, ""terminal_without_success"": false, ""category"": ""policy_entered"", ""primitive_steps"": 5}",87.768,LeWM (5-action replanning),25,5
pusht,140,280,46,prefix_b,released_raw,ap-fresh-pusht-046,False,280,56,8400,2520000,26137331,"{""initial_success"": false, ""success"": false, ""terminal_without_success"": false, ""category"": ""policy_entered"", ""primitive_steps"": 5}",87.5777,LeWM (5-action replanning),25,5
pusht,140,280,47,clean,released_raw,ap-fresh-pusht-047,False,280,56,8400,2520000,26138331,"{""initial_success"": false, ""success"": false, ""terminal_without_success"": false, ""category"": ""policy_entered"", ""primitive_steps"": 0}",87.4758,LeWM (5-action replanning),25,5
pusht,140,280,47,prefix_a,released_raw,ap-fresh-pusht-047,False,280,56,8400,2520000,26138331,"{""initial_success"": false, ""success"": false, ""terminal_without_success"": false, ""category"": ""policy_entered"", ""primitive_steps"": 5}",87.6085,LeWM (5-action replanning),25,5
pusht,140,280,47,prefix_b,released_raw,ap-fresh-pusht-047,False,280,56,8400,2520000,26138331,"{""initial_success"": false, ""success"": false, ""terminal_without_success"": false, ""category"": ""policy_entered"", ""primitive_steps"": 5}",88.0597,LeWM (5-action replanning),25,5
pusht,140,280,48,clean,released_raw,ap-fresh-pusht-048,False,280,56,8400,2520000,26139331,"{""initial_success"": false, ""success"": false, ""terminal_without_success"": false, ""category"": ""policy_entered"", ""primitive_steps"": 0}",88.3292,LeWM (5-action replanning),25,5
pusht,140,280,48,prefix_a,released_raw,ap-fresh-pusht-048,True,57,12,1800,540000,26139331,"{""initial_success"": false, ""success"": false, ""terminal_without_success"": false, ""category"": ""policy_entered"", ""primitive_steps"": 5}",19.0707,LeWM (5-action replanning),25,5
pusht,140,280,48,prefix_b,released_raw,ap-fresh-pusht-048,False,280,56,8400,2520000,26139331,"{""initial_success"": false, ""success"": false, ""terminal_without_success"": false, ""category"": ""policy_entered"", ""primitive_steps"": 5}",88.4745,LeWM (5-action replanning),25,5
pusht,140,280,49,clean,released_raw,ap-fresh-pusht-049,False,280,56,8400,2520000,26140331,"{""initial_success"": false, ""success"": false, ""terminal_without_success"": false, ""category"": ""policy_entered"", ""primitive_steps"": 0}",88.5144,LeWM (5-action replanning),25,5
pusht,140,280,49,prefix_a,released_raw,ap-fresh-pusht-049,False,280,56,8400,2520000,26140331,"{""initial_success"": false, ""success"": false, ""terminal_without_success"": false, ""category"": ""policy_entered"", ""primitive_steps"": 5}",88.6974,LeWM (5-action replanning),25,5
pusht,140,280,49,prefix_b,released_raw,ap-fresh-pusht-049,False,280,56,8400,2520000,26140331,"{""initial_success"": false, ""success"": false, ""terminal_without_success"": false, ""category"": ""policy_entered"", ""primitive_steps"": 5}",88.0729,LeWM (5-action replanning),25,5
pusht,140,280,50,clean,released_raw,ap-fresh-pusht-050,False,280,56,8400,2520000,26141331,"{""initial_success"": false, ""success"": false, ""terminal_without_success"": false, ""category"": ""policy_entered"", ""primitive_steps"": 0}",88.4718,LeWM (5-action replanning),25,5
pusht,140,280,50,prefix_a,released_raw,ap-fresh-pusht-050,False,280,56,8400,2520000,26141331,"{""initial_success"": false, ""success"": false, ""terminal_without_success"": false, ""category"": ""policy_entered"", ""primitive_steps"": 5}",88.3035,LeWM (5-action replanning),25,5
pusht,140,280,50,prefix_b,released_raw,ap-fresh-pusht-050,False,280,56,8400,2520000,26141331,"{""initial_success"": false, ""success"": false, ""terminal_without_success"": false, ""category"": ""policy_entered"", ""primitive_steps"": 5}",87.8398,LeWM (5-action replanning),25,5
pusht,140,280,51,clean,released_raw,ap-fresh-pusht-051,False,280,56,8400,2520000,26142331,"{""initial_success"": false, ""success"": false, ""terminal_without_success"": false, ""category"": ""policy_entered"", ""primitive_steps"": 0}",87.1706,LeWM (5-action replanning),25,5
pusht,140,280,51,prefix_a,released_raw,ap-fresh-pusht-051,False,280,56,8400,2520000,26142331,"{""initial_success"": false, ""success"": false, ""terminal_without_success"": false, ""category"": ""policy_entered"", ""primitive_steps"": 5}",87.0608,LeWM (5-action replanning),25,5
pusht,140,280,51,prefix_b,released_raw,ap-fresh-pusht-051,False,280,56,8400,2520000,26142331,"{""initial_success"": false, ""success"": false, ""terminal_without_success"": false, ""category"": ""policy_entered"", ""primitive_steps"": 5}",87.3244,LeWM (5-action replanning),25,5
pusht,140,280,52,clean,released_raw,ap-fresh-pusht-052,True,204,41,6150,1845000,26143331,"{""initial_success"": false, ""success"": false, ""terminal_without_success"": false, ""category"": ""policy_entered"", ""primitive_steps"": 0}",63.6797,LeWM (5-action replanning),25,5
pusht,140,280,52,prefix_a,released_raw,ap-fresh-pusht-052,True,32,7,1050,315000,26143331,"{""initial_success"": false, ""success"": false, ""terminal_without_success"": false, ""category"": ""policy_entered"", ""primitive_steps"": 5}",10.8555,LeWM (5-action replanning),25,5
pusht,140,280,52,prefix_b,released_raw,ap-fresh-pusht-052,True,31,7,1050,315000,26143331,"{""initial_success"": false, ""success"": false, ""terminal_without_success"": false, ""category"": ""policy_entered"", ""primitive_steps"": 5}",10.9241,LeWM (5-action replanning),25,5
pusht,140,280,53,clean,released_raw,ap-fresh-pusht-053,True,41,9,1350,405000,26144331,"{""initial_success"": false, ""success"": false, ""terminal_without_success"": false, ""category"": ""policy_entered"", ""primitive_steps"": 0}",14.0802,LeWM (5-action replanning),25,5
pusht,140,280,53,prefix_a,released_raw,ap-fresh-pusht-053,True,20,4,600,180000,26144331,"{""initial_success"": false, ""success"": false, ""terminal_without_success"": false, ""category"": ""policy_entered"", ""primitive_steps"": 5}",6.2295,LeWM (5-action replanning),25,5
pusht,140,280,53,prefix_b,released_raw,ap-fresh-pusht-053,False,280,56,8400,2520000,26144331,"{""initial_success"": false, ""success"": false, ""terminal_without_success"": false, ""category"": ""policy_entered"", ""primitive_steps"": 5}",87.0884,LeWM (5-action replanning),25,5
pusht,140,280,54,clean,released_raw,ap-fresh-pusht-054,False,280,56,8400,2520000,26145331,"{""initial_success"": false, ""success"": false, ""terminal_without_success"": false, ""category"": ""policy_entered"", ""primitive_steps"": 0}",87.1628,LeWM (5-action replanning),25,5
pusht,140,280,54,prefix_a,released_raw,ap-fresh-pusht-054,False,280,56,8400,2520000,26145331,"{""initial_success"": false, ""success"": false, ""terminal_without_success"": false, ""category"": ""policy_entered"", ""primitive_steps"": 5}",87.7141,LeWM (5-action replanning),25,5
pusht,140,280,54,prefix_b,released_raw,ap-fresh-pusht-054,False,280,56,8400,2520000,26145331,"{""initial_success"": false, ""success"": false, ""terminal_without_success"": false, ""category"": ""policy_entered"", ""primitive_steps"": 5}",87.1275,LeWM (5-action replanning),25,5
pusht,140,280,55,clean,released_raw,ap-fresh-pusht-055,False,280,56,8400,2520000,26146331,"{""initial_success"": false, ""success"": false, ""terminal_without_success"": false, ""category"": ""policy_entered"", ""primitive_steps"": 0}",87.1247,LeWM (5-action replanning),25,5
pusht,140,280,55,prefix_a,released_raw,ap-fresh-pusht-055,False,280,56,8400,2520000,26146331,"{""initial_success"": false, ""success"": false, ""terminal_without_success"": false, ""category"": ""policy_entered"", ""primitive_steps"": 5}",87.1236,LeWM (5-action replanning),25,5
pusht,140,280,55,prefix_b,released_raw,ap-fresh-pusht-055,True,177,36,5400,1620000,26146331,"{""initial_success"": false, ""success"": false, ""terminal_without_success"": false, ""category"": ""policy_entered"", ""primitive_steps"": 5}",55.888,LeWM (5-action replanning),25,5
pusht,140,280,56,clean,released_raw,ap-fresh-pusht-056,False,280,56,8400,2520000,26147331,"{""initial_success"": false, ""success"": false, ""terminal_without_success"": false, ""category"": ""policy_entered"", ""primitive_steps"": 0}",87.1633,LeWM (5-action replanning),25,5
pusht,140,280,56,prefix_a,released_raw,ap-fresh-pusht-056,False,280,56,8400,2520000,26147331,"{""initial_success"": false, ""success"": false, ""terminal_without_success"": false, ""category"": ""policy_entered"", ""primitive_steps"": 5}",86.9723,LeWM (5-action replanning),25,5
pusht,140,280,56,prefix_b,released_raw,ap-fresh-pusht-056,False,280,56,8400,2520000,26147331,"{""initial_success"": false, ""success"": false, ""terminal_without_success"": false, ""category"": ""policy_entered"", ""primitive_steps"": 5}",86.7542,LeWM (5-action replanning),25,5
pusht,140,280,57,clean,released_raw,ap-fresh-pusht-057,False,280,56,8400,2520000,26148331,"{""initial_success"": false, ""success"": false, ""terminal_without_success"": false, ""category"": ""policy_entered"", ""primitive_steps"": 0}",87.3412,LeWM (5-action replanning),25,5
pusht,140,280,57,prefix_a,released_raw,ap-fresh-pusht-057,False,280,56,8400,2520000,26148331,"{""initial_success"": false, ""success"": false, ""terminal_without_success"": false, ""category"": ""policy_entered"", ""primitive_steps"": 5}",86.9628,LeWM (5-action replanning),25,5
pusht,140,280,57,prefix_b,released_raw,ap-fresh-pusht-057,False,280,56,8400,2520000,26148331,"{""initial_success"": false, ""success"": false, ""terminal_without_success"": false, ""category"": ""policy_entered"", ""primitive_steps"": 5}",87.1054,LeWM (5-action replanning),25,5
pusht,140,280,58,clean,released_raw,ap-fresh-pusht-058,False,280,56,8400,2520000,26149331,"{""initial_success"": false, ""success"": false, ""terminal_without_success"": false, ""category"": ""policy_entered"", ""primitive_steps"": 0}",86.9985,LeWM (5-action replanning),25,5
pusht,140,280,58,prefix_a,released_raw,ap-fresh-pusht-058,False,280,56,8400,2520000,26149331,"{""initial_success"": false, ""success"": false, ""terminal_without_success"": false, ""category"": ""policy_entered"", ""primitive_steps"": 5}",86.9907,LeWM (5-action replanning),25,5
pusht,140,280,58,prefix_b,released_raw,ap-fresh-pusht-058,False,280,56,8400,2520000,26149331,"{""initial_success"": false, ""success"": false, ""terminal_without_success"": false, ""category"": ""policy_entered"", ""primitive_steps"": 5}",87.2832,LeWM (5-action replanning),25,5
pusht,140,280,59,clean,released_raw,ap-fresh-pusht-059,False,280,56,8400,2520000,26150331,"{""initial_success"": false, ""success"": false, ""terminal_without_success"": false, ""category"": ""policy_entered"", ""primitive_steps"": 0}",87.3072,LeWM (5-action replanning),25,5
pusht,140,280,59,prefix_a,released_raw,ap-fresh-pusht-059,False,280,56,8400,2520000,26150331,"{""initial_success"": false, ""success"": false, ""terminal_without_success"": false, ""category"": ""policy_entered"", ""primitive_steps"": 5}",87.2992,LeWM (5-action replanning),25,5
pusht,140,280,59,prefix_b,released_raw,ap-fresh-pusht-059,False,280,56,8400,2520000,26150331,"{""initial_success"": false, ""success"": false, ""terminal_without_success"": false, ""category"": ""policy_entered"", ""primitive_steps"": 5}",87.229,LeWM (5-action replanning),25,5
pusht,140,280,60,clean,released_raw,ap-fresh-pusht-060,False,280,56,8400,2520000,26151331,"{""initial_success"": false, ""success"": false, ""terminal_without_success"": false, ""category"": ""policy_entered"", ""primitive_steps"": 0}",87.183,LeWM (5-action replanning),25,5
pusht,140,280,60,prefix_a,released_raw,ap-fresh-pusht-060,False,280,56,8400,2520000,26151331,"{""initial_success"": false, ""success"": false, ""terminal_without_success"": false, ""category"": ""policy_entered"", ""primitive_steps"": 5}",87.0594,LeWM (5-action replanning),25,5
pusht,140,280,60,prefix_b,released_raw,ap-fresh-pusht-060,False,280,56,8400,2520000,26151331,"{""initial_success"": false, ""success"": false, ""terminal_without_success"": false, ""category"": ""policy_entered"", ""primitive_steps"": 5}",86.9838,LeWM (5-action replanning),25,5
pusht,140,280,61,clean,released_raw,ap-fresh-pusht-061,False,280,56,8400,2520000,26152331,"{""initial_success"": false, ""success"": false, ""terminal_without_success"": false, ""category"": ""policy_entered"", ""primitive_steps"": 0}",89.1892,LeWM (5-action replanning),25,5
pusht,140,280,61,prefix_a,released_raw,ap-fresh-pusht-061,False,280,56,8400,2520000,26152331,"{""initial_success"": false, ""success"": false, ""terminal_without_success"": false, ""category"": ""policy_entered"", ""primitive_steps"": 5}",87.7537,LeWM (5-action replanning),25,5
pusht,140,280,61,prefix_b,released_raw,ap-fresh-pusht-061,False,280,56,8400,2520000,26152331,"{""initial_success"": false, ""success"": false, ""terminal_without_success"": false, ""category"": ""policy_entered"", ""primitive_steps"": 5}",89.0718,LeWM (5-action replanning),25,5
pusht,140,280,62,clean,released_raw,ap-fresh-pusht-062,False,280,56,8400,2520000,26153331,"{""initial_success"": false, ""success"": false, ""terminal_without_success"": false, ""category"": ""policy_entered"", ""primitive_steps"": 0}",88.9392,LeWM (5-action replanning),25,5
pusht,140,280,62,prefix_a,released_raw,ap-fresh-pusht-062,False,280,56,8400,2520000,26153331,"{""initial_success"": false, ""success"": false, ""terminal_without_success"": false, ""category"": ""policy_entered"", ""primitive_steps"": 5}",88.584,LeWM (5-action replanning),25,5
pusht,140,280,62,prefix_b,released_raw,ap-fresh-pusht-062,False,280,56,8400,2520000,26153331,"{""initial_success"": false, ""success"": false, ""terminal_without_success"": false, ""category"": ""policy_entered"", ""primitive_steps"": 5}",88.0056,LeWM (5-action replanning),25,5
pusht,140,280,63,clean,released_raw,ap-fresh-pusht-063,False,280,56,8400,2520000,26154331,"{""initial_success"": false, ""success"": false, ""terminal_without_success"": false, ""category"": ""policy_entered"", ""primitive_steps"": 0}",87.9472,LeWM (5-action replanning),25,5
pusht,140,280,63,prefix_a,released_raw,ap-fresh-pusht-063,False,280,56,8400,2520000,26154331,"{""initial_success"": false, ""success"": false, ""terminal_without_success"": false, ""category"": ""policy_entered"", ""primitive_steps"": 5}",87.7226,LeWM (5-action replanning),25,5
pusht,140,280,63,prefix_b,released_raw,ap-fresh-pusht-063,False,280,56,8400,2520000,26154331,"{""initial_success"": false, ""success"": false, ""terminal_without_success"": false, ""category"": ""policy_entered"", ""primitive_steps"": 5}",88.5047,LeWM (5-action replanning),25,5
pusht,140,280,64,clean,released_raw,ap-fresh-pusht-064,False,280,56,8400,2520000,26155331,"{""initial_success"": false, ""success"": false, ""terminal_without_success"": false, ""category"": ""policy_entered"", ""primitive_steps"": 0}",90.7305,LeWM (5-action replanning),25,5
pusht,140,280,64,prefix_a,released_raw,ap-fresh-pusht-064,False,280,56,8400,2520000,26155331,"{""initial_success"": false, ""success"": false, ""terminal_without_success"": false, ""category"": ""policy_entered"", ""primitive_steps"": 5}",90.4963,LeWM (5-action replanning),25,5
pusht,140,280,64,prefix_b,released_raw,ap-fresh-pusht-064,False,280,56,8400,2520000,26155331,"{""initial_success"": false, ""success"": false, ""terminal_without_success"": false, ""category"": ""policy_entered"", ""primitive_steps"": 5}",93.6571,LeWM (5-action replanning),25,5
pusht,140,280,65,clean,released_raw,ap-fresh-pusht-065,False,280,56,8400,2520000,26156331,"{""initial_success"": false, ""success"": false, ""terminal_without_success"": false, ""category"": ""policy_entered"", ""primitive_steps"": 0}",91.8197,LeWM (5-action replanning),25,5
pusht,140,280,65,prefix_a,released_raw,ap-fresh-pusht-065,False,280,56,8400,2520000,26156331,"{""initial_success"": false, ""success"": false, ""terminal_without_success"": false, ""category"": ""policy_entered"", ""primitive_steps"": 5}",91.7718,LeWM (5-action replanning),25,5
pusht,140,280,65,prefix_b,released_raw,ap-fresh-pusht-065,False,280,56,8400,2520000,26156331,"{""initial_success"": false, ""success"": false, ""terminal_without_success"": false, ""category"": ""policy_entered"", ""primitive_steps"": 5}",95.1187,LeWM (5-action replanning),25,5
pusht,140,280,66,clean,released_raw,ap-fresh-pusht-066,False,280,56,8400,2520000,26157331,"{""initial_success"": false, ""success"": false, ""terminal_without_success"": false, ""category"": ""policy_entered"", ""primitive_steps"": 0}",93.7524,LeWM (5-action replanning),25,5
pusht,140,280,66,prefix_a,released_raw,ap-fresh-pusht-066,False,280,56,8400,2520000,26157331,"{""initial_success"": false, ""success"": false, ""terminal_without_success"": false, ""category"": ""policy_entered"", ""primitive_steps"": 5}",92.0425,LeWM (5-action replanning),25,5
pusht,140,280,66,prefix_b,released_raw,ap-fresh-pusht-066,True,194,39,5850,1755000,26157331,"{""initial_success"": false, ""success"": false, ""terminal_without_success"": false, ""category"": ""policy_entered"", ""primitive_steps"": 5}",63.9206,LeWM (5-action replanning),25,5
pusht,140,280,67,clean,released_raw,ap-fresh-pusht-067,False,280,56,8400,2520000,26158331,"{""initial_success"": false, ""success"": false, ""terminal_without_success"": false, ""category"": ""policy_entered"", ""primitive_steps"": 0}",92.8401,LeWM (5-action replanning),25,5
pusht,140,280,67,prefix_a,released_raw,ap-fresh-pusht-067,False,280,56,8400,2520000,26158331,"{""initial_success"": false, ""success"": false, ""terminal_without_success"": false, ""category"": ""policy_entered"", ""primitive_steps"": 5}",93.0599,LeWM (5-action replanning),25,5
pusht,140,280,67,prefix_b,released_raw,ap-fresh-pusht-067,False,280,56,8400,2520000,26158331,"{""initial_success"": false, ""success"": false, ""terminal_without_success"": false, ""category"": ""policy_entered"", ""primitive_steps"": 5}",92.029,LeWM (5-action replanning),25,5
pusht,140,280,68,clean,released_raw,ap-fresh-pusht-068,False,280,56,8400,2520000,26159331,"{""initial_success"": false, ""success"": false, ""terminal_without_success"": false, ""category"": ""policy_entered"", ""primitive_steps"": 0}",91.8403,LeWM (5-action replanning),25,5
pusht,140,280,68,prefix_a,released_raw,ap-fresh-pusht-068,False,280,56,8400,2520000,26159331,"{""initial_success"": false, ""success"": false, ""terminal_without_success"": false, ""category"": ""policy_entered"", ""primitive_steps"": 5}",91.3126,LeWM (5-action replanning),25,5
pusht,140,280,68,prefix_b,released_raw,ap-fresh-pusht-068,False,280,56,8400,2520000,26159331,"{""initial_success"": false, ""success"": false, ""terminal_without_success"": false, ""category"": ""policy_entered"", ""primitive_steps"": 5}",91.4003,LeWM (5-action replanning),25,5
pusht,140,280,69,clean,released_raw,ap-fresh-pusht-069,False,280,56,8400,2520000,26160331,"{""initial_success"": false, ""success"": false, ""terminal_without_success"": false, ""category"": ""policy_entered"", ""primitive_steps"": 0}",90.6928,LeWM (5-action replanning),25,5
pusht,140,280,69,prefix_a,released_raw,ap-fresh-pusht-069,False,280,56,8400,2520000,26160331,"{""initial_success"": false, ""success"": false, ""terminal_without_success"": false, ""category"": ""policy_entered"", ""primitive_steps"": 5}",223.0394,LeWM (5-action replanning),25,5
pusht,140,280,69,prefix_b,released_raw,ap-fresh-pusht-069,False,280,56,8400,2520000,26160331,"{""initial_success"": false, ""success"": false, ""terminal_without_success"": false, ""category"": ""policy_entered"", ""primitive_steps"": 5}",205.2066,LeWM (5-action replanning),25,5
pusht,140,280,70,clean,released_raw,ap-fresh-pusht-070,False,280,56,8400,2520000,26161331,"{""initial_success"": false, ""success"": false, ""terminal_without_success"": false, ""category"": ""policy_entered"", ""primitive_steps"": 0}",95.9333,LeWM (5-action replanning),25,5
pusht,140,280,70,prefix_a,released_raw,ap-fresh-pusht-070,False,280,56,8400,2520000,26161331,"{""initial_success"": false, ""success"": false, ""terminal_without_success"": false, ""category"": ""policy_entered"", ""primitive_steps"": 5}",315.2638,LeWM (5-action replanning),25,5
pusht,140,280,70,prefix_b,released_raw,ap-fresh-pusht-070,False,280,56,8400,2520000,26161331,"{""initial_success"": false, ""success"": false, ""terminal_without_success"": false, ""category"": ""policy_entered"", ""primitive_steps"": 5}",90.5722,LeWM (5-action replanning),25,5
pusht,140,280,71,clean,released_raw,ap-fresh-pusht-071,False,280,56,8400,2520000,26162331,"{""initial_success"": false, ""success"": false, ""terminal_without_success"": false, ""category"": ""policy_entered"", ""primitive_steps"": 0}",90.5528,LeWM (5-action replanning),25,5
pusht,140,280,71,prefix_a,released_raw,ap-fresh-pusht-071,False,280,56,8400,2520000,26162331,"{""initial_success"": false, ""success"": false, ""terminal_without_success"": false, ""category"": ""policy_entered"", ""primitive_steps"": 5}",90.4131,LeWM (5-action replanning),25,5
pusht,140,280,71,prefix_b,released_raw,ap-fresh-pusht-071,False,280,56,8400,2520000,26162331,"{""initial_success"": false, ""success"": false, ""terminal_without_success"": false, ""category"": ""policy_entered"", ""primitive_steps"": 5}",90.1272,LeWM (5-action replanning),25,5
pusht,140,280,72,clean,released_raw,ap-fresh-pusht-072,False,280,56,8400,2520000,26163331,"{""initial_success"": false, ""success"": false, ""terminal_without_success"": false, ""category"": ""policy_entered"", ""primitive_steps"": 0}",90.4673,LeWM (5-action replanning),25,5
pusht,140,280,72,prefix_a,released_raw,ap-fresh-pusht-072,False,280,56,8400,2520000,26163331,"{""initial_success"": false, ""success"": false, ""terminal_without_success"": false, ""category"": ""policy_entered"", ""primitive_steps"": 5}",90.5455,LeWM (5-action replanning),25,5
pusht,140,280,72,prefix_b,released_raw,ap-fresh-pusht-072,False,280,56,8400,2520000,26163331,"{""initial_success"": false, ""success"": false, ""terminal_without_success"": false, ""category"": ""policy_entered"", ""primitive_steps"": 5}",90.2628,LeWM (5-action replanning),25,5
pusht,140,280,73,clean,released_raw,ap-fresh-pusht-073,False,280,56,8400,2520000,26164331,"{""initial_success"": false, ""success"": false, ""terminal_without_success"": false, ""category"": ""policy_entered"", ""primitive_steps"": 0}",90.3851,LeWM (5-action replanning),25,5
pusht,140,280,73,prefix_a,released_raw,ap-fresh-pusht-073,False,280,56,8400,2520000,26164331,"{""initial_success"": false, ""success"": false, ""terminal_without_success"": false, ""category"": ""policy_entered"", ""primitive_steps"": 5}",92.1691,LeWM (5-action replanning),25,5
pusht,140,280,73,prefix_b,released_raw,ap-fresh-pusht-073,False,280,56,8400,2520000,26164331,"{""initial_success"": false, ""success"": false, ""terminal_without_success"": false, ""category"": ""policy_entered"", ""primitive_steps"": 5}",100.8846,LeWM (5-action replanning),25,5
pusht,140,280,74,clean,released_raw,ap-fresh-pusht-074,True,38,8,1200,360000,26165331,"{""initial_success"": false, ""success"": false, ""terminal_without_success"": false, ""category"": ""policy_entered"", ""primitive_steps"": 0}",13.1916,LeWM (5-action replanning),25,5
pusht,140,280,74,prefix_a,released_raw,ap-fresh-pusht-074,False,280,56,8400,2520000,26165331,"{""initial_success"": false, ""success"": false, ""terminal_without_success"": false, ""category"": ""policy_entered"", ""primitive_steps"": 5}",96.5456,LeWM (5-action replanning),25,5
pusht,140,280,74,prefix_b,released_raw,ap-fresh-pusht-074,False,280,56,8400,2520000,26165331,"{""initial_success"": false, ""success"": false, ""terminal_without_success"": false, ""category"": ""policy_entered"", ""primitive_steps"": 5}",96.8876,LeWM (5-action replanning),25,5
pusht,140,280,75,clean,released_raw,ap-fresh-pusht-075,False,280,56,8400,2520000,26166331,"{""initial_success"": false, ""success"": false, ""terminal_without_success"": false, ""category"": ""policy_entered"", ""primitive_steps"": 0}",102.5409,LeWM (5-action replanning),25,5
pusht,140,280,75,prefix_a,released_raw,ap-fresh-pusht-075,False,280,56,8400,2520000,26166331,"{""initial_success"": false, ""success"": false, ""terminal_without_success"": false, ""category"": ""policy_entered"", ""primitive_steps"": 5}",98.2934,LeWM (5-action replanning),25,5
pusht,140,280,75,prefix_b,released_raw,ap-fresh-pusht-075,False,280,56,8400,2520000,26166331,"{""initial_success"": false, ""success"": false, ""terminal_without_success"": false, ""category"": ""policy_entered"", ""primitive_steps"": 5}",92.088,LeWM (5-action replanning),25,5
pusht,140,280,76,clean,released_raw,ap-fresh-pusht-076,True,196,40,6000,1800000,26167331,"{""initial_success"": false, ""success"": false, ""terminal_without_success"": false, ""category"": ""policy_entered"", ""primitive_steps"": 0}",63.5766,LeWM (5-action replanning),25,5
pusht,140,280,76,prefix_a,released_raw,ap-fresh-pusht-076,True,159,32,4800,1440000,26167331,"{""initial_success"": false, ""success"": false, ""terminal_without_success"": false, ""category"": ""policy_entered"", ""primitive_steps"": 5}",51.7754,LeWM (5-action replanning),25,5
pusht,140,280,76,prefix_b,released_raw,ap-fresh-pusht-076,False,280,56,8400,2520000,26167331,"{""initial_success"": false, ""success"": false, ""terminal_without_success"": false, ""category"": ""policy_entered"", ""primitive_steps"": 5}",91.0281,LeWM (5-action replanning),25,5
pusht,140,280,77,clean,released_raw,ap-fresh-pusht-077,False,280,56,8400,2520000,26168331,"{""initial_success"": false, ""success"": false, ""terminal_without_success"": false, ""category"": ""policy_entered"", ""primitive_steps"": 0}",90.8604,LeWM (5-action replanning),25,5
pusht,140,280,77,prefix_a,released_raw,ap-fresh-pusht-077,False,280,56,8400,2520000,26168331,"{""initial_success"": false, ""success"": false, ""terminal_without_success"": false, ""category"": ""policy_entered"", ""primitive_steps"": 5}",91.544,LeWM (5-action replanning),25,5
pusht,140,280,77,prefix_b,released_raw,ap-fresh-pusht-077,False,280,56,8400,2520000,26168331,"{""initial_success"": false, ""success"": false, ""terminal_without_success"": false, ""category"": ""policy_entered"", ""primitive_steps"": 5}",91.8308,LeWM (5-action replanning),25,5
pusht,140,280,78,clean,released_raw,ap-fresh-pusht-078,False,280,56,8400,2520000,26169331,"{""initial_success"": false, ""success"": false, ""terminal_without_success"": false, ""category"": ""policy_entered"", ""primitive_steps"": 0}",91.2313,LeWM (5-action replanning),25,5
pusht,140,280,78,prefix_a,released_raw,ap-fresh-pusht-078,False,280,56,8400,2520000,26169331,"{""initial_success"": false, ""success"": false, ""terminal_without_success"": false, ""category"": ""policy_entered"", ""primitive_steps"": 5}",91.3426,LeWM (5-action replanning),25,5
pusht,140,280,78,prefix_b,released_raw,ap-fresh-pusht-078,False,280,56,8400,2520000,26169331,"{""initial_success"": false, ""success"": false, ""terminal_without_success"": false, ""category"": ""policy_entered"", ""primitive_steps"": 5}",91.5217,LeWM (5-action replanning),25,5
pusht,140,280,79,clean,released_raw,ap-fresh-pusht-079,False,280,56,8400,2520000,26170331,"{""initial_success"": false, ""success"": false, ""terminal_without_success"": false, ""category"": ""policy_entered"", ""primitive_steps"": 0}",91.2723,LeWM (5-action replanning),25,5
pusht,140,280,79,prefix_a,released_raw,ap-fresh-pusht-079,False,280,56,8400,2520000,26170331,"{""initial_success"": false, ""success"": false, ""terminal_without_success"": false, ""category"": ""policy_entered"", ""primitive_steps"": 5}",92.1599,LeWM (5-action replanning),25,5
pusht,140,280,79,prefix_b,released_raw,ap-fresh-pusht-079,False,280,56,8400,2520000,26170331,"{""initial_success"": false, ""success"": false, ""terminal_without_success"": false, ""category"": ""policy_entered"", ""primitive_steps"": 5}",95.5434,LeWM (5-action replanning),25,5
pusht,140,280,80,clean,released_raw,ap-fresh-pusht-080,False,280,56,8400,2520000,26171331,"{""initial_success"": false, ""success"": false, ""terminal_without_success"": false, ""category"": ""policy_entered"", ""primitive_steps"": 0}",97.0049,LeWM (5-action replanning),25,5
pusht,140,280,80,prefix_a,released_raw,ap-fresh-pusht-080,False,280,56,8400,2520000,26171331,"{""initial_success"": false, ""success"": false, ""terminal_without_success"": false, ""category"": ""policy_entered"", ""primitive_steps"": 5}",94.536,LeWM (5-action replanning),25,5
pusht,140,280,80,prefix_b,released_raw,ap-fresh-pusht-080,False,280,56,8400,2520000,26171331,"{""initial_success"": false, ""success"": false, ""terminal_without_success"": false, ""category"": ""policy_entered"", ""primitive_steps"": 5}",95.3243,LeWM (5-action replanning),25,5
pusht,140,280,81,clean,released_raw,ap-fresh-pusht-081,False,280,56,8400,2520000,26172331,"{""initial_success"": false, ""success"": false, ""terminal_without_success"": false, ""category"": ""policy_entered"", ""primitive_steps"": 0}",99.2929,LeWM (5-action replanning),25,5
pusht,140,280,81,prefix_a,released_raw,ap-fresh-pusht-081,False,280,56,8400,2520000,26172331,"{""initial_success"": false, ""success"": false, ""terminal_without_success"": false, ""category"": ""policy_entered"", ""primitive_steps"": 5}",95.5247,LeWM (5-action replanning),25,5
pusht,140,280,81,prefix_b,released_raw,ap-fresh-pusht-081,False,280,56,8400,2520000,26172331,"{""initial_success"": false, ""success"": false, ""terminal_without_success"": false, ""category"": ""policy_entered"", ""primitive_steps"": 5}",92.502,LeWM (5-action replanning),25,5
pusht,140,280,82,clean,released_raw,ap-fresh-pusht-082,False,280,56,8400,2520000,26173331,"{""initial_success"": false, ""success"": false, ""terminal_without_success"": false, ""category"": ""policy_entered"", ""primitive_steps"": 0}",91.5629,LeWM (5-action replanning),25,5
pusht,140,280,82,prefix_a,released_raw,ap-fresh-pusht-082,False,280,56,8400,2520000,26173331,"{""initial_success"": false, ""success"": false, ""terminal_without_success"": false, ""category"": ""policy_entered"", ""primitive_steps"": 5}",92.0902,LeWM (5-action replanning),25,5
pusht,140,280,82,prefix_b,released_raw,ap-fresh-pusht-082,False,280,56,8400,2520000,26173331,"{""initial_success"": false, ""success"": false, ""terminal_without_success"": false, ""category"": ""policy_entered"", ""primitive_steps"": 5}",91.0782,LeWM (5-action replanning),25,5
pusht,140,280,83,clean,released_raw,ap-fresh-pusht-083,False,280,56,8400,2520000,26174331,"{""initial_success"": false, ""success"": false, ""terminal_without_success"": false, ""category"": ""policy_entered"", ""primitive_steps"": 0}",90.7974,LeWM (5-action replanning),25,5
pusht,140,280,83,prefix_a,released_raw,ap-fresh-pusht-083,False,280,56,8400,2520000,26174331,"{""initial_success"": false, ""success"": false, ""terminal_without_success"": false, ""category"": ""policy_entered"", ""primitive_steps"": 5}",90.8452,LeWM (5-action replanning),25,5
pusht,140,280,83,prefix_b,released_raw,ap-fresh-pusht-083,False,280,56,8400,2520000,26174331,"{""initial_success"": false, ""success"": false, ""terminal_without_success"": false, ""category"": ""policy_entered"", ""primitive_steps"": 5}",91.0824,LeWM (5-action replanning),25,5
pusht,140,280,84,clean,released_raw,ap-fresh-pusht-084,False,280,56,8400,2520000,26175331,"{""initial_success"": false, ""success"": false, ""terminal_without_success"": false, ""category"": ""policy_entered"", ""primitive_steps"": 0}",95.1007,LeWM (5-action replanning),25,5
pusht,140,280,84,prefix_a,released_raw,ap-fresh-pusht-084,False,280,56,8400,2520000,26175331,"{""initial_success"": false, ""success"": false, ""terminal_without_success"": false, ""category"": ""policy_entered"", ""primitive_steps"": 5}",90.6329,LeWM (5-action replanning),25,5
pusht,140,280,84,prefix_b,released_raw,ap-fresh-pusht-084,False,280,56,8400,2520000,26175331,"{""initial_success"": false, ""success"": false, ""terminal_without_success"": false, ""category"": ""policy_entered"", ""primitive_steps"": 5}",90.2498,LeWM (5-action replanning),25,5
pusht,140,280,85,clean,released_raw,ap-fresh-pusht-085,False,280,56,8400,2520000,26176331,"{""initial_success"": false, ""success"": false, ""terminal_without_success"": false, ""category"": ""policy_entered"", ""primitive_steps"": 0}",90.5973,LeWM (5-action replanning),25,5
pusht,140,280,85,prefix_a,released_raw,ap-fresh-pusht-085,False,280,56,8400,2520000,26176331,"{""initial_success"": false, ""success"": false, ""terminal_without_success"": false, ""category"": ""policy_entered"", ""primitive_steps"": 5}",90.4669,LeWM (5-action replanning),25,5
pusht,140,280,85,prefix_b,released_raw,ap-fresh-pusht-085,False,280,56,8400,2520000,26176331,"{""initial_success"": false, ""success"": false, ""terminal_without_success"": false, ""category"": ""policy_entered"", ""primitive_steps"": 5}",90.5782,LeWM (5-action replanning),25,5
pusht,140,280,86,clean,released_raw,ap-fresh-pusht-086,False,280,56,8400,2520000,26177331,"{""initial_success"": false, ""success"": false, ""terminal_without_success"": false, ""category"": ""policy_entered"", ""primitive_steps"": 0}",90.6199,LeWM (5-action replanning),25,5
pusht,140,280,86,prefix_a,released_raw,ap-fresh-pusht-086,False,280,56,8400,2520000,26177331,"{""initial_success"": false, ""success"": false, ""terminal_without_success"": false, ""category"": ""policy_entered"", ""primitive_steps"": 5}",90.5293,LeWM (5-action replanning),25,5
pusht,140,280,86,prefix_b,released_raw,ap-fresh-pusht-086,False,280,56,8400,2520000,26177331,"{""initial_success"": false, ""success"": false, ""terminal_without_success"": false, ""category"": ""policy_entered"", ""primitive_steps"": 5}",90.6633,LeWM (5-action replanning),25,5
pusht,140,280,87,clean,released_raw,ap-fresh-pusht-087,False,280,56,8400,2520000,26178331,"{""initial_success"": false, ""success"": false, ""terminal_without_success"": false, ""category"": ""policy_entered"", ""primitive_steps"": 0}",90.6009,LeWM (5-action replanning),25,5
pusht,140,280,87,prefix_a,released_raw,ap-fresh-pusht-087,False,280,56,8400,2520000,26178331,"{""initial_success"": false, ""success"": false, ""terminal_without_success"": false, ""category"": ""policy_entered"", ""primitive_steps"": 5}",90.7781,LeWM (5-action replanning),25,5
pusht,140,280,87,prefix_b,released_raw,ap-fresh-pusht-087,False,280,56,8400,2520000,26178331,"{""initial_success"": false, ""success"": false, ""terminal_without_success"": false, ""category"": ""policy_entered"", ""primitive_steps"": 5}",90.7601,LeWM (5-action replanning),25,5
pusht,140,280,88,clean,released_raw,ap-fresh-pusht-088,False,280,56,8400,2520000,26179331,"{""initial_success"": false, ""success"": false, ""terminal_without_success"": false, ""category"": ""policy_entered"", ""primitive_steps"": 0}",90.7913,LeWM (5-action replanning),25,5
pusht,140,280,88,prefix_a,released_raw,ap-fresh-pusht-088,False,280,56,8400,2520000,26179331,"{""initial_success"": false, ""success"": false, ""terminal_without_success"": false, ""category"": ""policy_entered"", ""primitive_steps"": 5}",90.8652,LeWM (5-action replanning),25,5
pusht,140,280,88,prefix_b,released_raw,ap-fresh-pusht-088,False,280,56,8400,2520000,26179331,"{""initial_success"": false, ""success"": false, ""terminal_without_success"": false, ""category"": ""policy_entered"", ""primitive_steps"": 5}",90.7352,LeWM (5-action replanning),25,5
pusht,140,280,89,clean,released_raw,ap-fresh-pusht-089,False,280,56,8400,2520000,26180331,"{""initial_success"": false, ""success"": false, ""terminal_without_success"": false, ""category"": ""policy_entered"", ""primitive_steps"": 0}",90.3566,LeWM (5-action replanning),25,5
pusht,140,280,89,prefix_a,released_raw,ap-fresh-pusht-089,False,280,56,8400,2520000,26180331,"{""initial_success"": false, ""success"": false, ""terminal_without_success"": false, ""category"": ""policy_entered"", ""primitive_steps"": 5}",90.6474,LeWM (5-action replanning),25,5
pusht,140,280,89,prefix_b,released_raw,ap-fresh-pusht-089,False,280,56,8400,2520000,26180331,"{""initial_success"": false, ""success"": false, ""terminal_without_success"": false, ""category"": ""policy_entered"", ""primitive_steps"": 5}",90.7144,LeWM (5-action replanning),25,5
pusht,140,280,90,clean,released_raw,ap-fresh-pusht-090,False,280,56,8400,2520000,26181331,"{""initial_success"": false, ""success"": false, ""terminal_without_success"": false, ""category"": ""policy_entered"", ""primitive_steps"": 0}",90.8911,LeWM (5-action replanning),25,5
pusht,140,280,90,prefix_a,released_raw,ap-fresh-pusht-090,False,280,56,8400,2520000,26181331,"{""initial_success"": false, ""success"": false, ""terminal_without_success"": false, ""category"": ""policy_entered"", ""primitive_steps"": 5}",92.7231,LeWM (5-action replanning),25,5
pusht,140,280,90,prefix_b,released_raw,ap-fresh-pusht-090,False,280,56,8400,2520000,26181331,"{""initial_success"": false, ""success"": false, ""terminal_without_success"": false, ""category"": ""policy_entered"", ""primitive_steps"": 5}",108.2245,LeWM (5-action replanning),25,5
pusht,140,280,91,clean,released_raw,ap-fresh-pusht-091,False,280,56,8400,2520000,26182331,"{""initial_success"": false, ""success"": false, ""terminal_without_success"": false, ""category"": ""policy_entered"", ""primitive_steps"": 0}",91.0515,LeWM (5-action replanning),25,5
pusht,140,280,91,prefix_a,released_raw,ap-fresh-pusht-091,False,280,56,8400,2520000,26182331,"{""initial_success"": false, ""success"": false, ""terminal_without_success"": false, ""category"": ""policy_entered"", ""primitive_steps"": 5}",90.6033,LeWM (5-action replanning),25,5
pusht,140,280,91,prefix_b,released_raw,ap-fresh-pusht-091,False,280,56,8400,2520000,26182331,"{""initial_success"": false, ""success"": false, ""terminal_without_success"": false, ""category"": ""policy_entered"", ""primitive_steps"": 5}",90.646,LeWM (5-action replanning),25,5
pusht,140,280,92,clean,released_raw,ap-fresh-pusht-092,False,280,56,8400,2520000,26183331,"{""initial_success"": false, ""success"": false, ""terminal_without_success"": false, ""category"": ""policy_entered"", ""primitive_steps"": 0}",90.3715,LeWM (5-action replanning),25,5
pusht,140,280,92,prefix_a,released_raw,ap-fresh-pusht-092,False,280,56,8400,2520000,26183331,"{""initial_success"": false, ""success"": false, ""terminal_without_success"": false, ""category"": ""policy_entered"", ""primitive_steps"": 5}",90.3002,LeWM (5-action replanning),25,5
pusht,140,280,92,prefix_b,released_raw,ap-fresh-pusht-092,False,280,56,8400,2520000,26183331,"{""initial_success"": false, ""success"": false, ""terminal_without_success"": false, ""category"": ""policy_entered"", ""primitive_steps"": 5}",90.3275,LeWM (5-action replanning),25,5
pusht,140,280,93,clean,released_raw,ap-fresh-pusht-093,False,280,56,8400,2520000,26184331,"{""initial_success"": false, ""success"": false, ""terminal_without_success"": false, ""category"": ""policy_entered"", ""primitive_steps"": 0}",90.2693,LeWM (5-action replanning),25,5
pusht,140,280,93,prefix_a,released_raw,ap-fresh-pusht-093,False,280,56,8400,2520000,26184331,"{""initial_success"": false, ""success"": false, ""terminal_without_success"": false, ""category"": ""policy_entered"", ""primitive_steps"": 5}",90.2855,LeWM (5-action replanning),25,5
pusht,140,280,93,prefix_b,released_raw,ap-fresh-pusht-093,False,280,56,8400,2520000,26184331,"{""initial_success"": false, ""success"": false, ""terminal_without_success"": false, ""category"": ""policy_entered"", ""primitive_steps"": 5}",89.9461,LeWM (5-action replanning),25,5
pusht,140,280,94,clean,released_raw,ap-fresh-pusht-094,False,280,56,8400,2520000,26185331,"{""initial_success"": false, ""success"": false, ""terminal_without_success"": false, ""category"": ""policy_entered"", ""primitive_steps"": 0}",90.2919,LeWM (5-action replanning),25,5
pusht,140,280,94,prefix_a,released_raw,ap-fresh-pusht-094,False,280,56,8400,2520000,26185331,"{""initial_success"": false, ""success"": false, ""terminal_without_success"": false, ""category"": ""policy_entered"", ""primitive_steps"": 5}",90.2131,LeWM (5-action replanning),25,5
pusht,140,280,94,prefix_b,released_raw,ap-fresh-pusht-094,False,280,56,8400,2520000,26185331,"{""initial_success"": false, ""success"": false, ""terminal_without_success"": false, ""category"": ""policy_entered"", ""primitive_steps"": 5}",90.2134,LeWM (5-action replanning),25,5
pusht,140,280,95,clean,released_raw,ap-fresh-pusht-095,False,280,56,8400,2520000,26186331,"{""initial_success"": false, ""success"": false, ""terminal_without_success"": false, ""category"": ""policy_entered"", ""primitive_steps"": 0}",90.2718,LeWM (5-action replanning),25,5
pusht,140,280,95,prefix_a,released_raw,ap-fresh-pusht-095,False,280,56,8400,2520000,26186331,"{""initial_success"": false, ""success"": false, ""terminal_without_success"": false, ""category"": ""policy_entered"", ""primitive_steps"": 5}",90.2729,LeWM (5-action replanning),25,5
pusht,140,280,95,prefix_b,released_raw,ap-fresh-pusht-095,False,280,56,8400,2520000,26186331,"{""initial_success"": false, ""success"": false, ""terminal_without_success"": false, ""category"": ""policy_entered"", ""primitive_steps"": 5}",89.9622,LeWM (5-action replanning),25,5
pusht,140,280,96,clean,released_raw,ap-fresh-pusht-096,False,280,56,8400,2520000,26187331,"{""initial_success"": false, ""success"": false, ""terminal_without_success"": false, ""category"": ""policy_entered"", ""primitive_steps"": 0}",90.5128,LeWM (5-action replanning),25,5
pusht,140,280,96,prefix_a,released_raw,ap-fresh-pusht-096,False,280,56,8400,2520000,26187331,"{""initial_success"": false, ""success"": false, ""terminal_without_success"": false, ""category"": ""policy_entered"", ""primitive_steps"": 5}",90.3465,LeWM (5-action replanning),25,5
pusht,140,280,96,prefix_b,released_raw,ap-fresh-pusht-096,False,280,56,8400,2520000,26187331,"{""initial_success"": false, ""success"": false, ""terminal_without_success"": false, ""category"": ""policy_entered"", ""primitive_steps"": 5}",90.2956,LeWM (5-action replanning),25,5
pusht,140,280,97,clean,released_raw,ap-fresh-pusht-097,False,280,56,8400,2520000,26188331,"{""initial_success"": false, ""success"": false, ""terminal_without_success"": false, ""category"": ""policy_entered"", ""primitive_steps"": 0}",90.3625,LeWM (5-action replanning),25,5
pusht,140,280,97,prefix_a,released_raw,ap-fresh-pusht-097,False,280,56,8400,2520000,26188331,"{""initial_success"": false, ""success"": false, ""terminal_without_success"": false, ""category"": ""policy_entered"", ""primitive_steps"": 5}",90.3872,LeWM (5-action replanning),25,5
pusht,140,280,97,prefix_b,released_raw,ap-fresh-pusht-097,False,280,56,8400,2520000,26188331,"{""initial_success"": false, ""success"": false, ""terminal_without_success"": false, ""category"": ""policy_entered"", ""primitive_steps"": 5}",89.6756,LeWM (5-action replanning),25,5
pusht,140,280,98,clean,released_raw,ap-fresh-pusht-098,False,280,56,8400,2520000,26189331,"{""initial_success"": false, ""success"": false, ""terminal_without_success"": false, ""category"": ""policy_entered"", ""primitive_steps"": 0}",90.4832,LeWM (5-action replanning),25,5
pusht,140,280,98,prefix_a,released_raw,ap-fresh-pusht-098,False,280,56,8400,2520000,26189331,"{""initial_success"": false, ""success"": false, ""terminal_without_success"": false, ""category"": ""policy_entered"", ""primitive_steps"": 5}",90.0433,LeWM (5-action replanning),25,5
pusht,140,280,98,prefix_b,released_raw,ap-fresh-pusht-098,False,280,56,8400,2520000,26189331,"{""initial_success"": false, ""success"": false, ""terminal_without_success"": false, ""category"": ""policy_entered"", ""primitive_steps"": 5}",90.4282,LeWM (5-action replanning),25,5
pusht,140,280,99,clean,released_raw,ap-fresh-pusht-099,False,280,56,8400,2520000,26190331,"{""initial_success"": false, ""success"": false, ""terminal_without_success"": false, ""category"": ""policy_entered"", ""primitive_steps"": 0}",90.3234,LeWM (5-action replanning),25,5
pusht,140,280,99,prefix_a,released_raw,ap-fresh-pusht-099,False,280,56,8400,2520000,26190331,"{""initial_success"": false, ""success"": false, ""terminal_without_success"": false, ""category"": ""policy_entered"", ""primitive_steps"": 5}",90.3889,LeWM (5-action replanning),25,5
pusht,140,280,99,prefix_b,released_raw,ap-fresh-pusht-099,False,280,56,8400,2520000,26190331,"{""initial_success"": false, ""success"": false, ""terminal_without_success"": false, ""category"": ""policy_entered"", ""primitive_steps"": 5}",89.4293,LeWM (5-action replanning),25,5
pusht,140,280,100,clean,released_raw,ap-fresh-pusht-100,False,280,56,8400,2520000,26191331,"{""initial_success"": false, ""success"": false, ""terminal_without_success"": false, ""category"": ""policy_entered"", ""primitive_steps"": 0}",88.8539,LeWM (5-action replanning),25,5
pusht,140,280,100,prefix_a,released_raw,ap-fresh-pusht-100,True,244,49,7350,2205000,26191331,"{""initial_success"": false, ""success"": false, ""terminal_without_success"": false, ""category"": ""policy_entered"", ""primitive_steps"": 5}",92.3364,LeWM (5-action replanning),25,5
pusht,140,280,100,prefix_b,released_raw,ap-fresh-pusht-100,False,280,56,8400,2520000,26191331,"{""initial_success"": false, ""success"": false, ""terminal_without_success"": false, ""category"": ""policy_entered"", ""primitive_steps"": 5}",106.6351,LeWM (5-action replanning),25,5
pusht,140,280,101,clean,released_raw,ap-fresh-pusht-101,False,280,56,8400,2520000,26192331,"{""initial_success"": false, ""success"": false, ""terminal_without_success"": false, ""category"": ""policy_entered"", ""primitive_steps"": 0}",115.7665,LeWM (5-action replanning),25,5
pusht,140,280,101,prefix_a,released_raw,ap-fresh-pusht-101,False,280,56,8400,2520000,26192331,"{""initial_success"": false, ""success"": false, ""terminal_without_success"": false, ""category"": ""policy_entered"", ""primitive_steps"": 5}",111.8577,LeWM (5-action replanning),25,5
pusht,140,280,101,prefix_b,released_raw,ap-fresh-pusht-101,False,280,56,8400,2520000,26192331,"{""initial_success"": false, ""success"": false, ""terminal_without_success"": false, ""category"": ""policy_entered"", ""primitive_steps"": 5}",94.1813,LeWM (5-action replanning),25,5
pusht,140,280,102,clean,released_raw,ap-fresh-pusht-102,False,280,56,8400,2520000,26193331,"{""initial_success"": false, ""success"": false, ""terminal_without_success"": false, ""category"": ""policy_entered"", ""primitive_steps"": 0}",89.1117,LeWM (5-action replanning),25,5
pusht,140,280,102,prefix_a,released_raw,ap-fresh-pusht-102,False,280,56,8400,2520000,26193331,"{""initial_success"": false, ""success"": false, ""terminal_without_success"": false, ""category"": ""policy_entered"", ""primitive_steps"": 5}",89.4896,LeWM (5-action replanning),25,5
pusht,140,280,102,prefix_b,released_raw,ap-fresh-pusht-102,False,280,56,8400,2520000,26193331,"{""initial_success"": false, ""success"": false, ""terminal_without_success"": false, ""category"": ""policy_entered"", ""primitive_steps"": 5}",110.4351,LeWM (5-action replanning),25,5
pusht,140,280,103,clean,released_raw,ap-fresh-pusht-103,False,280,56,8400,2520000,26194331,"{""initial_success"": false, ""success"": false, ""terminal_without_success"": false, ""category"": ""policy_entered"", ""primitive_steps"": 0}",104.9598,LeWM (5-action replanning),25,5
pusht,140,280,103,prefix_a,released_raw,ap-fresh-pusht-103,False,280,56,8400,2520000,26194331,"{""initial_success"": false, ""success"": false, ""terminal_without_success"": false, ""category"": ""policy_entered"", ""primitive_steps"": 5}",106.2645,LeWM (5-action replanning),25,5
pusht,140,280,103,prefix_b,released_raw,ap-fresh-pusht-103,True,56,12,1800,540000,26194331,"{""initial_success"": false, ""success"": false, ""terminal_without_success"": false, ""category"": ""policy_entered"", ""primitive_steps"": 5}",25.9328,LeWM (5-action replanning),25,5
pusht,140,280,104,clean,released_raw,ap-fresh-pusht-104,False,280,56,8400,2520000,26195331,"{""initial_success"": false, ""success"": false, ""terminal_without_success"": false, ""category"": ""policy_entered"", ""primitive_steps"": 0}",104.6779,LeWM (5-action replanning),25,5
pusht,140,280,104,prefix_a,released_raw,ap-fresh-pusht-104,False,280,56,8400,2520000,26195331,"{""initial_success"": false, ""success"": false, ""terminal_without_success"": false, ""category"": ""policy_entered"", ""primitive_steps"": 5}",105.4405,LeWM (5-action replanning),25,5
pusht,140,280,104,prefix_b,released_raw,ap-fresh-pusht-104,True,56,12,1800,540000,26195331,"{""initial_success"": false, ""success"": false, ""terminal_without_success"": false, ""category"": ""policy_entered"", ""primitive_steps"": 5}",26.8106,LeWM (5-action replanning),25,5
pusht,140,280,105,clean,released_raw,ap-fresh-pusht-105,False,280,56,8400,2520000,26196331,"{""initial_success"": false, ""success"": false, ""terminal_without_success"": false, ""category"": ""policy_entered"", ""primitive_steps"": 0}",105.0083,LeWM (5-action replanning),25,5
pusht,140,280,105,prefix_a,released_raw,ap-fresh-pusht-105,False,280,56,8400,2520000,26196331,"{""initial_success"": false, ""success"": false, ""terminal_without_success"": false, ""category"": ""policy_entered"", ""primitive_steps"": 5}",105.0967,LeWM (5-action replanning),25,5
pusht,140,280,105,prefix_b,released_raw,ap-fresh-pusht-105,False,280,56,8400,2520000,26196331,"{""initial_success"": false, ""success"": false, ""terminal_without_success"": false, ""category"": ""policy_entered"", ""primitive_steps"": 5}",110.985,LeWM (5-action replanning),25,5
pusht,140,280,106,clean,released_raw,ap-fresh-pusht-106,False,280,56,8400,2520000,26197331,"{""initial_success"": false, ""success"": false, ""terminal_without_success"": false, ""category"": ""policy_entered"", ""primitive_steps"": 0}",109.0964,LeWM (5-action replanning),25,5
pusht,140,280,106,prefix_a,released_raw,ap-fresh-pusht-106,False,280,56,8400,2520000,26197331,"{""initial_success"": false, ""success"": false, ""terminal_without_success"": false, ""category"": ""policy_entered"", ""primitive_steps"": 5}",110.7642,LeWM (5-action replanning),25,5
pusht,140,280,106,prefix_b,released_raw,ap-fresh-pusht-106,False,280,56,8400,2520000,26197331,"{""initial_success"": false, ""success"": false, ""terminal_without_success"": false, ""category"": ""policy_entered"", ""primitive_steps"": 5}",107.4682,LeWM (5-action replanning),25,5
pusht,140,280,107,clean,released_raw,ap-fresh-pusht-107,False,280,56,8400,2520000,26198331,"{""initial_success"": false, ""success"": false, ""terminal_without_success"": false, ""category"": ""policy_entered"", ""primitive_steps"": 0}",109.753,LeWM (5-action replanning),25,5
pusht,140,280,107,prefix_a,released_raw,ap-fresh-pusht-107,False,280,56,8400,2520000,26198331,"{""initial_success"": false, ""success"": false, ""terminal_without_success"": false, ""category"": ""policy_entered"", ""primitive_steps"": 5}",108.3066,LeWM (5-action replanning),25,5
pusht,140,280,107,prefix_b,released_raw,ap-fresh-pusht-107,False,280,56,8400,2520000,26198331,"{""initial_success"": false, ""success"": false, ""terminal_without_success"": false, ""category"": ""policy_entered"", ""primitive_steps"": 5}",109.3155,LeWM (5-action replanning),25,5
pusht,140,280,108,clean,released_raw,ap-fresh-pusht-108,False,280,56,8400,2520000,26199331,"{""initial_success"": false, ""success"": false, ""terminal_without_success"": false, ""category"": ""policy_entered"", ""primitive_steps"": 0}",110.3569,LeWM (5-action replanning),25,5
pusht,140,280,108,prefix_a,released_raw,ap-fresh-pusht-108,True,185,37,5550,1665000,26199331,"{""initial_success"": false, ""success"": false, ""terminal_without_success"": false, ""category"": ""policy_entered"", ""primitive_steps"": 5}",72.6258,LeWM (5-action replanning),25,5
pusht,140,280,108,prefix_b,released_raw,ap-fresh-pusht-108,False,280,56,8400,2520000,26199331,"{""initial_success"": false, ""success"": false, ""terminal_without_success"": false, ""category"": ""policy_entered"", ""primitive_steps"": 5}",107.4616,LeWM (5-action replanning),25,5
pusht,140,280,109,clean,released_raw,ap-fresh-pusht-109,False,280,56,8400,2520000,26200331,"{""initial_success"": false, ""success"": false, ""terminal_without_success"": false, ""category"": ""policy_entered"", ""primitive_steps"": 0}",93.5013,LeWM (5-action replanning),25,5
pusht,140,280,109,prefix_a,released_raw,ap-fresh-pusht-109,False,280,56,8400,2520000,26200331,"{""initial_success"": false, ""success"": false, ""terminal_without_success"": false, ""category"": ""policy_entered"", ""primitive_steps"": 5}",92.5356,LeWM (5-action replanning),25,5
pusht,140,280,109,prefix_b,released_raw,ap-fresh-pusht-109,False,280,56,8400,2520000,26200331,"{""initial_success"": false, ""success"": false, ""terminal_without_success"": false, ""category"": ""policy_entered"", ""primitive_steps"": 5}",90.7119,LeWM (5-action replanning),25,5
pusht,140,280,110,clean,released_raw,ap-fresh-pusht-110,False,280,56,8400,2520000,26201331,"{""initial_success"": false, ""success"": false, ""terminal_without_success"": false, ""category"": ""policy_entered"", ""primitive_steps"": 0}",91.1919,LeWM (5-action replanning),25,5
pusht,140,280,110,prefix_a,released_raw,ap-fresh-pusht-110,False,280,56,8400,2520000,26201331,"{""initial_success"": false, ""success"": false, ""terminal_without_success"": false, ""category"": ""policy_entered"", ""primitive_steps"": 5}",90.656,LeWM (5-action replanning),25,5
pusht,140,280,110,prefix_b,released_raw,ap-fresh-pusht-110,False,280,56,8400,2520000,26201331,"{""initial_success"": false, ""success"": false, ""terminal_without_success"": false, ""category"": ""policy_entered"", ""primitive_steps"": 5}",90.5822,LeWM (5-action replanning),25,5
pusht,140,280,111,clean,released_raw,ap-fresh-pusht-111,False,280,56,8400,2520000,26202331,"{""initial_success"": false, ""success"": false, ""terminal_without_success"": false, ""category"": ""policy_entered"", ""primitive_steps"": 0}",90.7595,LeWM (5-action replanning),25,5
pusht,140,280,111,prefix_a,released_raw,ap-fresh-pusht-111,False,280,56,8400,2520000,26202331,"{""initial_success"": false, ""success"": false, ""terminal_without_success"": false, ""category"": ""policy_entered"", ""primitive_steps"": 5}",90.7286,LeWM (5-action replanning),25,5
pusht,140,280,111,prefix_b,released_raw,ap-fresh-pusht-111,False,280,56,8400,2520000,26202331,"{""initial_success"": false, ""success"": false, ""terminal_without_success"": false, ""category"": ""policy_entered"", ""primitive_steps"": 5}",93.4569,LeWM (5-action replanning),25,5
pusht,140,280,112,clean,released_raw,ap-fresh-pusht-112,False,280,56,8400,2520000,26203331,"{""initial_success"": false, ""success"": false, ""terminal_without_success"": false, ""category"": ""policy_entered"", ""primitive_steps"": 0}",91.8334,LeWM (5-action replanning),25,5
pusht,140,280,112,prefix_a,released_raw,ap-fresh-pusht-112,False,280,56,8400,2520000,26203331,"{""initial_success"": false, ""success"": false, ""terminal_without_success"": false, ""category"": ""policy_entered"", ""primitive_steps"": 5}",90.6395,LeWM (5-action replanning),25,5
pusht,140,280,112,prefix_b,released_raw,ap-fresh-pusht-112,False,280,56,8400,2520000,26203331,"{""initial_success"": false, ""success"": false, ""terminal_without_success"": false, ""category"": ""policy_entered"", ""primitive_steps"": 5}",90.6328,LeWM (5-action replanning),25,5
pusht,140,280,113,clean,released_raw,ap-fresh-pusht-113,False,280,56,8400,2520000,26204331,"{""initial_success"": false, ""success"": false, ""terminal_without_success"": false, ""category"": ""policy_entered"", ""primitive_steps"": 0}",90.5912,LeWM (5-action replanning),25,5
pusht,140,280,113,prefix_a,released_raw,ap-fresh-pusht-113,False,280,56,8400,2520000,26204331,"{""initial_success"": false, ""success"": false, ""terminal_without_success"": false, ""category"": ""policy_entered"", ""primitive_steps"": 5}",90.6461,LeWM (5-action replanning),25,5
pusht,140,280,113,prefix_b,released_raw,ap-fresh-pusht-113,False,280,56,8400,2520000,26204331,"{""initial_success"": false, ""success"": false, ""terminal_without_success"": false, ""category"": ""policy_entered"", ""primitive_steps"": 5}",90.6889,LeWM (5-action replanning),25,5
pusht,140,280,114,clean,released_raw,ap-fresh-pusht-114,False,280,56,8400,2520000,26205331,"{""initial_success"": false, ""success"": false, ""terminal_without_success"": false, ""category"": ""policy_entered"", ""primitive_steps"": 0}",90.6289,LeWM (5-action replanning),25,5
pusht,140,280,114,prefix_a,released_raw,ap-fresh-pusht-114,False,280,56,8400,2520000,26205331,"{""initial_success"": false, ""success"": false, ""terminal_without_success"": false, ""category"": ""policy_entered"", ""primitive_steps"": 5}",90.6541,LeWM (5-action replanning),25,5
pusht,140,280,114,prefix_b,released_raw,ap-fresh-pusht-114,False,280,56,8400,2520000,26205331,"{""initial_success"": false, ""success"": false, ""terminal_without_success"": false, ""category"": ""policy_entered"", ""primitive_steps"": 5}",90.6829,LeWM (5-action replanning),25,5
pusht,140,280,115,clean,released_raw,ap-fresh-pusht-115,True,20,4,600,180000,26206331,"{""initial_success"": false, ""success"": false, ""terminal_without_success"": false, ""category"": ""policy_entered"", ""primitive_steps"": 0}",6.4828,LeWM (5-action replanning),25,5
pusht,140,280,115,prefix_a,released_raw,ap-fresh-pusht-115,False,280,56,8400,2520000,26206331,"{""initial_success"": false, ""success"": false, ""terminal_without_success"": false, ""category"": ""policy_entered"", ""primitive_steps"": 5}",90.5537,LeWM (5-action replanning),25,5
pusht,140,280,115,prefix_b,released_raw,ap-fresh-pusht-115,True,28,6,900,270000,26206331,"{""initial_success"": false, ""success"": false, ""terminal_without_success"": false, ""category"": ""policy_entered"", ""primitive_steps"": 5}",9.665,LeWM (5-action replanning),25,5
pusht,140,280,116,clean,released_raw,ap-fresh-pusht-116,False,280,56,8400,2520000,26207331,"{""initial_success"": false, ""success"": false, ""terminal_without_success"": false, ""category"": ""policy_entered"", ""primitive_steps"": 0}",90.698,LeWM (5-action replanning),25,5
pusht,140,280,116,prefix_a,released_raw,ap-fresh-pusht-116,False,280,56,8400,2520000,26207331,"{""initial_success"": false, ""success"": false, ""terminal_without_success"": false, ""category"": ""policy_entered"", ""primitive_steps"": 5}",90.5935,LeWM (5-action replanning),25,5
pusht,140,280,116,prefix_b,released_raw,ap-fresh-pusht-116,False,280,56,8400,2520000,26207331,"{""initial_success"": false, ""success"": false, ""terminal_without_success"": false, ""category"": ""policy_entered"", ""primitive_steps"": 5}",90.1644,LeWM (5-action replanning),25,5
pusht,140,280,117,clean,released_raw,ap-fresh-pusht-117,False,280,56,8400,2520000,26208331,"{""initial_success"": false, ""success"": false, ""terminal_without_success"": false, ""category"": ""policy_entered"", ""primitive_steps"": 0}",90.5964,LeWM (5-action replanning),25,5
pusht,140,280,117,prefix_a,released_raw,ap-fresh-pusht-117,False,280,56,8400,2520000,26208331,"{""initial_success"": false, ""success"": false, ""terminal_without_success"": false, ""category"": ""policy_entered"", ""primitive_steps"": 5}",90.4873,LeWM (5-action replanning),25,5
pusht,140,280,117,prefix_b,released_raw,ap-fresh-pusht-117,False,280,56,8400,2520000,26208331,"{""initial_success"": false, ""success"": false, ""terminal_without_success"": false, ""category"": ""policy_entered"", ""primitive_steps"": 5}",90.4998,LeWM (5-action replanning),25,5
pusht,140,280,118,clean,released_raw,ap-fresh-pusht-118,False,280,56,8400,2520000,26209331,"{""initial_success"": false, ""success"": false, ""terminal_without_success"": false, ""category"": ""policy_entered"", ""primitive_steps"": 0}",90.5849,LeWM (5-action replanning),25,5
pusht,140,280,118,prefix_a,released_raw,ap-fresh-pusht-118,False,280,56,8400,2520000,26209331,"{""initial_success"": false, ""success"": false, ""terminal_without_success"": false, ""category"": ""policy_entered"", ""primitive_steps"": 5}",90.4567,LeWM (5-action replanning),25,5
pusht,140,280,118,prefix_b,released_raw,ap-fresh-pusht-118,False,280,56,8400,2520000,26209331,"{""initial_success"": false, ""success"": false, ""terminal_without_success"": false, ""category"": ""policy_entered"", ""primitive_steps"": 5}",90.0387,LeWM (5-action replanning),25,5
pusht,140,280,119,clean,released_raw,ap-fresh-pusht-119,False,280,56,8400,2520000,26210331,"{""initial_success"": false, ""success"": false, ""terminal_without_success"": false, ""category"": ""policy_entered"", ""primitive_steps"": 0}",105.1366,LeWM (5-action replanning),25,5
pusht,140,280,119,prefix_a,released_raw,ap-fresh-pusht-119,False,280,56,8400,2520000,26210331,"{""initial_success"": false, ""success"": false, ""terminal_without_success"": false, ""category"": ""policy_entered"", ""primitive_steps"": 5}",96.1606,LeWM (5-action replanning),25,5
pusht,140,280,119,prefix_b,released_raw,ap-fresh-pusht-119,False,280,56,8400,2520000,26210331,"{""initial_success"": false, ""success"": false, ""terminal_without_success"": false, ""category"": ""policy_entered"", ""primitive_steps"": 5}",90.5354,LeWM (5-action replanning),25,5
pusht,140,280,120,clean,released_raw,ap-fresh-pusht-120,False,280,56,8400,2520000,26211331,"{""initial_success"": false, ""success"": false, ""terminal_without_success"": false, ""category"": ""policy_entered"", ""primitive_steps"": 0}",90.5862,LeWM (5-action replanning),25,5
pusht,140,280,120,prefix_a,released_raw,ap-fresh-pusht-120,True,59,12,1800,540000,26211331,"{""initial_success"": false, ""success"": false, ""terminal_without_success"": false, ""category"": ""policy_entered"", ""primitive_steps"": 5}",19.5111,LeWM (5-action replanning),25,5
pusht,140,280,120,prefix_b,released_raw,ap-fresh-pusht-120,False,280,56,8400,2520000,26211331,"{""initial_success"": false, ""success"": false, ""terminal_without_success"": false, ""category"": ""policy_entered"", ""primitive_steps"": 5}",89.9363,LeWM (5-action replanning),25,5
pusht,140,280,121,clean,released_raw,ap-fresh-pusht-121,False,280,56,8400,2520000,26212331,"{""initial_success"": false, ""success"": false, ""terminal_without_success"": false, ""category"": ""policy_entered"", ""primitive_steps"": 0}",97.485,LeWM (5-action replanning),25,5
pusht,140,280,121,prefix_a,released_raw,ap-fresh-pusht-121,False,280,56,8400,2520000,26212331,"{""initial_success"": false, ""success"": false, ""terminal_without_success"": false, ""category"": ""policy_entered"", ""primitive_steps"": 5}",110.3393,LeWM (5-action replanning),25,5
pusht,140,280,121,prefix_b,released_raw,ap-fresh-pusht-121,False,280,56,8400,2520000,26212331,"{""initial_success"": false, ""success"": false, ""terminal_without_success"": false, ""category"": ""policy_entered"", ""primitive_steps"": 5}",102.6122,LeWM (5-action replanning),25,5
pusht,140,280,122,clean,released_raw,ap-fresh-pusht-122,False,280,56,8400,2520000,26213331,"{""initial_success"": false, ""success"": false, ""terminal_without_success"": false, ""category"": ""policy_entered"", ""primitive_steps"": 0}",103.6151,LeWM (5-action replanning),25,5
pusht,140,280,122,prefix_a,released_raw,ap-fresh-pusht-122,False,280,56,8400,2520000,26213331,"{""initial_success"": false, ""success"": false, ""terminal_without_success"": false, ""category"": ""policy_entered"", ""primitive_steps"": 5}",103.3113,LeWM (5-action replanning),25,5
pusht,140,280,122,prefix_b,released_raw,ap-fresh-pusht-122,False,280,56,8400,2520000,26213331,"{""initial_success"": false, ""success"": false, ""terminal_without_success"": false, ""category"": ""policy_entered"", ""primitive_steps"": 5}",110.1123,LeWM (5-action replanning),25,5
pusht,140,280,123,clean,released_raw,ap-fresh-pusht-123,False,280,56,8400,2520000,26214331,"{""initial_success"": false, ""success"": false, ""terminal_without_success"": false, ""category"": ""policy_entered"", ""primitive_steps"": 0}",108.6142,LeWM (5-action replanning),25,5
pusht,140,280,123,prefix_a,released_raw,ap-fresh-pusht-123,False,280,56,8400,2520000,26214331,"{""initial_success"": false, ""success"": false, ""terminal_without_success"": false, ""category"": ""policy_entered"", ""primitive_steps"": 5}",103.4416,LeWM (5-action replanning),25,5
pusht,140,280,123,prefix_b,released_raw,ap-fresh-pusht-123,False,280,56,8400,2520000,26214331,"{""initial_success"": false, ""success"": false, ""terminal_without_success"": false, ""category"": ""policy_entered"", ""primitive_steps"": 5}",92.2117,LeWM (5-action replanning),25,5
pusht,140,280,124,clean,released_raw,ap-fresh-pusht-124,False,280,56,8400,2520000,26215331,"{""initial_success"": false, ""success"": false, ""terminal_without_success"": false, ""category"": ""policy_entered"", ""primitive_steps"": 0}",90.5449,LeWM (5-action replanning),25,5
pusht,140,280,124,prefix_a,released_raw,ap-fresh-pusht-124,False,280,56,8400,2520000,26215331,"{""initial_success"": false, ""success"": false, ""terminal_without_success"": false, ""category"": ""policy_entered"", ""primitive_steps"": 5}",90.6861,LeWM (5-action replanning),25,5
pusht,140,280,124,prefix_b,released_raw,ap-fresh-pusht-124,False,280,56,8400,2520000,26215331,"{""initial_success"": false, ""success"": false, ""terminal_without_success"": false, ""category"": ""policy_entered"", ""primitive_steps"": 5}",91.8782,LeWM (5-action replanning),25,5
pusht,140,280,125,clean,released_raw,ap-fresh-pusht-125,False,280,56,8400,2520000,26216331,"{""initial_success"": false, ""success"": false, ""terminal_without_success"": false, ""category"": ""policy_entered"", ""primitive_steps"": 0}",90.0748,LeWM (5-action replanning),25,5
pusht,140,280,125,prefix_a,released_raw,ap-fresh-pusht-125,False,280,56,8400,2520000,26216331,"{""initial_success"": false, ""success"": false, ""terminal_without_success"": false, ""category"": ""policy_entered"", ""primitive_steps"": 5}",90.6843,LeWM (5-action replanning),25,5
pusht,140,280,125,prefix_b,released_raw,ap-fresh-pusht-125,False,280,56,8400,2520000,26216331,"{""initial_success"": false, ""success"": false, ""terminal_without_success"": false, ""category"": ""policy_entered"", ""primitive_steps"": 5}",90.7599,LeWM (5-action replanning),25,5
pusht,140,280,126,clean,released_raw,ap-fresh-pusht-126,False,280,56,8400,2520000,26217331,"{""initial_success"": false, ""success"": false, ""terminal_without_success"": false, ""category"": ""policy_entered"", ""primitive_steps"": 0}",90.5902,LeWM (5-action replanning),25,5
pusht,140,280,126,prefix_a,released_raw,ap-fresh-pusht-126,False,280,56,8400,2520000,26217331,"{""initial_success"": false, ""success"": false, ""terminal_without_success"": false, ""category"": ""policy_entered"", ""primitive_steps"": 5}",90.7142,LeWM (5-action replanning),25,5
pusht,140,280,126,prefix_b,released_raw,ap-fresh-pusht-126,False,280,56,8400,2520000,26217331,"{""initial_success"": false, ""success"": false, ""terminal_without_success"": false, ""category"": ""policy_entered"", ""primitive_steps"": 5}",90.793,LeWM (5-action replanning),25,5
pusht,140,280,127,clean,released_raw,ap-fresh-pusht-127,False,280,56,8400,2520000,26218331,"{""initial_success"": false, ""success"": false, ""terminal_without_success"": false, ""category"": ""policy_entered"", ""primitive_steps"": 0}",91.0134,LeWM (5-action replanning),25,5
pusht,140,280,127,prefix_a,released_raw,ap-fresh-pusht-127,False,280,56,8400,2520000,26218331,"{""initial_success"": false, ""success"": false, ""terminal_without_success"": false, ""category"": ""policy_entered"", ""primitive_steps"": 5}",91.2204,LeWM (5-action replanning),25,5
pusht,140,280,127,prefix_b,released_raw,ap-fresh-pusht-127,False,280,56,8400,2520000,26218331,"{""initial_success"": false, ""success"": false, ""terminal_without_success"": false, ""category"": ""policy_entered"", ""primitive_steps"": 5}",96.2319,LeWM (5-action replanning),25,5
reacher,150,300,0,clean,released_raw,ap-fresh-reacher-000,True,33,7,1050,315000,27091351,"{""initial_success"": false, ""success"": false, ""terminal_without_success"": false, ""category"": ""policy_entered"", ""primitive_steps"": 0}",13.4752,LeWM (5-action replanning),25,5
reacher,150,300,0,prefix_a,released_raw,ap-fresh-reacher-000,True,112,23,3450,1035000,27091351,"{""initial_success"": false, ""success"": false, ""terminal_without_success"": false, ""category"": ""policy_entered"", ""primitive_steps"": 5}",36.6726,LeWM (5-action replanning),25,5
reacher,150,300,0,prefix_b,released_raw,ap-fresh-reacher-000,True,96,20,3000,900000,27091351,"{""initial_success"": false, ""success"": false, ""terminal_without_success"": false, ""category"": ""policy_entered"", ""primitive_steps"": 5}",31.6961,LeWM (5-action replanning),25,5
reacher,150,300,1,clean,released_raw,ap-fresh-reacher-001,True,83,17,2550,765000,27092351,"{""initial_success"": false, ""success"": false, ""terminal_without_success"": false, ""category"": ""policy_entered"", ""primitive_steps"": 0}",29.4059,LeWM (5-action replanning),25,5
reacher,150,300,1,prefix_a,released_raw,ap-fresh-reacher-001,True,166,34,5100,1530000,27092351,"{""initial_success"": false, ""success"": false, ""terminal_without_success"": false, ""category"": ""policy_entered"", ""primitive_steps"": 5}",53.6375,LeWM (5-action replanning),25,5
reacher,150,300,1,prefix_b,released_raw,ap-fresh-reacher-001,True,83,17,2550,765000,27092351,"{""initial_success"": false, ""success"": false, ""terminal_without_success"": false, ""category"": ""policy_entered"", ""primitive_steps"": 5}",26.8101,LeWM (5-action replanning),25,5
reacher,150,300,2,clean,released_raw,ap-fresh-reacher-002,True,61,13,1950,585000,27093351,"{""initial_success"": false, ""success"": false, ""terminal_without_success"": false, ""category"": ""policy_entered"", ""primitive_steps"": 0}",23.052,LeWM (5-action replanning),25,5
reacher,150,300,2,prefix_a,released_raw,ap-fresh-reacher-002,True,37,8,1200,360000,27093351,"{""initial_success"": false, ""success"": false, ""terminal_without_success"": false, ""category"": ""policy_entered"", ""primitive_steps"": 5}",12.6347,LeWM (5-action replanning),25,5
reacher,150,300,2,prefix_b,released_raw,ap-fresh-reacher-002,True,259,52,7800,2340000,27093351,"{""initial_success"": false, ""success"": false, ""terminal_without_success"": false, ""category"": ""policy_entered"", ""primitive_steps"": 5}",81.8252,LeWM (5-action replanning),25,5
reacher,150,300,3,clean,released_raw,ap-fresh-reacher-003,False,300,60,9000,2700000,27094351,"{""initial_success"": false, ""success"": false, ""terminal_without_success"": false, ""category"": ""policy_entered"", ""primitive_steps"": 0}",107.3295,LeWM (5-action replanning),25,5
reacher,150,300,3,prefix_a,released_raw,ap-fresh-reacher-003,False,300,60,9000,2700000,27094351,"{""initial_success"": false, ""success"": false, ""terminal_without_success"": false, ""category"": ""policy_entered"", ""primitive_steps"": 5}",94.4045,LeWM (5-action replanning),25,5
reacher,150,300,3,prefix_b,released_raw,ap-fresh-reacher-003,True,130,26,3900,1170000,27094351,"{""initial_success"": false, ""success"": false, ""terminal_without_success"": false, ""category"": ""policy_entered"", ""primitive_steps"": 5}",40.8725,LeWM (5-action replanning),25,5
reacher,150,300,4,clean,released_raw,ap-fresh-reacher-004,True,150,30,4500,1350000,27095351,"{""initial_success"": false, ""success"": false, ""terminal_without_success"": false, ""category"": ""policy_entered"", ""primitive_steps"": 0}",47.4071,LeWM (5-action replanning),25,5
reacher,150,300,4,prefix_a,released_raw,ap-fresh-reacher-004,True,39,8,1200,360000,27095351,"{""initial_success"": false, ""success"": false, ""terminal_without_success"": false, ""category"": ""policy_entered"", ""primitive_steps"": 5}",12.6235,LeWM (5-action replanning),25,5
reacher,150,300,4,prefix_b,released_raw,ap-fresh-reacher-004,True,150,30,4500,1350000,27095351,"{""initial_success"": false, ""success"": false, ""terminal_without_success"": false, ""category"": ""policy_entered"", ""primitive_steps"": 5}",47.9777,LeWM (5-action replanning),25,5
reacher,150,300,5,clean,released_raw,ap-fresh-reacher-005,True,222,45,6750,2025000,27096351,"{""initial_success"": false, ""success"": false, ""terminal_without_success"": false, ""category"": ""policy_entered"", ""primitive_steps"": 0}",71.8917,LeWM (5-action replanning),25,5
reacher,150,300,5,prefix_a,released_raw,ap-fresh-reacher-005,False,300,60,9000,2700000,27096351,"{""initial_success"": false, ""success"": false, ""terminal_without_success"": false, ""category"": ""policy_entered"", ""primitive_steps"": 5}",95.9271,LeWM (5-action replanning),25,5
reacher,150,300,5,prefix_b,released_raw,ap-fresh-reacher-005,False,300,60,9000,2700000,27096351,"{""initial_success"": false, ""success"": false, ""terminal_without_success"": false, ""category"": ""policy_entered"", ""primitive_steps"": 5}",95.9243,LeWM (5-action replanning),25,5
reacher,150,300,6,clean,released_raw,ap-fresh-reacher-006,True,2,1,150,45000,27097351,"{""initial_success"": false, ""success"": false, ""terminal_without_success"": false, ""category"": ""policy_entered"", ""primitive_steps"": 0}",1.616,LeWM (5-action replanning),25,5
reacher,150,300,6,prefix_a,released_raw,ap-fresh-reacher-006,True,0,0,0,0,27097351,"{""initial_success"": false, ""success"": true, ""terminal_without_success"": false, ""category"": ""prelude_success"", ""primitive_steps"": 3}",0.0066,LeWM (5-action replanning),25,5
reacher,150,300,6,prefix_b,released_raw,ap-fresh-reacher-006,True,43,9,1350,405000,27097351,"{""initial_success"": false, ""success"": false, ""terminal_without_success"": false, ""category"": ""policy_entered"", ""primitive_steps"": 5}",14.3831,LeWM (5-action replanning),25,5
reacher,150,300,7,clean,released_raw,ap-fresh-reacher-007,True,137,28,4200,1260000,27098351,"{""initial_success"": false, ""success"": false, ""terminal_without_success"": false, ""category"": ""policy_entered"", ""primitive_steps"": 0}",45.3348,LeWM (5-action replanning),25,5
reacher,150,300,7,prefix_a,released_raw,ap-fresh-reacher-007,True,121,25,3750,1125000,27098351,"{""initial_success"": false, ""success"": false, ""terminal_without_success"": false, ""category"": ""policy_entered"", ""primitive_steps"": 5}",39.9093,LeWM (5-action replanning),25,5
reacher,150,300,7,prefix_b,released_raw,ap-fresh-reacher-007,True,120,24,3600,1080000,27098351,"{""initial_success"": false, ""success"": false, ""terminal_without_success"": false, ""category"": ""policy_entered"", ""primitive_steps"": 5}",38.0521,LeWM (5-action replanning),25,5
reacher,150,300,8,clean,released_raw,ap-fresh-reacher-008,True,81,17,2550,765000,27099351,"{""initial_success"": false, ""success"": false, ""terminal_without_success"": false, ""category"": ""policy_entered"", ""primitive_steps"": 0}",27.5665,LeWM (5-action replanning),25,5
reacher,150,300,8,prefix_a,released_raw,ap-fresh-reacher-008,True,82,17,2550,765000,27099351,"{""initial_success"": false, ""success"": false, ""terminal_without_success"": false, ""category"": ""policy_entered"", ""primitive_steps"": 5}",27.489,LeWM (5-action replanning),25,5
reacher,150,300,8,prefix_b,released_raw,ap-fresh-reacher-008,True,46,10,1500,450000,27099351,"{""initial_success"": false, ""success"": false, ""terminal_without_success"": false, ""category"": ""policy_entered"", ""primitive_steps"": 5}",16.2488,LeWM (5-action replanning),25,5
reacher,150,300,9,clean,released_raw,ap-fresh-reacher-009,True,290,58,8700,2610000,27100351,"{""initial_success"": false, ""success"": false, ""terminal_without_success"": false, ""category"": ""policy_entered"", ""primitive_steps"": 0}",92.8892,LeWM (5-action replanning),25,5
reacher,150,300,9,prefix_a,released_raw,ap-fresh-reacher-009,True,290,58,8700,2610000,27100351,"{""initial_success"": false, ""success"": false, ""terminal_without_success"": false, ""category"": ""policy_entered"", ""primitive_steps"": 5}",92.824,LeWM (5-action replanning),25,5
reacher,150,300,9,prefix_b,released_raw,ap-fresh-reacher-009,True,190,38,5700,1710000,27100351,"{""initial_success"": false, ""success"": false, ""terminal_without_success"": false, ""category"": ""policy_entered"", ""primitive_steps"": 5}",60.1433,LeWM (5-action replanning),25,5
reacher,150,300,10,clean,released_raw,ap-fresh-reacher-010,True,221,45,6750,2025000,27101351,"{""initial_success"": false, ""success"": false, ""terminal_without_success"": false, ""category"": ""policy_entered"", ""primitive_steps"": 0}",71.5617,LeWM (5-action replanning),25,5
reacher,150,300,10,prefix_a,released_raw,ap-fresh-reacher-010,True,204,41,6150,1845000,27101351,"{""initial_success"": false, ""success"": false, ""terminal_without_success"": false, ""category"": ""policy_entered"", ""primitive_steps"": 5}",64.6346,LeWM (5-action replanning),25,5
reacher,150,300,10,prefix_b,released_raw,ap-fresh-reacher-010,True,212,43,6450,1935000,27101351,"{""initial_success"": false, ""success"": false, ""terminal_without_success"": false, ""category"": ""policy_entered"", ""primitive_steps"": 5}",67.6121,LeWM (5-action replanning),25,5
reacher,150,300,11,clean,released_raw,ap-fresh-reacher-011,True,276,56,8400,2520000,27102351,"{""initial_success"": false, ""success"": false, ""terminal_without_success"": false, ""category"": ""policy_entered"", ""primitive_steps"": 0}",88.0993,LeWM (5-action replanning),25,5
reacher,150,300,11,prefix_a,released_raw,ap-fresh-reacher-011,True,63,13,1950,585000,27102351,"{""initial_success"": false, ""success"": false, ""terminal_without_success"": false, ""category"": ""policy_entered"", ""primitive_steps"": 5}",20.9738,LeWM (5-action replanning),25,5
reacher,150,300,11,prefix_b,released_raw,ap-fresh-reacher-011,False,300,60,9000,2700000,27102351,"{""initial_success"": false, ""success"": false, ""terminal_without_success"": false, ""category"": ""policy_entered"", ""primitive_steps"": 5}",96.2233,LeWM (5-action replanning),25,5
reacher,150,300,12,clean,released_raw,ap-fresh-reacher-012,True,55,11,1650,495000,27103351,"{""initial_success"": false, ""success"": false, ""terminal_without_success"": false, ""category"": ""policy_entered"", ""primitive_steps"": 0}",17.588,LeWM (5-action replanning),25,5
reacher,150,300,12,prefix_a,released_raw,ap-fresh-reacher-012,True,29,6,900,270000,27103351,"{""initial_success"": false, ""success"": false, ""terminal_without_success"": false, ""category"": ""policy_entered"", ""primitive_steps"": 5}",9.6664,LeWM (5-action replanning),25,5
reacher,150,300,12,prefix_b,released_raw,ap-fresh-reacher-012,True,7,2,300,90000,27103351,"{""initial_success"": false, ""success"": false, ""terminal_without_success"": false, ""category"": ""policy_entered"", ""primitive_steps"": 5}",3.2192,LeWM (5-action replanning),25,5
reacher,150,300,13,clean,released_raw,ap-fresh-reacher-013,True,62,13,1950,585000,27104351,"{""initial_success"": false, ""success"": false, ""terminal_without_success"": false, ""category"": ""policy_entered"", ""primitive_steps"": 0}",20.7549,LeWM (5-action replanning),25,5
reacher,150,300,13,prefix_a,released_raw,ap-fresh-reacher-013,True,41,9,1350,405000,27104351,"{""initial_success"": false, ""success"": false, ""terminal_without_success"": false, ""category"": ""policy_entered"", ""primitive_steps"": 5}",14.5778,LeWM (5-action replanning),25,5
reacher,150,300,13,prefix_b,released_raw,ap-fresh-reacher-013,True,56,12,1800,540000,27104351,"{""initial_success"": false, ""success"": false, ""terminal_without_success"": false, ""category"": ""policy_entered"", ""primitive_steps"": 5}",19.4138,LeWM (5-action replanning),25,5
reacher,150,300,14,clean,released_raw,ap-fresh-reacher-014,False,300,60,9000,2700000,27105351,"{""initial_success"": false, ""success"": false, ""terminal_without_success"": false, ""category"": ""policy_entered"", ""primitive_steps"": 0}",95.8428,LeWM (5-action replanning),25,5
reacher,150,300,14,prefix_a,released_raw,ap-fresh-reacher-014,False,300,60,9000,2700000,27105351,"{""initial_success"": false, ""success"": false, ""terminal_without_success"": false, ""category"": ""policy_entered"", ""primitive_steps"": 5}",95.7273,LeWM (5-action replanning),25,5
reacher,150,300,14,prefix_b,released_raw,ap-fresh-reacher-014,False,300,60,9000,2700000,27105351,"{""initial_success"": false, ""success"": false, ""terminal_without_success"": false, ""category"": ""policy_entered"", ""primitive_steps"": 5}",95.5612,LeWM (5-action replanning),25,5
reacher,150,300,15,clean,released_raw,ap-fresh-reacher-015,True,69,14,2100,630000,27106351,"{""initial_success"": false, ""success"": false, ""terminal_without_success"": false, ""category"": ""policy_entered"", ""primitive_steps"": 0}",22.4437,LeWM (5-action replanning),25,5
reacher,150,300,15,prefix_a,released_raw,ap-fresh-reacher-015,True,162,33,4950,1485000,27106351,"{""initial_success"": false, ""success"": false, ""terminal_without_success"": false, ""category"": ""policy_entered"", ""primitive_steps"": 5}",52.8552,LeWM (5-action replanning),25,5
reacher,150,300,15,prefix_b,released_raw,ap-fresh-reacher-015,True,164,33,4950,1485000,27106351,"{""initial_success"": false, ""success"": false, ""terminal_without_success"": false, ""category"": ""policy_entered"", ""primitive_steps"": 5}",52.6671,LeWM (5-action replanning),25,5
reacher,150,300,16,clean,released_raw,ap-fresh-reacher-016,False,300,60,9000,2700000,27107351,"{""initial_success"": false, ""success"": false, ""terminal_without_success"": false, ""category"": ""policy_entered"", ""primitive_steps"": 0}",95.1948,LeWM (5-action replanning),25,5
reacher,150,300,16,prefix_a,released_raw,ap-fresh-reacher-016,False,300,60,9000,2700000,27107351,"{""initial_success"": false, ""success"": false, ""terminal_without_success"": false, ""category"": ""policy_entered"", ""primitive_steps"": 5}",96.7248,LeWM (5-action replanning),25,5
reacher,150,300,16,prefix_b,released_raw,ap-fresh-reacher-016,True,214,43,6450,1935000,27107351,"{""initial_success"": false, ""success"": false, ""terminal_without_success"": false, ""category"": ""policy_entered"", ""primitive_steps"": 5}",69.6227,LeWM (5-action replanning),25,5
reacher,150,300,17,clean,released_raw,ap-fresh-reacher-017,True,47,10,1500,450000,27108351,"{""initial_success"": false, ""success"": false, ""terminal_without_success"": false, ""category"": ""policy_entered"", ""primitive_steps"": 0}",15.7739,LeWM (5-action replanning),25,5
reacher,150,300,17,prefix_a,released_raw,ap-fresh-reacher-017,True,53,11,1650,495000,27108351,"{""initial_success"": false, ""success"": false, ""terminal_without_success"": false, ""category"": ""policy_entered"", ""primitive_steps"": 5}",17.2433,LeWM (5-action replanning),25,5
reacher,150,300,17,prefix_b,released_raw,ap-fresh-reacher-017,True,89,18,2700,810000,27108351,"{""initial_success"": false, ""success"": false, ""terminal_without_success"": false, ""category"": ""policy_entered"", ""primitive_steps"": 5}",27.7712,LeWM (5-action replanning),25,5
reacher,150,300,18,clean,released_raw,ap-fresh-reacher-018,True,102,21,3150,945000,27109351,"{""initial_success"": false, ""success"": false, ""terminal_without_success"": false, ""category"": ""policy_entered"", ""primitive_steps"": 0}",33.0657,LeWM (5-action replanning),25,5
reacher,150,300,18,prefix_a,released_raw,ap-fresh-reacher-018,True,266,54,8100,2430000,27109351,"{""initial_success"": false, ""success"": false, ""terminal_without_success"": false, ""category"": ""policy_entered"", ""primitive_steps"": 5}",85.9076,LeWM (5-action replanning),25,5
reacher,150,300,18,prefix_b,released_raw,ap-fresh-reacher-018,True,132,27,4050,1215000,27109351,"{""initial_success"": false, ""success"": false, ""terminal_without_success"": false, ""category"": ""policy_entered"", ""primitive_steps"": 5}",43.4793,LeWM (5-action replanning),25,5
reacher,150,300,19,clean,released_raw,ap-fresh-reacher-019,False,300,60,9000,2700000,27110351,"{""initial_success"": false, ""success"": false, ""terminal_without_success"": false, ""category"": ""policy_entered"", ""primitive_steps"": 0}",96.2316,LeWM (5-action replanning),25,5
reacher,150,300,19,prefix_a,released_raw,ap-fresh-reacher-019,True,218,44,6600,1980000,27110351,"{""initial_success"": false, ""success"": false, ""terminal_without_success"": false, ""category"": ""policy_entered"", ""primitive_steps"": 5}",70.0551,LeWM (5-action replanning),25,5
reacher,150,300,19,prefix_b,released_raw,ap-fresh-reacher-019,True,22,5,750,225000,27110351,"{""initial_success"": false, ""success"": false, ""terminal_without_success"": false, ""category"": ""policy_entered"", ""primitive_steps"": 5}",8.0252,LeWM (5-action replanning),25,5
reacher,150,300,20,clean,released_raw,ap-fresh-reacher-020,True,34,7,1050,315000,27111351,"{""initial_success"": false, ""success"": false, ""terminal_without_success"": false, ""category"": ""policy_entered"", ""primitive_steps"": 0}",11.1751,LeWM (5-action replanning),25,5
reacher,150,300,20,prefix_a,released_raw,ap-fresh-reacher-020,True,25,5,750,225000,27111351,"{""initial_success"": false, ""success"": false, ""terminal_without_success"": false, ""category"": ""policy_entered"", ""primitive_steps"": 5}",8.0733,LeWM (5-action replanning),25,5
reacher,150,300,20,prefix_b,released_raw,ap-fresh-reacher-020,True,27,6,900,270000,27111351,"{""initial_success"": false, ""success"": false, ""terminal_without_success"": false, ""category"": ""policy_entered"", ""primitive_steps"": 5}",9.6428,LeWM (5-action replanning),25,5
reacher,150,300,21,clean,released_raw,ap-fresh-reacher-021,True,141,29,4350,1305000,27112351,"{""initial_success"": false, ""success"": false, ""terminal_without_success"": false, ""category"": ""policy_entered"", ""primitive_steps"": 0}",46.5046,LeWM (5-action replanning),25,5
reacher,150,300,21,prefix_a,released_raw,ap-fresh-reacher-021,True,76,16,2400,720000,27112351,"{""initial_success"": false, ""success"": false, ""terminal_without_success"": false, ""category"": ""policy_entered"", ""primitive_steps"": 5}",25.6019,LeWM (5-action replanning),25,5
reacher,150,300,21,prefix_b,released_raw,ap-fresh-reacher-021,True,71,15,2250,675000,27112351,"{""initial_success"": false, ""success"": false, ""terminal_without_success"": false, ""category"": ""policy_entered"", ""primitive_steps"": 5}",24.0362,LeWM (5-action replanning),25,5
reacher,150,300,22,clean,released_raw,ap-fresh-reacher-022,True,118,24,3600,1080000,27113351,"{""initial_success"": false, ""success"": false, ""terminal_without_success"": false, ""category"": ""policy_entered"", ""primitive_steps"": 0}",38.0194,LeWM (5-action replanning),25,5
reacher,150,300,22,prefix_a,released_raw,ap-fresh-reacher-022,True,88,18,2700,810000,27113351,"{""initial_success"": false, ""success"": false, ""terminal_without_success"": false, ""category"": ""policy_entered"", ""primitive_steps"": 5}",28.8191,LeWM (5-action replanning),25,5
reacher,150,300,22,prefix_b,released_raw,ap-fresh-reacher-022,True,121,25,3750,1125000,27113351,"{""initial_success"": false, ""success"": false, ""terminal_without_success"": false, ""category"": ""policy_entered"", ""primitive_steps"": 5}",40.1053,LeWM (5-action replanning),25,5
reacher,150,300,23,clean,released_raw,ap-fresh-reacher-023,True,88,18,2700,810000,27114351,"{""initial_success"": false, ""success"": false, ""terminal_without_success"": false, ""category"": ""policy_entered"", ""primitive_steps"": 0}",28.6967,LeWM (5-action replanning),25,5
reacher,150,300,23,prefix_a,released_raw,ap-fresh-reacher-023,True,36,8,1200,360000,27114351,"{""initial_success"": false, ""success"": false, ""terminal_without_success"": false, ""category"": ""policy_entered"", ""primitive_steps"": 5}",12.9506,LeWM (5-action replanning),25,5
reacher,150,300,23,prefix_b,released_raw,ap-fresh-reacher-023,True,274,55,8250,2475000,27114351,"{""initial_success"": false, ""success"": false, ""terminal_without_success"": false, ""category"": ""policy_entered"", ""primitive_steps"": 5}",88.3067,LeWM (5-action replanning),25,5
reacher,150,300,24,clean,released_raw,ap-fresh-reacher-024,True,43,9,1350,405000,27115351,"{""initial_success"": false, ""success"": false, ""terminal_without_success"": false, ""category"": ""policy_entered"", ""primitive_steps"": 0}",14.4742,LeWM (5-action replanning),25,5
reacher,150,300,24,prefix_a,released_raw,ap-fresh-reacher-024,True,35,7,1050,315000,27115351,"{""initial_success"": false, ""success"": false, ""terminal_without_success"": false, ""category"": ""policy_entered"", ""primitive_steps"": 5}",11.3586,LeWM (5-action replanning),25,5
reacher,150,300,24,prefix_b,released_raw,ap-fresh-reacher-024,True,116,24,3600,1080000,27115351,"{""initial_success"": false, ""success"": false, ""terminal_without_success"": false, ""category"": ""policy_entered"", ""primitive_steps"": 5}",38.2455,LeWM (5-action replanning),25,5
reacher,150,300,25,clean,released_raw,ap-fresh-reacher-025,True,136,28,4200,1260000,27116351,"{""initial_success"": false, ""success"": false, ""terminal_without_success"": false, ""category"": ""policy_entered"", ""primitive_steps"": 0}",45.2002,LeWM (5-action replanning),25,5
reacher,150,300,25,prefix_a,released_raw,ap-fresh-reacher-025,True,109,22,3300,990000,27116351,"{""initial_success"": false, ""success"": false, ""terminal_without_success"": false, ""category"": ""policy_entered"", ""primitive_steps"": 5}",35.4974,LeWM (5-action replanning),25,5
reacher,150,300,25,prefix_b,released_raw,ap-fresh-reacher-025,True,27,6,900,270000,27116351,"{""initial_success"": false, ""success"": false, ""terminal_without_success"": false, ""category"": ""policy_entered"", ""primitive_steps"": 5}",9.6351,LeWM (5-action replanning),25,5
reacher,150,300,26,clean,released_raw,ap-fresh-reacher-026,True,124,25,3750,1125000,27117351,"{""initial_success"": false, ""success"": false, ""terminal_without_success"": false, ""category"": ""policy_entered"", ""primitive_steps"": 0}",40.0934,LeWM (5-action replanning),25,5
reacher,150,300,26,prefix_a,released_raw,ap-fresh-reacher-026,True,122,25,3750,1125000,27117351,"{""initial_success"": false, ""success"": false, ""terminal_without_success"": false, ""category"": ""policy_entered"", ""primitive_steps"": 5}",40.1653,LeWM (5-action replanning),25,5
reacher,150,300,26,prefix_b,released_raw,ap-fresh-reacher-026,True,132,27,4050,1215000,27117351,"{""initial_success"": false, ""success"": false, ""terminal_without_success"": false, ""category"": ""policy_entered"", ""primitive_steps"": 5}",42.9582,LeWM (5-action replanning),25,5
reacher,150,300,27,clean,released_raw,ap-fresh-reacher-027,True,17,4,600,180000,27118351,"{""initial_success"": false, ""success"": false, ""terminal_without_success"": false, ""category"": ""policy_entered"", ""primitive_steps"": 0}",6.4055,LeWM (5-action replanning),25,5
reacher,150,300,27,prefix_a,released_raw,ap-fresh-reacher-027,True,16,4,600,180000,27118351,"{""initial_success"": false, ""success"": false, ""terminal_without_success"": false, ""category"": ""policy_entered"", ""primitive_steps"": 5}",6.3679,LeWM (5-action replanning),25,5
reacher,150,300,27,prefix_b,released_raw,ap-fresh-reacher-027,True,109,22,3300,990000,27118351,"{""initial_success"": false, ""success"": false, ""terminal_without_success"": false, ""category"": ""policy_entered"", ""primitive_steps"": 5}",34.7337,LeWM (5-action replanning),25,5
reacher,150,300,28,clean,released_raw,ap-fresh-reacher-028,True,35,7,1050,315000,27119351,"{""initial_success"": false, ""success"": false, ""terminal_without_success"": false, ""category"": ""policy_entered"", ""primitive_steps"": 0}",11.0075,LeWM (5-action replanning),25,5
reacher,150,300,28,prefix_a,released_raw,ap-fresh-reacher-028,True,55,11,1650,495000,27119351,"{""initial_success"": false, ""success"": false, ""terminal_without_success"": false, ""category"": ""policy_entered"", ""primitive_steps"": 5}",17.383,LeWM (5-action replanning),25,5
reacher,150,300,28,prefix_b,released_raw,ap-fresh-reacher-028,True,227,46,6900,2070000,27119351,"{""initial_success"": false, ""success"": false, ""terminal_without_success"": false, ""category"": ""policy_entered"", ""primitive_steps"": 5}",72.4511,LeWM (5-action replanning),25,5
reacher,150,300,29,clean,released_raw,ap-fresh-reacher-029,True,47,10,1500,450000,27120351,"{""initial_success"": false, ""success"": false, ""terminal_without_success"": false, ""category"": ""policy_entered"", ""primitive_steps"": 0}",15.7941,LeWM (5-action replanning),25,5
reacher,150,300,29,prefix_a,released_raw,ap-fresh-reacher-029,True,2,1,150,45000,27120351,"{""initial_success"": false, ""success"": false, ""terminal_without_success"": false, ""category"": ""policy_entered"", ""primitive_steps"": 5}",1.5808,LeWM (5-action replanning),25,5
reacher,150,300,29,prefix_b,released_raw,ap-fresh-reacher-029,True,30,6,900,270000,27120351,"{""initial_success"": false, ""success"": false, ""terminal_without_success"": false, ""category"": ""policy_entered"", ""primitive_steps"": 5}",9.4654,LeWM (5-action replanning),25,5
reacher,150,300,30,clean,released_raw,ap-fresh-reacher-030,True,30,6,900,270000,27121351,"{""initial_success"": false, ""success"": false, ""terminal_without_success"": false, ""category"": ""policy_entered"", ""primitive_steps"": 0}",9.4244,LeWM (5-action replanning),25,5
reacher,150,300,30,prefix_a,released_raw,ap-fresh-reacher-030,True,42,9,1350,405000,27121351,"{""initial_success"": false, ""success"": false, ""terminal_without_success"": false, ""category"": ""policy_entered"", ""primitive_steps"": 5}",14.2513,LeWM (5-action replanning),25,5
reacher,150,300,30,prefix_b,released_raw,ap-fresh-reacher-030,True,42,9,1350,405000,27121351,"{""initial_success"": false, ""success"": false, ""terminal_without_success"": false, ""category"": ""policy_entered"", ""primitive_steps"": 5}",14.1366,LeWM (5-action replanning),25,5
reacher,150,300,31,clean,released_raw,ap-fresh-reacher-031,True,19,4,600,180000,27122351,"{""initial_success"": false, ""success"": false, ""terminal_without_success"": false, ""category"": ""policy_entered"", ""primitive_steps"": 0}",6.3113,LeWM (5-action replanning),25,5
reacher,150,300,31,prefix_a,released_raw,ap-fresh-reacher-031,True,22,5,750,225000,27122351,"{""initial_success"": false, ""success"": false, ""terminal_without_success"": false, ""category"": ""policy_entered"", ""primitive_steps"": 5}",7.9,LeWM (5-action replanning),25,5
reacher,150,300,31,prefix_b,released_raw,ap-fresh-reacher-031,True,237,48,7200,2160000,27122351,"{""initial_success"": false, ""success"": false, ""terminal_without_success"": false, ""category"": ""policy_entered"", ""primitive_steps"": 5}",75.1755,LeWM (5-action replanning),25,5
reacher,150,300,32,clean,released_raw,ap-fresh-reacher-032,True,35,7,1050,315000,27123351,"{""initial_success"": false, ""success"": false, ""terminal_without_success"": false, ""category"": ""policy_entered"", ""primitive_steps"": 0}",11.3766,LeWM (5-action replanning),25,5
reacher,150,300,32,prefix_a,released_raw,ap-fresh-reacher-032,True,46,10,1500,450000,27123351,"{""initial_success"": false, ""success"": false, ""terminal_without_success"": false, ""category"": ""policy_entered"", ""primitive_steps"": 5}",15.6891,LeWM (5-action replanning),25,5
reacher,150,300,32,prefix_b,released_raw,ap-fresh-reacher-032,True,24,5,750,225000,27123351,"{""initial_success"": false, ""success"": false, ""terminal_without_success"": false, ""category"": ""policy_entered"", ""primitive_steps"": 5}",7.8688,LeWM (5-action replanning),25,5
reacher,150,300,33,clean,released_raw,ap-fresh-reacher-033,False,300,60,9000,2700000,27124351,"{""initial_success"": false, ""success"": false, ""terminal_without_success"": false, ""category"": ""policy_entered"", ""primitive_steps"": 0}",94.4767,LeWM (5-action replanning),25,5
reacher,150,300,33,prefix_a,released_raw,ap-fresh-reacher-033,True,94,19,2850,855000,27124351,"{""initial_success"": false, ""success"": false, ""terminal_without_success"": false, ""category"": ""policy_entered"", ""primitive_steps"": 5}",29.8013,LeWM (5-action replanning),25,5
reacher,150,300,33,prefix_b,released_raw,ap-fresh-reacher-033,False,300,60,9000,2700000,27124351,"{""initial_success"": false, ""success"": false, ""terminal_without_success"": false, ""category"": ""policy_entered"", ""primitive_steps"": 5}",95.2051,LeWM (5-action replanning),25,5
reacher,150,300,34,clean,released_raw,ap-fresh-reacher-034,True,124,25,3750,1125000,27125351,"{""initial_success"": false, ""success"": false, ""terminal_without_success"": false, ""category"": ""policy_entered"", ""primitive_steps"": 0}",40.46,LeWM (5-action replanning),25,5
reacher,150,300,34,prefix_a,released_raw,ap-fresh-reacher-034,True,30,6,900,270000,27125351,"{""initial_success"": false, ""success"": false, ""terminal_without_success"": false, ""category"": ""policy_entered"", ""primitive_steps"": 5}",9.6168,LeWM (5-action replanning),25,5
reacher,150,300,34,prefix_b,released_raw,ap-fresh-reacher-034,True,29,6,900,270000,27125351,"{""initial_success"": false, ""success"": false, ""terminal_without_success"": false, ""category"": ""policy_entered"", ""primitive_steps"": 5}",9.7407,LeWM (5-action replanning),25,5
reacher,150,300,35,clean,released_raw,ap-fresh-reacher-035,False,300,60,9000,2700000,27126351,"{""initial_success"": false, ""success"": false, ""terminal_without_success"": false, ""category"": ""policy_entered"", ""primitive_steps"": 0}",95.0984,LeWM (5-action replanning),25,5
reacher,150,300,35,prefix_a,released_raw,ap-fresh-reacher-035,True,58,12,1800,540000,27126351,"{""initial_success"": false, ""success"": false, ""terminal_without_success"": false, ""category"": ""policy_entered"", ""primitive_steps"": 5}",19.2759,LeWM (5-action replanning),25,5
reacher,150,300,35,prefix_b,released_raw,ap-fresh-reacher-035,True,200,40,6000,1800000,27126351,"{""initial_success"": false, ""success"": false, ""terminal_without_success"": false, ""category"": ""policy_entered"", ""primitive_steps"": 5}",64.6457,LeWM (5-action replanning),25,5
reacher,150,300,36,clean,released_raw,ap-fresh-reacher-036,True,48,10,1500,450000,27127351,"{""initial_success"": false, ""success"": false, ""terminal_without_success"": false, ""category"": ""policy_entered"", ""primitive_steps"": 0}",15.608,LeWM (5-action replanning),25,5
reacher,150,300,36,prefix_a,released_raw,ap-fresh-reacher-036,True,25,5,750,225000,27127351,"{""initial_success"": false, ""success"": false, ""terminal_without_success"": false, ""category"": ""policy_entered"", ""primitive_steps"": 5}",8.0798,LeWM (5-action replanning),25,5
reacher,150,300,36,prefix_b,released_raw,ap-fresh-reacher-036,True,74,15,2250,675000,27127351,"{""initial_success"": false, ""success"": false, ""terminal_without_success"": false, ""category"": ""policy_entered"", ""primitive_steps"": 5}",23.9979,LeWM (5-action replanning),25,5
reacher,150,300,37,clean,released_raw,ap-fresh-reacher-037,True,184,37,5550,1665000,27128351,"{""initial_success"": false, ""success"": false, ""terminal_without_success"": false, ""category"": ""policy_entered"", ""primitive_steps"": 0}",59.3769,LeWM (5-action replanning),25,5
reacher,150,300,37,prefix_a,released_raw,ap-fresh-reacher-037,True,72,15,2250,675000,27128351,"{""initial_success"": false, ""success"": false, ""terminal_without_success"": false, ""category"": ""policy_entered"", ""primitive_steps"": 5}",24.1149,LeWM (5-action replanning),25,5
reacher,150,300,37,prefix_b,released_raw,ap-fresh-reacher-037,True,91,19,2850,855000,27128351,"{""initial_success"": false, ""success"": false, ""terminal_without_success"": false, ""category"": ""policy_entered"", ""primitive_steps"": 5}",30.4823,LeWM (5-action replanning),25,5
reacher,150,300,38,clean,released_raw,ap-fresh-reacher-038,True,182,37,5550,1665000,27129351,"{""initial_success"": false, ""success"": false, ""terminal_without_success"": false, ""category"": ""policy_entered"", ""primitive_steps"": 0}",59.7249,LeWM (5-action replanning),25,5
reacher,150,300,38,prefix_a,released_raw,ap-fresh-reacher-038,True,37,8,1200,360000,27129351,"{""initial_success"": false, ""success"": false, ""terminal_without_success"": false, ""category"": ""policy_entered"", ""primitive_steps"": 5}",12.8354,LeWM (5-action replanning),25,5
reacher,150,300,38,prefix_b,released_raw,ap-fresh-reacher-038,True,128,26,3900,1170000,27129351,"{""initial_success"": false, ""success"": false, ""terminal_without_success"": false, ""category"": ""policy_entered"", ""primitive_steps"": 5}",41.8808,LeWM (5-action replanning),25,5
reacher,150,300,39,clean,released_raw,ap-fresh-reacher-039,True,237,48,7200,2160000,27130351,"{""initial_success"": false, ""success"": false, ""terminal_without_success"": false, ""category"": ""policy_entered"", ""primitive_steps"": 0}",77.1278,LeWM (5-action replanning),25,5
reacher,150,300,39,prefix_a,released_raw,ap-fresh-reacher-039,True,121,25,3750,1125000,27130351,"{""initial_success"": false, ""success"": false, ""terminal_without_success"": false, ""category"": ""policy_entered"", ""primitive_steps"": 5}",40.169,LeWM (5-action replanning),25,5
reacher,150,300,39,prefix_b,released_raw,ap-fresh-reacher-039,False,300,60,9000,2700000,27130351,"{""initial_success"": false, ""success"": false, ""terminal_without_success"": false, ""category"": ""policy_entered"", ""primitive_steps"": 5}",96.3585,LeWM (5-action replanning),25,5
reacher,150,300,40,clean,released_raw,ap-fresh-reacher-040,True,176,36,5400,1620000,27131351,"{""initial_success"": false, ""success"": false, ""terminal_without_success"": false, ""category"": ""policy_entered"", ""primitive_steps"": 0}",58.1552,LeWM (5-action replanning),25,5
reacher,150,300,40,prefix_a,released_raw,ap-fresh-reacher-040,False,300,60,9000,2700000,27131351,"{""initial_success"": false, ""success"": false, ""terminal_without_success"": false, ""category"": ""policy_entered"", ""primitive_steps"": 5}",96.8957,LeWM (5-action replanning),25,5
reacher,150,300,40,prefix_b,released_raw,ap-fresh-reacher-040,True,124,25,3750,1125000,27131351,"{""initial_success"": false, ""success"": false, ""terminal_without_success"": false, ""category"": ""policy_entered"", ""primitive_steps"": 5}",40.4344,LeWM (5-action replanning),25,5
reacher,150,300,41,clean,released_raw,ap-fresh-reacher-041,True,28,6,900,270000,27132351,"{""initial_success"": false, ""success"": false, ""terminal_without_success"": false, ""category"": ""policy_entered"", ""primitive_steps"": 0}",9.6775,LeWM (5-action replanning),25,5
reacher,150,300,41,prefix_a,released_raw,ap-fresh-reacher-041,False,300,60,9000,2700000,27132351,"{""initial_success"": false, ""success"": false, ""terminal_without_success"": false, ""category"": ""policy_entered"", ""primitive_steps"": 5}",94.6165,LeWM (5-action replanning),25,5
reacher,150,300,41,prefix_b,released_raw,ap-fresh-reacher-041,False,300,60,9000,2700000,27132351,"{""initial_success"": false, ""success"": false, ""terminal_without_success"": false, ""category"": ""policy_entered"", ""primitive_steps"": 5}",94.585,LeWM (5-action replanning),25,5
reacher,150,300,42,clean,released_raw,ap-fresh-reacher-042,True,108,22,3300,990000,27133351,"{""initial_success"": false, ""success"": false, ""terminal_without_success"": false, ""category"": ""policy_entered"", ""primitive_steps"": 0}",34.6316,LeWM (5-action replanning),25,5
reacher,150,300,42,prefix_a,released_raw,ap-fresh-reacher-042,False,300,60,9000,2700000,27133351,"{""initial_success"": false, ""success"": false, ""terminal_without_success"": false, ""category"": ""policy_entered"", ""primitive_steps"": 5}",94.5155,LeWM (5-action replanning),25,5
reacher,150,300,42,prefix_b,released_raw,ap-fresh-reacher-042,False,300,60,9000,2700000,27133351,"{""initial_success"": false, ""success"": false, ""terminal_without_success"": false, ""category"": ""policy_entered"", ""primitive_steps"": 5}",94.0673,LeWM (5-action replanning),25,5
reacher,150,300,43,clean,released_raw,ap-fresh-reacher-043,False,300,60,9000,2700000,27134351,"{""initial_success"": false, ""success"": false, ""terminal_without_success"": false, ""category"": ""policy_entered"", ""primitive_steps"": 0}",94.41,LeWM (5-action replanning),25,5
reacher,150,300,43,prefix_a,released_raw,ap-fresh-reacher-043,False,300,60,9000,2700000,27134351,"{""initial_success"": false, ""success"": false, ""terminal_without_success"": false, ""category"": ""policy_entered"", ""primitive_steps"": 5}",94.1514,LeWM (5-action replanning),25,5
reacher,150,300,43,prefix_b,released_raw,ap-fresh-reacher-043,False,300,60,9000,2700000,27134351,"{""initial_success"": false, ""success"": false, ""terminal_without_success"": false, ""category"": ""policy_entered"", ""primitive_steps"": 5}",94.6908,LeWM (5-action replanning),25,5
reacher,150,300,44,clean,released_raw,ap-fresh-reacher-044,False,300,60,9000,2700000,27135351,"{""initial_success"": false, ""success"": false, ""terminal_without_success"": false, ""category"": ""policy_entered"", ""primitive_steps"": 0}",94.3422,LeWM (5-action replanning),25,5
reacher,150,300,44,prefix_a,released_raw,ap-fresh-reacher-044,False,300,60,9000,2700000,27135351,"{""initial_success"": false, ""success"": false, ""terminal_without_success"": false, ""category"": ""policy_entered"", ""primitive_steps"": 5}",94.4534,LeWM (5-action replanning),25,5
reacher,150,300,44,prefix_b,released_raw,ap-fresh-reacher-044,False,300,60,9000,2700000,27135351,"{""initial_success"": false, ""success"": false, ""terminal_without_success"": false, ""category"": ""policy_entered"", ""primitive_steps"": 5}",94.4264,LeWM (5-action replanning),25,5
reacher,150,300,45,clean,released_raw,ap-fresh-reacher-045,False,300,60,9000,2700000,27136351,"{""initial_success"": false, ""success"": false, ""terminal_without_success"": false, ""category"": ""policy_entered"", ""primitive_steps"": 0}",94.4381,LeWM (5-action replanning),25,5
reacher,150,300,45,prefix_a,released_raw,ap-fresh-reacher-045,False,300,60,9000,2700000,27136351,"{""initial_success"": false, ""success"": false, ""terminal_without_success"": false, ""category"": ""policy_entered"", ""primitive_steps"": 5}",94.3049,LeWM (5-action replanning),25,5
reacher,150,300,45,prefix_b,released_raw,ap-fresh-reacher-045,True,135,27,4050,1215000,27136351,"{""initial_success"": false, ""success"": false, ""terminal_without_success"": false, ""category"": ""policy_entered"", ""primitive_steps"": 5}",42.4337,LeWM (5-action replanning),25,5
reacher,150,300,46,clean,released_raw,ap-fresh-reacher-046,False,300,60,9000,2700000,27137351,"{""initial_success"": false, ""success"": false, ""terminal_without_success"": false, ""category"": ""policy_entered"", ""primitive_steps"": 0}",94.4649,LeWM (5-action replanning),25,5
reacher,150,300,46,prefix_a,released_raw,ap-fresh-reacher-046,True,248,50,7500,2250000,27137351,"{""initial_success"": false, ""success"": false, ""terminal_without_success"": false, ""category"": ""policy_entered"", ""primitive_steps"": 5}",78.5974,LeWM (5-action replanning),25,5
reacher,150,300,46,prefix_b,released_raw,ap-fresh-reacher-046,False,300,60,9000,2700000,27137351,"{""initial_success"": false, ""success"": false, ""terminal_without_success"": false, ""category"": ""policy_entered"", ""primitive_steps"": 5}",94.4634,LeWM (5-action replanning),25,5
reacher,150,300,47,clean,released_raw,ap-fresh-reacher-047,True,51,11,1650,495000,27138351,"{""initial_success"": false, ""success"": false, ""terminal_without_success"": false, ""category"": ""policy_entered"", ""primitive_steps"": 0}",17.2533,LeWM (5-action replanning),25,5
reacher,150,300,47,prefix_a,released_raw,ap-fresh-reacher-047,True,42,9,1350,405000,27138351,"{""initial_success"": false, ""success"": false, ""terminal_without_success"": false, ""category"": ""policy_entered"", ""primitive_steps"": 5}",14.2318,LeWM (5-action replanning),25,5
reacher,150,300,47,prefix_b,released_raw,ap-fresh-reacher-047,True,54,11,1650,495000,27138351,"{""initial_success"": false, ""success"": false, ""terminal_without_success"": false, ""category"": ""policy_entered"", ""primitive_steps"": 5}",17.3023,LeWM (5-action replanning),25,5
reacher,150,300,48,clean,released_raw,ap-fresh-reacher-048,True,110,22,3300,990000,27139351,"{""initial_success"": false, ""success"": false, ""terminal_without_success"": false, ""category"": ""policy_entered"", ""primitive_steps"": 0}",34.5823,LeWM (5-action replanning),25,5
reacher,150,300,48,prefix_a,released_raw,ap-fresh-reacher-048,True,62,13,1950,585000,27139351,"{""initial_success"": false, ""success"": false, ""terminal_without_success"": false, ""category"": ""policy_entered"", ""primitive_steps"": 5}",20.4419,LeWM (5-action replanning),25,5
reacher,150,300,48,prefix_b,released_raw,ap-fresh-reacher-048,True,131,27,4050,1215000,27139351,"{""initial_success"": false, ""success"": false, ""terminal_without_success"": false, ""category"": ""policy_entered"", ""primitive_steps"": 5}",42.4379,LeWM (5-action replanning),25,5
reacher,150,300,49,clean,released_raw,ap-fresh-reacher-049,True,56,12,1800,540000,27140351,"{""initial_success"": false, ""success"": false, ""terminal_without_success"": false, ""category"": ""policy_entered"", ""primitive_steps"": 0}",18.9341,LeWM (5-action replanning),25,5
reacher,150,300,49,prefix_a,released_raw,ap-fresh-reacher-049,False,300,60,9000,2700000,27140351,"{""initial_success"": false, ""success"": false, ""terminal_without_success"": false, ""category"": ""policy_entered"", ""primitive_steps"": 5}",94.5185,LeWM (5-action replanning),25,5
reacher,150,300,49,prefix_b,released_raw,ap-fresh-reacher-049,True,236,48,7200,2160000,27140351,"{""initial_success"": false, ""success"": false, ""terminal_without_success"": false, ""category"": ""policy_entered"", ""primitive_steps"": 5}",75.0525,LeWM (5-action replanning),25,5
reacher,150,300,50,clean,released_raw,ap-fresh-reacher-050,True,75,15,2250,675000,27141351,"{""initial_success"": false, ""success"": false, ""terminal_without_success"": false, ""category"": ""policy_entered"", ""primitive_steps"": 0}",23.5911,LeWM (5-action replanning),25,5
reacher,150,300,50,prefix_a,released_raw,ap-fresh-reacher-050,True,88,18,2700,810000,27141351,"{""initial_success"": false, ""success"": false, ""terminal_without_success"": false, ""category"": ""policy_entered"", ""primitive_steps"": 5}",28.255,LeWM (5-action replanning),25,5
reacher,150,300,50,prefix_b,released_raw,ap-fresh-reacher-050,True,196,40,6000,1800000,27141351,"{""initial_success"": false, ""success"": false, ""terminal_without_success"": false, ""category"": ""policy_entered"", ""primitive_steps"": 5}",62.9627,LeWM (5-action replanning),25,5
reacher,150,300,51,clean,released_raw,ap-fresh-reacher-051,True,84,17,2550,765000,27142351,"{""initial_success"": false, ""success"": false, ""terminal_without_success"": false, ""category"": ""policy_entered"", ""primitive_steps"": 0}",26.7216,LeWM (5-action replanning),25,5
reacher,150,300,51,prefix_a,released_raw,ap-fresh-reacher-051,True,249,50,7500,2250000,27142351,"{""initial_success"": false, ""success"": false, ""terminal_without_success"": false, ""category"": ""policy_entered"", ""primitive_steps"": 5}",78.7592,LeWM (5-action replanning),25,5
reacher,150,300,51,prefix_b,released_raw,ap-fresh-reacher-051,False,300,60,9000,2700000,27142351,"{""initial_success"": false, ""success"": false, ""terminal_without_success"": false, ""category"": ""policy_entered"", ""primitive_steps"": 5}",94.3324,LeWM (5-action replanning),25,5
reacher,150,300,52,clean,released_raw,ap-fresh-reacher-052,True,14,3,450,135000,27143351,"{""initial_success"": false, ""success"": false, ""terminal_without_success"": false, ""category"": ""policy_entered"", ""primitive_steps"": 0}",4.7384,LeWM (5-action replanning),25,5
reacher,150,300,52,prefix_a,released_raw,ap-fresh-reacher-052,True,13,3,450,135000,27143351,"{""initial_success"": false, ""success"": false, ""terminal_without_success"": false, ""category"": ""policy_entered"", ""primitive_steps"": 5}",4.7678,LeWM (5-action replanning),25,5
reacher,150,300,52,prefix_b,released_raw,ap-fresh-reacher-052,True,79,16,2400,720000,27143351,"{""initial_success"": false, ""success"": false, ""terminal_without_success"": false, ""category"": ""policy_entered"", ""primitive_steps"": 5}",25.2519,LeWM (5-action replanning),25,5
reacher,150,300,53,clean,released_raw,ap-fresh-reacher-053,True,35,7,1050,315000,27144351,"{""initial_success"": false, ""success"": false, ""terminal_without_success"": false, ""category"": ""policy_entered"", ""primitive_steps"": 0}",10.9899,LeWM (5-action replanning),25,5
reacher,150,300,53,prefix_a,released_raw,ap-fresh-reacher-053,True,34,7,1050,315000,27144351,"{""initial_success"": false, ""success"": false, ""terminal_without_success"": false, ""category"": ""policy_entered"", ""primitive_steps"": 5}",11.0328,LeWM (5-action replanning),25,5
reacher,150,300,53,prefix_b,released_raw,ap-fresh-reacher-053,True,87,18,2700,810000,27144351,"{""initial_success"": false, ""success"": false, ""terminal_without_success"": false, ""category"": ""policy_entered"", ""primitive_steps"": 5}",28.2752,LeWM (5-action replanning),25,5
reacher,150,300,54,clean,released_raw,ap-fresh-reacher-054,True,85,17,2550,765000,27145351,"{""initial_success"": false, ""success"": false, ""terminal_without_success"": false, ""category"": ""policy_entered"", ""primitive_steps"": 0}",26.6955,LeWM (5-action replanning),25,5
reacher,150,300,54,prefix_a,released_raw,ap-fresh-reacher-054,True,102,21,3150,945000,27145351,"{""initial_success"": false, ""success"": false, ""terminal_without_success"": false, ""category"": ""policy_entered"", ""primitive_steps"": 5}",33.0677,LeWM (5-action replanning),25,5
reacher,150,300,54,prefix_b,released_raw,ap-fresh-reacher-054,True,22,5,750,225000,27145351,"{""initial_success"": false, ""success"": false, ""terminal_without_success"": false, ""category"": ""policy_entered"", ""primitive_steps"": 5}",7.8669,LeWM (5-action replanning),25,5
reacher,150,300,55,clean,released_raw,ap-fresh-reacher-055,True,86,18,2700,810000,27146351,"{""initial_success"": false, ""success"": false, ""terminal_without_success"": false, ""category"": ""policy_entered"", ""primitive_steps"": 0}",28.3812,LeWM (5-action replanning),25,5
reacher,150,300,55,prefix_a,released_raw,ap-fresh-reacher-055,True,237,48,7200,2160000,27146351,"{""initial_success"": false, ""success"": false, ""terminal_without_success"": false, ""category"": ""policy_entered"", ""primitive_steps"": 5}",75.7582,LeWM (5-action replanning),25,5
reacher,150,300,55,prefix_b,released_raw,ap-fresh-reacher-055,True,131,27,4050,1215000,27146351,"{""initial_success"": false, ""success"": false, ""terminal_without_success"": false, ""category"": ""policy_entered"", ""primitive_steps"": 5}",41.9644,LeWM (5-action replanning),25,5
reacher,150,300,56,clean,released_raw,ap-fresh-reacher-056,False,300,60,9000,2700000,27147351,"{""initial_success"": false, ""success"": false, ""terminal_without_success"": false, ""category"": ""policy_entered"", ""primitive_steps"": 0}",94.2187,LeWM (5-action replanning),25,5
reacher,150,300,56,prefix_a,released_raw,ap-fresh-reacher-056,True,50,10,1500,450000,27147351,"{""initial_success"": false, ""success"": false, ""terminal_without_success"": false, ""category"": ""policy_entered"", ""primitive_steps"": 5}",15.7718,LeWM (5-action replanning),25,5
reacher,150,300,56,prefix_b,released_raw,ap-fresh-reacher-056,True,19,4,600,180000,27147351,"{""initial_success"": false, ""success"": false, ""terminal_without_success"": false, ""category"": ""policy_entered"", ""primitive_steps"": 5}",6.2541,LeWM (5-action replanning),25,5
reacher,150,300,57,clean,released_raw,ap-fresh-reacher-057,True,160,32,4800,1440000,27148351,"{""initial_success"": false, ""success"": false, ""terminal_without_success"": false, ""category"": ""policy_entered"", ""primitive_steps"": 0}",50.3477,LeWM (5-action replanning),25,5
reacher,150,300,57,prefix_a,released_raw,ap-fresh-reacher-057,False,300,60,9000,2700000,27148351,"{""initial_success"": false, ""success"": false, ""terminal_without_success"": false, ""category"": ""policy_entered"", ""primitive_steps"": 5}",94.4463,LeWM (5-action replanning),25,5
reacher,150,300,57,prefix_b,released_raw,ap-fresh-reacher-057,True,191,39,5850,1755000,27148351,"{""initial_success"": false, ""success"": false, ""terminal_without_success"": false, ""category"": ""policy_entered"", ""primitive_steps"": 5}",61.2587,LeWM (5-action replanning),25,5
reacher,150,300,58,clean,released_raw,ap-fresh-reacher-058,True,77,16,2400,720000,27149351,"{""initial_success"": false, ""success"": false, ""terminal_without_success"": false, ""category"": ""policy_entered"", ""primitive_steps"": 0}",25.1567,LeWM (5-action replanning),25,5
reacher,150,300,58,prefix_a,released_raw,ap-fresh-reacher-058,True,146,30,4500,1350000,27149351,"{""initial_success"": false, ""success"": false, ""terminal_without_success"": false, ""category"": ""policy_entered"", ""primitive_steps"": 5}",47.0578,LeWM (5-action replanning),25,5
reacher,150,300,58,prefix_b,released_raw,ap-fresh-reacher-058,True,103,21,3150,945000,27149351,"{""initial_success"": false, ""success"": false, ""terminal_without_success"": false, ""category"": ""policy_entered"", ""primitive_steps"": 5}",33.0878,LeWM (5-action replanning),25,5
reacher,150,300,59,clean,released_raw,ap-fresh-reacher-059,False,300,60,9000,2700000,27150351,"{""initial_success"": false, ""success"": false, ""terminal_without_success"": false, ""category"": ""policy_entered"", ""primitive_steps"": 0}",94.5136,LeWM (5-action replanning),25,5
reacher,150,300,59,prefix_a,released_raw,ap-fresh-reacher-059,True,204,41,6150,1845000,27150351,"{""initial_success"": false, ""success"": false, ""terminal_without_success"": false, ""category"": ""policy_entered"", ""primitive_steps"": 5}",64.5468,LeWM (5-action replanning),25,5
reacher,150,300,59,prefix_b,released_raw,ap-fresh-reacher-059,True,46,10,1500,450000,27150351,"{""initial_success"": false, ""success"": false, ""terminal_without_success"": false, ""category"": ""policy_entered"", ""primitive_steps"": 5}",15.6799,LeWM (5-action replanning),25,5
reacher,150,300,60,clean,released_raw,ap-fresh-reacher-060,True,63,13,1950,585000,27151351,"{""initial_success"": false, ""success"": false, ""terminal_without_success"": false, ""category"": ""policy_entered"", ""primitive_steps"": 0}",20.4822,LeWM (5-action replanning),25,5
reacher,150,300,60,prefix_a,released_raw,ap-fresh-reacher-060,False,300,60,9000,2700000,27151351,"{""initial_success"": false, ""success"": false, ""terminal_without_success"": false, ""category"": ""policy_entered"", ""primitive_steps"": 5}",94.513,LeWM (5-action replanning),25,5
reacher,150,300,60,prefix_b,released_raw,ap-fresh-reacher-060,True,217,44,6600,1980000,27151351,"{""initial_success"": false, ""success"": false, ""terminal_without_success"": false, ""category"": ""policy_entered"", ""primitive_steps"": 5}",68.6591,LeWM (5-action replanning),25,5
reacher,150,300,61,clean,released_raw,ap-fresh-reacher-061,True,111,23,3450,1035000,27152351,"{""initial_success"": false, ""success"": false, ""terminal_without_success"": false, ""category"": ""policy_entered"", ""primitive_steps"": 0}",36.1846,LeWM (5-action replanning),25,5
reacher,150,300,61,prefix_a,released_raw,ap-fresh-reacher-061,True,92,19,2850,855000,27152351,"{""initial_success"": false, ""success"": false, ""terminal_without_success"": false, ""category"": ""policy_entered"", ""primitive_steps"": 5}",29.9071,LeWM (5-action replanning),25,5
reacher,150,300,61,prefix_b,released_raw,ap-fresh-reacher-061,True,272,55,8250,2475000,27152351,"{""initial_success"": false, ""success"": false, ""terminal_without_success"": false, ""category"": ""policy_entered"", ""primitive_steps"": 5}",86.641,LeWM (5-action replanning),25,5
reacher,150,300,62,clean,released_raw,ap-fresh-reacher-062,False,300,60,9000,2700000,27153351,"{""initial_success"": false, ""success"": false, ""terminal_without_success"": false, ""category"": ""policy_entered"", ""primitive_steps"": 0}",94.9201,LeWM (5-action replanning),25,5
reacher,150,300,62,prefix_a,released_raw,ap-fresh-reacher-062,True,61,13,1950,585000,27153351,"{""initial_success"": false, ""success"": false, ""terminal_without_success"": false, ""category"": ""policy_entered"", ""primitive_steps"": 5}",20.4326,LeWM (5-action replanning),25,5
reacher,150,300,62,prefix_b,released_raw,ap-fresh-reacher-062,True,293,59,8850,2655000,27153351,"{""initial_success"": false, ""success"": false, ""terminal_without_success"": false, ""category"": ""policy_entered"", ""primitive_steps"": 5}",93.1613,LeWM (5-action replanning),25,5
reacher,150,300,63,clean,released_raw,ap-fresh-reacher-063,True,44,9,1350,405000,27154351,"{""initial_success"": false, ""success"": false, ""terminal_without_success"": false, ""category"": ""policy_entered"", ""primitive_steps"": 0}",14.1358,LeWM (5-action replanning),25,5
reacher,150,300,63,prefix_a,released_raw,ap-fresh-reacher-063,True,88,18,2700,810000,27154351,"{""initial_success"": false, ""success"": false, ""terminal_without_success"": false, ""category"": ""policy_entered"", ""primitive_steps"": 5}",28.351,LeWM (5-action replanning),25,5
reacher,150,300,63,prefix_b,released_raw,ap-fresh-reacher-063,True,14,3,450,135000,27154351,"{""initial_success"": false, ""success"": false, ""terminal_without_success"": false, ""category"": ""policy_entered"", ""primitive_steps"": 5}",4.7292,LeWM (5-action replanning),25,5
reacher,150,300,64,clean,released_raw,ap-fresh-reacher-064,True,31,7,1050,315000,27155351,"{""initial_success"": false, ""success"": false, ""terminal_without_success"": false, ""category"": ""policy_entered"", ""primitive_steps"": 0}",11.8624,LeWM (5-action replanning),25,5
reacher,150,300,64,prefix_a,released_raw,ap-fresh-reacher-064,True,55,11,1650,495000,27155351,"{""initial_success"": false, ""success"": false, ""terminal_without_success"": false, ""category"": ""policy_entered"", ""primitive_steps"": 5}",18.1405,LeWM (5-action replanning),25,5
reacher,150,300,64,prefix_b,released_raw,ap-fresh-reacher-064,True,27,6,900,270000,27155351,"{""initial_success"": false, ""success"": false, ""terminal_without_success"": false, ""category"": ""policy_entered"", ""primitive_steps"": 5}",9.8951,LeWM (5-action replanning),25,5
reacher,150,300,65,clean,released_raw,ap-fresh-reacher-065,True,27,6,900,270000,27156351,"{""initial_success"": false, ""success"": false, ""terminal_without_success"": false, ""category"": ""policy_entered"", ""primitive_steps"": 0}",9.8912,LeWM (5-action replanning),25,5
reacher,150,300,65,prefix_a,released_raw,ap-fresh-reacher-065,True,53,11,1650,495000,27156351,"{""initial_success"": false, ""success"": false, ""terminal_without_success"": false, ""category"": ""policy_entered"", ""primitive_steps"": 5}",18.1858,LeWM (5-action replanning),25,5
reacher,150,300,65,prefix_b,released_raw,ap-fresh-reacher-065,True,73,15,2250,675000,27156351,"{""initial_success"": false, ""success"": false, ""terminal_without_success"": false, ""category"": ""policy_entered"", ""primitive_steps"": 5}",24.7033,LeWM (5-action replanning),25,5
reacher,150,300,66,clean,released_raw,ap-fresh-reacher-066,True,241,49,7350,2205000,27157351,"{""initial_success"": false, ""success"": false, ""terminal_without_success"": false, ""category"": ""policy_entered"", ""primitive_steps"": 0}",81.2218,LeWM (5-action replanning),25,5
reacher,150,300,66,prefix_a,released_raw,ap-fresh-reacher-066,False,300,60,9000,2700000,27157351,"{""initial_success"": false, ""success"": false, ""terminal_without_success"": false, ""category"": ""policy_entered"", ""primitive_steps"": 5}",99.3098,LeWM (5-action replanning),25,5
reacher,150,300,66,prefix_b,released_raw,ap-fresh-reacher-066,True,287,58,8700,2610000,27157351,"{""initial_success"": false, ""success"": false, ""terminal_without_success"": false, ""category"": ""policy_entered"", ""primitive_steps"": 5}",94.7799,LeWM (5-action replanning),25,5
reacher,150,300,67,clean,released_raw,ap-fresh-reacher-067,False,300,60,9000,2700000,27158351,"{""initial_success"": false, ""success"": false, ""terminal_without_success"": false, ""category"": ""policy_entered"", ""primitive_steps"": 0}",98.5768,LeWM (5-action replanning),25,5
reacher,150,300,67,prefix_a,released_raw,ap-fresh-reacher-067,True,108,22,3300,990000,27158351,"{""initial_success"": false, ""success"": false, ""terminal_without_success"": false, ""category"": ""policy_entered"", ""primitive_steps"": 5}",36.1775,LeWM (5-action replanning),25,5
reacher,150,300,67,prefix_b,released_raw,ap-fresh-reacher-067,True,224,45,6750,2025000,27158351,"{""initial_success"": false, ""success"": false, ""terminal_without_success"": false, ""category"": ""policy_entered"", ""primitive_steps"": 5}",73.7661,LeWM (5-action replanning),25,5
reacher,150,300,68,clean,released_raw,ap-fresh-reacher-068,False,300,60,9000,2700000,27159351,"{""initial_success"": false, ""success"": false, ""terminal_without_success"": false, ""category"": ""policy_entered"", ""primitive_steps"": 0}",98.3628,LeWM (5-action replanning),25,5
reacher,150,300,68,prefix_a,released_raw,ap-fresh-reacher-068,True,84,17,2550,765000,27159351,"{""initial_success"": false, ""success"": false, ""terminal_without_success"": false, ""category"": ""policy_entered"", ""primitive_steps"": 5}",27.9393,LeWM (5-action replanning),25,5
reacher,150,300,68,prefix_b,released_raw,ap-fresh-reacher-068,False,300,60,9000,2700000,27159351,"{""initial_success"": false, ""success"": false, ""terminal_without_success"": false, ""category"": ""policy_entered"", ""primitive_steps"": 5}",102.744,LeWM (5-action replanning),25,5
reacher,150,300,69,clean,released_raw,ap-fresh-reacher-069,False,300,60,9000,2700000,27160351,"{""initial_success"": false, ""success"": false, ""terminal_without_success"": false, ""category"": ""policy_entered"", ""primitive_steps"": 0}",98.4793,LeWM (5-action replanning),25,5
reacher,150,300,69,prefix_a,released_raw,ap-fresh-reacher-069,False,300,60,9000,2700000,27160351,"{""initial_success"": false, ""success"": false, ""terminal_without_success"": false, ""category"": ""policy_entered"", ""primitive_steps"": 5}",98.4256,LeWM (5-action replanning),25,5
reacher,150,300,69,prefix_b,released_raw,ap-fresh-reacher-069,False,300,60,9000,2700000,27160351,"{""initial_success"": false, ""success"": false, ""terminal_without_success"": false, ""category"": ""policy_entered"", ""primitive_steps"": 5}",98.3361,LeWM (5-action replanning),25,5
reacher,150,300,70,clean,released_raw,ap-fresh-reacher-070,False,300,60,9000,2700000,27161351,"{""initial_success"": false, ""success"": false, ""terminal_without_success"": false, ""category"": ""policy_entered"", ""primitive_steps"": 0}",98.4287,LeWM (5-action replanning),25,5
reacher,150,300,70,prefix_a,released_raw,ap-fresh-reacher-070,True,31,7,1050,315000,27161351,"{""initial_success"": false, ""success"": false, ""terminal_without_success"": false, ""category"": ""policy_entered"", ""primitive_steps"": 5}",11.4676,LeWM (5-action replanning),25,5
reacher,150,300,70,prefix_b,released_raw,ap-fresh-reacher-070,False,300,60,9000,2700000,27161351,"{""initial_success"": false, ""success"": false, ""terminal_without_success"": false, ""category"": ""policy_entered"", ""primitive_steps"": 5}",98.5744,LeWM (5-action replanning),25,5
reacher,150,300,71,clean,released_raw,ap-fresh-reacher-071,False,300,60,9000,2700000,27162351,"{""initial_success"": false, ""success"": false, ""terminal_without_success"": false, ""category"": ""policy_entered"", ""primitive_steps"": 0}",100.953,LeWM (5-action replanning),25,5
reacher,150,300,71,prefix_a,released_raw,ap-fresh-reacher-071,False,300,60,9000,2700000,27162351,"{""initial_success"": false, ""success"": false, ""terminal_without_success"": false, ""category"": ""policy_entered"", ""primitive_steps"": 5}",99.7635,LeWM (5-action replanning),25,5
reacher,150,300,71,prefix_b,released_raw,ap-fresh-reacher-071,True,256,52,7800,2340000,27162351,"{""initial_success"": false, ""success"": false, ""terminal_without_success"": false, ""category"": ""policy_entered"", ""primitive_steps"": 5}",85.7777,LeWM (5-action replanning),25,5
reacher,150,300,72,clean,released_raw,ap-fresh-reacher-072,True,72,15,2250,675000,27163351,"{""initial_success"": false, ""success"": false, ""terminal_without_success"": false, ""category"": ""policy_entered"", ""primitive_steps"": 0}",24.7315,LeWM (5-action replanning),25,5
reacher,150,300,72,prefix_a,released_raw,ap-fresh-reacher-072,True,5,1,150,45000,27163351,"{""initial_success"": false, ""success"": false, ""terminal_without_success"": false, ""category"": ""policy_entered"", ""primitive_steps"": 5}",1.6622,LeWM (5-action replanning),25,5
reacher,150,300,72,prefix_b,released_raw,ap-fresh-reacher-072,True,98,20,3000,900000,27163351,"{""initial_success"": false, ""success"": false, ""terminal_without_success"": false, ""category"": ""policy_entered"", ""primitive_steps"": 5}",32.9757,LeWM (5-action replanning),25,5
reacher,150,300,73,clean,released_raw,ap-fresh-reacher-073,False,300,60,9000,2700000,27164351,"{""initial_success"": false, ""success"": false, ""terminal_without_success"": false, ""category"": ""policy_entered"", ""primitive_steps"": 0}",98.9226,LeWM (5-action replanning),25,5
reacher,150,300,73,prefix_a,released_raw,ap-fresh-reacher-073,True,64,13,1950,585000,27164351,"{""initial_success"": false, ""success"": false, ""terminal_without_success"": false, ""category"": ""policy_entered"", ""primitive_steps"": 5}",21.4922,LeWM (5-action replanning),25,5
reacher,150,300,73,prefix_b,released_raw,ap-fresh-reacher-073,True,97,20,3000,900000,27164351,"{""initial_success"": false, ""success"": false, ""terminal_without_success"": false, ""category"": ""policy_entered"", ""primitive_steps"": 5}",33.0069,LeWM (5-action replanning),25,5
reacher,150,300,74,clean,released_raw,ap-fresh-reacher-074,True,170,34,5100,1530000,27165351,"{""initial_success"": false, ""success"": false, ""terminal_without_success"": false, ""category"": ""policy_entered"", ""primitive_steps"": 0}",55.8455,LeWM (5-action replanning),25,5
reacher,150,300,74,prefix_a,released_raw,ap-fresh-reacher-074,True,19,4,600,180000,27165351,"{""initial_success"": false, ""success"": false, ""terminal_without_success"": false, ""category"": ""policy_entered"", ""primitive_steps"": 5}",6.5987,LeWM (5-action replanning),25,5
reacher,150,300,74,prefix_b,released_raw,ap-fresh-reacher-074,True,34,7,1050,315000,27165351,"{""initial_success"": false, ""success"": false, ""terminal_without_success"": false, ""category"": ""policy_entered"", ""primitive_steps"": 5}",11.5031,LeWM (5-action replanning),25,5
reacher,150,300,75,clean,released_raw,ap-fresh-reacher-075,False,300,60,9000,2700000,27166351,"{""initial_success"": false, ""success"": false, ""terminal_without_success"": false, ""category"": ""policy_entered"", ""primitive_steps"": 0}",98.9168,LeWM (5-action replanning),25,5
reacher,150,300,75,prefix_a,released_raw,ap-fresh-reacher-075,False,300,60,9000,2700000,27166351,"{""initial_success"": false, ""success"": false, ""terminal_without_success"": false, ""category"": ""policy_entered"", ""primitive_steps"": 5}",99.3877,LeWM (5-action replanning),25,5
reacher,150,300,75,prefix_b,released_raw,ap-fresh-reacher-075,False,300,60,9000,2700000,27166351,"{""initial_success"": false, ""success"": false, ""terminal_without_success"": false, ""category"": ""policy_entered"", ""primitive_steps"": 5}",99.474,LeWM (5-action replanning),25,5
reacher,150,300,76,clean,released_raw,ap-fresh-reacher-076,False,300,60,9000,2700000,27167351,"{""initial_success"": false, ""success"": false, ""terminal_without_success"": false, ""category"": ""policy_entered"", ""primitive_steps"": 0}",98.8378,LeWM (5-action replanning),25,5
reacher,150,300,76,prefix_a,released_raw,ap-fresh-reacher-076,False,300,60,9000,2700000,27167351,"{""initial_success"": false, ""success"": false, ""terminal_without_success"": false, ""category"": ""policy_entered"", ""primitive_steps"": 5}",99.2127,LeWM (5-action replanning),25,5
reacher,150,300,76,prefix_b,released_raw,ap-fresh-reacher-076,True,245,49,7350,2205000,27167351,"{""initial_success"": false, ""success"": false, ""terminal_without_success"": false, ""category"": ""policy_entered"", ""primitive_steps"": 5}",90.7378,LeWM (5-action replanning),25,5
reacher,150,300,77,clean,released_raw,ap-fresh-reacher-077,False,300,60,9000,2700000,27168351,"{""initial_success"": false, ""success"": false, ""terminal_without_success"": false, ""category"": ""policy_entered"", ""primitive_steps"": 0}",113.7185,LeWM (5-action replanning),25,5
reacher,150,300,77,prefix_a,released_raw,ap-fresh-reacher-077,False,300,60,9000,2700000,27168351,"{""initial_success"": false, ""success"": false, ""terminal_without_success"": false, ""category"": ""policy_entered"", ""primitive_steps"": 5}",109.8587,LeWM (5-action replanning),25,5
reacher,150,300,77,prefix_b,released_raw,ap-fresh-reacher-077,True,98,20,3000,900000,27168351,"{""initial_success"": false, ""success"": false, ""terminal_without_success"": false, ""category"": ""policy_entered"", ""primitive_steps"": 5}",37.1292,LeWM (5-action replanning),25,5
reacher,150,300,78,clean,released_raw,ap-fresh-reacher-078,False,300,60,9000,2700000,27169351,"{""initial_success"": false, ""success"": false, ""terminal_without_success"": false, ""category"": ""policy_entered"", ""primitive_steps"": 0}",113.9567,LeWM (5-action replanning),25,5
reacher,150,300,78,prefix_a,released_raw,ap-fresh-reacher-078,False,300,60,9000,2700000,27169351,"{""initial_success"": false, ""success"": false, ""terminal_without_success"": false, ""category"": ""policy_entered"", ""primitive_steps"": 5}",116.1221,LeWM (5-action replanning),25,5
reacher,150,300,78,prefix_b,released_raw,ap-fresh-reacher-078,False,300,60,9000,2700000,27169351,"{""initial_success"": false, ""success"": false, ""terminal_without_success"": false, ""category"": ""policy_entered"", ""primitive_steps"": 5}",105.7363,LeWM (5-action replanning),25,5
reacher,150,300,79,clean,released_raw,ap-fresh-reacher-079,True,117,24,3600,1080000,27170351,"{""initial_success"": false, ""success"": false, ""terminal_without_success"": false, ""category"": ""policy_entered"", ""primitive_steps"": 0}",40.4088,LeWM (5-action replanning),25,5
reacher,150,300,79,prefix_a,released_raw,ap-fresh-reacher-079,True,222,45,6750,2025000,27170351,"{""initial_success"": false, ""success"": false, ""terminal_without_success"": false, ""category"": ""policy_entered"", ""primitive_steps"": 5}",74.3286,LeWM (5-action replanning),25,5
reacher,150,300,79,prefix_b,released_raw,ap-fresh-reacher-079,True,57,12,1800,540000,27170351,"{""initial_success"": false, ""success"": false, ""terminal_without_success"": false, ""category"": ""policy_entered"", ""primitive_steps"": 5}",19.8913,LeWM (5-action replanning),25,5
reacher,150,300,80,clean,released_raw,ap-fresh-reacher-080,False,300,60,9000,2700000,27171351,"{""initial_success"": false, ""success"": false, ""terminal_without_success"": false, ""category"": ""policy_entered"", ""primitive_steps"": 0}",99.7407,LeWM (5-action replanning),25,5
reacher,150,300,80,prefix_a,released_raw,ap-fresh-reacher-080,True,228,46,6900,2070000,27171351,"{""initial_success"": false, ""success"": false, ""terminal_without_success"": false, ""category"": ""policy_entered"", ""primitive_steps"": 5}",76.0524,LeWM (5-action replanning),25,5
reacher,150,300,80,prefix_b,released_raw,ap-fresh-reacher-080,True,267,54,8100,2430000,27171351,"{""initial_success"": false, ""success"": false, ""terminal_without_success"": false, ""category"": ""policy_entered"", ""primitive_steps"": 5}",89.2855,LeWM (5-action replanning),25,5
reacher,150,300,81,clean,released_raw,ap-fresh-reacher-081,False,300,60,9000,2700000,27172351,"{""initial_success"": false, ""success"": false, ""terminal_without_success"": false, ""category"": ""policy_entered"", ""primitive_steps"": 0}",99.1409,LeWM (5-action replanning),25,5
reacher,150,300,81,prefix_a,released_raw,ap-fresh-reacher-081,True,223,45,6750,2025000,27172351,"{""initial_success"": false, ""success"": false, ""terminal_without_success"": false, ""category"": ""policy_entered"", ""primitive_steps"": 5}",74.5274,LeWM (5-action replanning),25,5
reacher,150,300,81,prefix_b,released_raw,ap-fresh-reacher-081,False,300,60,9000,2700000,27172351,"{""initial_success"": false, ""success"": false, ""terminal_without_success"": false, ""category"": ""policy_entered"", ""primitive_steps"": 5}",98.9454,LeWM (5-action replanning),25,5
reacher,150,300,82,clean,released_raw,ap-fresh-reacher-082,True,87,18,2700,810000,27173351,"{""initial_success"": false, ""success"": false, ""terminal_without_success"": false, ""category"": ""policy_entered"", ""primitive_steps"": 0}",29.6448,LeWM (5-action replanning),25,5
reacher,150,300,82,prefix_a,released_raw,ap-fresh-reacher-082,True,71,15,2250,675000,27173351,"{""initial_success"": false, ""success"": false, ""terminal_without_success"": false, ""category"": ""policy_entered"", ""primitive_steps"": 5}",24.6445,LeWM (5-action replanning),25,5
reacher,150,300,82,prefix_b,released_raw,ap-fresh-reacher-082,True,217,44,6600,1980000,27173351,"{""initial_success"": false, ""success"": false, ""terminal_without_success"": false, ""category"": ""policy_entered"", ""primitive_steps"": 5}",72.1484,LeWM (5-action replanning),25,5
reacher,150,300,83,clean,released_raw,ap-fresh-reacher-083,False,300,60,9000,2700000,27174351,"{""initial_success"": false, ""success"": false, ""terminal_without_success"": false, ""category"": ""policy_entered"", ""primitive_steps"": 0}",102.5552,LeWM (5-action replanning),25,5
reacher,150,300,83,prefix_a,released_raw,ap-fresh-reacher-083,False,300,60,9000,2700000,27174351,"{""initial_success"": false, ""success"": false, ""terminal_without_success"": false, ""category"": ""policy_entered"", ""primitive_steps"": 5}",98.2996,LeWM (5-action replanning),25,5
reacher,150,300,83,prefix_b,released_raw,ap-fresh-reacher-083,False,300,60,9000,2700000,27174351,"{""initial_success"": false, ""success"": false, ""terminal_without_success"": false, ""category"": ""policy_entered"", ""primitive_steps"": 5}",97.8766,LeWM (5-action replanning),25,5
reacher,150,300,84,clean,released_raw,ap-fresh-reacher-084,True,86,18,2700,810000,27175351,"{""initial_success"": false, ""success"": false, ""terminal_without_success"": false, ""category"": ""policy_entered"", ""primitive_steps"": 0}",29.5462,LeWM (5-action replanning),25,5
reacher,150,300,84,prefix_a,released_raw,ap-fresh-reacher-084,False,300,60,9000,2700000,27175351,"{""initial_success"": false, ""success"": false, ""terminal_without_success"": false, ""category"": ""policy_entered"", ""primitive_steps"": 5}",98.3275,LeWM (5-action replanning),25,5
reacher,150,300,84,prefix_b,released_raw,ap-fresh-reacher-084,True,17,4,600,180000,27175351,"{""initial_success"": false, ""success"": false, ""terminal_without_success"": false, ""category"": ""policy_entered"", ""primitive_steps"": 5}",6.6115,LeWM (5-action replanning),25,5
reacher,150,300,85,clean,released_raw,ap-fresh-reacher-085,True,140,28,4200,1260000,27176351,"{""initial_success"": false, ""success"": false, ""terminal_without_success"": false, ""category"": ""policy_entered"", ""primitive_steps"": 0}",46.1988,LeWM (5-action replanning),25,5
reacher,150,300,85,prefix_a,released_raw,ap-fresh-reacher-085,True,32,7,1050,315000,27176351,"{""initial_success"": false, ""success"": false, ""terminal_without_success"": false, ""category"": ""policy_entered"", ""primitive_steps"": 5}",11.5364,LeWM (5-action replanning),25,5
reacher,150,300,85,prefix_b,released_raw,ap-fresh-reacher-085,True,31,7,1050,315000,27176351,"{""initial_success"": false, ""success"": false, ""terminal_without_success"": false, ""category"": ""policy_entered"", ""primitive_steps"": 5}",11.5261,LeWM (5-action replanning),25,5
reacher,150,300,86,clean,released_raw,ap-fresh-reacher-086,False,300,60,9000,2700000,27177351,"{""initial_success"": false, ""success"": false, ""terminal_without_success"": false, ""category"": ""policy_entered"", ""primitive_steps"": 0}",99.4132,LeWM (5-action replanning),25,5
reacher,150,300,86,prefix_a,released_raw,ap-fresh-reacher-086,False,300,60,9000,2700000,27177351,"{""initial_success"": false, ""success"": false, ""terminal_without_success"": false, ""category"": ""policy_entered"", ""primitive_steps"": 5}",99.2957,LeWM (5-action replanning),25,5
reacher,150,300,86,prefix_b,released_raw,ap-fresh-reacher-086,False,300,60,9000,2700000,27177351,"{""initial_success"": false, ""success"": false, ""terminal_without_success"": false, ""category"": ""policy_entered"", ""primitive_steps"": 5}",99.2979,LeWM (5-action replanning),25,5
reacher,150,300,87,clean,released_raw,ap-fresh-reacher-087,True,208,42,6300,1890000,27178351,"{""initial_success"": false, ""success"": false, ""terminal_without_success"": false, ""category"": ""policy_entered"", ""primitive_steps"": 0}",69.4538,LeWM (5-action replanning),25,5
reacher,150,300,87,prefix_a,released_raw,ap-fresh-reacher-087,True,175,35,5250,1575000,27178351,"{""initial_success"": false, ""success"": false, ""terminal_without_success"": false, ""category"": ""policy_entered"", ""primitive_steps"": 5}",57.9671,LeWM (5-action replanning),25,5
reacher,150,300,87,prefix_b,released_raw,ap-fresh-reacher-087,True,244,49,7350,2205000,27178351,"{""initial_success"": false, ""success"": false, ""terminal_without_success"": false, ""category"": ""policy_entered"", ""primitive_steps"": 5}",81.2774,LeWM (5-action replanning),25,5
reacher,150,300,88,clean,released_raw,ap-fresh-reacher-088,False,300,60,9000,2700000,27179351,"{""initial_success"": false, ""success"": false, ""terminal_without_success"": false, ""category"": ""policy_entered"", ""primitive_steps"": 0}",99.2487,LeWM (5-action replanning),25,5
reacher,150,300,88,prefix_a,released_raw,ap-fresh-reacher-088,False,300,60,9000,2700000,27179351,"{""initial_success"": false, ""success"": false, ""terminal_without_success"": false, ""category"": ""policy_entered"", ""primitive_steps"": 5}",99.5155,LeWM (5-action replanning),25,5
reacher,150,300,88,prefix_b,released_raw,ap-fresh-reacher-088,True,208,42,6300,1890000,27179351,"{""initial_success"": false, ""success"": false, ""terminal_without_success"": false, ""category"": ""policy_entered"", ""primitive_steps"": 5}",69.3937,LeWM (5-action replanning),25,5
reacher,150,300,89,clean,released_raw,ap-fresh-reacher-089,True,77,16,2400,720000,27180351,"{""initial_success"": false, ""success"": false, ""terminal_without_success"": false, ""category"": ""policy_entered"", ""primitive_steps"": 0}",26.3916,LeWM (5-action replanning),25,5
reacher,150,300,89,prefix_a,released_raw,ap-fresh-reacher-089,True,74,15,2250,675000,27180351,"{""initial_success"": false, ""success"": false, ""terminal_without_success"": false, ""category"": ""policy_entered"", ""primitive_steps"": 5}",24.8323,LeWM (5-action replanning),25,5
reacher,150,300,89,prefix_b,released_raw,ap-fresh-reacher-089,True,119,24,3600,1080000,27180351,"{""initial_success"": false, ""success"": false, ""terminal_without_success"": false, ""category"": ""policy_entered"", ""primitive_steps"": 5}",39.7057,LeWM (5-action replanning),25,5
reacher,150,300,90,clean,released_raw,ap-fresh-reacher-090,True,179,36,5400,1620000,27181351,"{""initial_success"": false, ""success"": false, ""terminal_without_success"": false, ""category"": ""policy_entered"", ""primitive_steps"": 0}",59.7672,LeWM (5-action replanning),25,5
reacher,150,300,90,prefix_a,released_raw,ap-fresh-reacher-090,True,286,58,8700,2610000,27181351,"{""initial_success"": false, ""success"": false, ""terminal_without_success"": false, ""category"": ""policy_entered"", ""primitive_steps"": 5}",95.5945,LeWM (5-action replanning),25,5
reacher,150,300,90,prefix_b,released_raw,ap-fresh-reacher-090,True,28,6,900,270000,27181351,"{""initial_success"": false, ""success"": false, ""terminal_without_success"": false, ""category"": ""policy_entered"", ""primitive_steps"": 5}",9.8791,LeWM (5-action replanning),25,5
reacher,150,300,91,clean,released_raw,ap-fresh-reacher-091,True,236,48,7200,2160000,27182351,"{""initial_success"": false, ""success"": false, ""terminal_without_success"": false, ""category"": ""policy_entered"", ""primitive_steps"": 0}",79.4339,LeWM (5-action replanning),25,5
reacher,150,300,91,prefix_a,released_raw,ap-fresh-reacher-091,False,300,60,9000,2700000,27182351,"{""initial_success"": false, ""success"": false, ""terminal_without_success"": false, ""category"": ""policy_entered"", ""primitive_steps"": 5}",99.3573,LeWM (5-action replanning),25,5
reacher,150,300,91,prefix_b,released_raw,ap-fresh-reacher-091,False,300,60,9000,2700000,27182351,"{""initial_success"": false, ""success"": false, ""terminal_without_success"": false, ""category"": ""policy_entered"", ""primitive_steps"": 5}",99.397,LeWM (5-action replanning),25,5
reacher,150,300,92,clean,released_raw,ap-fresh-reacher-092,False,300,60,9000,2700000,27183351,"{""initial_success"": false, ""success"": false, ""terminal_without_success"": false, ""category"": ""policy_entered"", ""primitive_steps"": 0}",99.3632,LeWM (5-action replanning),25,5
reacher,150,300,92,prefix_a,released_raw,ap-fresh-reacher-092,True,131,27,4050,1215000,27183351,"{""initial_success"": false, ""success"": false, ""terminal_without_success"": false, ""category"": ""policy_entered"", ""primitive_steps"": 5}",44.5544,LeWM (5-action replanning),25,5
reacher,150,300,92,prefix_b,released_raw,ap-fresh-reacher-092,False,300,60,9000,2700000,27183351,"{""initial_success"": false, ""success"": false, ""terminal_without_success"": false, ""category"": ""policy_entered"", ""primitive_steps"": 5}",99.3588,LeWM (5-action replanning),25,5
reacher,150,300,93,clean,released_raw,ap-fresh-reacher-093,True,30,6,900,270000,27184351,"{""initial_success"": false, ""success"": false, ""terminal_without_success"": false, ""category"": ""policy_entered"", ""primitive_steps"": 0}",9.9624,LeWM (5-action replanning),25,5
reacher,150,300,93,prefix_a,released_raw,ap-fresh-reacher-093,True,30,6,900,270000,27184351,"{""initial_success"": false, ""success"": false, ""terminal_without_success"": false, ""category"": ""policy_entered"", ""primitive_steps"": 5}",9.877,LeWM (5-action replanning),25,5
reacher,150,300,93,prefix_b,released_raw,ap-fresh-reacher-093,True,0,0,0,0,27184351,"{""initial_success"": false, ""success"": true, ""terminal_without_success"": false, ""category"": ""prelude_success"", ""primitive_steps"": 5}",0.0058,LeWM (5-action replanning),25,5
reacher,150,300,94,clean,released_raw,ap-fresh-reacher-094,False,300,60,9000,2700000,27185351,"{""initial_success"": false, ""success"": false, ""terminal_without_success"": false, ""category"": ""policy_entered"", ""primitive_steps"": 0}",99.3622,LeWM (5-action replanning),25,5
reacher,150,300,94,prefix_a,released_raw,ap-fresh-reacher-094,True,6,2,300,90000,27185351,"{""initial_success"": false, ""success"": false, ""terminal_without_success"": false, ""category"": ""policy_entered"", ""primitive_steps"": 5}",3.3087,LeWM (5-action replanning),25,5
reacher,150,300,94,prefix_b,released_raw,ap-fresh-reacher-094,False,300,60,9000,2700000,27185351,"{""initial_success"": false, ""success"": false, ""terminal_without_success"": false, ""category"": ""policy_entered"", ""primitive_steps"": 5}",99.3736,LeWM (5-action replanning),25,5
reacher,150,300,95,clean,released_raw,ap-fresh-reacher-095,True,125,25,3750,1125000,27186351,"{""initial_success"": false, ""success"": false, ""terminal_without_success"": false, ""category"": ""policy_entered"", ""primitive_steps"": 0}",41.5593,LeWM (5-action replanning),25,5
reacher,150,300,95,prefix_a,released_raw,ap-fresh-reacher-095,True,88,18,2700,810000,27186351,"{""initial_success"": false, ""success"": false, ""terminal_without_success"": false, ""category"": ""policy_entered"", ""primitive_steps"": 5}",29.5909,LeWM (5-action replanning),25,5
reacher,150,300,95,prefix_b,released_raw,ap-fresh-reacher-095,True,171,35,5250,1575000,27186351,"{""initial_success"": false, ""success"": false, ""terminal_without_success"": false, ""category"": ""policy_entered"", ""primitive_steps"": 5}",57.5628,LeWM (5-action replanning),25,5
reacher,150,300,96,clean,released_raw,ap-fresh-reacher-096,True,12,3,450,135000,27187351,"{""initial_success"": false, ""success"": false, ""terminal_without_success"": false, ""category"": ""policy_entered"", ""primitive_steps"": 0}",5.3414,LeWM (5-action replanning),25,5
reacher,150,300,96,prefix_a,released_raw,ap-fresh-reacher-096,True,71,15,2250,675000,27187351,"{""initial_success"": false, ""success"": false, ""terminal_without_success"": false, ""category"": ""policy_entered"", ""primitive_steps"": 5}",27.3981,LeWM (5-action replanning),25,5
reacher,150,300,96,prefix_b,released_raw,ap-fresh-reacher-096,True,13,3,450,135000,27187351,"{""initial_success"": false, ""success"": false, ""terminal_without_success"": false, ""category"": ""policy_entered"", ""primitive_steps"": 5}",5.091,LeWM (5-action replanning),25,5
reacher,150,300,97,clean,released_raw,ap-fresh-reacher-097,True,67,14,2100,630000,27188351,"{""initial_success"": false, ""success"": false, ""terminal_without_success"": false, ""category"": ""policy_entered"", ""primitive_steps"": 0}",24.6559,LeWM (5-action replanning),25,5
reacher,150,300,97,prefix_a,released_raw,ap-fresh-reacher-097,True,85,17,2550,765000,27188351,"{""initial_success"": false, ""success"": false, ""terminal_without_success"": false, ""category"": ""policy_entered"", ""primitive_steps"": 5}",34.1614,LeWM (5-action replanning),25,5
reacher,150,300,97,prefix_b,released_raw,ap-fresh-reacher-097,False,300,60,9000,2700000,27188351,"{""initial_success"": false, ""success"": false, ""terminal_without_success"": false, ""category"": ""policy_entered"", ""primitive_steps"": 5}",111.9683,LeWM (5-action replanning),25,5
reacher,150,300,98,clean,released_raw,ap-fresh-reacher-098,False,300,60,9000,2700000,27189351,"{""initial_success"": false, ""success"": false, ""terminal_without_success"": false, ""category"": ""policy_entered"", ""primitive_steps"": 0}",102.7865,LeWM (5-action replanning),25,5
reacher,150,300,98,prefix_a,released_raw,ap-fresh-reacher-098,True,146,30,4500,1350000,27189351,"{""initial_success"": false, ""success"": false, ""terminal_without_success"": false, ""category"": ""policy_entered"", ""primitive_steps"": 5}",50.0588,LeWM (5-action replanning),25,5
reacher,150,300,98,prefix_b,released_raw,ap-fresh-reacher-098,False,300,60,9000,2700000,27189351,"{""initial_success"": false, ""success"": false, ""terminal_without_success"": false, ""category"": ""policy_entered"", ""primitive_steps"": 5}",98.7377,LeWM (5-action replanning),25,5
reacher,150,300,99,clean,released_raw,ap-fresh-reacher-099,True,212,43,6450,1935000,27190351,"{""initial_success"": false, ""success"": false, ""terminal_without_success"": false, ""category"": ""policy_entered"", ""primitive_steps"": 0}",70.4799,LeWM (5-action replanning),25,5
reacher,150,300,99,prefix_a,released_raw,ap-fresh-reacher-099,False,300,60,9000,2700000,27190351,"{""initial_success"": false, ""success"": false, ""terminal_without_success"": false, ""category"": ""policy_entered"", ""primitive_steps"": 5}",98.6051,LeWM (5-action replanning),25,5
reacher,150,300,99,prefix_b,released_raw,ap-fresh-reacher-099,False,300,60,9000,2700000,27190351,"{""initial_success"": false, ""success"": false, ""terminal_without_success"": false, ""category"": ""policy_entered"", ""primitive_steps"": 5}",98.2869,LeWM (5-action replanning),25,5
reacher,150,300,100,clean,released_raw,ap-fresh-reacher-100,True,118,24,3600,1080000,27191351,"{""initial_success"": false, ""success"": false, ""terminal_without_success"": false, ""category"": ""policy_entered"", ""primitive_steps"": 0}",39.2457,LeWM (5-action replanning),25,5
reacher,150,300,100,prefix_a,released_raw,ap-fresh-reacher-100,True,38,8,1200,360000,27191351,"{""initial_success"": false, ""success"": false, ""terminal_without_success"": false, ""category"": ""policy_entered"", ""primitive_steps"": 5}",13.0461,LeWM (5-action replanning),25,5
reacher,150,300,100,prefix_b,released_raw,ap-fresh-reacher-100,True,87,18,2700,810000,27191351,"{""initial_success"": false, ""success"": false, ""terminal_without_success"": false, ""category"": ""policy_entered"", ""primitive_steps"": 5}",29.3693,LeWM (5-action replanning),25,5
reacher,150,300,101,clean,released_raw,ap-fresh-reacher-101,True,69,14,2100,630000,27192351,"{""initial_success"": false, ""success"": false, ""terminal_without_success"": false, ""category"": ""policy_entered"", ""primitive_steps"": 0}",22.9206,LeWM (5-action replanning),25,5
reacher,150,300,101,prefix_a,released_raw,ap-fresh-reacher-101,True,47,10,1500,450000,27192351,"{""initial_success"": false, ""success"": false, ""terminal_without_success"": false, ""category"": ""policy_entered"", ""primitive_steps"": 5}",16.3535,LeWM (5-action replanning),25,5
reacher,150,300,101,prefix_b,released_raw,ap-fresh-reacher-101,True,28,6,900,270000,27192351,"{""initial_success"": false, ""success"": false, ""terminal_without_success"": false, ""category"": ""policy_entered"", ""primitive_steps"": 5}",9.7765,LeWM (5-action replanning),25,5
reacher,150,300,102,clean,released_raw,ap-fresh-reacher-102,True,27,6,900,270000,27193351,"{""initial_success"": false, ""success"": false, ""terminal_without_success"": false, ""category"": ""policy_entered"", ""primitive_steps"": 0}",9.8094,LeWM (5-action replanning),25,5
reacher,150,300,102,prefix_a,released_raw,ap-fresh-reacher-102,True,102,21,3150,945000,27193351,"{""initial_success"": false, ""success"": false, ""terminal_without_success"": false, ""category"": ""policy_entered"", ""primitive_steps"": 5}",34.3729,LeWM (5-action replanning),25,5
reacher,150,300,102,prefix_b,released_raw,ap-fresh-reacher-102,True,81,17,2550,765000,27193351,"{""initial_success"": false, ""success"": false, ""terminal_without_success"": false, ""category"": ""policy_entered"", ""primitive_steps"": 5}",27.7786,LeWM (5-action replanning),25,5
reacher,150,300,103,clean,released_raw,ap-fresh-reacher-103,True,79,16,2400,720000,27194351,"{""initial_success"": false, ""success"": false, ""terminal_without_success"": false, ""category"": ""policy_entered"", ""primitive_steps"": 0}",26.136,LeWM (5-action replanning),25,5
reacher,150,300,103,prefix_a,released_raw,ap-fresh-reacher-103,False,300,60,9000,2700000,27194351,"{""initial_success"": false, ""success"": false, ""terminal_without_success"": false, ""category"": ""policy_entered"", ""primitive_steps"": 5}",98.0931,LeWM (5-action replanning),25,5
reacher,150,300,103,prefix_b,released_raw,ap-fresh-reacher-103,True,60,12,1800,540000,27194351,"{""initial_success"": false, ""success"": false, ""terminal_without_success"": false, ""category"": ""policy_entered"", ""primitive_steps"": 5}",19.5769,LeWM (5-action replanning),25,5
reacher,150,300,104,clean,released_raw,ap-fresh-reacher-104,True,20,4,600,180000,27195351,"{""initial_success"": false, ""success"": false, ""terminal_without_success"": false, ""category"": ""policy_entered"", ""primitive_steps"": 0}",6.5776,LeWM (5-action replanning),25,5
reacher,150,300,104,prefix_a,released_raw,ap-fresh-reacher-104,True,13,3,450,135000,27195351,"{""initial_success"": false, ""success"": false, ""terminal_without_success"": false, ""category"": ""policy_entered"", ""primitive_steps"": 5}",4.9323,LeWM (5-action replanning),25,5
reacher,150,300,104,prefix_b,released_raw,ap-fresh-reacher-104,True,27,6,900,270000,27195351,"{""initial_success"": false, ""success"": false, ""terminal_without_success"": false, ""category"": ""policy_entered"", ""primitive_steps"": 5}",9.8432,LeWM (5-action replanning),25,5
reacher,150,300,105,clean,released_raw,ap-fresh-reacher-105,True,183,37,5550,1665000,27196351,"{""initial_success"": false, ""success"": false, ""terminal_without_success"": false, ""category"": ""policy_entered"", ""primitive_steps"": 0}",60.5453,LeWM (5-action replanning),25,5
reacher,150,300,105,prefix_a,released_raw,ap-fresh-reacher-105,True,75,15,2250,675000,27196351,"{""initial_success"": false, ""success"": false, ""terminal_without_success"": false, ""category"": ""policy_entered"", ""primitive_steps"": 5}",24.6241,LeWM (5-action replanning),25,5
reacher,150,300,105,prefix_b,released_raw,ap-fresh-reacher-105,True,151,31,4650,1395000,27196351,"{""initial_success"": false, ""success"": false, ""terminal_without_success"": false, ""category"": ""policy_entered"", ""primitive_steps"": 5}",50.4399,LeWM (5-action replanning),25,5
reacher,150,300,106,clean,released_raw,ap-fresh-reacher-106,False,300,60,9000,2700000,27197351,"{""initial_success"": false, ""success"": false, ""terminal_without_success"": false, ""category"": ""policy_entered"", ""primitive_steps"": 0}",98.4193,LeWM (5-action replanning),25,5
reacher,150,300,106,prefix_a,released_raw,ap-fresh-reacher-106,False,300,60,9000,2700000,27197351,"{""initial_success"": false, ""success"": false, ""terminal_without_success"": false, ""category"": ""policy_entered"", ""primitive_steps"": 5}",99.2393,LeWM (5-action replanning),25,5
reacher,150,300,106,prefix_b,released_raw,ap-fresh-reacher-106,True,16,4,600,180000,27197351,"{""initial_success"": false, ""success"": false, ""terminal_without_success"": false, ""category"": ""policy_entered"", ""primitive_steps"": 5}",6.8093,LeWM (5-action replanning),25,5
reacher,150,300,107,clean,released_raw,ap-fresh-reacher-107,True,141,29,4350,1305000,27198351,"{""initial_success"": false, ""success"": false, ""terminal_without_success"": false, ""category"": ""policy_entered"", ""primitive_steps"": 0}",51.0573,LeWM (5-action replanning),25,5
reacher,150,300,107,prefix_a,released_raw,ap-fresh-reacher-107,True,106,22,3300,990000,27198351,"{""initial_success"": false, ""success"": false, ""terminal_without_success"": false, ""category"": ""policy_entered"", ""primitive_steps"": 5}",38.8596,LeWM (5-action replanning),25,5
reacher,150,300,107,prefix_b,released_raw,ap-fresh-reacher-107,True,274,55,8250,2475000,27198351,"{""initial_success"": false, ""success"": false, ""terminal_without_success"": false, ""category"": ""policy_entered"", ""primitive_steps"": 5}",91.3519,LeWM (5-action replanning),25,5
reacher,150,300,108,clean,released_raw,ap-fresh-reacher-108,True,71,15,2250,675000,27199351,"{""initial_success"": false, ""success"": false, ""terminal_without_success"": false, ""category"": ""policy_entered"", ""primitive_steps"": 0}",24.7082,LeWM (5-action replanning),25,5
reacher,150,300,108,prefix_a,released_raw,ap-fresh-reacher-108,True,102,21,3150,945000,27199351,"{""initial_success"": false, ""success"": false, ""terminal_without_success"": false, ""category"": ""policy_entered"", ""primitive_steps"": 5}",34.4283,LeWM (5-action replanning),25,5
reacher,150,300,108,prefix_b,released_raw,ap-fresh-reacher-108,True,104,21,3150,945000,27199351,"{""initial_success"": false, ""success"": false, ""terminal_without_success"": false, ""category"": ""policy_entered"", ""primitive_steps"": 5}",34.5431,LeWM (5-action replanning),25,5
reacher,150,300,109,clean,released_raw,ap-fresh-reacher-109,True,147,30,4500,1350000,27200351,"{""initial_success"": false, ""success"": false, ""terminal_without_success"": false, ""category"": ""policy_entered"", ""primitive_steps"": 0}",49.1539,LeWM (5-action replanning),25,5
reacher,150,300,109,prefix_a,released_raw,ap-fresh-reacher-109,True,44,9,1350,405000,27200351,"{""initial_success"": false, ""success"": false, ""terminal_without_success"": false, ""category"": ""policy_entered"", ""primitive_steps"": 5}",14.7031,LeWM (5-action replanning),25,5
reacher,150,300,109,prefix_b,released_raw,ap-fresh-reacher-109,True,44,9,1350,405000,27200351,"{""initial_success"": false, ""success"": false, ""terminal_without_success"": false, ""category"": ""policy_entered"", ""primitive_steps"": 5}",14.7215,LeWM (5-action replanning),25,5
reacher,150,300,110,clean,released_raw,ap-fresh-reacher-110,True,67,14,2100,630000,27201351,"{""initial_success"": false, ""success"": false, ""terminal_without_success"": false, ""category"": ""policy_entered"", ""primitive_steps"": 0}",22.9084,LeWM (5-action replanning),25,5
reacher,150,300,110,prefix_a,released_raw,ap-fresh-reacher-110,True,211,43,6450,1935000,27201351,"{""initial_success"": false, ""success"": false, ""terminal_without_success"": false, ""category"": ""policy_entered"", ""primitive_steps"": 5}",70.203,LeWM (5-action replanning),25,5
reacher,150,300,110,prefix_b,released_raw,ap-fresh-reacher-110,True,58,12,1800,540000,27201351,"{""initial_success"": false, ""success"": false, ""terminal_without_success"": false, ""category"": ""policy_entered"", ""primitive_steps"": 5}",19.6708,LeWM (5-action replanning),25,5
reacher,150,300,111,clean,released_raw,ap-fresh-reacher-111,True,111,23,3450,1035000,27202351,"{""initial_success"": false, ""success"": false, ""terminal_without_success"": false, ""category"": ""policy_entered"", ""primitive_steps"": 0}",39.1203,LeWM (5-action replanning),25,5
reacher,150,300,111,prefix_a,released_raw,ap-fresh-reacher-111,True,258,52,7800,2340000,27202351,"{""initial_success"": false, ""success"": false, ""terminal_without_success"": false, ""category"": ""policy_entered"", ""primitive_steps"": 5}",92.0867,LeWM (5-action replanning),25,5
reacher,150,300,111,prefix_b,released_raw,ap-fresh-reacher-111,False,300,60,9000,2700000,27202351,"{""initial_success"": false, ""success"": false, ""terminal_without_success"": false, ""category"": ""policy_entered"", ""primitive_steps"": 5}",103.0305,LeWM (5-action replanning),25,5
reacher,150,300,112,clean,released_raw,ap-fresh-reacher-112,True,28,6,900,270000,27203351,"{""initial_success"": false, ""success"": false, ""terminal_without_success"": false, ""category"": ""policy_entered"", ""primitive_steps"": 0}",10.5867,LeWM (5-action replanning),25,5
reacher,150,300,112,prefix_a,released_raw,ap-fresh-reacher-112,True,13,3,450,135000,27203351,"{""initial_success"": false, ""success"": false, ""terminal_without_success"": false, ""category"": ""policy_entered"", ""primitive_steps"": 5}",5.0122,LeWM (5-action replanning),25,5
reacher,150,300,112,prefix_b,released_raw,ap-fresh-reacher-112,True,108,22,3300,990000,27203351,"{""initial_success"": false, ""success"": false, ""terminal_without_success"": false, ""category"": ""policy_entered"", ""primitive_steps"": 5}",37.7169,LeWM (5-action replanning),25,5
reacher,150,300,113,clean,released_raw,ap-fresh-reacher-113,False,300,60,9000,2700000,27204351,"{""initial_success"": false, ""success"": false, ""terminal_without_success"": false, ""category"": ""policy_entered"", ""primitive_steps"": 0}",107.3671,LeWM (5-action replanning),25,5
reacher,150,300,113,prefix_a,released_raw,ap-fresh-reacher-113,True,124,25,3750,1125000,27204351,"{""initial_success"": false, ""success"": false, ""terminal_without_success"": false, ""category"": ""policy_entered"", ""primitive_steps"": 5}",45.0365,LeWM (5-action replanning),25,5
reacher,150,300,113,prefix_b,released_raw,ap-fresh-reacher-113,False,300,60,9000,2700000,27204351,"{""initial_success"": false, ""success"": false, ""terminal_without_success"": false, ""category"": ""policy_entered"", ""primitive_steps"": 5}",101.1432,LeWM (5-action replanning),25,5
reacher,150,300,114,clean,released_raw,ap-fresh-reacher-114,True,188,38,5700,1710000,27205351,"{""initial_success"": false, ""success"": false, ""terminal_without_success"": false, ""category"": ""policy_entered"", ""primitive_steps"": 0}",63.4079,LeWM (5-action replanning),25,5
reacher,150,300,114,prefix_a,released_raw,ap-fresh-reacher-114,True,19,4,600,180000,27205351,"{""initial_success"": false, ""success"": false, ""terminal_without_success"": false, ""category"": ""policy_entered"", ""primitive_steps"": 5}",6.7149,LeWM (5-action replanning),25,5
reacher,150,300,114,prefix_b,released_raw,ap-fresh-reacher-114,True,23,5,750,225000,27205351,"{""initial_success"": false, ""success"": false, ""terminal_without_success"": false, ""category"": ""policy_entered"", ""primitive_steps"": 5}",8.3656,LeWM (5-action replanning),25,5
reacher,150,300,115,clean,released_raw,ap-fresh-reacher-115,True,17,4,600,180000,27206351,"{""initial_success"": false, ""success"": false, ""terminal_without_success"": false, ""category"": ""policy_entered"", ""primitive_steps"": 0}",6.5944,LeWM (5-action replanning),25,5
reacher,150,300,115,prefix_a,released_raw,ap-fresh-reacher-115,True,107,22,3300,990000,27206351,"{""initial_success"": false, ""success"": false, ""terminal_without_success"": false, ""category"": ""policy_entered"", ""primitive_steps"": 5}",34.9215,LeWM (5-action replanning),25,5
reacher,150,300,115,prefix_b,released_raw,ap-fresh-reacher-115,True,0,0,0,0,27206351,"{""initial_success"": false, ""success"": true, ""terminal_without_success"": false, ""category"": ""prelude_success"", ""primitive_steps"": 1}",0.0069,LeWM (5-action replanning),25,5
reacher,150,300,116,clean,released_raw,ap-fresh-reacher-116,True,48,10,1500,450000,27207351,"{""initial_success"": false, ""success"": false, ""terminal_without_success"": false, ""category"": ""policy_entered"", ""primitive_steps"": 0}",16.4609,LeWM (5-action replanning),25,5
reacher,150,300,116,prefix_a,released_raw,ap-fresh-reacher-116,True,30,6,900,270000,27207351,"{""initial_success"": false, ""success"": false, ""terminal_without_success"": false, ""category"": ""policy_entered"", ""primitive_steps"": 5}",9.7946,LeWM (5-action replanning),25,5
reacher,150,300,116,prefix_b,released_raw,ap-fresh-reacher-116,True,54,11,1650,495000,27207351,"{""initial_success"": false, ""success"": false, ""terminal_without_success"": false, ""category"": ""policy_entered"", ""primitive_steps"": 5}",18.0599,LeWM (5-action replanning),25,5
reacher,150,300,117,clean,released_raw,ap-fresh-reacher-117,True,84,17,2550,765000,27208351,"{""initial_success"": false, ""success"": false, ""terminal_without_success"": false, ""category"": ""policy_entered"", ""primitive_steps"": 0}",27.8909,LeWM (5-action replanning),25,5
reacher,150,300,117,prefix_a,released_raw,ap-fresh-reacher-117,True,31,7,1050,315000,27208351,"{""initial_success"": false, ""success"": false, ""terminal_without_success"": false, ""category"": ""policy_entered"", ""primitive_steps"": 5}",11.472,LeWM (5-action replanning),25,5
reacher,150,300,117,prefix_b,released_raw,ap-fresh-reacher-117,True,27,6,900,270000,27208351,"{""initial_success"": false, ""success"": false, ""terminal_without_success"": false, ""category"": ""policy_entered"", ""primitive_steps"": 5}",9.8375,LeWM (5-action replanning),25,5
reacher,150,300,118,clean,released_raw,ap-fresh-reacher-118,True,54,11,1650,495000,27209351,"{""initial_success"": false, ""success"": false, ""terminal_without_success"": false, ""category"": ""policy_entered"", ""primitive_steps"": 0}",17.9305,LeWM (5-action replanning),25,5
reacher,150,300,118,prefix_a,released_raw,ap-fresh-reacher-118,True,17,4,600,180000,27209351,"{""initial_success"": false, ""success"": false, ""terminal_without_success"": false, ""category"": ""policy_entered"", ""primitive_steps"": 5}",6.6214,LeWM (5-action replanning),25,5
reacher,150,300,118,prefix_b,released_raw,ap-fresh-reacher-118,True,44,9,1350,405000,27209351,"{""initial_success"": false, ""success"": false, ""terminal_without_success"": false, ""category"": ""policy_entered"", ""primitive_steps"": 5}",15.1564,LeWM (5-action replanning),25,5
reacher,150,300,119,clean,released_raw,ap-fresh-reacher-119,True,224,45,6750,2025000,27210351,"{""initial_success"": false, ""success"": false, ""terminal_without_success"": false, ""category"": ""policy_entered"", ""primitive_steps"": 0}",74.5243,LeWM (5-action replanning),25,5
reacher,150,300,119,prefix_a,released_raw,ap-fresh-reacher-119,True,37,8,1200,360000,27210351,"{""initial_success"": false, ""success"": false, ""terminal_without_success"": false, ""category"": ""policy_entered"", ""primitive_steps"": 5}",13.145,LeWM (5-action replanning),25,5
reacher,150,300,119,prefix_b,released_raw,ap-fresh-reacher-119,True,111,23,3450,1035000,27210351,"{""initial_success"": false, ""success"": false, ""terminal_without_success"": false, ""category"": ""policy_entered"", ""primitive_steps"": 5}",37.6336,LeWM (5-action replanning),25,5
reacher,150,300,120,clean,released_raw,ap-fresh-reacher-120,True,79,16,2400,720000,27211351,"{""initial_success"": false, ""success"": false, ""terminal_without_success"": false, ""category"": ""policy_entered"", ""primitive_steps"": 0}",26.2335,LeWM (5-action replanning),25,5
reacher,150,300,120,prefix_a,released_raw,ap-fresh-reacher-120,True,74,15,2250,675000,27211351,"{""initial_success"": false, ""success"": false, ""terminal_without_success"": false, ""category"": ""policy_entered"", ""primitive_steps"": 5}",24.5614,LeWM (5-action replanning),25,5
reacher,150,300,120,prefix_b,released_raw,ap-fresh-reacher-120,True,55,11,1650,495000,27211351,"{""initial_success"": false, ""success"": false, ""terminal_without_success"": false, ""category"": ""policy_entered"", ""primitive_steps"": 5}",18.0424,LeWM (5-action replanning),25,5
reacher,150,300,121,clean,released_raw,ap-fresh-reacher-121,True,87,18,2700,810000,27212351,"{""initial_success"": false, ""success"": false, ""terminal_without_success"": false, ""category"": ""policy_entered"", ""primitive_steps"": 0}",29.4479,LeWM (5-action replanning),25,5
reacher,150,300,121,prefix_a,released_raw,ap-fresh-reacher-121,True,199,40,6000,1800000,27212351,"{""initial_success"": false, ""success"": false, ""terminal_without_success"": false, ""category"": ""policy_entered"", ""primitive_steps"": 5}",65.6035,LeWM (5-action replanning),25,5
reacher,150,300,121,prefix_b,released_raw,ap-fresh-reacher-121,True,128,26,3900,1170000,27212351,"{""initial_success"": false, ""success"": false, ""terminal_without_success"": false, ""category"": ""policy_entered"", ""primitive_steps"": 5}",42.6081,LeWM (5-action replanning),25,5
reacher,150,300,122,clean,released_raw,ap-fresh-reacher-122,True,171,35,5250,1575000,27213351,"{""initial_success"": false, ""success"": false, ""terminal_without_success"": false, ""category"": ""policy_entered"", ""primitive_steps"": 0}",57.2998,LeWM (5-action replanning),25,5
reacher,150,300,122,prefix_a,released_raw,ap-fresh-reacher-122,False,300,60,9000,2700000,27213351,"{""initial_success"": false, ""success"": false, ""terminal_without_success"": false, ""category"": ""policy_entered"", ""primitive_steps"": 5}",97.9043,LeWM (5-action replanning),25,5
reacher,150,300,122,prefix_b,released_raw,ap-fresh-reacher-122,False,300,60,9000,2700000,27213351,"{""initial_success"": false, ""success"": false, ""terminal_without_success"": false, ""category"": ""policy_entered"", ""primitive_steps"": 5}",98.289,LeWM (5-action replanning),25,5
reacher,150,300,123,clean,released_raw,ap-fresh-reacher-123,True,82,17,2550,765000,27214351,"{""initial_success"": false, ""success"": false, ""terminal_without_success"": false, ""category"": ""policy_entered"", ""primitive_steps"": 0}",27.4502,LeWM (5-action replanning),25,5
reacher,150,300,123,prefix_a,released_raw,ap-fresh-reacher-123,True,20,4,600,180000,27214351,"{""initial_success"": false, ""success"": false, ""terminal_without_success"": false, ""category"": ""policy_entered"", ""primitive_steps"": 5}",6.5587,LeWM (5-action replanning),25,5
reacher,150,300,123,prefix_b,released_raw,ap-fresh-reacher-123,True,60,12,1800,540000,27214351,"{""initial_success"": false, ""success"": false, ""terminal_without_success"": false, ""category"": ""policy_entered"", ""primitive_steps"": 5}",19.6293,LeWM (5-action replanning),25,5
reacher,150,300,124,clean,released_raw,ap-fresh-reacher-124,True,17,4,600,180000,27215351,"{""initial_success"": false, ""success"": false, ""terminal_without_success"": false, ""category"": ""policy_entered"", ""primitive_steps"": 0}",6.6367,LeWM (5-action replanning),25,5
reacher,150,300,124,prefix_a,released_raw,ap-fresh-reacher-124,True,15,3,450,135000,27215351,"{""initial_success"": false, ""success"": false, ""terminal_without_success"": false, ""category"": ""policy_entered"", ""primitive_steps"": 5}",4.9471,LeWM (5-action replanning),25,5
reacher,150,300,124,prefix_b,released_raw,ap-fresh-reacher-124,True,45,9,1350,405000,27215351,"{""initial_success"": false, ""success"": false, ""terminal_without_success"": false, ""category"": ""policy_entered"", ""primitive_steps"": 5}",15.1699,LeWM (5-action replanning),25,5
reacher,150,300,125,clean,released_raw,ap-fresh-reacher-125,True,16,4,600,180000,27216351,"{""initial_success"": false, ""success"": false, ""terminal_without_success"": false, ""category"": ""policy_entered"", ""primitive_steps"": 0}",6.6285,LeWM (5-action replanning),25,5
reacher,150,300,125,prefix_a,released_raw,ap-fresh-reacher-125,True,16,4,600,180000,27216351,"{""initial_success"": false, ""success"": false, ""terminal_without_success"": false, ""category"": ""policy_entered"", ""primitive_steps"": 5}",7.0399,LeWM (5-action replanning),25,5
reacher,150,300,125,prefix_b,released_raw,ap-fresh-reacher-125,True,124,25,3750,1125000,27216351,"{""initial_success"": false, ""success"": false, ""terminal_without_success"": false, ""category"": ""policy_entered"", ""primitive_steps"": 5}",43.8195,LeWM (5-action replanning),25,5
reacher,150,300,126,clean,released_raw,ap-fresh-reacher-126,False,300,60,9000,2700000,27217351,"{""initial_success"": false, ""success"": false, ""terminal_without_success"": false, ""category"": ""policy_entered"", ""primitive_steps"": 0}",101.7601,LeWM (5-action replanning),25,5
reacher,150,300,126,prefix_a,released_raw,ap-fresh-reacher-126,False,300,60,9000,2700000,27217351,"{""initial_success"": false, ""success"": false, ""terminal_without_success"": false, ""category"": ""policy_entered"", ""primitive_steps"": 5}",101.5028,LeWM (5-action replanning),25,5
reacher,150,300,126,prefix_b,released_raw,ap-fresh-reacher-126,True,133,27,4050,1215000,27217351,"{""initial_success"": false, ""success"": false, ""terminal_without_success"": false, ""category"": ""policy_entered"", ""primitive_steps"": 5}",47.5305,LeWM (5-action replanning),25,5
reacher,150,300,127,clean,released_raw,ap-fresh-reacher-127,True,186,38,5700,1710000,27218351,"{""initial_success"": false, ""success"": false, ""terminal_without_success"": false, ""category"": ""policy_entered"", ""primitive_steps"": 0}",66.1003,LeWM (5-action replanning),25,5
reacher,150,300,127,prefix_a,released_raw,ap-fresh-reacher-127,True,82,17,2550,765000,27218351,"{""initial_success"": false, ""success"": false, ""terminal_without_success"": false, ""category"": ""policy_entered"", ""primitive_steps"": 5}",28.7451,LeWM (5-action replanning),25,5
reacher,150,300,127,prefix_b,released_raw,ap-fresh-reacher-127,True,29,6,900,270000,27218351,"{""initial_success"": false, ""success"": false, ""terminal_without_success"": false, ""category"": ""policy_entered"", ""primitive_steps"": 5}",10.0561,LeWM (5-action replanning),25,5
tworoom,100,200,0,clean,released_raw,ap-fresh-tworoom-000,False,200,40,6000,1800000,28091351,"{""initial_success"": false, ""success"": false, ""terminal_without_success"": false, ""category"": ""policy_entered"", ""primitive_steps"": 0}",64.9984,LeWM (5-action replanning),25,5
tworoom,100,200,0,prefix_a,released_raw,ap-fresh-tworoom-000,False,200,40,6000,1800000,28091351,"{""initial_success"": false, ""success"": false, ""terminal_without_success"": false, ""category"": ""policy_entered"", ""primitive_steps"": 5}",65.5568,LeWM (5-action replanning),25,5
tworoom,100,200,0,prefix_b,released_raw,ap-fresh-tworoom-000,False,200,40,6000,1800000,28091351,"{""initial_success"": false, ""success"": false, ""terminal_without_success"": false, ""category"": ""policy_entered"", ""primitive_steps"": 5}",64.8267,LeWM (5-action replanning),25,5
tworoom,100,200,1,clean,released_raw,ap-fresh-tworoom-001,False,200,40,6000,1800000,28092351,"{""initial_success"": false, ""success"": false, ""terminal_without_success"": false, ""category"": ""policy_entered"", ""primitive_steps"": 0}",64.6039,LeWM (5-action replanning),25,5
tworoom,100,200,1,prefix_a,released_raw,ap-fresh-tworoom-001,False,200,40,6000,1800000,28092351,"{""initial_success"": false, ""success"": false, ""terminal_without_success"": false, ""category"": ""policy_entered"", ""primitive_steps"": 5}",64.8155,LeWM (5-action replanning),25,5
tworoom,100,200,1,prefix_b,released_raw,ap-fresh-tworoom-001,False,200,40,6000,1800000,28092351,"{""initial_success"": false, ""success"": false, ""terminal_without_success"": false, ""category"": ""policy_entered"", ""primitive_steps"": 5}",65.1023,LeWM (5-action replanning),25,5
tworoom,100,200,2,clean,released_raw,ap-fresh-tworoom-002,False,200,40,6000,1800000,28093351,"{""initial_success"": false, ""success"": false, ""terminal_without_success"": false, ""category"": ""policy_entered"", ""primitive_steps"": 0}",64.7403,LeWM (5-action replanning),25,5
tworoom,100,200,2,prefix_a,released_raw,ap-fresh-tworoom-002,False,200,40,6000,1800000,28093351,"{""initial_success"": false, ""success"": false, ""terminal_without_success"": false, ""category"": ""policy_entered"", ""primitive_steps"": 5}",64.7953,LeWM (5-action replanning),25,5
tworoom,100,200,2,prefix_b,released_raw,ap-fresh-tworoom-002,False,200,40,6000,1800000,28093351,"{""initial_success"": false, ""success"": false, ""terminal_without_success"": false, ""category"": ""policy_entered"", ""primitive_steps"": 5}",65.2795,LeWM (5-action replanning),25,5
tworoom,100,200,3,clean,released_raw,ap-fresh-tworoom-003,False,200,40,6000,1800000,28094351,"{""initial_success"": false, ""success"": false, ""terminal_without_success"": false, ""category"": ""policy_entered"", ""primitive_steps"": 0}",64.6159,LeWM (5-action replanning),25,5
tworoom,100,200,3,prefix_a,released_raw,ap-fresh-tworoom-003,False,200,40,6000,1800000,28094351,"{""initial_success"": false, ""success"": false, ""terminal_without_success"": false, ""category"": ""policy_entered"", ""primitive_steps"": 5}",65.2652,LeWM (5-action replanning),25,5
tworoom,100,200,3,prefix_b,released_raw,ap-fresh-tworoom-003,False,200,40,6000,1800000,28094351,"{""initial_success"": false, ""success"": false, ""terminal_without_success"": false, ""category"": ""policy_entered"", ""primitive_steps"": 5}",65.4212,LeWM (5-action replanning),25,5
tworoom,100,200,4,clean,released_raw,ap-fresh-tworoom-004,False,200,40,6000,1800000,28095351,"{""initial_success"": false, ""success"": false, ""terminal_without_success"": false, ""category"": ""policy_entered"", ""primitive_steps"": 0}",64.831,LeWM (5-action replanning),25,5
tworoom,100,200,4,prefix_a,released_raw,ap-fresh-tworoom-004,False,200,40,6000,1800000,28095351,"{""initial_success"": false, ""success"": false, ""terminal_without_success"": false, ""category"": ""policy_entered"", ""primitive_steps"": 5}",64.8659,LeWM (5-action replanning),25,5
tworoom,100,200,4,prefix_b,released_raw,ap-fresh-tworoom-004,False,200,40,6000,1800000,28095351,"{""initial_success"": false, ""success"": false, ""terminal_without_success"": false, ""category"": ""policy_entered"", ""primitive_steps"": 5}",64.7517,LeWM (5-action replanning),25,5
tworoom,100,200,5,clean,released_raw,ap-fresh-tworoom-005,False,200,40,6000,1800000,28096351,"{""initial_success"": false, ""success"": false, ""terminal_without_success"": false, ""category"": ""policy_entered"", ""primitive_steps"": 0}",64.83,LeWM (5-action replanning),25,5
tworoom,100,200,5,prefix_a,released_raw,ap-fresh-tworoom-005,False,200,40,6000,1800000,28096351,"{""initial_success"": false, ""success"": false, ""terminal_without_success"": false, ""category"": ""policy_entered"", ""primitive_steps"": 5}",64.2496,LeWM (5-action replanning),25,5
tworoom,100,200,5,prefix_b,released_raw,ap-fresh-tworoom-005,False,200,40,6000,1800000,28096351,"{""initial_success"": false, ""success"": false, ""terminal_without_success"": false, ""category"": ""policy_entered"", ""primitive_steps"": 5}",64.7282,LeWM (5-action replanning),25,5
tworoom,100,200,6,clean,released_raw,ap-fresh-tworoom-006,False,200,40,6000,1800000,28097351,"{""initial_success"": false, ""success"": false, ""terminal_without_success"": false, ""category"": ""policy_entered"", ""primitive_steps"": 0}",64.7048,LeWM (5-action replanning),25,5
tworoom,100,200,6,prefix_a,released_raw,ap-fresh-tworoom-006,False,200,40,6000,1800000,28097351,"{""initial_success"": false, ""success"": false, ""terminal_without_success"": false, ""category"": ""policy_entered"", ""primitive_steps"": 5}",64.7792,LeWM (5-action replanning),25,5
tworoom,100,200,6,prefix_b,released_raw,ap-fresh-tworoom-006,False,200,40,6000,1800000,28097351,"{""initial_success"": false, ""success"": false, ""terminal_without_success"": false, ""category"": ""policy_entered"", ""primitive_steps"": 5}",64.7593,LeWM (5-action replanning),25,5
tworoom,100,200,7,clean,released_raw,ap-fresh-tworoom-007,False,200,40,6000,1800000,28098351,"{""initial_success"": false, ""success"": false, ""terminal_without_success"": false, ""category"": ""policy_entered"", ""primitive_steps"": 0}",64.8608,LeWM (5-action replanning),25,5
tworoom,100,200,7,prefix_a,released_raw,ap-fresh-tworoom-007,True,64,13,1950,585000,28098351,"{""initial_success"": false, ""success"": false, ""terminal_without_success"": false, ""category"": ""policy_entered"", ""primitive_steps"": 5}",20.9988,LeWM (5-action replanning),25,5
tworoom,100,200,7,prefix_b,released_raw,ap-fresh-tworoom-007,False,200,40,6000,1800000,28098351,"{""initial_success"": false, ""success"": false, ""terminal_without_success"": false, ""category"": ""policy_entered"", ""primitive_steps"": 5}",64.8667,LeWM (5-action replanning),25,5
tworoom,100,200,8,clean,released_raw,ap-fresh-tworoom-008,False,200,40,6000,1800000,28099351,"{""initial_success"": false, ""success"": false, ""terminal_without_success"": false, ""category"": ""policy_entered"", ""primitive_steps"": 0}",64.7549,LeWM (5-action replanning),25,5
tworoom,100,200,8,prefix_a,released_raw,ap-fresh-tworoom-008,False,200,40,6000,1800000,28099351,"{""initial_success"": false, ""success"": false, ""terminal_without_success"": false, ""category"": ""policy_entered"", ""primitive_steps"": 5}",64.6858,LeWM (5-action replanning),25,5
tworoom,100,200,8,prefix_b,released_raw,ap-fresh-tworoom-008,False,200,40,6000,1800000,28099351,"{""initial_success"": false, ""success"": false, ""terminal_without_success"": false, ""category"": ""policy_entered"", ""primitive_steps"": 5}",64.8728,LeWM (5-action replanning),25,5
tworoom,100,200,9,clean,released_raw,ap-fresh-tworoom-009,True,75,15,2250,675000,28100351,"{""initial_success"": false, ""success"": false, ""terminal_without_success"": false, ""category"": ""policy_entered"", ""primitive_steps"": 0}",24.3736,LeWM (5-action replanning),25,5
tworoom,100,200,9,prefix_a,released_raw,ap-fresh-tworoom-009,True,67,14,2100,630000,28100351,"{""initial_success"": false, ""success"": false, ""terminal_without_success"": false, ""category"": ""policy_entered"", ""primitive_steps"": 5}",22.6941,LeWM (5-action replanning),25,5
tworoom,100,200,9,prefix_b,released_raw,ap-fresh-tworoom-009,False,200,40,6000,1800000,28100351,"{""initial_success"": false, ""success"": false, ""terminal_without_success"": false, ""category"": ""policy_entered"", ""primitive_steps"": 5}",64.8274,LeWM (5-action replanning),25,5
tworoom,100,200,10,clean,released_raw,ap-fresh-tworoom-010,False,200,40,6000,1800000,28101351,"{""initial_success"": false, ""success"": false, ""terminal_without_success"": false, ""category"": ""policy_entered"", ""primitive_steps"": 0}",64.7033,LeWM (5-action replanning),25,5
tworoom,100,200,10,prefix_a,released_raw,ap-fresh-tworoom-010,False,200,40,6000,1800000,28101351,"{""initial_success"": false, ""success"": false, ""terminal_without_success"": false, ""category"": ""policy_entered"", ""primitive_steps"": 5}",64.6333,LeWM (5-action replanning),25,5
tworoom,100,200,10,prefix_b,released_raw,ap-fresh-tworoom-010,False,200,40,6000,1800000,28101351,"{""initial_success"": false, ""success"": false, ""terminal_without_success"": false, ""category"": ""policy_entered"", ""primitive_steps"": 5}",64.6932,LeWM (5-action replanning),25,5
tworoom,100,200,11,clean,released_raw,ap-fresh-tworoom-011,False,200,40,6000,1800000,28102351,"{""initial_success"": false, ""success"": false, ""terminal_without_success"": false, ""category"": ""policy_entered"", ""primitive_steps"": 0}",64.7236,LeWM (5-action replanning),25,5
tworoom,100,200,11,prefix_a,released_raw,ap-fresh-tworoom-011,True,50,10,1500,450000,28102351,"{""initial_success"": false, ""success"": false, ""terminal_without_success"": false, ""category"": ""policy_entered"", ""primitive_steps"": 5}",16.1917,LeWM (5-action replanning),25,5
tworoom,100,200,11,prefix_b,released_raw,ap-fresh-tworoom-011,True,143,29,4350,1305000,28102351,"{""initial_success"": false, ""success"": false, ""terminal_without_success"": false, ""category"": ""policy_entered"", ""primitive_steps"": 5}",51.7552,LeWM (5-action replanning),25,5
tworoom,100,200,12,clean,released_raw,ap-fresh-tworoom-012,False,200,40,6000,1800000,28103351,"{""initial_success"": false, ""success"": false, ""terminal_without_success"": false, ""category"": ""policy_entered"", ""primitive_steps"": 0}",78.9587,LeWM (5-action replanning),25,5
tworoom,100,200,12,prefix_a,released_raw,ap-fresh-tworoom-012,False,200,40,6000,1800000,28103351,"{""initial_success"": false, ""success"": false, ""terminal_without_success"": false, ""category"": ""policy_entered"", ""primitive_steps"": 5}",70.8177,LeWM (5-action replanning),25,5
tworoom,100,200,12,prefix_b,released_raw,ap-fresh-tworoom-012,False,200,40,6000,1800000,28103351,"{""initial_success"": false, ""success"": false, ""terminal_without_success"": false, ""category"": ""policy_entered"", ""primitive_steps"": 5}",79.6649,LeWM (5-action replanning),25,5
tworoom,100,200,13,clean,released_raw,ap-fresh-tworoom-013,True,54,11,1650,495000,28104351,"{""initial_success"": false, ""success"": false, ""terminal_without_success"": false, ""category"": ""policy_entered"", ""primitive_steps"": 0}",18.102,LeWM (5-action replanning),25,5
tworoom,100,200,13,prefix_a,released_raw,ap-fresh-tworoom-013,True,123,25,3750,1125000,28104351,"{""initial_success"": false, ""success"": false, ""terminal_without_success"": false, ""category"": ""policy_entered"", ""primitive_steps"": 5}",40.4097,LeWM (5-action replanning),25,5
tworoom,100,200,13,prefix_b,released_raw,ap-fresh-tworoom-013,True,113,23,3450,1035000,28104351,"{""initial_success"": false, ""success"": false, ""terminal_without_success"": false, ""category"": ""policy_entered"", ""primitive_steps"": 5}",37.2791,LeWM (5-action replanning),25,5
tworoom,100,200,14,clean,released_raw,ap-fresh-tworoom-014,True,50,10,1500,450000,28105351,"{""initial_success"": false, ""success"": false, ""terminal_without_success"": false, ""category"": ""policy_entered"", ""primitive_steps"": 0}",16.1807,LeWM (5-action replanning),25,5
tworoom,100,200,14,prefix_a,released_raw,ap-fresh-tworoom-014,False,200,40,6000,1800000,28105351,"{""initial_success"": false, ""success"": false, ""terminal_without_success"": false, ""category"": ""policy_entered"", ""primitive_steps"": 5}",64.7379,LeWM (5-action replanning),25,5
tworoom,100,200,14,prefix_b,released_raw,ap-fresh-tworoom-014,False,200,40,6000,1800000,28105351,"{""initial_success"": false, ""success"": false, ""terminal_without_success"": false, ""category"": ""policy_entered"", ""primitive_steps"": 5}",64.6974,LeWM (5-action replanning),25,5
tworoom,100,200,15,clean,released_raw,ap-fresh-tworoom-015,False,200,40,6000,1800000,28106351,"{""initial_success"": false, ""success"": false, ""terminal_without_success"": false, ""category"": ""policy_entered"", ""primitive_steps"": 0}",64.7392,LeWM (5-action replanning),25,5
tworoom,100,200,15,prefix_a,released_raw,ap-fresh-tworoom-015,False,200,40,6000,1800000,28106351,"{""initial_success"": false, ""success"": false, ""terminal_without_success"": false, ""category"": ""policy_entered"", ""primitive_steps"": 5}",64.2186,LeWM (5-action replanning),25,5
tworoom,100,200,15,prefix_b,released_raw,ap-fresh-tworoom-015,False,200,40,6000,1800000,28106351,"{""initial_success"": false, ""success"": false, ""terminal_without_success"": false, ""category"": ""policy_entered"", ""primitive_steps"": 5}",64.6503,LeWM (5-action replanning),25,5
tworoom,100,200,16,clean,released_raw,ap-fresh-tworoom-016,True,195,39,5850,1755000,28107351,"{""initial_success"": false, ""success"": false, ""terminal_without_success"": false, ""category"": ""policy_entered"", ""primitive_steps"": 0}",63.0893,LeWM (5-action replanning),25,5
tworoom,100,200,16,prefix_a,released_raw,ap-fresh-tworoom-016,True,71,15,2250,675000,28107351,"{""initial_success"": false, ""success"": false, ""terminal_without_success"": false, ""category"": ""policy_entered"", ""primitive_steps"": 5}",24.3502,LeWM (5-action replanning),25,5
tworoom,100,200,16,prefix_b,released_raw,ap-fresh-tworoom-016,False,200,40,6000,1800000,28107351,"{""initial_success"": false, ""success"": false, ""terminal_without_success"": false, ""category"": ""policy_entered"", ""primitive_steps"": 5}",64.6994,LeWM (5-action replanning),25,5
tworoom,100,200,17,clean,released_raw,ap-fresh-tworoom-017,False,200,40,6000,1800000,28108351,"{""initial_success"": false, ""success"": false, ""terminal_without_success"": false, ""category"": ""policy_entered"", ""primitive_steps"": 0}",64.6055,LeWM (5-action replanning),25,5
tworoom,100,200,17,prefix_a,released_raw,ap-fresh-tworoom-017,False,200,40,6000,1800000,28108351,"{""initial_success"": false, ""success"": false, ""terminal_without_success"": false, ""category"": ""policy_entered"", ""primitive_steps"": 5}",64.6326,LeWM (5-action replanning),25,5
tworoom,100,200,17,prefix_b,released_raw,ap-fresh-tworoom-017,False,200,40,6000,1800000,28108351,"{""initial_success"": false, ""success"": false, ""terminal_without_success"": false, ""category"": ""policy_entered"", ""primitive_steps"": 5}",64.6408,LeWM (5-action replanning),25,5
tworoom,100,200,18,clean,released_raw,ap-fresh-tworoom-018,True,40,8,1200,360000,28109351,"{""initial_success"": false, ""success"": false, ""terminal_without_success"": false, ""category"": ""policy_entered"", ""primitive_steps"": 0}",12.9792,LeWM (5-action replanning),25,5
tworoom,100,200,18,prefix_a,released_raw,ap-fresh-tworoom-018,True,22,5,750,225000,28109351,"{""initial_success"": false, ""success"": false, ""terminal_without_success"": false, ""category"": ""policy_entered"", ""primitive_steps"": 5}",8.0807,LeWM (5-action replanning),25,5
tworoom,100,200,18,prefix_b,released_raw,ap-fresh-tworoom-018,True,23,5,750,225000,28109351,"{""initial_success"": false, ""success"": false, ""terminal_without_success"": false, ""category"": ""policy_entered"", ""primitive_steps"": 5}",8.0528,LeWM (5-action replanning),25,5
tworoom,100,200,19,clean,released_raw,ap-fresh-tworoom-019,False,200,40,6000,1800000,28110351,"{""initial_success"": false, ""success"": false, ""terminal_without_success"": false, ""category"": ""policy_entered"", ""primitive_steps"": 0}",64.6948,LeWM (5-action replanning),25,5
tworoom,100,200,19,prefix_a,released_raw,ap-fresh-tworoom-019,False,200,40,6000,1800000,28110351,"{""initial_success"": false, ""success"": false, ""terminal_without_success"": false, ""category"": ""policy_entered"", ""primitive_steps"": 5}",64.6766,LeWM (5-action replanning),25,5
tworoom,100,200,19,prefix_b,released_raw,ap-fresh-tworoom-019,False,200,40,6000,1800000,28110351,"{""initial_success"": false, ""success"": false, ""terminal_without_success"": false, ""category"": ""policy_entered"", ""primitive_steps"": 5}",64.6076,LeWM (5-action replanning),25,5
tworoom,100,200,20,clean,released_raw,ap-fresh-tworoom-020,True,58,12,1800,540000,28111351,"{""initial_success"": false, ""success"": false, ""terminal_without_success"": false, ""category"": ""policy_entered"", ""primitive_steps"": 0}",19.3559,LeWM (5-action replanning),25,5
tworoom,100,200,20,prefix_a,released_raw,ap-fresh-tworoom-020,True,44,9,1350,405000,28111351,"{""initial_success"": false, ""success"": false, ""terminal_without_success"": false, ""category"": ""policy_entered"", ""primitive_steps"": 5}",14.123,LeWM (5-action replanning),25,5
tworoom,100,200,20,prefix_b,released_raw,ap-fresh-tworoom-020,True,44,9,1350,405000,28111351,"{""initial_success"": false, ""success"": false, ""terminal_without_success"": false, ""category"": ""policy_entered"", ""primitive_steps"": 5}",14.6015,LeWM (5-action replanning),25,5
tworoom,100,200,21,clean,released_raw,ap-fresh-tworoom-021,False,200,40,6000,1800000,28112351,"{""initial_success"": false, ""success"": false, ""terminal_without_success"": false, ""category"": ""policy_entered"", ""primitive_steps"": 0}",64.6044,LeWM (5-action replanning),25,5
tworoom,100,200,21,prefix_a,released_raw,ap-fresh-tworoom-021,False,200,40,6000,1800000,28112351,"{""initial_success"": false, ""success"": false, ""terminal_without_success"": false, ""category"": ""policy_entered"", ""primitive_steps"": 5}",64.7594,LeWM (5-action replanning),25,5
tworoom,100,200,21,prefix_b,released_raw,ap-fresh-tworoom-021,False,200,40,6000,1800000,28112351,"{""initial_success"": false, ""success"": false, ""terminal_without_success"": false, ""category"": ""policy_entered"", ""primitive_steps"": 5}",64.6447,LeWM (5-action replanning),25,5
tworoom,100,200,22,clean,released_raw,ap-fresh-tworoom-022,False,200,40,6000,1800000,28113351,"{""initial_success"": false, ""success"": false, ""terminal_without_success"": false, ""category"": ""policy_entered"", ""primitive_steps"": 0}",64.591,LeWM (5-action replanning),25,5
tworoom,100,200,22,prefix_a,released_raw,ap-fresh-tworoom-022,False,200,40,6000,1800000,28113351,"{""initial_success"": false, ""success"": false, ""terminal_without_success"": false, ""category"": ""policy_entered"", ""primitive_steps"": 5}",64.6216,LeWM (5-action replanning),25,5
tworoom,100,200,22,prefix_b,released_raw,ap-fresh-tworoom-022,False,200,40,6000,1800000,28113351,"{""initial_success"": false, ""success"": false, ""terminal_without_success"": false, ""category"": ""policy_entered"", ""primitive_steps"": 5}",64.7533,LeWM (5-action replanning),25,5
tworoom,100,200,23,clean,released_raw,ap-fresh-tworoom-023,False,200,40,6000,1800000,28114351,"{""initial_success"": false, ""success"": false, ""terminal_without_success"": false, ""category"": ""policy_entered"", ""primitive_steps"": 0}",64.6128,LeWM (5-action replanning),25,5
tworoom,100,200,23,prefix_a,released_raw,ap-fresh-tworoom-023,True,24,5,750,225000,28114351,"{""initial_success"": false, ""success"": false, ""terminal_without_success"": false, ""category"": ""policy_entered"", ""primitive_steps"": 5}",8.1605,LeWM (5-action replanning),25,5
tworoom,100,200,23,prefix_b,released_raw,ap-fresh-tworoom-023,True,31,7,1050,315000,28114351,"{""initial_success"": false, ""success"": false, ""terminal_without_success"": false, ""category"": ""policy_entered"", ""primitive_steps"": 5}",11.3349,LeWM (5-action replanning),25,5
tworoom,100,200,24,clean,released_raw,ap-fresh-tworoom-024,False,200,40,6000,1800000,28115351,"{""initial_success"": false, ""success"": false, ""terminal_without_success"": false, ""category"": ""policy_entered"", ""primitive_steps"": 0}",64.6438,LeWM (5-action replanning),25,5
tworoom,100,200,24,prefix_a,released_raw,ap-fresh-tworoom-024,False,200,40,6000,1800000,28115351,"{""initial_success"": false, ""success"": false, ""terminal_without_success"": false, ""category"": ""policy_entered"", ""primitive_steps"": 5}",64.6529,LeWM (5-action replanning),25,5
tworoom,100,200,24,prefix_b,released_raw,ap-fresh-tworoom-024,False,200,40,6000,1800000,28115351,"{""initial_success"": false, ""success"": false, ""terminal_without_success"": false, ""category"": ""policy_entered"", ""primitive_steps"": 5}",64.7149,LeWM (5-action replanning),25,5
tworoom,100,200,25,clean,released_raw,ap-fresh-tworoom-025,False,200,40,6000,1800000,28116351,"{""initial_success"": false, ""success"": false, ""terminal_without_success"": false, ""category"": ""policy_entered"", ""primitive_steps"": 0}",64.7955,LeWM (5-action replanning),25,5
tworoom,100,200,25,prefix_a,released_raw,ap-fresh-tworoom-025,False,200,40,6000,1800000,28116351,"{""initial_success"": false, ""success"": false, ""terminal_without_success"": false, ""category"": ""policy_entered"", ""primitive_steps"": 5}",64.7993,LeWM (5-action replanning),25,5
tworoom,100,200,25,prefix_b,released_raw,ap-fresh-tworoom-025,True,15,3,450,135000,28116351,"{""initial_success"": false, ""success"": false, ""terminal_without_success"": false, ""category"": ""policy_entered"", ""primitive_steps"": 5}",4.835,LeWM (5-action replanning),25,5
tworoom,100,200,26,clean,released_raw,ap-fresh-tworoom-026,False,200,40,6000,1800000,28117351,"{""initial_success"": false, ""success"": false, ""terminal_without_success"": false, ""category"": ""policy_entered"", ""primitive_steps"": 0}",64.7817,LeWM (5-action replanning),25,5
tworoom,100,200,26,prefix_a,released_raw,ap-fresh-tworoom-026,False,200,40,6000,1800000,28117351,"{""initial_success"": false, ""success"": false, ""terminal_without_success"": false, ""category"": ""policy_entered"", ""primitive_steps"": 5}",64.9226,LeWM (5-action replanning),25,5
tworoom,100,200,26,prefix_b,released_raw,ap-fresh-tworoom-026,False,200,40,6000,1800000,28117351,"{""initial_success"": false, ""success"": false, ""terminal_without_success"": false, ""category"": ""policy_entered"", ""primitive_steps"": 5}",64.2687,LeWM (5-action replanning),25,5
tworoom,100,200,27,clean,released_raw,ap-fresh-tworoom-027,False,200,40,6000,1800000,28118351,"{""initial_success"": false, ""success"": false, ""terminal_without_success"": false, ""category"": ""policy_entered"", ""primitive_steps"": 0}",76.5312,LeWM (5-action replanning),25,5
tworoom,100,200,27,prefix_a,released_raw,ap-fresh-tworoom-027,False,200,40,6000,1800000,28118351,"{""initial_success"": false, ""success"": false, ""terminal_without_success"": false, ""category"": ""policy_entered"", ""primitive_steps"": 5}",80.7171,LeWM (5-action replanning),25,5
tworoom,100,200,27,prefix_b,released_raw,ap-fresh-tworoom-027,False,200,40,6000,1800000,28118351,"{""initial_success"": false, ""success"": false, ""terminal_without_success"": false, ""category"": ""policy_entered"", ""primitive_steps"": 5}",77.6268,LeWM (5-action replanning),25,5
tworoom,100,200,28,clean,released_raw,ap-fresh-tworoom-028,False,200,40,6000,1800000,28119351,"{""initial_success"": false, ""success"": false, ""terminal_without_success"": false, ""category"": ""policy_entered"", ""primitive_steps"": 0}",73.4855,LeWM (5-action replanning),25,5
tworoom,100,200,28,prefix_a,released_raw,ap-fresh-tworoom-028,False,200,40,6000,1800000,28119351,"{""initial_success"": false, ""success"": false, ""terminal_without_success"": false, ""category"": ""policy_entered"", ""primitive_steps"": 5}",76.9615,LeWM (5-action replanning),25,5
tworoom,100,200,28,prefix_b,released_raw,ap-fresh-tworoom-028,False,200,40,6000,1800000,28119351,"{""initial_success"": false, ""success"": false, ""terminal_without_success"": false, ""category"": ""policy_entered"", ""primitive_steps"": 5}",75.5576,LeWM (5-action replanning),25,5
tworoom,100,200,29,clean,released_raw,ap-fresh-tworoom-029,False,200,40,6000,1800000,28120351,"{""initial_success"": false, ""success"": false, ""terminal_without_success"": false, ""category"": ""policy_entered"", ""primitive_steps"": 0}",76.6303,LeWM (5-action replanning),25,5
tworoom,100,200,29,prefix_a,released_raw,ap-fresh-tworoom-029,False,200,40,6000,1800000,28120351,"{""initial_success"": false, ""success"": false, ""terminal_without_success"": false, ""category"": ""policy_entered"", ""primitive_steps"": 5}",76.0299,LeWM (5-action replanning),25,5
tworoom,100,200,29,prefix_b,released_raw,ap-fresh-tworoom-029,False,200,40,6000,1800000,28120351,"{""initial_success"": false, ""success"": false, ""terminal_without_success"": false, ""category"": ""policy_entered"", ""primitive_steps"": 5}",82.8087,LeWM (5-action replanning),25,5
tworoom,100,200,30,clean,released_raw,ap-fresh-tworoom-030,False,200,40,6000,1800000,28121351,"{""initial_success"": false, ""success"": false, ""terminal_without_success"": false, ""category"": ""policy_entered"", ""primitive_steps"": 0}",80.7173,LeWM (5-action replanning),25,5
tworoom,100,200,30,prefix_a,released_raw,ap-fresh-tworoom-030,False,200,40,6000,1800000,28121351,"{""initial_success"": false, ""success"": false, ""terminal_without_success"": false, ""category"": ""policy_entered"", ""primitive_steps"": 5}",79.5059,LeWM (5-action replanning),25,5
tworoom,100,200,30,prefix_b,released_raw,ap-fresh-tworoom-030,False,200,40,6000,1800000,28121351,"{""initial_success"": false, ""success"": false, ""terminal_without_success"": false, ""category"": ""policy_entered"", ""primitive_steps"": 5}",77.6919,LeWM (5-action replanning),25,5
tworoom,100,200,31,clean,released_raw,ap-fresh-tworoom-031,False,200,40,6000,1800000,28122351,"{""initial_success"": false, ""success"": false, ""terminal_without_success"": false, ""category"": ""policy_entered"", ""primitive_steps"": 0}",66.1758,LeWM (5-action replanning),25,5
tworoom,100,200,31,prefix_a,released_raw,ap-fresh-tworoom-031,False,200,40,6000,1800000,28122351,"{""initial_success"": false, ""success"": false, ""terminal_without_success"": false, ""category"": ""policy_entered"", ""primitive_steps"": 5}",66.2529,LeWM (5-action replanning),25,5
tworoom,100,200,31,prefix_b,released_raw,ap-fresh-tworoom-031,False,200,40,6000,1800000,28122351,"{""initial_success"": false, ""success"": false, ""terminal_without_success"": false, ""category"": ""policy_entered"", ""primitive_steps"": 5}",66.0775,LeWM (5-action replanning),25,5
tworoom,100,200,32,clean,released_raw,ap-fresh-tworoom-032,False,200,40,6000,1800000,28123351,"{""initial_success"": false, ""success"": false, ""terminal_without_success"": false, ""category"": ""policy_entered"", ""primitive_steps"": 0}",65.68,LeWM (5-action replanning),25,5
tworoom,100,200,32,prefix_a,released_raw,ap-fresh-tworoom-032,False,200,40,6000,1800000,28123351,"{""initial_success"": false, ""success"": false, ""terminal_without_success"": false, ""category"": ""policy_entered"", ""primitive_steps"": 5}",65.691,LeWM (5-action replanning),25,5
tworoom,100,200,32,prefix_b,released_raw,ap-fresh-tworoom-032,False,200,40,6000,1800000,28123351,"{""initial_success"": false, ""success"": false, ""terminal_without_success"": false, ""category"": ""policy_entered"", ""primitive_steps"": 5}",65.993,LeWM (5-action replanning),25,5
tworoom,100,200,33,clean,released_raw,ap-fresh-tworoom-033,False,200,40,6000,1800000,28124351,"{""initial_success"": false, ""success"": false, ""terminal_without_success"": false, ""category"": ""policy_entered"", ""primitive_steps"": 0}",66.1485,LeWM (5-action replanning),25,5
tworoom,100,200,33,prefix_a,released_raw,ap-fresh-tworoom-033,False,200,40,6000,1800000,28124351,"{""initial_success"": false, ""success"": false, ""terminal_without_success"": false, ""category"": ""policy_entered"", ""primitive_steps"": 5}",66.1387,LeWM (5-action replanning),25,5
tworoom,100,200,33,prefix_b,released_raw,ap-fresh-tworoom-033,False,200,40,6000,1800000,28124351,"{""initial_success"": false, ""success"": false, ""terminal_without_success"": false, ""category"": ""policy_entered"", ""primitive_steps"": 5}",66.2746,LeWM (5-action replanning),25,5
tworoom,100,200,34,clean,released_raw,ap-fresh-tworoom-034,True,20,4,600,180000,28125351,"{""initial_success"": false, ""success"": false, ""terminal_without_success"": false, ""category"": ""policy_entered"", ""primitive_steps"": 0}",6.6571,LeWM (5-action replanning),25,5
tworoom,100,200,34,prefix_a,released_raw,ap-fresh-tworoom-034,True,20,4,600,180000,28125351,"{""initial_success"": false, ""success"": false, ""terminal_without_success"": false, ""category"": ""policy_entered"", ""primitive_steps"": 5}",6.6274,LeWM (5-action replanning),25,5
tworoom,100,200,34,prefix_b,released_raw,ap-fresh-tworoom-034,False,200,40,6000,1800000,28125351,"{""initial_success"": false, ""success"": false, ""terminal_without_success"": false, ""category"": ""policy_entered"", ""primitive_steps"": 5}",66.3161,LeWM (5-action replanning),25,5
tworoom,100,200,35,clean,released_raw,ap-fresh-tworoom-035,True,17,4,600,180000,28126351,"{""initial_success"": false, ""success"": false, ""terminal_without_success"": false, ""category"": ""policy_entered"", ""primitive_steps"": 0}",6.6333,LeWM (5-action replanning),25,5
tworoom,100,200,35,prefix_a,released_raw,ap-fresh-tworoom-035,True,15,3,450,135000,28126351,"{""initial_success"": false, ""success"": false, ""terminal_without_success"": false, ""category"": ""policy_entered"", ""primitive_steps"": 5}",4.9324,LeWM (5-action replanning),25,5
tworoom,100,200,35,prefix_b,released_raw,ap-fresh-tworoom-035,True,21,5,750,225000,28126351,"{""initial_success"": false, ""success"": false, ""terminal_without_success"": false, ""category"": ""policy_entered"", ""primitive_steps"": 5}",8.2839,LeWM (5-action replanning),25,5
tworoom,100,200,36,clean,released_raw,ap-fresh-tworoom-036,True,66,14,2100,630000,28127351,"{""initial_success"": false, ""success"": false, ""terminal_without_success"": false, ""category"": ""policy_entered"", ""primitive_steps"": 0}",23.1746,LeWM (5-action replanning),25,5
tworoom,100,200,36,prefix_a,released_raw,ap-fresh-tworoom-036,True,60,12,1800,540000,28127351,"{""initial_success"": false, ""success"": false, ""terminal_without_success"": false, ""category"": ""policy_entered"", ""primitive_steps"": 5}",19.9039,LeWM (5-action replanning),25,5
tworoom,100,200,36,prefix_b,released_raw,ap-fresh-tworoom-036,True,88,18,2700,810000,28127351,"{""initial_success"": false, ""success"": false, ""terminal_without_success"": false, ""category"": ""policy_entered"", ""primitive_steps"": 5}",29.7889,LeWM (5-action replanning),25,5
tworoom,100,200,37,clean,released_raw,ap-fresh-tworoom-037,False,200,40,6000,1800000,28128351,"{""initial_success"": false, ""success"": false, ""terminal_without_success"": false, ""category"": ""policy_entered"", ""primitive_steps"": 0}",66.2053,LeWM (5-action replanning),25,5
tworoom,100,200,37,prefix_a,released_raw,ap-fresh-tworoom-037,False,200,40,6000,1800000,28128351,"{""initial_success"": false, ""success"": false, ""terminal_without_success"": false, ""category"": ""policy_entered"", ""primitive_steps"": 5}",66.4035,LeWM (5-action replanning),25,5
tworoom,100,200,37,prefix_b,released_raw,ap-fresh-tworoom-037,True,163,33,4950,1485000,28128351,"{""initial_success"": false, ""success"": false, ""terminal_without_success"": false, ""category"": ""policy_entered"", ""primitive_steps"": 5}",54.8659,LeWM (5-action replanning),25,5
tworoom,100,200,38,clean,released_raw,ap-fresh-tworoom-038,False,200,40,6000,1800000,28129351,"{""initial_success"": false, ""success"": false, ""terminal_without_success"": false, ""category"": ""policy_entered"", ""primitive_steps"": 0}",66.5122,LeWM (5-action replanning),25,5
tworoom,100,200,38,prefix_a,released_raw,ap-fresh-tworoom-038,False,200,40,6000,1800000,28129351,"{""initial_success"": false, ""success"": false, ""terminal_without_success"": false, ""category"": ""policy_entered"", ""primitive_steps"": 5}",66.2114,LeWM (5-action replanning),25,5
tworoom,100,200,38,prefix_b,released_raw,ap-fresh-tworoom-038,False,200,40,6000,1800000,28129351,"{""initial_success"": false, ""success"": false, ""terminal_without_success"": false, ""category"": ""policy_entered"", ""primitive_steps"": 5}",66.5366,LeWM (5-action replanning),25,5
tworoom,100,200,39,clean,released_raw,ap-fresh-tworoom-039,False,200,40,6000,1800000,28130351,"{""initial_success"": false, ""success"": false, ""terminal_without_success"": false, ""category"": ""policy_entered"", ""primitive_steps"": 0}",66.4366,LeWM (5-action replanning),25,5
tworoom,100,200,39,prefix_a,released_raw,ap-fresh-tworoom-039,False,200,40,6000,1800000,28130351,"{""initial_success"": false, ""success"": false, ""terminal_without_success"": false, ""category"": ""policy_entered"", ""primitive_steps"": 5}",66.3682,LeWM (5-action replanning),25,5
tworoom,100,200,39,prefix_b,released_raw,ap-fresh-tworoom-039,False,200,40,6000,1800000,28130351,"{""initial_success"": false, ""success"": false, ""terminal_without_success"": false, ""category"": ""policy_entered"", ""primitive_steps"": 5}",66.4364,LeWM (5-action replanning),25,5
tworoom,100,200,40,clean,released_raw,ap-fresh-tworoom-040,True,139,28,4200,1260000,28131351,"{""initial_success"": false, ""success"": false, ""terminal_without_success"": false, ""category"": ""policy_entered"", ""primitive_steps"": 0}",46.4527,LeWM (5-action replanning),25,5
tworoom,100,200,40,prefix_a,released_raw,ap-fresh-tworoom-040,True,69,14,2100,630000,28131351,"{""initial_success"": false, ""success"": false, ""terminal_without_success"": false, ""category"": ""policy_entered"", ""primitive_steps"": 5}",23.293,LeWM (5-action replanning),25,5
tworoom,100,200,40,prefix_b,released_raw,ap-fresh-tworoom-040,True,120,24,3600,1080000,28131351,"{""initial_success"": false, ""success"": false, ""terminal_without_success"": false, ""category"": ""policy_entered"", ""primitive_steps"": 5}",40.0122,LeWM (5-action replanning),25,5
tworoom,100,200,41,clean,released_raw,ap-fresh-tworoom-041,False,200,40,6000,1800000,28132351,"{""initial_success"": false, ""success"": false, ""terminal_without_success"": false, ""category"": ""policy_entered"", ""primitive_steps"": 0}",66.5142,LeWM (5-action replanning),25,5
tworoom,100,200,41,prefix_a,released_raw,ap-fresh-tworoom-041,False,200,40,6000,1800000,28132351,"{""initial_success"": false, ""success"": false, ""terminal_without_success"": false, ""category"": ""policy_entered"", ""primitive_steps"": 5}",66.0121,LeWM (5-action replanning),25,5
tworoom,100,200,41,prefix_b,released_raw,ap-fresh-tworoom-041,False,200,40,6000,1800000,28132351,"{""initial_success"": false, ""success"": false, ""terminal_without_success"": false, ""category"": ""policy_entered"", ""primitive_steps"": 5}",66.3225,LeWM (5-action replanning),25,5
tworoom,100,200,42,clean,released_raw,ap-fresh-tworoom-042,False,200,40,6000,1800000,28133351,"{""initial_success"": false, ""success"": false, ""terminal_without_success"": false, ""category"": ""policy_entered"", ""primitive_steps"": 0}",66.3514,LeWM (5-action replanning),25,5
tworoom,100,200,42,prefix_a,released_raw,ap-fresh-tworoom-042,False,200,40,6000,1800000,28133351,"{""initial_success"": false, ""success"": false, ""terminal_without_success"": false, ""category"": ""policy_entered"", ""primitive_steps"": 5}",66.3919,LeWM (5-action replanning),25,5
tworoom,100,200,42,prefix_b,released_raw,ap-fresh-tworoom-042,False,200,40,6000,1800000,28133351,"{""initial_success"": false, ""success"": false, ""terminal_without_success"": false, ""category"": ""policy_entered"", ""primitive_steps"": 5}",66.4286,LeWM (5-action replanning),25,5
tworoom,100,200,43,clean,released_raw,ap-fresh-tworoom-043,False,200,40,6000,1800000,28134351,"{""initial_success"": false, ""success"": false, ""terminal_without_success"": false, ""category"": ""policy_entered"", ""primitive_steps"": 0}",66.4338,LeWM (5-action replanning),25,5
tworoom,100,200,43,prefix_a,released_raw,ap-fresh-tworoom-043,False,200,40,6000,1800000,28134351,"{""initial_success"": false, ""success"": false, ""terminal_without_success"": false, ""category"": ""policy_entered"", ""primitive_steps"": 5}",66.5457,LeWM (5-action replanning),25,5
tworoom,100,200,43,prefix_b,released_raw,ap-fresh-tworoom-043,False,200,40,6000,1800000,28134351,"{""initial_success"": false, ""success"": false, ""terminal_without_success"": false, ""category"": ""policy_entered"", ""primitive_steps"": 5}",66.4462,LeWM (5-action replanning),25,5
tworoom,100,200,44,clean,released_raw,ap-fresh-tworoom-044,True,39,8,1200,360000,28135351,"{""initial_success"": false, ""success"": false, ""terminal_without_success"": false, ""category"": ""policy_entered"", ""primitive_steps"": 0}",13.2091,LeWM (5-action replanning),25,5
tworoom,100,200,44,prefix_a,released_raw,ap-fresh-tworoom-044,True,44,9,1350,405000,28135351,"{""initial_success"": false, ""success"": false, ""terminal_without_success"": false, ""category"": ""policy_entered"", ""primitive_steps"": 5}",15.7777,LeWM (5-action replanning),25,5
tworoom,100,200,44,prefix_b,released_raw,ap-fresh-tworoom-044,True,43,9,1350,405000,28135351,"{""initial_success"": false, ""success"": false, ""terminal_without_success"": false, ""category"": ""policy_entered"", ""primitive_steps"": 5}",15.5937,LeWM (5-action replanning),25,5
tworoom,100,200,45,clean,released_raw,ap-fresh-tworoom-045,False,200,40,6000,1800000,28136351,"{""initial_success"": false, ""success"": false, ""terminal_without_success"": false, ""category"": ""policy_entered"", ""primitive_steps"": 0}",74.6926,LeWM (5-action replanning),25,5
tworoom,100,200,45,prefix_a,released_raw,ap-fresh-tworoom-045,False,200,40,6000,1800000,28136351,"{""initial_success"": false, ""success"": false, ""terminal_without_success"": false, ""category"": ""policy_entered"", ""primitive_steps"": 5}",70.9625,LeWM (5-action replanning),25,5
tworoom,100,200,45,prefix_b,released_raw,ap-fresh-tworoom-045,False,200,40,6000,1800000,28136351,"{""initial_success"": false, ""success"": false, ""terminal_without_success"": false, ""category"": ""policy_entered"", ""primitive_steps"": 5}",70.6328,LeWM (5-action replanning),25,5
tworoom,100,200,46,clean,released_raw,ap-fresh-tworoom-046,True,97,20,3000,900000,28137351,"{""initial_success"": false, ""success"": false, ""terminal_without_success"": false, ""category"": ""policy_entered"", ""primitive_steps"": 0}",35.7941,LeWM (5-action replanning),25,5
tworoom,100,200,46,prefix_a,released_raw,ap-fresh-tworoom-046,True,97,20,3000,900000,28137351,"{""initial_success"": false, ""success"": false, ""terminal_without_success"": false, ""category"": ""policy_entered"", ""primitive_steps"": 5}",34.7508,LeWM (5-action replanning),25,5
tworoom,100,200,46,prefix_b,released_raw,ap-fresh-tworoom-046,True,55,11,1650,495000,28137351,"{""initial_success"": false, ""success"": false, ""terminal_without_success"": false, ""category"": ""policy_entered"", ""primitive_steps"": 5}",19.5826,LeWM (5-action replanning),25,5
tworoom,100,200,47,clean,released_raw,ap-fresh-tworoom-047,False,200,40,6000,1800000,28138351,"{""initial_success"": false, ""success"": false, ""terminal_without_success"": false, ""category"": ""policy_entered"", ""primitive_steps"": 0}",71.8506,LeWM (5-action replanning),25,5
tworoom,100,200,47,prefix_a,released_raw,ap-fresh-tworoom-047,False,200,40,6000,1800000,28138351,"{""initial_success"": false, ""success"": false, ""terminal_without_success"": false, ""category"": ""policy_entered"", ""primitive_steps"": 5}",76.3719,LeWM (5-action replanning),25,5
tworoom,100,200,47,prefix_b,released_raw,ap-fresh-tworoom-047,False,200,40,6000,1800000,28138351,"{""initial_success"": false, ""success"": false, ""terminal_without_success"": false, ""category"": ""policy_entered"", ""primitive_steps"": 5}",75.0964,LeWM (5-action replanning),25,5
tworoom,100,200,48,clean,released_raw,ap-fresh-tworoom-048,True,62,13,1950,585000,28139351,"{""initial_success"": false, ""success"": false, ""terminal_without_success"": false, ""category"": ""policy_entered"", ""primitive_steps"": 0}",23.7269,LeWM (5-action replanning),25,5
tworoom,100,200,48,prefix_a,released_raw,ap-fresh-tworoom-048,False,200,40,6000,1800000,28139351,"{""initial_success"": false, ""success"": false, ""terminal_without_success"": false, ""category"": ""policy_entered"", ""primitive_steps"": 5}",66.1676,LeWM (5-action replanning),25,5
tworoom,100,200,48,prefix_b,released_raw,ap-fresh-tworoom-048,True,141,29,4350,1305000,28139351,"{""initial_success"": false, ""success"": false, ""terminal_without_success"": false, ""category"": ""policy_entered"", ""primitive_steps"": 5}",48.0207,LeWM (5-action replanning),25,5
tworoom,100,200,49,clean,released_raw,ap-fresh-tworoom-049,True,30,6,900,270000,28140351,"{""initial_success"": false, ""success"": false, ""terminal_without_success"": false, ""category"": ""policy_entered"", ""primitive_steps"": 0}",9.9426,LeWM (5-action replanning),25,5
tworoom,100,200,49,prefix_a,released_raw,ap-fresh-tworoom-049,True,64,13,1950,585000,28140351,"{""initial_success"": false, ""success"": false, ""terminal_without_success"": false, ""category"": ""policy_entered"", ""primitive_steps"": 5}",21.4823,LeWM (5-action replanning),25,5
tworoom,100,200,49,prefix_b,released_raw,ap-fresh-tworoom-049,True,26,6,900,270000,28140351,"{""initial_success"": false, ""success"": false, ""terminal_without_success"": false, ""category"": ""policy_entered"", ""primitive_steps"": 5}",9.9153,LeWM (5-action replanning),25,5
tworoom,100,200,50,clean,released_raw,ap-fresh-tworoom-050,False,200,40,6000,1800000,28141351,"{""initial_success"": false, ""success"": false, ""terminal_without_success"": false, ""category"": ""policy_entered"", ""primitive_steps"": 0}",64.6768,LeWM (5-action replanning),25,5
tworoom,100,200,50,prefix_a,released_raw,ap-fresh-tworoom-050,True,110,22,3300,990000,28141351,"{""initial_success"": false, ""success"": false, ""terminal_without_success"": false, ""category"": ""policy_entered"", ""primitive_steps"": 5}",35.7512,LeWM (5-action replanning),25,5
tworoom,100,200,50,prefix_b,released_raw,ap-fresh-tworoom-050,True,71,15,2250,675000,28141351,"{""initial_success"": false, ""success"": false, ""terminal_without_success"": false, ""category"": ""policy_entered"", ""primitive_steps"": 5}",24.2646,LeWM (5-action replanning),25,5
tworoom,100,200,51,clean,released_raw,ap-fresh-tworoom-051,False,200,40,6000,1800000,28142351,"{""initial_success"": false, ""success"": false, ""terminal_without_success"": false, ""category"": ""policy_entered"", ""primitive_steps"": 0}",64.7868,LeWM (5-action replanning),25,5
tworoom,100,200,51,prefix_a,released_raw,ap-fresh-tworoom-051,False,200,40,6000,1800000,28142351,"{""initial_success"": false, ""success"": false, ""terminal_without_success"": false, ""category"": ""policy_entered"", ""primitive_steps"": 5}",65.4246,LeWM (5-action replanning),25,5
tworoom,100,200,51,prefix_b,released_raw,ap-fresh-tworoom-051,False,200,40,6000,1800000,28142351,"{""initial_success"": false, ""success"": false, ""terminal_without_success"": false, ""category"": ""policy_entered"", ""primitive_steps"": 5}",65.452,LeWM (5-action replanning),25,5
tworoom,100,200,52,clean,released_raw,ap-fresh-tworoom-052,False,200,40,6000,1800000,28143351,"{""initial_success"": false, ""success"": false, ""terminal_without_success"": false, ""category"": ""policy_entered"", ""primitive_steps"": 0}",64.812,LeWM (5-action replanning),25,5
tworoom,100,200,52,prefix_a,released_raw,ap-fresh-tworoom-052,False,200,40,6000,1800000,28143351,"{""initial_success"": false, ""success"": false, ""terminal_without_success"": false, ""category"": ""policy_entered"", ""primitive_steps"": 5}",65.1174,LeWM (5-action replanning),25,5
tworoom,100,200,52,prefix_b,released_raw,ap-fresh-tworoom-052,False,200,40,6000,1800000,28143351,"{""initial_success"": false, ""success"": false, ""terminal_without_success"": false, ""category"": ""policy_entered"", ""primitive_steps"": 5}",64.7357,LeWM (5-action replanning),25,5
tworoom,100,200,53,clean,released_raw,ap-fresh-tworoom-053,False,200,40,6000,1800000,28144351,"{""initial_success"": false, ""success"": false, ""terminal_without_success"": false, ""category"": ""policy_entered"", ""primitive_steps"": 0}",64.6944,LeWM (5-action replanning),25,5
tworoom,100,200,53,prefix_a,released_raw,ap-fresh-tworoom-053,True,190,38,5700,1710000,28144351,"{""initial_success"": false, ""success"": false, ""terminal_without_success"": false, ""category"": ""policy_entered"", ""primitive_steps"": 5}",61.5115,LeWM (5-action replanning),25,5
tworoom,100,200,53,prefix_b,released_raw,ap-fresh-tworoom-053,False,200,40,6000,1800000,28144351,"{""initial_success"": false, ""success"": false, ""terminal_without_success"": false, ""category"": ""policy_entered"", ""primitive_steps"": 5}",64.335,LeWM (5-action replanning),25,5
tworoom,100,200,54,clean,released_raw,ap-fresh-tworoom-054,True,169,34,5100,1530000,28145351,"{""initial_success"": false, ""success"": false, ""terminal_without_success"": false, ""category"": ""policy_entered"", ""primitive_steps"": 0}",55.2547,LeWM (5-action replanning),25,5
tworoom,100,200,54,prefix_a,released_raw,ap-fresh-tworoom-054,True,72,15,2250,675000,28145351,"{""initial_success"": false, ""success"": false, ""terminal_without_success"": false, ""category"": ""policy_entered"", ""primitive_steps"": 5}",24.224,LeWM (5-action replanning),25,5
tworoom,100,200,54,prefix_b,released_raw,ap-fresh-tworoom-054,True,85,17,2550,765000,28145351,"{""initial_success"": false, ""success"": false, ""terminal_without_success"": false, ""category"": ""policy_entered"", ""primitive_steps"": 5}",27.5977,LeWM (5-action replanning),25,5
tworoom,100,200,55,clean,released_raw,ap-fresh-tworoom-055,False,200,40,6000,1800000,28146351,"{""initial_success"": false, ""success"": false, ""terminal_without_success"": false, ""category"": ""policy_entered"", ""primitive_steps"": 0}",65.5014,LeWM (5-action replanning),25,5
tworoom,100,200,55,prefix_a,released_raw,ap-fresh-tworoom-055,False,200,40,6000,1800000,28146351,"{""initial_success"": false, ""success"": false, ""terminal_without_success"": false, ""category"": ""policy_entered"", ""primitive_steps"": 5}",69.3258,LeWM (5-action replanning),25,5
tworoom,100,200,55,prefix_b,released_raw,ap-fresh-tworoom-055,False,200,40,6000,1800000,28146351,"{""initial_success"": false, ""success"": false, ""terminal_without_success"": false, ""category"": ""policy_entered"", ""primitive_steps"": 5}",67.7884,LeWM (5-action replanning),25,5
tworoom,100,200,56,clean,released_raw,ap-fresh-tworoom-056,False,200,40,6000,1800000,28147351,"{""initial_success"": false, ""success"": false, ""terminal_without_success"": false, ""category"": ""policy_entered"", ""primitive_steps"": 0}",69.1392,LeWM (5-action replanning),25,5
tworoom,100,200,56,prefix_a,released_raw,ap-fresh-tworoom-056,False,200,40,6000,1800000,28147351,"{""initial_success"": false, ""success"": false, ""terminal_without_success"": false, ""category"": ""policy_entered"", ""primitive_steps"": 5}",64.8951,LeWM (5-action replanning),25,5
tworoom,100,200,56,prefix_b,released_raw,ap-fresh-tworoom-056,False,200,40,6000,1800000,28147351,"{""initial_success"": false, ""success"": false, ""terminal_without_success"": false, ""category"": ""policy_entered"", ""primitive_steps"": 5}",64.9939,LeWM (5-action replanning),25,5
tworoom,100,200,57,clean,released_raw,ap-fresh-tworoom-057,False,200,40,6000,1800000,28148351,"{""initial_success"": false, ""success"": false, ""terminal_without_success"": false, ""category"": ""policy_entered"", ""primitive_steps"": 0}",65.0081,LeWM (5-action replanning),25,5
tworoom,100,200,57,prefix_a,released_raw,ap-fresh-tworoom-057,False,200,40,6000,1800000,28148351,"{""initial_success"": false, ""success"": false, ""terminal_without_success"": false, ""category"": ""policy_entered"", ""primitive_steps"": 5}",65.0094,LeWM (5-action replanning),25,5
tworoom,100,200,57,prefix_b,released_raw,ap-fresh-tworoom-057,False,200,40,6000,1800000,28148351,"{""initial_success"": false, ""success"": false, ""terminal_without_success"": false, ""category"": ""policy_entered"", ""primitive_steps"": 5}",65.3282,LeWM (5-action replanning),25,5
tworoom,100,200,58,clean,released_raw,ap-fresh-tworoom-058,False,200,40,6000,1800000,28149351,"{""initial_success"": false, ""success"": false, ""terminal_without_success"": false, ""category"": ""policy_entered"", ""primitive_steps"": 0}",64.9868,LeWM (5-action replanning),25,5
tworoom,100,200,58,prefix_a,released_raw,ap-fresh-tworoom-058,False,200,40,6000,1800000,28149351,"{""initial_success"": false, ""success"": false, ""terminal_without_success"": false, ""category"": ""policy_entered"", ""primitive_steps"": 5}",64.8342,LeWM (5-action replanning),25,5
tworoom,100,200,58,prefix_b,released_raw,ap-fresh-tworoom-058,False,200,40,6000,1800000,28149351,"{""initial_success"": false, ""success"": false, ""terminal_without_success"": false, ""category"": ""policy_entered"", ""primitive_steps"": 5}",64.8905,LeWM (5-action replanning),25,5
tworoom,100,200,59,clean,released_raw,ap-fresh-tworoom-059,True,106,22,3300,990000,28150351,"{""initial_success"": false, ""success"": false, ""terminal_without_success"": false, ""category"": ""policy_entered"", ""primitive_steps"": 0}",35.8395,LeWM (5-action replanning),25,5
tworoom,100,200,59,prefix_a,released_raw,ap-fresh-tworoom-059,False,200,40,6000,1800000,28150351,"{""initial_success"": false, ""success"": false, ""terminal_without_success"": false, ""category"": ""policy_entered"", ""primitive_steps"": 5}",64.7899,LeWM (5-action replanning),25,5
tworoom,100,200,59,prefix_b,released_raw,ap-fresh-tworoom-059,False,200,40,6000,1800000,28150351,"{""initial_success"": false, ""success"": false, ""terminal_without_success"": false, ""category"": ""policy_entered"", ""primitive_steps"": 5}",65.1073,LeWM (5-action replanning),25,5
tworoom,100,200,60,clean,released_raw,ap-fresh-tworoom-060,True,23,5,750,225000,28151351,"{""initial_success"": false, ""success"": false, ""terminal_without_success"": false, ""category"": ""policy_entered"", ""primitive_steps"": 0}",8.1167,LeWM (5-action replanning),25,5
tworoom,100,200,60,prefix_a,released_raw,ap-fresh-tworoom-060,True,24,5,750,225000,28151351,"{""initial_success"": false, ""success"": false, ""terminal_without_success"": false, ""category"": ""policy_entered"", ""primitive_steps"": 5}",8.1408,LeWM (5-action replanning),25,5
tworoom,100,200,60,prefix_b,released_raw,ap-fresh-tworoom-060,False,200,40,6000,1800000,28151351,"{""initial_success"": false, ""success"": false, ""terminal_without_success"": false, ""category"": ""policy_entered"", ""primitive_steps"": 5}",65.0046,LeWM (5-action replanning),25,5
tworoom,100,200,61,clean,released_raw,ap-fresh-tworoom-061,False,200,40,6000,1800000,28152351,"{""initial_success"": false, ""success"": false, ""terminal_without_success"": false, ""category"": ""policy_entered"", ""primitive_steps"": 0}",65.3987,LeWM (5-action replanning),25,5
tworoom,100,200,61,prefix_a,released_raw,ap-fresh-tworoom-061,False,200,40,6000,1800000,28152351,"{""initial_success"": false, ""success"": false, ""terminal_without_success"": false, ""category"": ""policy_entered"", ""primitive_steps"": 5}",64.737,LeWM (5-action replanning),25,5
tworoom,100,200,61,prefix_b,released_raw,ap-fresh-tworoom-061,True,84,17,2550,765000,28152351,"{""initial_success"": false, ""success"": false, ""terminal_without_success"": false, ""category"": ""policy_entered"", ""primitive_steps"": 5}",27.7857,LeWM (5-action replanning),25,5
tworoom,100,200,62,clean,released_raw,ap-fresh-tworoom-062,False,200,40,6000,1800000,28153351,"{""initial_success"": false, ""success"": false, ""terminal_without_success"": false, ""category"": ""policy_entered"", ""primitive_steps"": 0}",65.3545,LeWM (5-action replanning),25,5
tworoom,100,200,62,prefix_a,released_raw,ap-fresh-tworoom-062,False,200,40,6000,1800000,28153351,"{""initial_success"": false, ""success"": false, ""terminal_without_success"": false, ""category"": ""policy_entered"", ""primitive_steps"": 5}",65.5324,LeWM (5-action replanning),25,5
tworoom,100,200,62,prefix_b,released_raw,ap-fresh-tworoom-062,False,200,40,6000,1800000,28153351,"{""initial_success"": false, ""success"": false, ""terminal_without_success"": false, ""category"": ""policy_entered"", ""primitive_steps"": 5}",66.5015,LeWM (5-action replanning),25,5
tworoom,100,200,63,clean,released_raw,ap-fresh-tworoom-063,False,200,40,6000,1800000,28154351,"{""initial_success"": false, ""success"": false, ""terminal_without_success"": false, ""category"": ""policy_entered"", ""primitive_steps"": 0}",74.7411,LeWM (5-action replanning),25,5
tworoom,100,200,63,prefix_a,released_raw,ap-fresh-tworoom-063,False,200,40,6000,1800000,28154351,"{""initial_success"": false, ""success"": false, ""terminal_without_success"": false, ""category"": ""policy_entered"", ""primitive_steps"": 5}",71.6434,LeWM (5-action replanning),25,5
tworoom,100,200,63,prefix_b,released_raw,ap-fresh-tworoom-063,False,200,40,6000,1800000,28154351,"{""initial_success"": false, ""success"": false, ""terminal_without_success"": false, ""category"": ""policy_entered"", ""primitive_steps"": 5}",70.084,LeWM (5-action replanning),25,5
tworoom,100,200,64,clean,released_raw,ap-fresh-tworoom-064,True,104,21,3150,945000,28155351,"{""initial_success"": false, ""success"": false, ""terminal_without_success"": false, ""category"": ""policy_entered"", ""primitive_steps"": 0}",37.7859,LeWM (5-action replanning),25,5
tworoom,100,200,64,prefix_a,released_raw,ap-fresh-tworoom-064,True,33,7,1050,315000,28155351,"{""initial_success"": false, ""success"": false, ""terminal_without_success"": false, ""category"": ""policy_entered"", ""primitive_steps"": 5}",14.5009,LeWM (5-action replanning),25,5
tworoom,100,200,64,prefix_b,released_raw,ap-fresh-tworoom-064,True,95,19,2850,855000,28155351,"{""initial_success"": false, ""success"": false, ""terminal_without_success"": false, ""category"": ""policy_entered"", ""primitive_steps"": 5}",35.0694,LeWM (5-action replanning),25,5
tworoom,100,200,65,clean,released_raw,ap-fresh-tworoom-065,True,184,37,5550,1665000,28156351,"{""initial_success"": false, ""success"": false, ""terminal_without_success"": false, ""category"": ""policy_entered"", ""primitive_steps"": 0}",68.2643,LeWM (5-action replanning),25,5
tworoom,100,200,65,prefix_a,released_raw,ap-fresh-tworoom-065,True,93,19,2850,855000,28156351,"{""initial_success"": false, ""success"": false, ""terminal_without_success"": false, ""category"": ""policy_entered"", ""primitive_steps"": 5}",35.5292,LeWM (5-action replanning),25,5
tworoom,100,200,65,prefix_b,released_raw,ap-fresh-tworoom-065,True,51,11,1650,495000,28156351,"{""initial_success"": false, ""success"": false, ""terminal_without_success"": false, ""category"": ""policy_entered"", ""primitive_steps"": 5}",18.5709,LeWM (5-action replanning),25,5
tworoom,100,200,66,clean,released_raw,ap-fresh-tworoom-066,False,200,40,6000,1800000,28157351,"{""initial_success"": false, ""success"": false, ""terminal_without_success"": false, ""category"": ""policy_entered"", ""primitive_steps"": 0}",66.1508,LeWM (5-action replanning),25,5
tworoom,100,200,66,prefix_a,released_raw,ap-fresh-tworoom-066,False,200,40,6000,1800000,28157351,"{""initial_success"": false, ""success"": false, ""terminal_without_success"": false, ""category"": ""policy_entered"", ""primitive_steps"": 5}",66.2048,LeWM (5-action replanning),25,5
tworoom,100,200,66,prefix_b,released_raw,ap-fresh-tworoom-066,False,200,40,6000,1800000,28157351,"{""initial_success"": false, ""success"": false, ""terminal_without_success"": false, ""category"": ""policy_entered"", ""primitive_steps"": 5}",66.2956,LeWM (5-action replanning),25,5
tworoom,100,200,67,clean,released_raw,ap-fresh-tworoom-067,False,200,40,6000,1800000,28158351,"{""initial_success"": false, ""success"": false, ""terminal_without_success"": false, ""category"": ""policy_entered"", ""primitive_steps"": 0}",64.5498,LeWM (5-action replanning),25,5
tworoom,100,200,67,prefix_a,released_raw,ap-fresh-tworoom-067,False,200,40,6000,1800000,28158351,"{""initial_success"": false, ""success"": false, ""terminal_without_success"": false, ""category"": ""policy_entered"", ""primitive_steps"": 5}",65.1576,LeWM (5-action replanning),25,5
tworoom,100,200,67,prefix_b,released_raw,ap-fresh-tworoom-067,False,200,40,6000,1800000,28158351,"{""initial_success"": false, ""success"": false, ""terminal_without_success"": false, ""category"": ""policy_entered"", ""primitive_steps"": 5}",64.9649,LeWM (5-action replanning),25,5
tworoom,100,200,68,clean,released_raw,ap-fresh-tworoom-068,False,200,40,6000,1800000,28159351,"{""initial_success"": false, ""success"": false, ""terminal_without_success"": false, ""category"": ""policy_entered"", ""primitive_steps"": 0}",65.5049,LeWM (5-action replanning),25,5
tworoom,100,200,68,prefix_a,released_raw,ap-fresh-tworoom-068,False,200,40,6000,1800000,28159351,"{""initial_success"": false, ""success"": false, ""terminal_without_success"": false, ""category"": ""policy_entered"", ""primitive_steps"": 5}",64.9883,LeWM (5-action replanning),25,5
tworoom,100,200,68,prefix_b,released_raw,ap-fresh-tworoom-068,False,200,40,6000,1800000,28159351,"{""initial_success"": false, ""success"": false, ""terminal_without_success"": false, ""category"": ""policy_entered"", ""primitive_steps"": 5}",64.7843,LeWM (5-action replanning),25,5
tworoom,100,200,69,clean,released_raw,ap-fresh-tworoom-069,True,86,18,2700,810000,28160351,"{""initial_success"": false, ""success"": false, ""terminal_without_success"": false, ""category"": ""policy_entered"", ""primitive_steps"": 0}",29.2094,LeWM (5-action replanning),25,5
tworoom,100,200,69,prefix_a,released_raw,ap-fresh-tworoom-069,True,60,12,1800,540000,28160351,"{""initial_success"": false, ""success"": false, ""terminal_without_success"": false, ""category"": ""policy_entered"", ""primitive_steps"": 5}",19.4517,LeWM (5-action replanning),25,5
tworoom,100,200,69,prefix_b,released_raw,ap-fresh-tworoom-069,True,72,15,2250,675000,28160351,"{""initial_success"": false, ""success"": false, ""terminal_without_success"": false, ""category"": ""policy_entered"", ""primitive_steps"": 5}",24.2654,LeWM (5-action replanning),25,5
tworoom,100,200,70,clean,released_raw,ap-fresh-tworoom-070,True,133,27,4050,1215000,28161351,"{""initial_success"": false, ""success"": false, ""terminal_without_success"": false, ""category"": ""policy_entered"", ""primitive_steps"": 0}",43.751,LeWM (5-action replanning),25,5
tworoom,100,200,70,prefix_a,released_raw,ap-fresh-tworoom-070,False,200,40,6000,1800000,28161351,"{""initial_success"": false, ""success"": false, ""terminal_without_success"": false, ""category"": ""policy_entered"", ""primitive_steps"": 5}",64.8555,LeWM (5-action replanning),25,5
tworoom,100,200,70,prefix_b,released_raw,ap-fresh-tworoom-070,False,200,40,6000,1800000,28161351,"{""initial_success"": false, ""success"": false, ""terminal_without_success"": false, ""category"": ""policy_entered"", ""primitive_steps"": 5}",64.6856,LeWM (5-action replanning),25,5
tworoom,100,200,71,clean,released_raw,ap-fresh-tworoom-071,False,200,40,6000,1800000,28162351,"{""initial_success"": false, ""success"": false, ""terminal_without_success"": false, ""category"": ""policy_entered"", ""primitive_steps"": 0}",64.7603,LeWM (5-action replanning),25,5
tworoom,100,200,71,prefix_a,released_raw,ap-fresh-tworoom-071,False,200,40,6000,1800000,28162351,"{""initial_success"": false, ""success"": false, ""terminal_without_success"": false, ""category"": ""policy_entered"", ""primitive_steps"": 5}",64.7852,LeWM (5-action replanning),25,5
tworoom,100,200,71,prefix_b,released_raw,ap-fresh-tworoom-071,False,200,40,6000,1800000,28162351,"{""initial_success"": false, ""success"": false, ""terminal_without_success"": false, ""category"": ""policy_entered"", ""primitive_steps"": 5}",64.7523,LeWM (5-action replanning),25,5
tworoom,100,200,72,clean,released_raw,ap-fresh-tworoom-072,False,200,40,6000,1800000,28163351,"{""initial_success"": false, ""success"": false, ""terminal_without_success"": false, ""category"": ""policy_entered"", ""primitive_steps"": 0}",64.2699,LeWM (5-action replanning),25,5
tworoom,100,200,72,prefix_a,released_raw,ap-fresh-tworoom-072,False,200,40,6000,1800000,28163351,"{""initial_success"": false, ""success"": false, ""terminal_without_success"": false, ""category"": ""policy_entered"", ""primitive_steps"": 5}",66.0584,LeWM (5-action replanning),25,5
tworoom,100,200,72,prefix_b,released_raw,ap-fresh-tworoom-072,False,200,40,6000,1800000,28163351,"{""initial_success"": false, ""success"": false, ""terminal_without_success"": false, ""category"": ""policy_entered"", ""primitive_steps"": 5}",70.4381,LeWM (5-action replanning),25,5
tworoom,100,200,73,clean,released_raw,ap-fresh-tworoom-073,False,200,40,6000,1800000,28164351,"{""initial_success"": false, ""success"": false, ""terminal_without_success"": false, ""category"": ""policy_entered"", ""primitive_steps"": 0}",69.2134,LeWM (5-action replanning),25,5
tworoom,100,200,73,prefix_a,released_raw,ap-fresh-tworoom-073,False,200,40,6000,1800000,28164351,"{""initial_success"": false, ""success"": false, ""terminal_without_success"": false, ""category"": ""policy_entered"", ""primitive_steps"": 5}",65.7173,LeWM (5-action replanning),25,5
tworoom,100,200,73,prefix_b,released_raw,ap-fresh-tworoom-073,False,200,40,6000,1800000,28164351,"{""initial_success"": false, ""success"": false, ""terminal_without_success"": false, ""category"": ""policy_entered"", ""primitive_steps"": 5}",65.4852,LeWM (5-action replanning),25,5
tworoom,100,200,74,clean,released_raw,ap-fresh-tworoom-074,False,200,40,6000,1800000,28165351,"{""initial_success"": false, ""success"": false, ""terminal_without_success"": false, ""category"": ""policy_entered"", ""primitive_steps"": 0}",65.4591,LeWM (5-action replanning),25,5
tworoom,100,200,74,prefix_a,released_raw,ap-fresh-tworoom-074,True,127,26,3900,1170000,28165351,"{""initial_success"": false, ""success"": false, ""terminal_without_success"": false, ""category"": ""policy_entered"", ""primitive_steps"": 5}",42.56,LeWM (5-action replanning),25,5
tworoom,100,200,74,prefix_b,released_raw,ap-fresh-tworoom-074,False,200,40,6000,1800000,28165351,"{""initial_success"": false, ""success"": false, ""terminal_without_success"": false, ""category"": ""policy_entered"", ""primitive_steps"": 5}",65.2139,LeWM (5-action replanning),25,5
tworoom,100,200,75,clean,released_raw,ap-fresh-tworoom-075,False,200,40,6000,1800000,28166351,"{""initial_success"": false, ""success"": false, ""terminal_without_success"": false, ""category"": ""policy_entered"", ""primitive_steps"": 0}",65.3785,LeWM (5-action replanning),25,5
tworoom,100,200,75,prefix_a,released_raw,ap-fresh-tworoom-075,False,200,40,6000,1800000,28166351,"{""initial_success"": false, ""success"": false, ""terminal_without_success"": false, ""category"": ""policy_entered"", ""primitive_steps"": 5}",65.6231,LeWM (5-action replanning),25,5
tworoom,100,200,75,prefix_b,released_raw,ap-fresh-tworoom-075,True,99,20,3000,900000,28166351,"{""initial_success"": false, ""success"": false, ""terminal_without_success"": false, ""category"": ""policy_entered"", ""primitive_steps"": 5}",32.6017,LeWM (5-action replanning),25,5
tworoom,100,200,76,clean,released_raw,ap-fresh-tworoom-076,True,52,11,1650,495000,28167351,"{""initial_success"": false, ""success"": false, ""terminal_without_success"": false, ""category"": ""policy_entered"", ""primitive_steps"": 0}",17.9085,LeWM (5-action replanning),25,5
tworoom,100,200,76,prefix_a,released_raw,ap-fresh-tworoom-076,False,200,40,6000,1800000,28167351,"{""initial_success"": false, ""success"": false, ""terminal_without_success"": false, ""category"": ""policy_entered"", ""primitive_steps"": 5}",65.4155,LeWM (5-action replanning),25,5
tworoom,100,200,76,prefix_b,released_raw,ap-fresh-tworoom-076,False,200,40,6000,1800000,28167351,"{""initial_success"": false, ""success"": false, ""terminal_without_success"": false, ""category"": ""policy_entered"", ""primitive_steps"": 5}",65.282,LeWM (5-action replanning),25,5
tworoom,100,200,77,clean,released_raw,ap-fresh-tworoom-077,False,200,40,6000,1800000,28168351,"{""initial_success"": false, ""success"": false, ""terminal_without_success"": false, ""category"": ""policy_entered"", ""primitive_steps"": 0}",65.2509,LeWM (5-action replanning),25,5
tworoom,100,200,77,prefix_a,released_raw,ap-fresh-tworoom-077,False,200,40,6000,1800000,28168351,"{""initial_success"": false, ""success"": false, ""terminal_without_success"": false, ""category"": ""policy_entered"", ""primitive_steps"": 5}",65.3739,LeWM (5-action replanning),25,5
tworoom,100,200,77,prefix_b,released_raw,ap-fresh-tworoom-077,False,200,40,6000,1800000,28168351,"{""initial_success"": false, ""success"": false, ""terminal_without_success"": false, ""category"": ""policy_entered"", ""primitive_steps"": 5}",65.4202,LeWM (5-action replanning),25,5
tworoom,100,200,78,clean,released_raw,ap-fresh-tworoom-078,False,200,40,6000,1800000,28169351,"{""initial_success"": false, ""success"": false, ""terminal_without_success"": false, ""category"": ""policy_entered"", ""primitive_steps"": 0}",65.3196,LeWM (5-action replanning),25,5
tworoom,100,200,78,prefix_a,released_raw,ap-fresh-tworoom-078,False,200,40,6000,1800000,28169351,"{""initial_success"": false, ""success"": false, ""terminal_without_success"": false, ""category"": ""policy_entered"", ""primitive_steps"": 5}",65.4209,LeWM (5-action replanning),25,5
tworoom,100,200,78,prefix_b,released_raw,ap-fresh-tworoom-078,False,200,40,6000,1800000,28169351,"{""initial_success"": false, ""success"": false, ""terminal_without_success"": false, ""category"": ""policy_entered"", ""primitive_steps"": 5}",66.5364,LeWM (5-action replanning),25,5
tworoom,100,200,79,clean,released_raw,ap-fresh-tworoom-079,True,52,11,1650,495000,28170351,"{""initial_success"": false, ""success"": false, ""terminal_without_success"": false, ""category"": ""policy_entered"", ""primitive_steps"": 0}",19.3112,LeWM (5-action replanning),25,5
tworoom,100,200,79,prefix_a,released_raw,ap-fresh-tworoom-079,True,45,9,1350,405000,28170351,"{""initial_success"": false, ""success"": false, ""terminal_without_success"": false, ""category"": ""policy_entered"", ""primitive_steps"": 5}",15.9146,LeWM (5-action replanning),25,5
tworoom,100,200,79,prefix_b,released_raw,ap-fresh-tworoom-079,False,200,40,6000,1800000,28170351,"{""initial_success"": false, ""success"": false, ""terminal_without_success"": false, ""category"": ""policy_entered"", ""primitive_steps"": 5}",74.1825,LeWM (5-action replanning),25,5
tworoom,100,200,80,clean,released_raw,ap-fresh-tworoom-080,False,200,40,6000,1800000,28171351,"{""initial_success"": false, ""success"": false, ""terminal_without_success"": false, ""category"": ""policy_entered"", ""primitive_steps"": 0}",69.4729,LeWM (5-action replanning),25,5
tworoom,100,200,80,prefix_a,released_raw,ap-fresh-tworoom-080,False,200,40,6000,1800000,28171351,"{""initial_success"": false, ""success"": false, ""terminal_without_success"": false, ""category"": ""policy_entered"", ""primitive_steps"": 5}",70.712,LeWM (5-action replanning),25,5
tworoom,100,200,80,prefix_b,released_raw,ap-fresh-tworoom-080,False,200,40,6000,1800000,28171351,"{""initial_success"": false, ""success"": false, ""terminal_without_success"": false, ""category"": ""policy_entered"", ""primitive_steps"": 5}",69.904,LeWM (5-action replanning),25,5
tworoom,100,200,81,clean,released_raw,ap-fresh-tworoom-081,True,91,19,2850,855000,28172351,"{""initial_success"": false, ""success"": false, ""terminal_without_success"": false, ""category"": ""policy_entered"", ""primitive_steps"": 0}",33.857,LeWM (5-action replanning),25,5
tworoom,100,200,81,prefix_a,released_raw,ap-fresh-tworoom-081,True,100,20,3000,900000,28172351,"{""initial_success"": false, ""success"": false, ""terminal_without_success"": false, ""category"": ""policy_entered"", ""primitive_steps"": 5}",38.7688,LeWM (5-action replanning),25,5
tworoom,100,200,81,prefix_b,released_raw,ap-fresh-tworoom-081,False,200,40,6000,1800000,28172351,"{""initial_success"": false, ""success"": false, ""terminal_without_success"": false, ""category"": ""policy_entered"", ""primitive_steps"": 5}",74.2505,LeWM (5-action replanning),25,5
tworoom,100,200,82,clean,released_raw,ap-fresh-tworoom-082,False,200,40,6000,1800000,28173351,"{""initial_success"": false, ""success"": false, ""terminal_without_success"": false, ""category"": ""policy_entered"", ""primitive_steps"": 0}",71.9839,LeWM (5-action replanning),25,5
tworoom,100,200,82,prefix_a,released_raw,ap-fresh-tworoom-082,False,200,40,6000,1800000,28173351,"{""initial_success"": false, ""success"": false, ""terminal_without_success"": false, ""category"": ""policy_entered"", ""primitive_steps"": 5}",66.4778,LeWM (5-action replanning),25,5
tworoom,100,200,82,prefix_b,released_raw,ap-fresh-tworoom-082,False,200,40,6000,1800000,28173351,"{""initial_success"": false, ""success"": false, ""terminal_without_success"": false, ""category"": ""policy_entered"", ""primitive_steps"": 5}",66.7665,LeWM (5-action replanning),25,5
tworoom,100,200,83,clean,released_raw,ap-fresh-tworoom-083,False,200,40,6000,1800000,28174351,"{""initial_success"": false, ""success"": false, ""terminal_without_success"": false, ""category"": ""policy_entered"", ""primitive_steps"": 0}",66.6943,LeWM (5-action replanning),25,5
tworoom,100,200,83,prefix_a,released_raw,ap-fresh-tworoom-083,True,87,18,2700,810000,28174351,"{""initial_success"": false, ""success"": false, ""terminal_without_success"": false, ""category"": ""policy_entered"", ""primitive_steps"": 5}",29.4679,LeWM (5-action replanning),25,5
tworoom,100,200,83,prefix_b,released_raw,ap-fresh-tworoom-083,True,84,17,2550,765000,28174351,"{""initial_success"": false, ""success"": false, ""terminal_without_success"": false, ""category"": ""policy_entered"", ""primitive_steps"": 5}",27.7334,LeWM (5-action replanning),25,5
tworoom,100,200,84,clean,released_raw,ap-fresh-tworoom-084,False,200,40,6000,1800000,28175351,"{""initial_success"": false, ""success"": false, ""terminal_without_success"": false, ""category"": ""policy_entered"", ""primitive_steps"": 0}",65.3698,LeWM (5-action replanning),25,5
tworoom,100,200,84,prefix_a,released_raw,ap-fresh-tworoom-084,False,200,40,6000,1800000,28175351,"{""initial_success"": false, ""success"": false, ""terminal_without_success"": false, ""category"": ""policy_entered"", ""primitive_steps"": 5}",65.1027,LeWM (5-action replanning),25,5
tworoom,100,200,84,prefix_b,released_raw,ap-fresh-tworoom-084,False,200,40,6000,1800000,28175351,"{""initial_success"": false, ""success"": false, ""terminal_without_success"": false, ""category"": ""policy_entered"", ""primitive_steps"": 5}",65.7493,LeWM (5-action replanning),25,5
tworoom,100,200,85,clean,released_raw,ap-fresh-tworoom-085,True,66,14,2100,630000,28176351,"{""initial_success"": false, ""success"": false, ""terminal_without_success"": false, ""category"": ""policy_entered"", ""primitive_steps"": 0}",23.3185,LeWM (5-action replanning),25,5
tworoom,100,200,85,prefix_a,released_raw,ap-fresh-tworoom-085,True,80,16,2400,720000,28176351,"{""initial_success"": false, ""success"": false, ""terminal_without_success"": false, ""category"": ""policy_entered"", ""primitive_steps"": 5}",26.2124,LeWM (5-action replanning),25,5
tworoom,100,200,85,prefix_b,released_raw,ap-fresh-tworoom-085,True,51,11,1650,495000,28176351,"{""initial_success"": false, ""success"": false, ""terminal_without_success"": false, ""category"": ""policy_entered"", ""primitive_steps"": 5}",17.9008,LeWM (5-action replanning),25,5
tworoom,100,200,86,clean,released_raw,ap-fresh-tworoom-086,False,200,40,6000,1800000,28177351,"{""initial_success"": false, ""success"": false, ""terminal_without_success"": false, ""category"": ""policy_entered"", ""primitive_steps"": 0}",65.2548,LeWM (5-action replanning),25,5
tworoom,100,200,86,prefix_a,released_raw,ap-fresh-tworoom-086,False,200,40,6000,1800000,28177351,"{""initial_success"": false, ""success"": false, ""terminal_without_success"": false, ""category"": ""policy_entered"", ""primitive_steps"": 5}",65.127,LeWM (5-action replanning),25,5
tworoom,100,200,86,prefix_b,released_raw,ap-fresh-tworoom-086,False,200,40,6000,1800000,28177351,"{""initial_success"": false, ""success"": false, ""terminal_without_success"": false, ""category"": ""policy_entered"", ""primitive_steps"": 5}",65.0384,LeWM (5-action replanning),25,5
tworoom,100,200,87,clean,released_raw,ap-fresh-tworoom-087,False,200,40,6000,1800000,28178351,"{""initial_success"": false, ""success"": false, ""terminal_without_success"": false, ""category"": ""policy_entered"", ""primitive_steps"": 0}",64.8599,LeWM (5-action replanning),25,5
tworoom,100,200,87,prefix_a,released_raw,ap-fresh-tworoom-087,False,200,40,6000,1800000,28178351,"{""initial_success"": false, ""success"": false, ""terminal_without_success"": false, ""category"": ""policy_entered"", ""primitive_steps"": 5}",65.2669,LeWM (5-action replanning),25,5
tworoom,100,200,87,prefix_b,released_raw,ap-fresh-tworoom-087,False,200,40,6000,1800000,28178351,"{""initial_success"": false, ""success"": false, ""terminal_without_success"": false, ""category"": ""policy_entered"", ""primitive_steps"": 5}",65.2235,LeWM (5-action replanning),25,5
tworoom,100,200,88,clean,released_raw,ap-fresh-tworoom-088,False,200,40,6000,1800000,28179351,"{""initial_success"": false, ""success"": false, ""terminal_without_success"": false, ""category"": ""policy_entered"", ""primitive_steps"": 0}",65.2062,LeWM (5-action replanning),25,5
tworoom,100,200,88,prefix_a,released_raw,ap-fresh-tworoom-088,False,200,40,6000,1800000,28179351,"{""initial_success"": false, ""success"": false, ""terminal_without_success"": false, ""category"": ""policy_entered"", ""primitive_steps"": 5}",65.1563,LeWM (5-action replanning),25,5
tworoom,100,200,88,prefix_b,released_raw,ap-fresh-tworoom-088,False,200,40,6000,1800000,28179351,"{""initial_success"": false, ""success"": false, ""terminal_without_success"": false, ""category"": ""policy_entered"", ""primitive_steps"": 5}",64.9845,LeWM (5-action replanning),25,5
tworoom,100,200,89,clean,released_raw,ap-fresh-tworoom-089,False,200,40,6000,1800000,28180351,"{""initial_success"": false, ""success"": false, ""terminal_without_success"": false, ""category"": ""policy_entered"", ""primitive_steps"": 0}",65.1421,LeWM (5-action replanning),25,5
tworoom,100,200,89,prefix_a,released_raw,ap-fresh-tworoom-089,False,200,40,6000,1800000,28180351,"{""initial_success"": false, ""success"": false, ""terminal_without_success"": false, ""category"": ""policy_entered"", ""primitive_steps"": 5}",65.9746,LeWM (5-action replanning),25,5
tworoom,100,200,89,prefix_b,released_raw,ap-fresh-tworoom-089,False,200,40,6000,1800000,28180351,"{""initial_success"": false, ""success"": false, ""terminal_without_success"": false, ""category"": ""policy_entered"", ""primitive_steps"": 5}",69.3856,LeWM (5-action replanning),25,5
tworoom,100,200,90,clean,released_raw,ap-fresh-tworoom-090,True,34,7,1050,315000,28181351,"{""initial_success"": false, ""success"": false, ""terminal_without_success"": false, ""category"": ""policy_entered"", ""primitive_steps"": 0}",11.9494,LeWM (5-action replanning),25,5
tworoom,100,200,90,prefix_a,released_raw,ap-fresh-tworoom-090,True,49,10,1500,450000,28181351,"{""initial_success"": false, ""success"": false, ""terminal_without_success"": false, ""category"": ""policy_entered"", ""primitive_steps"": 5}",18.5013,LeWM (5-action replanning),25,5
tworoom,100,200,90,prefix_b,released_raw,ap-fresh-tworoom-090,True,49,10,1500,450000,28181351,"{""initial_success"": false, ""success"": false, ""terminal_without_success"": false, ""category"": ""policy_entered"", ""primitive_steps"": 5}",16.9647,LeWM (5-action replanning),25,5
tworoom,100,200,91,clean,released_raw,ap-fresh-tworoom-091,False,200,40,6000,1800000,28182351,"{""initial_success"": false, ""success"": false, ""terminal_without_success"": false, ""category"": ""policy_entered"", ""primitive_steps"": 0}",64.7262,LeWM (5-action replanning),25,5
tworoom,100,200,91,prefix_a,released_raw,ap-fresh-tworoom-091,False,200,40,6000,1800000,28182351,"{""initial_success"": false, ""success"": false, ""terminal_without_success"": false, ""category"": ""policy_entered"", ""primitive_steps"": 5}",64.7581,LeWM (5-action replanning),25,5
tworoom,100,200,91,prefix_b,released_raw,ap-fresh-tworoom-091,False,200,40,6000,1800000,28182351,"{""initial_success"": false, ""success"": false, ""terminal_without_success"": false, ""category"": ""policy_entered"", ""primitive_steps"": 5}",64.6905,LeWM (5-action replanning),25,5
tworoom,100,200,92,clean,released_raw,ap-fresh-tworoom-092,False,200,40,6000,1800000,28183351,"{""initial_success"": false, ""success"": false, ""terminal_without_success"": false, ""category"": ""policy_entered"", ""primitive_steps"": 0}",64.7408,LeWM (5-action replanning),25,5
tworoom,100,200,92,prefix_a,released_raw,ap-fresh-tworoom-092,False,200,40,6000,1800000,28183351,"{""initial_success"": false, ""success"": false, ""terminal_without_success"": false, ""category"": ""policy_entered"", ""primitive_steps"": 5}",64.7775,LeWM (5-action replanning),25,5
tworoom,100,200,92,prefix_b,released_raw,ap-fresh-tworoom-092,False,200,40,6000,1800000,28183351,"{""initial_success"": false, ""success"": false, ""terminal_without_success"": false, ""category"": ""policy_entered"", ""primitive_steps"": 5}",64.7529,LeWM (5-action replanning),25,5
tworoom,100,200,93,clean,released_raw,ap-fresh-tworoom-093,False,200,40,6000,1800000,28184351,"{""initial_success"": false, ""success"": false, ""terminal_without_success"": false, ""category"": ""policy_entered"", ""primitive_steps"": 0}",64.8181,LeWM (5-action replanning),25,5
tworoom,100,200,93,prefix_a,released_raw,ap-fresh-tworoom-093,False,200,40,6000,1800000,28184351,"{""initial_success"": false, ""success"": false, ""terminal_without_success"": false, ""category"": ""policy_entered"", ""primitive_steps"": 5}",64.7144,LeWM (5-action replanning),25,5
tworoom,100,200,93,prefix_b,released_raw,ap-fresh-tworoom-093,False,200,40,6000,1800000,28184351,"{""initial_success"": false, ""success"": false, ""terminal_without_success"": false, ""category"": ""policy_entered"", ""primitive_steps"": 5}",64.7114,LeWM (5-action replanning),25,5
tworoom,100,200,94,clean,released_raw,ap-fresh-tworoom-094,False,200,40,6000,1800000,28185351,"{""initial_success"": false, ""success"": false, ""terminal_without_success"": false, ""category"": ""policy_entered"", ""primitive_steps"": 0}",67.2423,LeWM (5-action replanning),25,5
tworoom,100,200,94,prefix_a,released_raw,ap-fresh-tworoom-094,False,200,40,6000,1800000,28185351,"{""initial_success"": false, ""success"": false, ""terminal_without_success"": false, ""category"": ""policy_entered"", ""primitive_steps"": 5}",72.1101,LeWM (5-action replanning),25,5
tworoom,100,200,94,prefix_b,released_raw,ap-fresh-tworoom-094,False,200,40,6000,1800000,28185351,"{""initial_success"": false, ""success"": false, ""terminal_without_success"": false, ""category"": ""policy_entered"", ""primitive_steps"": 5}",68.869,LeWM (5-action replanning),25,5
tworoom,100,200,95,clean,released_raw,ap-fresh-tworoom-095,False,200,40,6000,1800000,28186351,"{""initial_success"": false, ""success"": false, ""terminal_without_success"": false, ""category"": ""policy_entered"", ""primitive_steps"": 0}",69.0397,LeWM (5-action replanning),25,5
tworoom,100,200,95,prefix_a,released_raw,ap-fresh-tworoom-095,False,200,40,6000,1800000,28186351,"{""initial_success"": false, ""success"": false, ""terminal_without_success"": false, ""category"": ""policy_entered"", ""primitive_steps"": 5}",68.9628,LeWM (5-action replanning),25,5
tworoom,100,200,95,prefix_b,released_raw,ap-fresh-tworoom-095,False,200,40,6000,1800000,28186351,"{""initial_success"": false, ""success"": false, ""terminal_without_success"": false, ""category"": ""policy_entered"", ""primitive_steps"": 5}",73.0387,LeWM (5-action replanning),25,5
tworoom,100,200,96,clean,released_raw,ap-fresh-tworoom-096,False,200,40,6000,1800000,28187351,"{""initial_success"": false, ""success"": false, ""terminal_without_success"": false, ""category"": ""policy_entered"", ""primitive_steps"": 0}",62.5778,LeWM (5-action replanning),25,5
tworoom,100,200,96,prefix_a,released_raw,ap-fresh-tworoom-096,False,200,40,6000,1800000,28187351,"{""initial_success"": false, ""success"": false, ""terminal_without_success"": false, ""category"": ""policy_entered"", ""primitive_steps"": 5}",61.9806,LeWM (5-action replanning),25,5
tworoom,100,200,96,prefix_b,released_raw,ap-fresh-tworoom-096,True,155,31,4650,1395000,28187351,"{""initial_success"": false, ""success"": false, ""terminal_without_success"": false, ""category"": ""policy_entered"", ""primitive_steps"": 5}",48.9405,LeWM (5-action replanning),25,5
tworoom,100,200,97,clean,released_raw,ap-fresh-tworoom-097,True,127,26,3900,1170000,28188351,"{""initial_success"": false, ""success"": false, ""terminal_without_success"": false, ""category"": ""policy_entered"", ""primitive_steps"": 0}",41.2611,LeWM (5-action replanning),25,5
tworoom,100,200,97,prefix_a,released_raw,ap-fresh-tworoom-097,True,99,20,3000,900000,28188351,"{""initial_success"": false, ""success"": false, ""terminal_without_success"": false, ""category"": ""policy_entered"", ""primitive_steps"": 5}",31.4197,LeWM (5-action replanning),25,5
tworoom,100,200,97,prefix_b,released_raw,ap-fresh-tworoom-097,True,60,12,1800,540000,28188351,"{""initial_success"": false, ""success"": false, ""terminal_without_success"": false, ""category"": ""policy_entered"", ""primitive_steps"": 5}",18.719,LeWM (5-action replanning),25,5
tworoom,100,200,98,clean,released_raw,ap-fresh-tworoom-098,False,200,40,6000,1800000,28189351,"{""initial_success"": false, ""success"": false, ""terminal_without_success"": false, ""category"": ""policy_entered"", ""primitive_steps"": 0}",62.0381,LeWM (5-action replanning),25,5
tworoom,100,200,98,prefix_a,released_raw,ap-fresh-tworoom-098,False,200,40,6000,1800000,28189351,"{""initial_success"": false, ""success"": false, ""terminal_without_success"": false, ""category"": ""policy_entered"", ""primitive_steps"": 5}",62.0749,LeWM (5-action replanning),25,5
tworoom,100,200,98,prefix_b,released_raw,ap-fresh-tworoom-098,True,139,28,4200,1260000,28189351,"{""initial_success"": false, ""success"": false, ""terminal_without_success"": false, ""category"": ""policy_entered"", ""primitive_steps"": 5}",43.4869,LeWM (5-action replanning),25,5
tworoom,100,200,99,clean,released_raw,ap-fresh-tworoom-099,False,200,40,6000,1800000,28190351,"{""initial_success"": false, ""success"": false, ""terminal_without_success"": false, ""category"": ""policy_entered"", ""primitive_steps"": 0}",61.997,LeWM (5-action replanning),25,5
tworoom,100,200,99,prefix_a,released_raw,ap-fresh-tworoom-099,False,200,40,6000,1800000,28190351,"{""initial_success"": false, ""success"": false, ""terminal_without_success"": false, ""category"": ""policy_entered"", ""primitive_steps"": 5}",62.1489,LeWM (5-action replanning),25,5
tworoom,100,200,99,prefix_b,released_raw,ap-fresh-tworoom-099,True,155,31,4650,1395000,28190351,"{""initial_success"": false, ""success"": false, ""terminal_without_success"": false, ""category"": ""policy_entered"", ""primitive_steps"": 5}",48.1896,LeWM (5-action replanning),25,5
tworoom,100,200,100,clean,released_raw,ap-fresh-tworoom-100,True,49,10,1500,450000,28191351,"{""initial_success"": false, ""success"": false, ""terminal_without_success"": false, ""category"": ""policy_entered"", ""primitive_steps"": 0}",15.5771,LeWM (5-action replanning),25,5
tworoom,100,200,100,prefix_a,released_raw,ap-fresh-tworoom-100,False,200,40,6000,1800000,28191351,"{""initial_success"": false, ""success"": false, ""terminal_without_success"": false, ""category"": ""policy_entered"", ""primitive_steps"": 5}",62.0463,LeWM (5-action replanning),25,5
tworoom,100,200,100,prefix_b,released_raw,ap-fresh-tworoom-100,True,51,11,1650,495000,28191351,"{""initial_success"": false, ""success"": false, ""terminal_without_success"": false, ""category"": ""policy_entered"", ""primitive_steps"": 5}",17.0287,LeWM (5-action replanning),25,5
tworoom,100,200,101,clean,released_raw,ap-fresh-tworoom-101,True,128,26,3900,1170000,28192351,"{""initial_success"": false, ""success"": false, ""terminal_without_success"": false, ""category"": ""policy_entered"", ""primitive_steps"": 0}",40.3675,LeWM (5-action replanning),25,5
tworoom,100,200,101,prefix_a,released_raw,ap-fresh-tworoom-101,False,200,40,6000,1800000,28192351,"{""initial_success"": false, ""success"": false, ""terminal_without_success"": false, ""category"": ""policy_entered"", ""primitive_steps"": 5}",62.0226,LeWM (5-action replanning),25,5
tworoom,100,200,101,prefix_b,released_raw,ap-fresh-tworoom-101,False,200,40,6000,1800000,28192351,"{""initial_success"": false, ""success"": false, ""terminal_without_success"": false, ""category"": ""policy_entered"", ""primitive_steps"": 5}",61.9799,LeWM (5-action replanning),25,5
tworoom,100,200,102,clean,released_raw,ap-fresh-tworoom-102,False,200,40,6000,1800000,28193351,"{""initial_success"": false, ""success"": false, ""terminal_without_success"": false, ""category"": ""policy_entered"", ""primitive_steps"": 0}",61.9994,LeWM (5-action replanning),25,5
tworoom,100,200,102,prefix_a,released_raw,ap-fresh-tworoom-102,False,200,40,6000,1800000,28193351,"{""initial_success"": false, ""success"": false, ""terminal_without_success"": false, ""category"": ""policy_entered"", ""primitive_steps"": 5}",61.9878,LeWM (5-action replanning),25,5
tworoom,100,200,102,prefix_b,released_raw,ap-fresh-tworoom-102,False,200,40,6000,1800000,28193351,"{""initial_success"": false, ""success"": false, ""terminal_without_success"": false, ""category"": ""policy_entered"", ""primitive_steps"": 5}",61.4322,LeWM (5-action replanning),25,5
tworoom,100,200,103,clean,released_raw,ap-fresh-tworoom-103,False,200,40,6000,1800000,28194351,"{""initial_success"": false, ""success"": false, ""terminal_without_success"": false, ""category"": ""policy_entered"", ""primitive_steps"": 0}",62.068,LeWM (5-action replanning),25,5
tworoom,100,200,103,prefix_a,released_raw,ap-fresh-tworoom-103,False,200,40,6000,1800000,28194351,"{""initial_success"": false, ""success"": false, ""terminal_without_success"": false, ""category"": ""policy_entered"", ""primitive_steps"": 5}",62.0649,LeWM (5-action replanning),25,5
tworoom,100,200,103,prefix_b,released_raw,ap-fresh-tworoom-103,False,200,40,6000,1800000,28194351,"{""initial_success"": false, ""success"": false, ""terminal_without_success"": false, ""category"": ""policy_entered"", ""primitive_steps"": 5}",62.1998,LeWM (5-action replanning),25,5
tworoom,100,200,104,clean,released_raw,ap-fresh-tworoom-104,True,44,9,1350,405000,28195351,"{""initial_success"": false, ""success"": false, ""terminal_without_success"": false, ""category"": ""policy_entered"", ""primitive_steps"": 0}",13.9803,LeWM (5-action replanning),25,5
tworoom,100,200,104,prefix_a,released_raw,ap-fresh-tworoom-104,True,73,15,2250,675000,28195351,"{""initial_success"": false, ""success"": false, ""terminal_without_success"": false, ""category"": ""policy_entered"", ""primitive_steps"": 5}",23.2108,LeWM (5-action replanning),25,5
tworoom,100,200,104,prefix_b,released_raw,ap-fresh-tworoom-104,True,24,5,750,225000,28195351,"{""initial_success"": false, ""success"": false, ""terminal_without_success"": false, ""category"": ""policy_entered"", ""primitive_steps"": 5}",7.7693,LeWM (5-action replanning),25,5
tworoom,100,200,105,clean,released_raw,ap-fresh-tworoom-105,True,50,10,1500,450000,28196351,"{""initial_success"": false, ""success"": false, ""terminal_without_success"": false, ""category"": ""policy_entered"", ""primitive_steps"": 0}",15.5258,LeWM (5-action replanning),25,5
tworoom,100,200,105,prefix_a,released_raw,ap-fresh-tworoom-105,False,200,40,6000,1800000,28196351,"{""initial_success"": false, ""success"": false, ""terminal_without_success"": false, ""category"": ""policy_entered"", ""primitive_steps"": 5}",62.049,LeWM (5-action replanning),25,5
tworoom,100,200,105,prefix_b,released_raw,ap-fresh-tworoom-105,True,39,8,1200,360000,28196351,"{""initial_success"": false, ""success"": false, ""terminal_without_success"": false, ""category"": ""policy_entered"", ""primitive_steps"": 5}",12.4241,LeWM (5-action replanning),25,5
tworoom,100,200,106,clean,released_raw,ap-fresh-tworoom-106,False,200,40,6000,1800000,28197351,"{""initial_success"": false, ""success"": false, ""terminal_without_success"": false, ""category"": ""policy_entered"", ""primitive_steps"": 0}",62.0152,LeWM (5-action replanning),25,5
tworoom,100,200,106,prefix_a,released_raw,ap-fresh-tworoom-106,False,200,40,6000,1800000,28197351,"{""initial_success"": false, ""success"": false, ""terminal_without_success"": false, ""category"": ""policy_entered"", ""primitive_steps"": 5}",62.0132,LeWM (5-action replanning),25,5
tworoom,100,200,106,prefix_b,released_raw,ap-fresh-tworoom-106,False,200,40,6000,1800000,28197351,"{""initial_success"": false, ""success"": false, ""terminal_without_success"": false, ""category"": ""policy_entered"", ""primitive_steps"": 5}",62.3458,LeWM (5-action replanning),25,5
tworoom,100,200,107,clean,released_raw,ap-fresh-tworoom-107,False,200,40,6000,1800000,28198351,"{""initial_success"": false, ""success"": false, ""terminal_without_success"": false, ""category"": ""policy_entered"", ""primitive_steps"": 0}",63.8039,LeWM (5-action replanning),25,5
tworoom,100,200,107,prefix_a,released_raw,ap-fresh-tworoom-107,False,200,40,6000,1800000,28198351,"{""initial_success"": false, ""success"": false, ""terminal_without_success"": false, ""category"": ""policy_entered"", ""primitive_steps"": 5}",63.4625,LeWM (5-action replanning),25,5
tworoom,100,200,107,prefix_b,released_raw,ap-fresh-tworoom-107,False,200,40,6000,1800000,28198351,"{""initial_success"": false, ""success"": false, ""terminal_without_success"": false, ""category"": ""policy_entered"", ""primitive_steps"": 5}",63.5009,LeWM (5-action replanning),25,5
tworoom,100,200,108,clean,released_raw,ap-fresh-tworoom-108,False,200,40,6000,1800000,28199351,"{""initial_success"": false, ""success"": false, ""terminal_without_success"": false, ""category"": ""policy_entered"", ""primitive_steps"": 0}",63.3487,LeWM (5-action replanning),25,5
tworoom,100,200,108,prefix_a,released_raw,ap-fresh-tworoom-108,False,200,40,6000,1800000,28199351,"{""initial_success"": false, ""success"": false, ""terminal_without_success"": false, ""category"": ""policy_entered"", ""primitive_steps"": 5}",62.8932,LeWM (5-action replanning),25,5
tworoom,100,200,108,prefix_b,released_raw,ap-fresh-tworoom-108,False,200,40,6000,1800000,28199351,"{""initial_success"": false, ""success"": false, ""terminal_without_success"": false, ""category"": ""policy_entered"", ""primitive_steps"": 5}",62.4542,LeWM (5-action replanning),25,5
tworoom,100,200,109,clean,released_raw,ap-fresh-tworoom-109,False,200,40,6000,1800000,28200351,"{""initial_success"": false, ""success"": false, ""terminal_without_success"": false, ""category"": ""policy_entered"", ""primitive_steps"": 0}",62.8609,LeWM (5-action replanning),25,5
tworoom,100,200,109,prefix_a,released_raw,ap-fresh-tworoom-109,False,200,40,6000,1800000,28200351,"{""initial_success"": false, ""success"": false, ""terminal_without_success"": false, ""category"": ""policy_entered"", ""primitive_steps"": 5}",63.1183,LeWM (5-action replanning),25,5
tworoom,100,200,109,prefix_b,released_raw,ap-fresh-tworoom-109,False,200,40,6000,1800000,28200351,"{""initial_success"": false, ""success"": false, ""terminal_without_success"": false, ""category"": ""policy_entered"", ""primitive_steps"": 5}",62.9485,LeWM (5-action replanning),25,5
tworoom,100,200,110,clean,released_raw,ap-fresh-tworoom-110,False,200,40,6000,1800000,28201351,"{""initial_success"": false, ""success"": false, ""terminal_without_success"": false, ""category"": ""policy_entered"", ""primitive_steps"": 0}",62.8701,LeWM (5-action replanning),25,5
tworoom,100,200,110,prefix_a,released_raw,ap-fresh-tworoom-110,False,200,40,6000,1800000,28201351,"{""initial_success"": false, ""success"": false, ""terminal_without_success"": false, ""category"": ""policy_entered"", ""primitive_steps"": 5}",62.7008,LeWM (5-action replanning),25,5
tworoom,100,200,110,prefix_b,released_raw,ap-fresh-tworoom-110,False,200,40,6000,1800000,28201351,"{""initial_success"": false, ""success"": false, ""terminal_without_success"": false, ""category"": ""policy_entered"", ""primitive_steps"": 5}",62.095,LeWM (5-action replanning),25,5
tworoom,100,200,111,clean,released_raw,ap-fresh-tworoom-111,False,200,40,6000,1800000,28202351,"{""initial_success"": false, ""success"": false, ""terminal_without_success"": false, ""category"": ""policy_entered"", ""primitive_steps"": 0}",63.2444,LeWM (5-action replanning),25,5
tworoom,100,200,111,prefix_a,released_raw,ap-fresh-tworoom-111,False,200,40,6000,1800000,28202351,"{""initial_success"": false, ""success"": false, ""terminal_without_success"": false, ""category"": ""policy_entered"", ""primitive_steps"": 5}",63.1693,LeWM (5-action replanning),25,5
tworoom,100,200,111,prefix_b,released_raw,ap-fresh-tworoom-111,False,200,40,6000,1800000,28202351,"{""initial_success"": false, ""success"": false, ""terminal_without_success"": false, ""category"": ""policy_entered"", ""primitive_steps"": 5}",62.9102,LeWM (5-action replanning),25,5
tworoom,100,200,112,clean,released_raw,ap-fresh-tworoom-112,False,200,40,6000,1800000,28203351,"{""initial_success"": false, ""success"": false, ""terminal_without_success"": false, ""category"": ""policy_entered"", ""primitive_steps"": 0}",62.8587,LeWM (5-action replanning),25,5
tworoom,100,200,112,prefix_a,released_raw,ap-fresh-tworoom-112,False,200,40,6000,1800000,28203351,"{""initial_success"": false, ""success"": false, ""terminal_without_success"": false, ""category"": ""policy_entered"", ""primitive_steps"": 5}",62.7897,LeWM (5-action replanning),25,5
tworoom,100,200,112,prefix_b,released_raw,ap-fresh-tworoom-112,False,200,40,6000,1800000,28203351,"{""initial_success"": false, ""success"": false, ""terminal_without_success"": false, ""category"": ""policy_entered"", ""primitive_steps"": 5}",63.3215,LeWM (5-action replanning),25,5
tworoom,100,200,113,clean,released_raw,ap-fresh-tworoom-113,False,200,40,6000,1800000,28204351,"{""initial_success"": false, ""success"": false, ""terminal_without_success"": false, ""category"": ""policy_entered"", ""primitive_steps"": 0}",63.0222,LeWM (5-action replanning),25,5
tworoom,100,200,113,prefix_a,released_raw,ap-fresh-tworoom-113,False,200,40,6000,1800000,28204351,"{""initial_success"": false, ""success"": false, ""terminal_without_success"": false, ""category"": ""policy_entered"", ""primitive_steps"": 5}",62.8697,LeWM (5-action replanning),25,5
tworoom,100,200,113,prefix_b,released_raw,ap-fresh-tworoom-113,False,200,40,6000,1800000,28204351,"{""initial_success"": false, ""success"": false, ""terminal_without_success"": false, ""category"": ""policy_entered"", ""primitive_steps"": 5}",63.5674,LeWM (5-action replanning),25,5
tworoom,100,200,114,clean,released_raw,ap-fresh-tworoom-114,True,51,11,1650,495000,28205351,"{""initial_success"": false, ""success"": false, ""terminal_without_success"": false, ""category"": ""policy_entered"", ""primitive_steps"": 0}",17.5365,LeWM (5-action replanning),25,5
tworoom,100,200,114,prefix_a,released_raw,ap-fresh-tworoom-114,True,23,5,750,225000,28205351,"{""initial_success"": false, ""success"": false, ""terminal_without_success"": false, ""category"": ""policy_entered"", ""primitive_steps"": 5}",7.8279,LeWM (5-action replanning),25,5
tworoom,100,200,114,prefix_b,released_raw,ap-fresh-tworoom-114,True,99,20,3000,900000,28205351,"{""initial_success"": false, ""success"": false, ""terminal_without_success"": false, ""category"": ""policy_entered"", ""primitive_steps"": 5}",31.6812,LeWM (5-action replanning),25,5
tworoom,100,200,115,clean,released_raw,ap-fresh-tworoom-115,False,200,40,6000,1800000,28206351,"{""initial_success"": false, ""success"": false, ""terminal_without_success"": false, ""category"": ""policy_entered"", ""primitive_steps"": 0}",63.1642,LeWM (5-action replanning),25,5
tworoom,100,200,115,prefix_a,released_raw,ap-fresh-tworoom-115,False,200,40,6000,1800000,28206351,"{""initial_success"": false, ""success"": false, ""terminal_without_success"": false, ""category"": ""policy_entered"", ""primitive_steps"": 5}",63.1932,LeWM (5-action replanning),25,5
tworoom,100,200,115,prefix_b,released_raw,ap-fresh-tworoom-115,False,200,40,6000,1800000,28206351,"{""initial_success"": false, ""success"": false, ""terminal_without_success"": false, ""category"": ""policy_entered"", ""primitive_steps"": 5}",63.0983,LeWM (5-action replanning),25,5
tworoom,100,200,116,clean,released_raw,ap-fresh-tworoom-116,False,200,40,6000,1800000,28207351,"{""initial_success"": false, ""success"": false, ""terminal_without_success"": false, ""category"": ""policy_entered"", ""primitive_steps"": 0}",62.8926,LeWM (5-action replanning),25,5
tworoom,100,200,116,prefix_a,released_raw,ap-fresh-tworoom-116,False,200,40,6000,1800000,28207351,"{""initial_success"": false, ""success"": false, ""terminal_without_success"": false, ""category"": ""policy_entered"", ""primitive_steps"": 5}",62.9394,LeWM (5-action replanning),25,5
tworoom,100,200,116,prefix_b,released_raw,ap-fresh-tworoom-116,False,200,40,6000,1800000,28207351,"{""initial_success"": false, ""success"": false, ""terminal_without_success"": false, ""category"": ""policy_entered"", ""primitive_steps"": 5}",62.79,LeWM (5-action replanning),25,5
tworoom,100,200,117,clean,released_raw,ap-fresh-tworoom-117,False,200,40,6000,1800000,28208351,"{""initial_success"": false, ""success"": false, ""terminal_without_success"": false, ""category"": ""policy_entered"", ""primitive_steps"": 0}",63.2455,LeWM (5-action replanning),25,5
tworoom,100,200,117,prefix_a,released_raw,ap-fresh-tworoom-117,False,200,40,6000,1800000,28208351,"{""initial_success"": false, ""success"": false, ""terminal_without_success"": false, ""category"": ""policy_entered"", ""primitive_steps"": 5}",62.8922,LeWM (5-action replanning),25,5
tworoom,100,200,117,prefix_b,released_raw,ap-fresh-tworoom-117,False,200,40,6000,1800000,28208351,"{""initial_success"": false, ""success"": false, ""terminal_without_success"": false, ""category"": ""policy_entered"", ""primitive_steps"": 5}",63.2113,LeWM (5-action replanning),25,5
tworoom,100,200,118,clean,released_raw,ap-fresh-tworoom-118,False,200,40,6000,1800000,28209351,"{""initial_success"": false, ""success"": false, ""terminal_without_success"": false, ""category"": ""policy_entered"", ""primitive_steps"": 0}",62.529,LeWM (5-action replanning),25,5
tworoom,100,200,118,prefix_a,released_raw,ap-fresh-tworoom-118,False,200,40,6000,1800000,28209351,"{""initial_success"": false, ""success"": false, ""terminal_without_success"": false, ""category"": ""policy_entered"", ""primitive_steps"": 5}",63.0578,LeWM (5-action replanning),25,5
tworoom,100,200,118,prefix_b,released_raw,ap-fresh-tworoom-118,False,200,40,6000,1800000,28209351,"{""initial_success"": false, ""success"": false, ""terminal_without_success"": false, ""category"": ""policy_entered"", ""primitive_steps"": 5}",62.7267,LeWM (5-action replanning),25,5
tworoom,100,200,119,clean,released_raw,ap-fresh-tworoom-119,False,200,40,6000,1800000,28210351,"{""initial_success"": false, ""success"": false, ""terminal_without_success"": false, ""category"": ""policy_entered"", ""primitive_steps"": 0}",62.8689,LeWM (5-action replanning),25,5
tworoom,100,200,119,prefix_a,released_raw,ap-fresh-tworoom-119,False,200,40,6000,1800000,28210351,"{""initial_success"": false, ""success"": false, ""terminal_without_success"": false, ""category"": ""policy_entered"", ""primitive_steps"": 5}",62.342,LeWM (5-action replanning),25,5
tworoom,100,200,119,prefix_b,released_raw,ap-fresh-tworoom-119,False,200,40,6000,1800000,28210351,"{""initial_success"": false, ""success"": false, ""terminal_without_success"": false, ""category"": ""policy_entered"", ""primitive_steps"": 5}",62.2387,LeWM (5-action replanning),25,5
tworoom,100,200,120,clean,released_raw,ap-fresh-tworoom-120,False,200,40,6000,1800000,28211351,"{""initial_success"": false, ""success"": false, ""terminal_without_success"": false, ""category"": ""policy_entered"", ""primitive_steps"": 0}",62.3112,LeWM (5-action replanning),25,5
tworoom,100,200,120,prefix_a,released_raw,ap-fresh-tworoom-120,False,200,40,6000,1800000,28211351,"{""initial_success"": false, ""success"": false, ""terminal_without_success"": false, ""category"": ""policy_entered"", ""primitive_steps"": 5}",62.7973,LeWM (5-action replanning),25,5
tworoom,100,200,120,prefix_b,released_raw,ap-fresh-tworoom-120,False,200,40,6000,1800000,28211351,"{""initial_success"": false, ""success"": false, ""terminal_without_success"": false, ""category"": ""policy_entered"", ""primitive_steps"": 5}",62.3927,LeWM (5-action replanning),25,5
tworoom,100,200,121,clean,released_raw,ap-fresh-tworoom-121,False,200,40,6000,1800000,28212351,"{""initial_success"": false, ""success"": false, ""terminal_without_success"": false, ""category"": ""policy_entered"", ""primitive_steps"": 0}",62.2855,LeWM (5-action replanning),25,5
tworoom,100,200,121,prefix_a,released_raw,ap-fresh-tworoom-121,False,200,40,6000,1800000,28212351,"{""initial_success"": false, ""success"": false, ""terminal_without_success"": false, ""category"": ""policy_entered"", ""primitive_steps"": 5}",62.2376,LeWM (5-action replanning),25,5
tworoom,100,200,121,prefix_b,released_raw,ap-fresh-tworoom-121,True,70,14,2100,630000,28212351,"{""initial_success"": false, ""success"": false, ""terminal_without_success"": false, ""category"": ""policy_entered"", ""primitive_steps"": 5}",21.9254,LeWM (5-action replanning),25,5
tworoom,100,200,122,clean,released_raw,ap-fresh-tworoom-122,True,67,14,2100,630000,28213351,"{""initial_success"": false, ""success"": false, ""terminal_without_success"": false, ""category"": ""policy_entered"", ""primitive_steps"": 0}",22.0031,LeWM (5-action replanning),25,5
tworoom,100,200,122,prefix_a,released_raw,ap-fresh-tworoom-122,False,200,40,6000,1800000,28213351,"{""initial_success"": false, ""success"": false, ""terminal_without_success"": false, ""category"": ""policy_entered"", ""primitive_steps"": 5}",63.2967,LeWM (5-action replanning),25,5
tworoom,100,200,122,prefix_b,released_raw,ap-fresh-tworoom-122,True,50,10,1500,450000,28213351,"{""initial_success"": false, ""success"": false, ""terminal_without_success"": false, ""category"": ""policy_entered"", ""primitive_steps"": 5}",15.7149,LeWM (5-action replanning),25,5
tworoom,100,200,123,clean,released_raw,ap-fresh-tworoom-123,False,200,40,6000,1800000,28214351,"{""initial_success"": false, ""success"": false, ""terminal_without_success"": false, ""category"": ""policy_entered"", ""primitive_steps"": 0}",62.6258,LeWM (5-action replanning),25,5
tworoom,100,200,123,prefix_a,released_raw,ap-fresh-tworoom-123,False,200,40,6000,1800000,28214351,"{""initial_success"": false, ""success"": false, ""terminal_without_success"": false, ""category"": ""policy_entered"", ""primitive_steps"": 5}",63.4261,LeWM (5-action replanning),25,5
tworoom,100,200,123,prefix_b,released_raw,ap-fresh-tworoom-123,False,200,40,6000,1800000,28214351,"{""initial_success"": false, ""success"": false, ""terminal_without_success"": false, ""category"": ""policy_entered"", ""primitive_steps"": 5}",63.929,LeWM (5-action replanning),25,5
tworoom,100,200,124,clean,released_raw,ap-fresh-tworoom-124,False,200,40,6000,1800000,28215351,"{""initial_success"": false, ""success"": false, ""terminal_without_success"": false, ""category"": ""policy_entered"", ""primitive_steps"": 0}",63.5928,LeWM (5-action replanning),25,5
tworoom,100,200,124,prefix_a,released_raw,ap-fresh-tworoom-124,False,200,40,6000,1800000,28215351,"{""initial_success"": false, ""success"": false, ""terminal_without_success"": false, ""category"": ""policy_entered"", ""primitive_steps"": 5}",63.3704,LeWM (5-action replanning),25,5
tworoom,100,200,124,prefix_b,released_raw,ap-fresh-tworoom-124,False,200,40,6000,1800000,28215351,"{""initial_success"": false, ""success"": false, ""terminal_without_success"": false, ""category"": ""policy_entered"", ""primitive_steps"": 5}",62.647,LeWM (5-action replanning),25,5
tworoom,100,200,125,clean,released_raw,ap-fresh-tworoom-125,False,200,40,6000,1800000,28216351,"{""initial_success"": false, ""success"": false, ""terminal_without_success"": false, ""category"": ""policy_entered"", ""primitive_steps"": 0}",62.4394,LeWM (5-action replanning),25,5
tworoom,100,200,125,prefix_a,released_raw,ap-fresh-tworoom-125,False,200,40,6000,1800000,28216351,"{""initial_success"": false, ""success"": false, ""terminal_without_success"": false, ""category"": ""policy_entered"", ""primitive_steps"": 5}",63.2528,LeWM (5-action replanning),25,5
tworoom,100,200,125,prefix_b,released_raw,ap-fresh-tworoom-125,False,200,40,6000,1800000,28216351,"{""initial_success"": false, ""success"": false, ""terminal_without_success"": false, ""category"": ""policy_entered"", ""primitive_steps"": 5}",63.5035,LeWM (5-action replanning),25,5
tworoom,100,200,126,clean,released_raw,ap-fresh-tworoom-126,True,61,13,1950,585000,28217351,"{""initial_success"": false, ""success"": false, ""terminal_without_success"": false, ""category"": ""policy_entered"", ""primitive_steps"": 0}",20.5637,LeWM (5-action replanning),25,5
tworoom,100,200,126,prefix_a,released_raw,ap-fresh-tworoom-126,False,200,40,6000,1800000,28217351,"{""initial_success"": false, ""success"": false, ""terminal_without_success"": false, ""category"": ""policy_entered"", ""primitive_steps"": 5}",62.7382,LeWM (5-action replanning),25,5
tworoom,100,200,126,prefix_b,released_raw,ap-fresh-tworoom-126,True,126,26,3900,1170000,28217351,"{""initial_success"": false, ""success"": false, ""terminal_without_success"": false, ""category"": ""policy_entered"", ""primitive_steps"": 5}",41.3038,LeWM (5-action replanning),25,5
tworoom,100,200,127,clean,released_raw,ap-fresh-tworoom-127,True,44,9,1350,405000,28218351,"{""initial_success"": false, ""success"": false, ""terminal_without_success"": false, ""category"": ""policy_entered"", ""primitive_steps"": 0}",14.0662,LeWM (5-action replanning),25,5
tworoom,100,200,127,prefix_a,released_raw,ap-fresh-tworoom-127,False,200,40,6000,1800000,28218351,"{""initial_success"": false, ""success"": false, ""terminal_without_success"": false, ""category"": ""policy_entered"", ""primitive_steps"": 5}",63.3433,LeWM (5-action replanning),25,5
tworoom,100,200,127,prefix_b,released_raw,ap-fresh-tworoom-127,False,200,40,6000,1800000,28218351,"{""initial_success"": false, ""success"": false, ""terminal_without_success"": false, ""category"": ""policy_entered"", ""primitive_steps"": 5}",62.9455,LeWM (5-action replanning),25,5
