task,arm,kind,start,config_H,config_arm,stall_W5_numerator,stall_W5_denominator,stall_W5_percent,stall_W10_numerator,stall_W10_denominator,stall_W10_percent,stall_W20_numerator,stall_W20_denominator,stall_W20_percent,physical_detour_0.25_numerator,physical_detour_0.25_denominator,physical_detour_0.25_percent,physical_detour_0.5_numerator,physical_detour_0.5_denominator,physical_detour_0.5_percent,physical_detour_1.0_numerator,physical_detour_1.0_denominator,physical_detour_1.0_percent,latent_detour_numerator,latent_detour_denominator,latent_detour_percent,config_B,config_iterations,config_memory_fraction,config_target_L,config_key,config_span,config_execution
cube,cem_final,main,Standard,150,cem_final,119,119,100,119,119,100,119,119,100,4,8,50,3,8,37.5,3,8,37.5,2,8,25,,,,,,,
cube,cem_final,main,Perturbed,150,cem_final,249,249,100,249,249,100,248,249,99.59839357429719,2,5,40,2,5,40,1,5,20,1,5,20,,,,,,,
cube,cem_final,main,Perturbed 1,150,cem_final,125,125,100,125,125,100,125,125,100,1,2,50,1,2,50,0,2,0,0,2,0,,,,,,,
cube,cem_final,main,Perturbed 2,150,cem_final,124,124,100,124,124,100,123,124,99.19354838709677,1,3,33.333333333333336,1,3,33.333333333333336,1,3,33.333333333333336,1,3,33.333333333333336,,,,,,,
cube,cem_observed,main,Standard,150,cem_observed,62,68,91.17647058823529,59,68,86.76470588235294,50,68,73.52941176470588,43,59,72.88135593220339,39,59,66.10169491525424,34,59,57.6271186440678,19,59,32.20338983050848,,,,,,,
cube,cem_observed,main,Perturbed,150,cem_observed,177,180,98.33333333333333,166,180,92.22222222222223,144,180,80,56,74,75.67567567567568,54,74,72.97297297297297,46,74,62.16216216216216,27,74,36.486486486486484,,,,,,,
cube,cem_observed,main,Perturbed 1,150,cem_observed,88,90,97.77777777777777,84,90,93.33333333333333,70,90,77.77777777777777,28,37,75.67567567567568,26,37,70.27027027027027,21,37,56.75675675675676,17,37,45.945945945945944,,,,,,,
cube,cem_observed,main,Perturbed 2,150,cem_observed,89,90,98.88888888888889,82,90,91.11111111111111,74,90,82.22222222222223,28,37,75.67567567567568,28,37,75.67567567567568,25,37,67.56756756756756,10,37,27.027027027027028,,,,,,,
cube,rank_final,main,Standard,150,rank_final,46,48,95.83333333333333,45,48,93.75,42,48,87.5,51,79,64.55696202531645,44,79,55.69620253164557,33,79,41.77215189873418,10,79,12.658227848101266,,,,,,,
cube,rank_final,main,Perturbed,150,rank_final,149,149,100,148,149,99.32885906040268,140,149,93.95973154362416,75,105,71.42857142857143,64,105,60.95238095238095,51,105,48.57142857142857,10,105,9.523809523809524,,,,,,,
cube,rank_final,main,Perturbed 1,150,rank_final,77,77,100,77,77,100,73,77,94.8051948051948,36,50,72,31,50,62,26,50,52,5,50,10,,,,,,,
cube,rank_final,main,Perturbed 2,150,rank_final,72,72,100,71,72,98.61111111111111,67,72,93.05555555555556,39,55,70.9090909090909,33,55,60,25,55,45.45454545454545,5,55,9.090909090909092,,,,,,,
cube,rank_observed,main,Standard,150,rank_observed,34,34,100,34,34,100,31,34,91.17647058823529,67,93,72.04301075268818,57,93,61.29032258064516,43,93,46.236559139784944,27,93,29.032258064516128,,,,,,,
cube,rank_observed,main,Perturbed,150,rank_observed,132,139,94.96402877697842,129,139,92.80575539568345,117,139,84.1726618705036,83,115,72.17391304347827,77,115,66.95652173913044,63,115,54.78260869565217,27,115,23.47826086956522,,,,,,,
cube,rank_observed,main,Perturbed 1,150,rank_observed,70,72,97.22222222222223,68,72,94.44444444444444,61,72,84.72222222222223,37,55,67.27272727272727,35,55,63.63636363636363,30,55,54.54545454545455,14,55,25.454545454545453,,,,,,,
cube,rank_observed,main,Perturbed 2,150,rank_observed,62,67,92.53731343283582,61,67,91.04477611940298,56,67,83.58208955223881,46,60,76.66666666666667,42,60,70,33,60,55,13,60,21.666666666666668,,,,,,,
cube,direct,main,Standard,150,direct,21,23,91.30434782608695,20,23,86.95652173913044,18,23,78.26086956521739,77,104,74.03846153846153,63,104,60.57692307692308,52,104,50,0,0,,,,,,,,
cube,direct,main,Perturbed,150,direct,128,134,95.5223880597015,126,134,94.02985074626865,120,134,89.55223880597015,90,120,75,77,120,64.16666666666667,68,120,56.666666666666664,0,0,,,,,,,,
cube,direct,main,Perturbed 1,150,direct,68,71,95.77464788732394,66,71,92.95774647887323,61,71,85.91549295774648,40,56,71.42857142857143,34,56,60.714285714285715,34,56,60.714285714285715,0,0,,,,,,,,
cube,direct,main,Perturbed 2,150,direct,60,63,95.23809523809524,60,63,95.23809523809524,59,63,93.65079365079364,50,64,78.125,43,64,67.1875,34,64,53.125,0,0,,,,,,,,
pusht,cem_final,main,Standard,140,cem_final,103,125,82.4,100,125,80,90,125,72,2,3,66.66666666666667,1,3,33.333333333333336,1,3,33.333333333333336,1,3,33.333333333333336,,,,,,,
pusht,cem_final,main,Perturbed,140,cem_final,207,249,83.13253012048193,196,249,78.714859437751,178,249,71.4859437751004,5,7,71.42857142857143,3,7,42.857142857142854,1,7,14.285714285714286,1,7,14.285714285714286,,,,,,,
pusht,cem_final,main,Perturbed 1,140,cem_final,104,125,83.2,98,125,78.4,89,125,71.2,2,3,66.66666666666667,2,3,66.66666666666667,1,3,33.333333333333336,1,3,33.333333333333336,,,,,,,
pusht,cem_final,main,Perturbed 2,140,cem_final,103,124,83.06451612903226,98,124,79.03225806451613,89,124,71.7741935483871,3,4,75,1,4,25,0,4,0,0,4,0,,,,,,,
pusht,cem_observed,main,Standard,140,cem_observed,37,39,94.87179487179488,36,39,92.3076923076923,31,39,79.48717948717949,89,89,100,89,89,100,87,89,97.75280898876404,83,89,93.25842696629213,,,,,,,
pusht,cem_observed,main,Perturbed,140,cem_observed,81,90,90,75,90,83.33333333333333,65,90,72.22222222222223,166,166,100,166,166,100,164,166,98.79518072289157,156,166,93.97590361445783,,,,,,,
pusht,cem_observed,main,Perturbed 1,140,cem_observed,42,46,91.30434782608695,38,46,82.6086956521739,33,46,71.73913043478261,82,82,100,82,82,100,81,82,98.78048780487805,77,82,93.90243902439025,,,,,,,
pusht,cem_observed,main,Perturbed 2,140,cem_observed,39,44,88.63636363636364,37,44,84.0909090909091,32,44,72.72727272727273,84,84,100,84,84,100,83,84,98.80952380952381,79,84,94.04761904761905,,,,,,,
pusht,rank_final,main,Standard,140,rank_final,90,95,94.73684210526316,86,95,90.52631578947368,72,95,75.78947368421052,33,33,100,33,33,100,31,33,93.93939393939394,30,33,90.9090909090909,,,,,,,
pusht,rank_final,main,Perturbed,140,rank_final,208,223,93.27354260089686,197,223,88.34080717488789,174,223,78.02690582959642,33,33,100,33,33,100,33,33,100,28,33,84.84848484848484,,,,,,,
pusht,rank_final,main,Perturbed 1,140,rank_final,99,111,89.1891891891892,95,111,85.58558558558559,82,111,73.87387387387388,17,17,100,17,17,100,17,17,100,15,17,88.23529411764706,,,,,,,
pusht,rank_final,main,Perturbed 2,140,rank_final,109,112,97.32142857142857,102,112,91.07142857142857,92,112,82.14285714285714,16,16,100,16,16,100,16,16,100,13,16,81.25,,,,,,,
pusht,rank_observed,main,Standard,140,rank_observed,41,43,95.34883720930233,39,43,90.69767441860465,34,43,79.06976744186046,85,85,100,85,85,100,83,85,97.6470588235294,81,85,95.29411764705883,,,,,,,
pusht,rank_observed,main,Perturbed,140,rank_observed,128,134,95.5223880597015,120,134,89.55223880597015,101,134,75.3731343283582,122,122,100,122,122,100,121,122,99.18032786885246,115,122,94.26229508196721,,,,,,,
pusht,rank_observed,main,Perturbed 1,140,rank_observed,65,67,97.01492537313433,60,67,89.55223880597015,50,67,74.6268656716418,61,61,100,61,61,100,60,61,98.36065573770492,58,61,95.08196721311475,,,,,,,
pusht,rank_observed,main,Perturbed 2,140,rank_observed,63,67,94.02985074626865,60,67,89.55223880597015,51,67,76.11940298507463,61,61,100,61,61,100,61,61,100,57,61,93.44262295081967,,,,,,,
pusht,direct,main,Standard,140,direct,60,62,96.7741935483871,59,62,95.16129032258064,45,62,72.58064516129032,66,66,100,66,66,100,63,66,95.45454545454545,0,0,,,,,,,,
pusht,direct,main,Perturbed,140,direct,196,210,93.33333333333333,191,210,90.95238095238095,167,210,79.52380952380952,46,46,100,46,46,100,46,46,100,0,0,,,,,,,,
pusht,direct,main,Perturbed 1,140,direct,94,103,91.2621359223301,91,103,88.3495145631068,78,103,75.72815533980582,25,25,100,25,25,100,25,25,100,0,0,,,,,,,,
pusht,direct,main,Perturbed 2,140,direct,102,107,95.32710280373831,100,107,93.45794392523365,89,107,83.17757009345794,21,21,100,21,21,100,21,21,100,0,0,,,,,,,,
reacher,cem_final,main,Standard,150,cem_final,0,95,0,0,95,0,0,95,0,19,33,57.57575757575758,17,33,51.515151515151516,15,33,45.45454545454545,8,33,24.242424242424242,,,,,,,
reacher,cem_final,main,Perturbed,150,cem_final,0,198,0,0,198,0,0,198,0,27,55,49.09090909090909,26,55,47.27272727272727,23,55,41.81818181818182,17,55,30.90909090909091,,,,,,,
reacher,cem_final,main,Perturbed 1,150,cem_final,0,100,0,0,100,0,0,100,0,13,27,48.148148148148145,12,27,44.44444444444444,10,27,37.03703703703704,8,27,29.62962962962963,,,,,,,
reacher,cem_final,main,Perturbed 2,150,cem_final,0,98,0,0,98,0,0,98,0,14,28,50,14,28,50,13,28,46.42857142857143,9,28,32.142857142857146,,,,,,,
reacher,cem_observed,main,Standard,150,cem_observed,0,31,0,0,31,0,0,31,0,95,97,97.9381443298969,94,97,96.90721649484536,93,97,95.87628865979381,92,97,94.84536082474227,,,,,,,
reacher,cem_observed,main,Perturbed,150,cem_observed,0,54,0,0,54,0,0,54,0,195,199,97.98994974874371,194,199,97.48743718592965,193,199,96.98492462311557,191,199,95.97989949748744,,,,,,,
reacher,cem_observed,main,Perturbed 1,150,cem_observed,0,22,0,0,22,0,0,22,0,103,105,98.0952380952381,103,105,98.0952380952381,102,105,97.14285714285714,100,105,95.23809523809524,,,,,,,
reacher,cem_observed,main,Perturbed 2,150,cem_observed,0,32,0,0,32,0,0,32,0,92,94,97.87234042553192,91,94,96.80851063829788,91,94,96.80851063829788,91,94,96.80851063829788,,,,,,,
reacher,rank_final,main,Standard,150,rank_final,0,12,0,0,12,0,0,12,0,110,116,94.82758620689656,109,116,93.96551724137932,106,116,91.37931034482759,77,116,66.37931034482759,,,,,,,
reacher,rank_final,main,Perturbed,150,rank_final,0,32,0,0,32,0,0,32,0,213,221,96.38009049773756,210,221,95.02262443438914,206,221,93.21266968325791,145,221,65.61085972850678,,,,,,,
reacher,rank_final,main,Perturbed 1,150,rank_final,0,15,0,0,15,0,0,15,0,107,112,95.53571428571429,106,112,94.64285714285714,103,112,91.96428571428571,71,112,63.392857142857146,,,,,,,
reacher,rank_final,main,Perturbed 2,150,rank_final,0,17,0,0,17,0,0,17,0,106,109,97.24770642201835,104,109,95.41284403669725,103,109,94.4954128440367,74,109,67.88990825688073,,,,,,,
reacher,rank_observed,main,Standard,150,rank_observed,0,4,0,0,4,0,0,4,0,122,124,98.38709677419355,122,124,98.38709677419355,122,124,98.38709677419355,120,124,96.7741935483871,,,,,,,
reacher,rank_observed,main,Perturbed,150,rank_observed,0,11,0,0,11,0,0,11,0,241,242,99.58677685950413,241,242,99.58677685950413,241,242,99.58677685950413,233,242,96.28099173553719,,,,,,,
reacher,rank_observed,main,Perturbed 1,150,rank_observed,0,5,0,0,5,0,0,5,0,121,122,99.18032786885246,121,122,99.18032786885246,121,122,99.18032786885246,115,122,94.26229508196721,,,,,,,
reacher,rank_observed,main,Perturbed 2,150,rank_observed,0,6,0,0,6,0,0,6,0,120,120,100,120,120,100,120,120,100,118,120,98.33333333333333,,,,,,,
reacher,direct,main,Standard,150,direct,0,1,0,0,1,0,0,1,0,125,127,98.4251968503937,124,127,97.63779527559055,124,127,97.63779527559055,0,0,,,,,,,,
reacher,direct,main,Perturbed,150,direct,0,8,0,0,8,0,0,8,0,245,245,100,243,245,99.18367346938776,241,245,98.36734693877551,0,0,,,,,,,,
reacher,direct,main,Perturbed 1,150,direct,0,4,0,0,4,0,0,4,0,123,123,100,122,123,99.1869918699187,121,123,98.3739837398374,0,0,,,,,,,,
reacher,direct,main,Perturbed 2,150,direct,0,4,0,0,4,0,0,4,0,122,122,100,121,122,99.18032786885246,120,122,98.36065573770492,0,0,,,,,,,,
tworoom,cem_final,main,Standard,100,cem_final,48,126,38.095238095238095,42,126,33.333333333333336,35,126,27.77777777777778,2,2,100,0,2,0,0,2,0,0,2,0,,,,,,,
tworoom,cem_final,main,Perturbed,100,cem_final,92,252,36.507936507936506,81,252,32.142857142857146,70,252,27.77777777777778,1,4,25,0,4,0,0,4,0,0,4,0,,,,,,,
tworoom,cem_final,main,Perturbed 1,100,cem_final,45,126,35.714285714285715,40,126,31.746031746031747,35,126,27.77777777777778,1,2,50,0,2,0,0,2,0,0,2,0,,,,,,,
tworoom,cem_final,main,Perturbed 2,100,cem_final,47,126,37.301587301587304,41,126,32.53968253968254,35,126,27.77777777777778,0,2,0,0,2,0,0,2,0,0,2,0,,,,,,,
tworoom,cem_observed,main,Standard,100,cem_observed,14,68,20.58823529411765,13,68,19.11764705882353,6,68,8.823529411764707,55,60,91.66666666666667,44,60,73.33333333333333,19,60,31.666666666666668,52,60,86.66666666666667,,,,,,,
tworoom,cem_observed,main,Perturbed,100,cem_observed,28,136,20.58823529411765,21,136,15.441176470588236,7,136,5.147058823529412,111,120,92.5,91,120,75.83333333333333,35,120,29.166666666666668,105,120,87.5,,,,,,,
tworoom,cem_observed,main,Perturbed 1,100,cem_observed,13,71,18.309859154929576,13,71,18.309859154929576,4,71,5.633802816901408,53,57,92.98245614035088,46,57,80.70175438596492,17,57,29.82456140350877,50,57,87.71929824561404,,,,,,,
tworoom,cem_observed,main,Perturbed 2,100,cem_observed,15,65,23.076923076923077,8,65,12.307692307692308,3,65,4.615384615384615,58,63,92.06349206349206,45,63,71.42857142857143,18,63,28.571428571428573,55,63,87.3015873015873,,,,,,,
tworoom,rank_final,main,Standard,100,rank_final,1,14,7.142857142857143,1,14,7.142857142857143,1,14,7.142857142857143,114,114,100,107,114,93.85964912280701,69,114,60.526315789473685,90,114,78.94736842105263,,,,,,,
tworoom,rank_final,main,Perturbed,100,rank_final,2,29,6.896551724137931,2,29,6.896551724137931,2,29,6.896551724137931,225,227,99.11894273127753,219,227,96.47577092511013,157,227,69.16299559471365,174,227,76.65198237885463,,,,,,,
tworoom,rank_final,main,Perturbed 1,100,rank_final,1,19,5.2631578947368425,1,19,5.2631578947368425,1,19,5.2631578947368425,108,109,99.08256880733946,103,109,94.4954128440367,70,109,64.22018348623853,87,109,79.81651376146789,,,,,,,
tworoom,rank_final,main,Perturbed 2,100,rank_final,1,10,10,1,10,10,1,10,10,117,118,99.15254237288136,116,118,98.30508474576271,87,118,73.72881355932203,87,118,73.72881355932203,,,,,,,
tworoom,rank_observed,main,Standard,100,rank_observed,0,2,0,0,2,0,0,2,0,126,126,100,124,126,98.41269841269842,78,126,61.904761904761905,115,126,91.26984126984127,,,,,,,
tworoom,rank_observed,main,Perturbed,100,rank_observed,0,0,,0,0,,0,0,,255,256,99.609375,254,256,99.21875,159,256,62.109375,237,256,92.578125,,,,,,,
tworoom,rank_observed,main,Perturbed 1,100,rank_observed,0,0,,0,0,,0,0,,127,128,99.21875,127,128,99.21875,81,128,63.28125,115,128,89.84375,,,,,,,
tworoom,rank_observed,main,Perturbed 2,100,rank_observed,0,0,,0,0,,0,0,,128,128,100,127,128,99.21875,78,128,60.9375,122,128,95.3125,,,,,,,
tworoom,direct,main,Standard,100,direct,0,1,0,0,1,0,0,1,0,127,127,100,123,127,96.85039370078741,78,127,61.41732283464567,0,0,,,,,,,,
tworoom,direct,main,Perturbed,100,direct,0,0,,0,0,,0,0,,256,256,100,254,256,99.21875,174,256,67.96875,0,0,,,,,,,,
tworoom,direct,main,Perturbed 1,100,direct,0,0,,0,0,,0,0,,128,128,100,128,128,100,81,128,63.28125,0,0,,,,,,,,
tworoom,direct,main,Perturbed 2,100,direct,0,0,,0,0,,0,0,,128,128,100,126,128,98.4375,93,128,72.65625,0,0,,,,,,,,
cube,cem_final,horizon,Standard,100,cem_final,117,117,100,117,117,100,53,117,45.2991452991453,1,10,10,1,10,10,1,10,10,0,10,0,100,30,,,,,
cube,cem_final,horizon,Perturbed,100,cem_final,232,233,99.57081545064378,230,233,98.71244635193133,114,233,48.927038626609445,1,21,4.761904761904762,1,21,4.761904761904762,0,21,0,1,21,4.761904761904762,100,30,,,,,
cube,cem_final,horizon,Perturbed 1,100,cem_final,116,116,100,115,116,99.13793103448276,60,116,51.724137931034484,1,11,9.090909090909092,1,11,9.090909090909092,0,11,0,1,11,9.090909090909092,100,30,,,,,
cube,cem_final,horizon,Perturbed 2,100,cem_final,116,117,99.14529914529915,115,117,98.2905982905983,54,117,46.15384615384615,0,10,0,0,10,0,0,10,0,0,10,0,100,30,,,,,
cube,cem_learned,horizon,Standard,100,cem_learned,52,57,91.2280701754386,44,57,77.19298245614036,12,57,21.05263157894737,28,70,40,26,70,37.142857142857146,19,70,27.142857142857142,17,70,24.285714285714285,100,30,,,,,
cube,cem_learned,horizon,Perturbed,100,cem_learned,145,167,86.82634730538922,121,167,72.45508982035928,54,167,32.33532934131737,45,87,51.724137931034484,37,87,42.52873563218391,27,87,31.03448275862069,20,87,22.988505747126435,100,30,,,,,
cube,cem_learned,horizon,Perturbed 1,100,cem_learned,72,82,87.8048780487805,58,82,70.73170731707317,25,82,30.48780487804878,22,45,48.888888888888886,19,45,42.22222222222222,15,45,33.333333333333336,9,45,20,100,30,,,,,
cube,cem_learned,horizon,Perturbed 2,100,cem_learned,73,85,85.88235294117646,63,85,74.11764705882354,29,85,34.11764705882353,23,42,54.76190476190476,18,42,42.857142857142854,12,42,28.571428571428573,11,42,26.19047619047619,100,30,,,,,
cube,cem_observed,horizon,Standard,100,cem_observed,80,87,91.95402298850574,75,87,86.20689655172414,32,87,36.7816091954023,22,40,55,17,40,42.5,13,40,32.5,12,40,30,100,30,,,,,
cube,cem_observed,horizon,Perturbed,100,cem_observed,179,191,93.717277486911,159,191,83.24607329842932,67,191,35.07853403141361,36,63,57.142857142857146,27,63,42.857142857142854,19,63,30.158730158730158,17,63,26.984126984126984,100,30,,,,,
cube,cem_observed,horizon,Perturbed 1,100,cem_observed,93,99,93.93939393939394,86,99,86.86868686868686,38,99,38.38383838383838,14,28,50,12,28,42.857142857142854,8,28,28.571428571428573,7,28,25,100,30,,,,,
cube,cem_observed,horizon,Perturbed 2,100,cem_observed,86,92,93.47826086956522,73,92,79.34782608695652,29,92,31.52173913043478,22,35,62.857142857142854,15,35,42.857142857142854,11,35,31.428571428571427,10,35,28.571428571428573,100,30,,,,,
cube,rank_final,horizon,Standard,100,rank_final,51,52,98.07692307692308,46,52,88.46153846153847,23,52,44.23076923076923,32,75,42.666666666666664,27,75,36,20,75,26.666666666666668,8,75,10.666666666666666,100,30,,,,,
cube,rank_final,horizon,Perturbed,100,rank_final,163,167,97.60479041916167,152,167,91.01796407185628,87,167,52.09580838323353,40,87,45.97701149425287,34,87,39.08045977011494,17,87,19.54022988505747,15,87,17.24137931034483,100,30,,,,,
cube,rank_final,horizon,Perturbed 1,100,rank_final,85,87,97.70114942528735,80,87,91.95402298850574,47,87,54.02298850574713,18,40,45,17,40,42.5,7,40,17.5,6,40,15,100,30,,,,,
cube,rank_final,horizon,Perturbed 2,100,rank_final,78,80,97.5,72,80,90,40,80,50,22,47,46.808510638297875,17,47,36.170212765957444,10,47,21.27659574468085,9,47,19.148936170212767,100,30,,,,,
cube,rank_learned,horizon,Standard,100,rank_learned,24,27,88.88888888888889,22,27,81.48148148148148,6,27,22.22222222222222,58,100,58,51,100,51,43,100,43,35,100,35,100,30,,,,,
cube,rank_learned,horizon,Perturbed,100,rank_learned,125,144,86.80555555555556,116,144,80.55555555555556,53,144,36.80555555555556,72,110,65.45454545454545,59,110,53.63636363636363,45,110,40.90909090909091,34,110,30.90909090909091,100,30,,,,,
cube,rank_learned,horizon,Perturbed 1,100,rank_learned,61,72,84.72222222222223,57,72,79.16666666666667,24,72,33.333333333333336,33,55,60,28,55,50.90909090909091,22,55,40,12,55,21.818181818181817,100,30,,,,,
cube,rank_learned,horizon,Perturbed 2,100,rank_learned,64,72,88.88888888888889,59,72,81.94444444444444,29,72,40.27777777777778,39,55,70.9090909090909,31,55,56.36363636363637,23,55,41.81818181818182,22,55,40,100,30,,,,,
cube,rank_observed,horizon,Standard,100,rank_observed,39,45,86.66666666666667,35,45,77.77777777777777,17,45,37.77777777777778,50,82,60.97560975609756,40,82,48.78048780487805,31,82,37.80487804878049,35,82,42.68292682926829,100,30,,,,,
cube,rank_observed,horizon,Perturbed,100,rank_observed,149,161,92.54658385093168,141,161,87.5776397515528,73,161,45.3416149068323,58,93,62.365591397849464,52,93,55.913978494623656,44,93,47.31182795698925,39,93,41.935483870967744,100,30,,,,,
cube,rank_observed,horizon,Perturbed 1,100,rank_observed,73,82,89.02439024390245,68,82,82.92682926829268,37,82,45.1219512195122,26,45,57.77777777777778,23,45,51.111111111111114,22,45,48.888888888888886,17,45,37.77777777777778,100,30,,,,,
cube,rank_observed,horizon,Perturbed 2,100,rank_observed,76,79,96.20253164556962,73,79,92.40506329113924,36,79,45.56962025316456,32,48,66.66666666666667,29,48,60.416666666666664,22,48,45.833333333333336,22,48,45.833333333333336,100,30,,,,,
pusht,cem_final,horizon,Standard,50,cem_final,83,120,69.16666666666667,73,120,60.833333333333336,34,120,28.333333333333332,2,8,25,2,8,25,1,8,12.5,1,8,12.5,100,30,,,,,
pusht,cem_final,horizon,Perturbed,50,cem_final,152,233,65.23605150214593,132,233,56.652360515021456,65,233,27.896995708154506,11,23,47.82608695652174,7,23,30.434782608695652,5,23,21.73913043478261,3,23,13.043478260869565,100,30,,,,,
pusht,cem_final,horizon,Perturbed 1,50,cem_final,76,116,65.51724137931035,69,116,59.48275862068966,36,116,31.03448275862069,6,12,50,3,12,25,2,12,16.666666666666668,1,12,8.333333333333334,100,30,,,,,
pusht,cem_final,horizon,Perturbed 2,50,cem_final,76,117,64.95726495726495,63,117,53.84615384615385,29,117,24.786324786324787,5,11,45.45454545454545,4,11,36.36363636363637,3,11,27.272727272727273,2,11,18.181818181818183,100,30,,,,,
reacher,cem_final,horizon,Standard,50,cem_final,0,55,0,0,55,0,0,55,0,40,72,55.55555555555556,34,72,47.22222222222222,33,72,45.833333333333336,17,72,23.61111111111111,100,30,,,,,
reacher,cem_final,horizon,Perturbed,50,cem_final,0,122,0,0,122,0,0,122,0,72,131,54.961832061068705,66,131,50.38167938931298,56,131,42.74809160305343,33,131,25.19083969465649,100,30,,,,,
reacher,cem_final,horizon,Perturbed 1,50,cem_final,0,64,0,0,64,0,0,64,0,38,62,61.29032258064516,34,62,54.83870967741935,30,62,48.38709677419355,15,62,24.193548387096776,100,30,,,,,
reacher,cem_final,horizon,Perturbed 2,50,cem_final,0,58,0,0,58,0,0,58,0,34,69,49.27536231884058,32,69,46.3768115942029,26,69,37.68115942028985,18,69,26.08695652173913,100,30,,,,,
tworoom,cem_final,horizon,Standard,50,cem_final,46,121,38.01652892561984,44,121,36.36363636363637,1,121,0.8264462809917356,0,6,0,0,6,0,0,6,0,0,6,0,100,30,,,,,
tworoom,cem_final,horizon,Perturbed,50,cem_final,100,239,41.84100418410042,91,239,38.07531380753138,2,239,0.8368200836820083,1,11,9.090909090909092,0,11,0,0,11,0,0,11,0,100,30,,,,,
tworoom,cem_final,horizon,Perturbed 1,50,cem_final,48,120,40,46,120,38.333333333333336,2,120,1.6666666666666667,0,5,0,0,5,0,0,5,0,0,5,0,100,30,,,,,
tworoom,cem_final,horizon,Perturbed 2,50,cem_final,52,119,43.69747899159664,45,119,37.81512605042017,0,119,0,1,6,16.666666666666668,0,6,0,0,6,0,0,6,0,100,30,,,,,
pusht,cem_learned,horizon,Standard,50,cem_learned,18,30,60,9,30,30,2,30,6.666666666666667,72,98,73.46938775510205,60,98,61.224489795918366,54,98,55.10204081632653,16,98,16.3265306122449,100,30,,,,,
pusht,cem_learned,horizon,Perturbed,50,cem_learned,49,93,52.68817204301075,26,93,27.956989247311828,4,93,4.301075268817204,121,163,74.23312883435582,99,163,60.736196319018404,82,163,50.306748466257666,27,163,16.56441717791411,100,30,,,,,
pusht,cem_learned,horizon,Perturbed 1,50,cem_learned,21,45,46.666666666666664,11,45,24.444444444444443,2,45,4.444444444444445,64,83,77.10843373493977,52,83,62.65060240963855,43,83,51.80722891566265,12,83,14.457831325301205,100,30,,,,,
pusht,cem_learned,horizon,Perturbed 2,50,cem_learned,28,48,58.333333333333336,15,48,31.25,2,48,4.166666666666667,57,80,71.25,47,80,58.75,39,80,48.75,15,80,18.75,100,30,,,,,
reacher,cem_learned,horizon,Standard,50,cem_learned,0,60,0,0,60,0,0,60,0,51,67,76.11940298507463,38,67,56.71641791044776,22,67,32.83582089552239,14,67,20.895522388059703,100,30,,,,,
reacher,cem_learned,horizon,Perturbed,50,cem_learned,0,119,0,0,119,0,0,119,0,111,134,82.83582089552239,82,134,61.19402985074627,48,134,35.82089552238806,25,134,18.65671641791045,100,30,,,,,
reacher,cem_learned,horizon,Perturbed 1,50,cem_learned,0,62,0,0,62,0,0,62,0,51,64,79.6875,42,64,65.625,24,64,37.5,12,64,18.75,100,30,,,,,
reacher,cem_learned,horizon,Perturbed 2,50,cem_learned,0,57,0,0,57,0,0,57,0,60,70,85.71428571428571,40,70,57.142857142857146,24,70,34.285714285714285,13,70,18.571428571428573,100,30,,,,,
tworoom,cem_learned,horizon,Standard,50,cem_learned,0,7,0,0,7,0,0,7,0,7,120,5.833333333333333,3,120,2.5,2,120,1.6666666666666667,70,120,58.333333333333336,100,30,,,,,
tworoom,cem_learned,horizon,Perturbed,50,cem_learned,0,15,0,0,15,0,0,15,0,17,235,7.23404255319149,8,235,3.404255319148936,1,235,0.425531914893617,121,235,51.48936170212766,100,30,,,,,
tworoom,cem_learned,horizon,Perturbed 1,50,cem_learned,0,8,0,0,8,0,0,8,0,9,117,7.6923076923076925,4,117,3.4188034188034186,1,117,0.8547008547008547,63,117,53.84615384615385,100,30,,,,,
tworoom,cem_learned,horizon,Perturbed 2,50,cem_learned,0,7,0,0,7,0,0,7,0,8,118,6.779661016949152,4,118,3.389830508474576,0,118,0,58,118,49.152542372881356,100,30,,,,,
pusht,cem_observed,horizon,Standard,50,cem_observed,19,23,82.6086956521739,11,23,47.82608695652174,1,23,4.3478260869565215,93,105,88.57142857142857,85,105,80.95238095238095,69,105,65.71428571428571,24,105,22.857142857142858,100,30,,,,,
pusht,cem_observed,horizon,Perturbed,50,cem_observed,34,47,72.34042553191489,21,47,44.680851063829785,1,47,2.127659574468085,190,209,90.9090909090909,181,209,86.60287081339713,147,209,70.33492822966507,48,209,22.966507177033492,100,30,,,,,
pusht,cem_observed,horizon,Perturbed 1,50,cem_observed,18,25,72,12,25,48,0,25,0,95,103,92.23300970873787,92,103,89.32038834951456,75,103,72.81553398058253,25,103,24.271844660194176,100,30,,,,,
pusht,cem_observed,horizon,Perturbed 2,50,cem_observed,16,22,72.72727272727273,9,22,40.90909090909091,1,22,4.545454545454546,95,106,89.62264150943396,89,106,83.9622641509434,72,106,67.9245283018868,23,106,21.69811320754717,100,30,,,,,
reacher,cem_observed,horizon,Standard,50,cem_observed,0,24,0,0,24,0,0,24,0,96,103,93.20388349514563,96,103,93.20388349514563,96,103,93.20388349514563,89,103,86.40776699029126,100,30,,,,,
reacher,cem_observed,horizon,Perturbed,50,cem_observed,0,61,0,0,61,0,0,61,0,185,192,96.35416666666667,183,192,95.3125,182,192,94.79166666666667,172,192,89.58333333333333,100,30,,,,,
reacher,cem_observed,horizon,Perturbed 1,50,cem_observed,0,27,0,0,27,0,0,27,0,94,99,94.94949494949495,93,99,93.93939393939394,92,99,92.92929292929293,88,99,88.88888888888889,100,30,,,,,
reacher,cem_observed,horizon,Perturbed 2,50,cem_observed,0,34,0,0,34,0,0,34,0,91,93,97.84946236559139,90,93,96.7741935483871,90,93,96.7741935483871,84,93,90.3225806451613,100,30,,,,,
tworoom,cem_observed,horizon,Standard,50,cem_observed,16,35,45.714285714285715,9,35,25.714285714285715,0,35,0,60,92,65.21739130434783,36,92,39.130434782608695,11,92,11.956521739130435,70,92,76.08695652173913,100,30,,,,,
tworoom,cem_observed,horizon,Perturbed,50,cem_observed,25,67,37.3134328358209,26,67,38.80597014925373,0,67,0,130,183,71.03825136612022,77,183,42.076502732240435,20,183,10.92896174863388,129,183,70.49180327868852,100,30,,,,,
tworoom,cem_observed,horizon,Perturbed 1,50,cem_observed,15,38,39.473684210526315,17,38,44.73684210526316,0,38,0,63,87,72.41379310344827,33,87,37.93103448275862,9,87,10.344827586206897,60,87,68.96551724137932,100,30,,,,,
tworoom,cem_observed,horizon,Perturbed 2,50,cem_observed,10,29,34.48275862068966,9,29,31.03448275862069,0,29,0,67,96,69.79166666666667,44,96,45.833333333333336,11,96,11.458333333333334,69,96,71.875,100,30,,,,,
pusht,rank_final,horizon,Standard,50,rank_final,29,42,69.04761904761905,19,42,45.23809523809524,1,42,2.380952380952381,69,86,80.23255813953489,64,86,74.4186046511628,51,86,59.30232558139535,13,86,15.116279069767442,100,30,,,,,
pusht,rank_final,horizon,Perturbed,50,rank_final,121,162,74.69135802469135,87,162,53.7037037037037,12,162,7.407407407407407,78,94,82.97872340425532,68,94,72.34042553191489,59,94,62.765957446808514,13,94,13.829787234042554,100,30,,,,,
pusht,rank_final,horizon,Perturbed 1,50,rank_final,63,79,79.74683544303798,46,79,58.22784810126582,6,79,7.594936708860759,42,49,85.71428571428571,38,49,77.55102040816327,31,49,63.265306122448976,4,49,8.16326530612245,100,30,,,,,
pusht,rank_final,horizon,Perturbed 2,50,rank_final,58,83,69.87951807228916,41,83,49.397590361445786,6,83,7.228915662650603,36,45,80,30,45,66.66666666666667,28,45,62.22222222222222,9,45,20,100,30,,,,,
reacher,rank_final,horizon,Standard,50,rank_final,0,3,0,0,3,0,0,3,0,110,124,88.70967741935483,106,124,85.48387096774194,99,124,79.83870967741936,42,124,33.87096774193548,100,30,,,,,
reacher,rank_final,horizon,Perturbed,50,rank_final,0,6,0,0,6,0,0,6,0,224,247,90.68825910931174,214,247,86.63967611336032,198,247,80.16194331983806,80,247,32.388663967611336,100,30,,,,,
reacher,rank_final,horizon,Perturbed 1,50,rank_final,0,3,0,0,3,0,0,3,0,109,123,88.6178861788618,105,123,85.36585365853658,98,123,79.67479674796748,41,123,33.333333333333336,100,30,,,,,
reacher,rank_final,horizon,Perturbed 2,50,rank_final,0,3,0,0,3,0,0,3,0,115,124,92.74193548387096,109,124,87.90322580645162,100,124,80.64516129032258,39,124,31.451612903225808,100,30,,,,,
tworoom,rank_final,horizon,Standard,50,rank_final,0,7,0,0,7,0,0,7,0,114,120,95,93,120,77.5,32,120,26.666666666666668,60,120,50,100,30,,,,,
tworoom,rank_final,horizon,Perturbed,50,rank_final,0,15,0,0,15,0,0,15,0,216,235,91.91489361702128,173,235,73.61702127659575,58,235,24.680851063829788,103,235,43.829787234042556,100,30,,,,,
tworoom,rank_final,horizon,Perturbed 1,50,rank_final,0,10,0,0,10,0,0,10,0,107,115,93.04347826086956,86,115,74.78260869565217,28,115,24.347826086956523,52,115,45.21739130434783,100,30,,,,,
tworoom,rank_final,horizon,Perturbed 2,50,rank_final,0,5,0,0,5,0,0,5,0,109,120,90.83333333333333,87,120,72.5,30,120,25,51,120,42.5,100,30,,,,,
pusht,rank_learned,horizon,Standard,50,rank_learned,21,24,87.5,15,24,62.5,5,24,20.833333333333332,79,104,75.96153846153847,70,104,67.3076923076923,57,104,54.80769230769231,19,104,18.26923076923077,100,30,,,,,
pusht,rank_learned,horizon,Perturbed,50,rank_learned,101,132,76.51515151515152,66,132,50,19,132,14.393939393939394,95,124,76.61290322580645,82,124,66.12903225806451,66,124,53.225806451612904,25,124,20.161290322580644,100,30,,,,,
pusht,rank_learned,horizon,Perturbed 1,50,rank_learned,52,67,77.61194029850746,33,67,49.25373134328358,9,67,13.432835820895523,47,61,77.04918032786885,42,61,68.85245901639344,33,61,54.09836065573771,13,61,21.311475409836067,100,30,,,,,
pusht,rank_learned,horizon,Perturbed 2,50,rank_learned,49,65,75.38461538461539,33,65,50.76923076923077,10,65,15.384615384615385,48,63,76.19047619047619,40,63,63.492063492063494,33,63,52.38095238095238,12,63,19.047619047619047,100,30,,,,,
reacher,rank_learned,horizon,Standard,50,rank_learned,0,7,0,0,7,0,0,7,0,118,120,98.33333333333333,116,120,96.66666666666667,115,120,95.83333333333333,60,120,50,100,30,,,,,
reacher,rank_learned,horizon,Perturbed,50,rank_learned,0,16,0,0,16,0,0,16,0,233,237,98.31223628691983,233,237,98.31223628691983,230,237,97.0464135021097,116,237,48.9451476793249,100,30,,,,,
reacher,rank_learned,horizon,Perturbed 1,50,rank_learned,0,6,0,0,6,0,0,6,0,118,120,98.33333333333333,118,120,98.33333333333333,116,120,96.66666666666667,59,120,49.166666666666664,100,30,,,,,
reacher,rank_learned,horizon,Perturbed 2,50,rank_learned,0,10,0,0,10,0,0,10,0,115,117,98.2905982905983,115,117,98.2905982905983,114,117,97.43589743589743,57,117,48.717948717948715,100,30,,,,,
tworoom,rank_learned,horizon,Standard,50,rank_learned,0,0,,0,0,,0,0,,126,127,99.21259842519684,90,127,70.86614173228347,5,127,3.937007874015748,85,127,66.92913385826772,100,30,,,,,
tworoom,rank_learned,horizon,Perturbed,50,rank_learned,0,1,0,0,1,0,0,1,0,248,249,99.59839357429719,170,249,68.27309236947791,20,249,8.032128514056225,144,249,57.83132530120482,100,30,,,,,
tworoom,rank_learned,horizon,Perturbed 1,50,rank_learned,0,0,,0,0,,0,0,,124,125,99.2,80,125,64,9,125,7.2,72,125,57.6,100,30,,,,,
tworoom,rank_learned,horizon,Perturbed 2,50,rank_learned,0,1,0,0,1,0,0,1,0,124,124,100,90,124,72.58064516129032,11,124,8.870967741935484,72,124,58.064516129032256,100,30,,,,,
pusht,rank_observed,horizon,Standard,50,rank_observed,16,20,80,13,20,65,2,20,10,86,108,79.62962962962963,79,108,73.14814814814815,67,108,62.03703703703704,26,108,24.074074074074073,100,30,,,,,
pusht,rank_observed,horizon,Perturbed,50,rank_observed,79,113,69.91150442477876,57,113,50.442477876106196,12,113,10.619469026548673,117,143,81.81818181818181,106,143,74.12587412587412,87,143,60.83916083916084,34,143,23.776223776223777,100,30,,,,,
pusht,rank_observed,horizon,Perturbed 1,50,rank_observed,35,52,67.3076923076923,26,52,50,5,52,9.615384615384615,64,76,84.21052631578948,58,76,76.3157894736842,47,76,61.8421052631579,19,76,25,100,30,,,,,
pusht,rank_observed,horizon,Perturbed 2,50,rank_observed,44,61,72.1311475409836,31,61,50.81967213114754,7,61,11.475409836065573,53,67,79.1044776119403,48,67,71.64179104477611,40,67,59.701492537313435,15,67,22.388059701492537,100,30,,,,,
reacher,rank_observed,horizon,Standard,50,rank_observed,0,3,0,0,3,0,0,3,0,121,124,97.58064516129032,121,124,97.58064516129032,121,124,97.58064516129032,104,124,83.87096774193549,100,30,,,,,
reacher,rank_observed,horizon,Perturbed,50,rank_observed,0,9,0,0,9,0,0,9,0,240,244,98.36065573770492,240,244,98.36065573770492,238,244,97.54098360655738,208,244,85.24590163934427,100,30,,,,,
reacher,rank_observed,horizon,Perturbed 1,50,rank_observed,0,6,0,0,6,0,0,6,0,116,120,96.66666666666667,116,120,96.66666666666667,114,120,95,97,120,80.83333333333333,100,30,,,,,
reacher,rank_observed,horizon,Perturbed 2,50,rank_observed,0,3,0,0,3,0,0,3,0,124,124,100,124,124,100,124,124,100,111,124,89.51612903225806,100,30,,,,,
tworoom,rank_observed,horizon,Standard,50,rank_observed,0,0,,0,0,,0,0,,124,127,97.63779527559055,105,127,82.67716535433071,31,127,24.409448818897637,97,127,76.37795275590551,100,30,,,,,
tworoom,rank_observed,horizon,Perturbed,50,rank_observed,0,0,,0,0,,0,0,,244,250,97.6,192,250,76.8,63,250,25.2,176,250,70.4,100,30,,,,,
tworoom,rank_observed,horizon,Perturbed 1,50,rank_observed,0,0,,0,0,,0,0,,122,125,97.6,94,125,75.2,30,125,24,88,125,70.4,100,30,,,,,
tworoom,rank_observed,horizon,Perturbed 2,50,rank_observed,0,0,,0,0,,0,0,,122,125,97.6,98,125,78.4,33,125,26.4,88,125,70.4,100,30,,,,,
pusht,cem_final,horizon,Standard,100,cem_final,93,123,75.60975609756098,85,123,69.10569105691057,75,123,60.97560975609756,3,5,60,1,5,20,0,5,0,0,5,0,200,30,,,,,
pusht,cem_final,horizon,Perturbed,100,cem_final,197,245,80.40816326530613,175,245,71.42857142857143,145,245,59.183673469387756,7,11,63.63636363636363,5,11,45.45454545454545,2,11,18.181818181818183,1,11,9.090909090909092,200,30,,,,,
pusht,cem_final,horizon,Perturbed 1,100,cem_final,96,123,78.04878048780488,88,123,71.54471544715447,71,123,57.72357723577236,4,5,80,3,5,60,1,5,20,1,5,20,200,30,,,,,
pusht,cem_final,horizon,Perturbed 2,100,cem_final,101,122,82.78688524590164,87,122,71.31147540983606,74,122,60.65573770491803,3,6,50,2,6,33.333333333333336,1,6,16.666666666666668,0,6,0,200,30,,,,,
reacher,cem_final,horizon,Standard,100,cem_final,0,83,0,0,83,0,0,83,0,21,45,46.666666666666664,21,45,46.666666666666664,17,45,37.77777777777778,7,45,15.555555555555555,200,30,,,,,
reacher,cem_final,horizon,Perturbed,100,cem_final,0,166,0,0,166,0,0,166,0,42,90,46.666666666666664,39,90,43.333333333333336,33,90,36.666666666666664,20,90,22.22222222222222,200,30,,,,,
reacher,cem_final,horizon,Perturbed 1,100,cem_final,0,82,0,0,82,0,0,82,0,20,46,43.47826086956522,18,46,39.130434782608695,14,46,30.434782608695652,11,46,23.91304347826087,200,30,,,,,
reacher,cem_final,horizon,Perturbed 2,100,cem_final,0,84,0,0,84,0,0,84,0,22,44,50,21,44,47.72727272727273,19,44,43.18181818181818,9,44,20.454545454545453,200,30,,,,,
pusht,cem_learned,horizon,Standard,100,cem_learned,47,55,85.45454545454545,47,55,85.45454545454545,30,55,54.54545454545455,73,73,100,72,73,98.63013698630137,68,73,93.15068493150685,47,73,64.38356164383562,200,30,,,,,
pusht,cem_learned,horizon,Perturbed,100,cem_learned,116,132,87.87878787878788,108,132,81.81818181818181,66,132,50,123,124,99.19354838709677,121,124,97.58064516129032,118,124,95.16129032258064,88,124,70.96774193548387,200,30,,,,,
pusht,cem_learned,horizon,Perturbed 1,100,cem_learned,55,60,91.66666666666667,51,60,85,31,60,51.666666666666664,67,68,98.52941176470588,66,68,97.05882352941177,63,68,92.6470588235294,50,68,73.52941176470588,200,30,,,,,
pusht,cem_learned,horizon,Perturbed 2,100,cem_learned,61,72,84.72222222222223,57,72,79.16666666666667,35,72,48.611111111111114,56,56,100,55,56,98.21428571428571,55,56,98.21428571428571,38,56,67.85714285714286,200,30,,,,,
reacher,cem_learned,horizon,Standard,100,cem_learned,0,66,0,0,66,0,0,66,0,58,62,93.54838709677419,49,62,79.03225806451613,31,62,50,26,62,41.935483870967744,200,30,,,,,
reacher,cem_learned,horizon,Perturbed,100,cem_learned,0,122,0,0,122,0,0,122,0,127,134,94.77611940298507,116,134,86.56716417910448,72,134,53.73134328358209,52,134,38.80597014925373,200,30,,,,,
reacher,cem_learned,horizon,Perturbed 1,100,cem_learned,0,61,0,0,61,0,0,61,0,65,67,97.01492537313433,61,67,91.04477611940298,36,67,53.73134328358209,26,67,38.80597014925373,200,30,,,,,
reacher,cem_learned,horizon,Perturbed 2,100,cem_learned,0,61,0,0,61,0,0,61,0,62,67,92.53731343283582,55,67,82.08955223880596,36,67,53.73134328358209,26,67,38.80597014925373,200,30,,,,,
pusht,cem_observed,horizon,Standard,100,cem_observed,26,29,89.65517241379311,25,29,86.20689655172414,12,29,41.37931034482759,99,99,100,99,99,100,95,99,95.95959595959596,65,99,65.65656565656566,200,30,,,,,
pusht,cem_observed,horizon,Perturbed,100,cem_observed,62,67,92.53731343283582,58,67,86.56716417910448,38,67,56.71641791044776,189,189,100,186,189,98.41269841269842,183,189,96.82539682539682,129,189,68.25396825396825,200,30,,,,,
pusht,cem_observed,horizon,Perturbed 1,100,cem_observed,31,34,91.17647058823529,29,34,85.29411764705883,19,34,55.88235294117647,94,94,100,93,94,98.93617021276596,91,94,96.80851063829788,62,94,65.95744680851064,200,30,,,,,
pusht,cem_observed,horizon,Perturbed 2,100,cem_observed,31,33,93.93939393939394,29,33,87.87878787878788,19,33,57.57575757575758,95,95,100,93,95,97.89473684210526,92,95,96.84210526315789,67,95,70.52631578947368,200,30,,,,,
reacher,cem_observed,horizon,Standard,100,cem_observed,0,20,0,0,20,0,0,20,0,105,108,97.22222222222223,105,108,97.22222222222223,103,108,95.37037037037037,105,108,97.22222222222223,200,30,,,,,
reacher,cem_observed,horizon,Perturbed,100,cem_observed,0,60,0,0,60,0,0,60,0,190,196,96.93877551020408,189,196,96.42857142857143,188,196,95.91836734693878,183,196,93.36734693877551,200,30,,,,,
reacher,cem_observed,horizon,Perturbed 1,100,cem_observed,0,33,0,0,33,0,0,33,0,93,95,97.89473684210526,93,95,97.89473684210526,93,95,97.89473684210526,91,95,95.78947368421052,200,30,,,,,
reacher,cem_observed,horizon,Perturbed 2,100,cem_observed,0,27,0,0,27,0,0,27,0,97,101,96.03960396039604,96,101,95.04950495049505,95,101,94.05940594059406,92,101,91.08910891089108,200,30,,,,,
pusht,rank_final,horizon,Standard,100,rank_final,80,94,85.1063829787234,76,94,80.85106382978724,58,94,61.702127659574465,33,34,97.05882352941177,33,34,97.05882352941177,33,34,97.05882352941177,24,34,70.58823529411765,200,30,,,,,
pusht,rank_final,horizon,Perturbed,100,rank_final,178,220,80.9090909090909,165,220,75,118,220,53.63636363636363,36,36,100,35,36,97.22222222222223,35,36,97.22222222222223,25,36,69.44444444444444,200,30,,,,,
pusht,rank_final,horizon,Perturbed 1,100,rank_final,89,112,79.46428571428571,81,112,72.32142857142857,56,112,50,16,16,100,15,16,93.75,15,16,93.75,11,16,68.75,200,30,,,,,
pusht,rank_final,horizon,Perturbed 2,100,rank_final,89,108,82.4074074074074,84,108,77.77777777777777,62,108,57.407407407407405,20,20,100,20,20,100,20,20,100,14,20,70,200,30,,,,,
reacher,rank_final,horizon,Standard,100,rank_final,0,6,0,0,6,0,0,6,0,113,122,92.62295081967213,112,122,91.80327868852459,109,122,89.34426229508196,64,122,52.459016393442624,200,30,,,,,
reacher,rank_final,horizon,Perturbed,100,rank_final,0,13,0,0,13,0,0,13,0,237,243,97.53086419753086,234,243,96.29629629629629,219,243,90.12345679012346,137,243,56.37860082304527,200,30,,,,,
reacher,rank_final,horizon,Perturbed 1,100,rank_final,0,7,0,0,7,0,0,7,0,117,121,96.69421487603306,117,121,96.69421487603306,112,121,92.56198347107438,65,121,53.71900826446281,200,30,,,,,
reacher,rank_final,horizon,Perturbed 2,100,rank_final,0,6,0,0,6,0,0,6,0,120,122,98.36065573770492,117,122,95.90163934426229,107,122,87.70491803278688,72,122,59.01639344262295,200,30,,,,,
pusht,rank_learned,horizon,Standard,100,rank_learned,44,46,95.65217391304348,40,46,86.95652173913044,25,46,54.34782608695652,82,82,100,81,82,98.78048780487805,79,82,96.34146341463415,51,82,62.19512195121951,200,30,,,,,
pusht,rank_learned,horizon,Perturbed,100,rank_learned,141,157,89.80891719745223,125,157,79.61783439490446,82,157,52.22929936305732,99,99,100,98,99,98.98989898989899,95,99,95.95959595959596,58,99,58.58585858585859,200,30,,,,,
pusht,rank_learned,horizon,Perturbed 1,100,rank_learned,72,79,91.13924050632912,63,79,79.74683544303798,42,79,53.164556962025316,49,49,100,48,49,97.95918367346938,46,49,93.87755102040816,29,49,59.183673469387756,200,30,,,,,
pusht,rank_learned,horizon,Perturbed 2,100,rank_learned,69,78,88.46153846153847,62,78,79.48717948717949,40,78,51.282051282051285,50,50,100,50,50,100,49,50,98,29,50,58,200,30,,,,,
reacher,rank_learned,horizon,Standard,100,rank_learned,0,3,0,0,3,0,0,3,0,124,125,99.2,124,125,99.2,124,125,99.2,97,125,77.6,200,30,,,,,
reacher,rank_learned,horizon,Perturbed,100,rank_learned,0,8,0,0,8,0,0,8,0,247,248,99.59677419354838,247,248,99.59677419354838,247,248,99.59677419354838,193,248,77.8225806451613,200,30,,,,,
reacher,rank_learned,horizon,Perturbed 1,100,rank_learned,0,3,0,0,3,0,0,3,0,125,125,100,125,125,100,125,125,100,99,125,79.2,200,30,,,,,
reacher,rank_learned,horizon,Perturbed 2,100,rank_learned,0,5,0,0,5,0,0,5,0,122,123,99.1869918699187,122,123,99.1869918699187,122,123,99.1869918699187,94,123,76.42276422764228,200,30,,,,,
pusht,rank_observed,horizon,Standard,100,rank_observed,31,37,83.78378378378379,28,37,75.67567567567568,16,37,43.24324324324324,91,91,100,91,91,100,88,91,96.7032967032967,62,91,68.13186813186813,200,30,,,,,
pusht,rank_observed,horizon,Perturbed,100,rank_observed,117,136,86.02941176470588,104,136,76.47058823529412,65,136,47.794117647058826,120,120,100,117,120,97.5,113,120,94.16666666666667,77,120,64.16666666666667,200,30,,,,,
pusht,rank_observed,horizon,Perturbed 1,100,rank_observed,63,70,90,54,70,77.14285714285714,33,70,47.142857142857146,58,58,100,56,58,96.55172413793103,54,58,93.10344827586206,39,58,67.24137931034483,200,30,,,,,
pusht,rank_observed,horizon,Perturbed 2,100,rank_observed,54,66,81.81818181818181,50,66,75.75757575757575,32,66,48.484848484848484,62,62,100,61,62,98.38709677419355,59,62,95.16129032258064,38,62,61.29032258064516,200,30,,,,,
reacher,rank_observed,horizon,Standard,100,rank_observed,0,3,0,0,3,0,0,3,0,124,125,99.2,124,125,99.2,124,125,99.2,119,125,95.2,200,30,,,,,
reacher,rank_observed,horizon,Perturbed,100,rank_observed,0,10,0,0,10,0,0,10,0,245,246,99.59349593495935,245,246,99.59349593495935,244,246,99.1869918699187,238,246,96.7479674796748,200,30,,,,,
reacher,rank_observed,horizon,Perturbed 1,100,rank_observed,0,7,0,0,7,0,0,7,0,121,121,100,121,121,100,121,121,100,117,121,96.69421487603306,200,30,,,,,
reacher,rank_observed,horizon,Perturbed 2,100,rank_observed,0,3,0,0,3,0,0,3,0,124,125,99.2,124,125,99.2,123,125,98.4,121,125,96.8,200,30,,,,,
cube,cem_final,horizon,Standard,25,cem_final,34,91,37.362637362637365,34,91,37.362637362637365,34,91,37.362637362637365,0,12,0,0,12,0,0,12,0,1,12,8.333333333333334,25,30,,,,,
cube,cem_final,horizon,Perturbed,25,cem_final,64,189,33.86243386243386,64,189,33.86243386243386,64,189,33.86243386243386,0,17,0,0,17,0,0,17,0,0,17,0,25,30,,,,,
cube,cem_final,horizon,Perturbed 1,25,cem_final,32,95,33.68421052631579,32,95,33.68421052631579,32,95,33.68421052631579,0,8,0,0,8,0,0,8,0,0,8,0,25,30,,,,,
cube,cem_final,horizon,Perturbed 2,25,cem_final,32,94,34.04255319148936,32,94,34.04255319148936,32,94,34.04255319148936,0,9,0,0,9,0,0,9,0,0,9,0,25,30,,,,,
cube,cem_learned,horizon,Standard,25,cem_learned,3,32,9.375,3,32,9.375,3,32,9.375,10,71,14.084507042253522,6,71,8.450704225352112,2,71,2.816901408450704,5,71,7.042253521126761,25,30,,,,,
cube,cem_learned,horizon,Perturbed,25,cem_learned,41,118,34.74576271186441,41,118,34.74576271186441,41,118,34.74576271186441,17,88,19.318181818181817,9,88,10.227272727272727,3,88,3.409090909090909,6,88,6.818181818181818,25,30,,,,,
cube,cem_learned,horizon,Perturbed 1,25,cem_learned,26,61,42.622950819672134,26,61,42.622950819672134,26,61,42.622950819672134,10,42,23.80952380952381,6,42,14.285714285714286,2,42,4.761904761904762,1,42,2.380952380952381,25,30,,,,,
cube,cem_learned,horizon,Perturbed 2,25,cem_learned,15,57,26.31578947368421,15,57,26.31578947368421,15,57,26.31578947368421,7,46,15.217391304347826,3,46,6.521739130434782,1,46,2.1739130434782608,5,46,10.869565217391305,25,30,,,,,
cube,cem_observed,horizon,Standard,25,cem_observed,3,47,6.382978723404255,3,47,6.382978723404255,3,47,6.382978723404255,13,56,23.214285714285715,10,56,17.857142857142858,4,56,7.142857142857143,12,56,21.428571428571427,25,30,,,,,
cube,cem_observed,horizon,Perturbed,25,cem_observed,36,129,27.906976744186046,36,129,27.906976744186046,36,129,27.906976744186046,26,77,33.76623376623377,17,77,22.07792207792208,7,77,9.090909090909092,16,77,20.77922077922078,25,30,,,,,
cube,cem_observed,horizon,Perturbed 1,25,cem_observed,21,67,31.34328358208955,21,67,31.34328358208955,21,67,31.34328358208955,14,36,38.888888888888886,9,36,25,3,36,8.333333333333334,4,36,11.11111111111111,25,30,,,,,
cube,cem_observed,horizon,Perturbed 2,25,cem_observed,15,62,24.193548387096776,15,62,24.193548387096776,15,62,24.193548387096776,12,41,29.26829268292683,8,41,19.51219512195122,4,41,9.75609756097561,12,41,29.26829268292683,25,30,,,,,
cube,rank_final,horizon,Standard,25,rank_final,6,10,60,6,10,60,6,10,60,14,93,15.053763440860216,7,93,7.526881720430108,5,93,5.376344086021505,6,93,6.451612903225806,25,30,,,,,
cube,rank_final,horizon,Perturbed,25,rank_final,58,100,58,58,100,58,58,100,58,30,106,28.30188679245283,16,106,15.09433962264151,3,106,2.830188679245283,7,106,6.60377358490566,25,30,,,,,
cube,rank_final,horizon,Perturbed 1,25,rank_final,32,52,61.53846153846154,32,52,61.53846153846154,32,52,61.53846153846154,16,51,31.372549019607842,8,51,15.686274509803921,3,51,5.882352941176471,3,51,5.882352941176471,25,30,,,,,
cube,rank_final,horizon,Perturbed 2,25,rank_final,26,48,54.166666666666664,26,48,54.166666666666664,26,48,54.166666666666664,14,55,25.454545454545453,8,55,14.545454545454545,0,55,0,4,55,7.2727272727272725,25,30,,,,,
cube,rank_learned,horizon,Standard,25,rank_learned,3,15,20,3,15,20,3,15,20,16,88,18.181818181818183,10,88,11.363636363636363,3,88,3.409090909090909,12,88,13.636363636363637,25,30,,,,,
cube,rank_learned,horizon,Perturbed,25,rank_learned,49,108,45.370370370370374,49,108,45.370370370370374,49,108,45.370370370370374,24,98,24.489795918367346,17,98,17.346938775510203,8,98,8.16326530612245,13,98,13.26530612244898,25,30,,,,,
cube,rank_learned,horizon,Perturbed 1,25,rank_learned,26,56,46.42857142857143,26,56,46.42857142857143,26,56,46.42857142857143,10,47,21.27659574468085,6,47,12.76595744680851,5,47,10.638297872340425,3,47,6.382978723404255,25,30,,,,,
cube,rank_learned,horizon,Perturbed 2,25,rank_learned,23,52,44.23076923076923,23,52,44.23076923076923,23,52,44.23076923076923,14,51,27.45098039215686,11,51,21.568627450980394,3,51,5.882352941176471,10,51,19.607843137254903,25,30,,,,,
cube,rank_observed,horizon,Standard,25,rank_observed,2,10,20,2,10,20,2,10,20,21,93,22.580645161290324,13,93,13.978494623655914,5,93,5.376344086021505,15,93,16.129032258064516,25,30,,,,,
cube,rank_observed,horizon,Perturbed,25,rank_observed,51,105,48.57142857142857,51,105,48.57142857142857,51,105,48.57142857142857,25,101,24.752475247524753,21,101,20.792079207920793,8,101,7.920792079207921,17,101,16.831683168316832,25,30,,,,,
cube,rank_observed,horizon,Perturbed 1,25,rank_observed,28,54,51.851851851851855,28,54,51.851851851851855,28,54,51.851851851851855,10,49,20.408163265306122,8,49,16.3265306122449,5,49,10.204081632653061,9,49,18.367346938775512,25,30,,,,,
cube,rank_observed,horizon,Perturbed 2,25,rank_observed,23,51,45.09803921568628,23,51,45.09803921568628,23,51,45.09803921568628,15,52,28.846153846153847,13,52,25,3,52,5.769230769230769,8,52,15.384615384615385,25,30,,,,,
pusht,cem_final,horizon,Standard,25,cem_final,37,62,59.67741935483871,6,62,9.67741935483871,6,62,9.67741935483871,13,66,19.696969696969695,9,66,13.636363636363637,6,66,9.090909090909092,1,66,1.5151515151515151,50,30,,,,,
pusht,cem_final,horizon,Perturbed,25,cem_final,84,136,61.76470588235294,17,136,12.5,17,136,12.5,19,120,15.833333333333334,17,120,14.166666666666666,12,120,10,3,120,2.5,50,30,,,,,
pusht,cem_final,horizon,Perturbed 1,25,cem_final,40,66,60.60606060606061,9,66,13.636363636363637,9,66,13.636363636363637,9,62,14.516129032258064,8,62,12.903225806451612,6,62,9.67741935483871,2,62,3.225806451612903,50,30,,,,,
pusht,cem_final,horizon,Perturbed 2,25,cem_final,44,70,62.857142857142854,8,70,11.428571428571429,8,70,11.428571428571429,10,58,17.24137931034483,9,58,15.517241379310345,6,58,10.344827586206897,1,58,1.7241379310344827,50,30,,,,,
reacher,cem_final,horizon,Standard,25,cem_final,0,43,0,0,43,0,0,43,0,35,85,41.1764705882353,31,85,36.470588235294116,24,85,28.235294117647058,19,85,22.352941176470587,50,30,,,,,
reacher,cem_final,horizon,Perturbed,25,cem_final,0,87,0,0,87,0,0,87,0,70,160,43.75,63,160,39.375,47,160,29.375,31,160,19.375,50,30,,,,,
reacher,cem_final,horizon,Perturbed 1,25,cem_final,0,42,0,0,42,0,0,42,0,33,83,39.75903614457831,30,83,36.144578313253014,23,83,27.710843373493976,12,83,14.457831325301205,50,30,,,,,
reacher,cem_final,horizon,Perturbed 2,25,cem_final,0,45,0,0,45,0,0,45,0,37,77,48.05194805194805,33,77,42.857142857142854,24,77,31.16883116883117,19,77,24.675324675324674,50,30,,,,,
tworoom,cem_final,horizon,Standard,25,cem_final,30,89,33.70786516853933,2,89,2.247191011235955,2,89,2.247191011235955,0,31,0,0,31,0,0,31,0,1,31,3.225806451612903,50,30,,,,,
tworoom,cem_final,horizon,Perturbed,25,cem_final,64,167,38.32335329341317,2,167,1.1976047904191616,2,167,1.1976047904191616,3,60,5,1,60,1.6666666666666667,0,60,0,1,60,1.6666666666666667,50,30,,,,,
tworoom,cem_final,horizon,Perturbed 1,25,cem_final,34,85,40,2,85,2.3529411764705883,2,85,2.3529411764705883,2,30,6.666666666666667,0,30,0,0,30,0,1,30,3.3333333333333335,50,30,,,,,
tworoom,cem_final,horizon,Perturbed 2,25,cem_final,30,82,36.58536585365854,0,82,0,0,82,0,1,30,3.3333333333333335,1,30,3.3333333333333335,0,30,0,0,30,0,50,30,,,,,
pusht,cem_learned,horizon,Standard,25,cem_learned,4,11,36.36363636363637,3,11,27.272727272727273,3,11,27.272727272727273,30,117,25.641025641025642,20,117,17.094017094017094,11,117,9.401709401709402,2,117,1.7094017094017093,50,30,,,,,
pusht,cem_learned,horizon,Perturbed,25,cem_learned,20,63,31.746031746031747,9,63,14.285714285714286,9,63,14.285714285714286,55,193,28.497409326424872,38,193,19.689119170984455,16,193,8.290155440414507,1,193,0.5181347150259067,50,30,,,,,
pusht,cem_learned,horizon,Perturbed 1,25,cem_learned,8,28,28.571428571428573,4,28,14.285714285714286,4,28,14.285714285714286,27,100,27,18,100,18,9,100,9,0,100,0,50,30,,,,,
pusht,cem_learned,horizon,Perturbed 2,25,cem_learned,12,35,34.285714285714285,5,35,14.285714285714286,5,35,14.285714285714286,28,93,30.107526881720432,20,93,21.50537634408602,7,93,7.526881720430108,1,93,1.075268817204301,50,30,,,,,
reacher,cem_learned,horizon,Standard,25,cem_learned,0,54,0,0,54,0,0,54,0,36,74,48.648648648648646,21,74,28.37837837837838,14,74,18.91891891891892,6,74,8.108108108108109,50,30,,,,,
reacher,cem_learned,horizon,Perturbed,25,cem_learned,0,108,0,0,108,0,0,108,0,87,139,62.589928057553955,56,139,40.28776978417266,31,139,22.302158273381295,13,139,9.352517985611511,50,30,,,,,
reacher,cem_learned,horizon,Perturbed 1,25,cem_learned,0,55,0,0,55,0,0,55,0,43,70,61.42857142857143,28,70,40,15,70,21.428571428571427,6,70,8.571428571428571,50,30,,,,,
reacher,cem_learned,horizon,Perturbed 2,25,cem_learned,0,53,0,0,53,0,0,53,0,44,69,63.768115942028984,28,69,40.57971014492754,16,69,23.18840579710145,7,69,10.144927536231885,50,30,,,,,
tworoom,cem_learned,horizon,Standard,25,cem_learned,0,1,0,0,1,0,0,1,0,2,119,1.680672268907563,0,119,0,0,119,0,29,119,24.369747899159663,50,30,,,,,
tworoom,cem_learned,horizon,Perturbed,25,cem_learned,0,2,0,0,2,0,0,2,0,9,225,4,4,225,1.7777777777777777,1,225,0.4444444444444444,62,225,27.555555555555557,50,30,,,,,
tworoom,cem_learned,horizon,Perturbed 1,25,cem_learned,0,1,0,0,1,0,0,1,0,2,114,1.7543859649122806,1,114,0.8771929824561403,0,114,0,30,114,26.31578947368421,50,30,,,,,
tworoom,cem_learned,horizon,Perturbed 2,25,cem_learned,0,1,0,0,1,0,0,1,0,7,111,6.306306306306307,3,111,2.7027027027027026,1,111,0.9009009009009009,32,111,28.82882882882883,50,30,,,,,
pusht,cem_observed,horizon,Standard,25,cem_observed,8,11,72.72727272727273,4,11,36.36363636363637,4,11,36.36363636363637,49,117,41.88034188034188,40,117,34.18803418803419,19,117,16.23931623931624,5,117,4.273504273504273,50,30,,,,,
pusht,cem_observed,horizon,Perturbed,25,cem_observed,19,32,59.375,8,32,25,8,32,25,100,224,44.642857142857146,81,224,36.160714285714285,53,224,23.660714285714285,19,224,8.482142857142858,50,30,,,,,
pusht,cem_observed,horizon,Perturbed 1,25,cem_observed,12,15,80,5,15,33.333333333333336,5,15,33.333333333333336,52,113,46.017699115044245,42,113,37.16814159292036,24,113,21.238938053097346,7,113,6.1946902654867255,50,30,,,,,
pusht,cem_observed,horizon,Perturbed 2,25,cem_observed,7,17,41.1764705882353,3,17,17.647058823529413,3,17,17.647058823529413,48,111,43.24324324324324,39,111,35.13513513513514,29,111,26.126126126126128,12,111,10.81081081081081,50,30,,,,,
reacher,cem_observed,horizon,Standard,25,cem_observed,0,42,0,0,42,0,0,42,0,79,86,91.86046511627907,77,86,89.53488372093024,76,86,88.37209302325581,61,86,70.93023255813954,50,30,,,,,
reacher,cem_observed,horizon,Perturbed,25,cem_observed,0,74,0,0,74,0,0,74,0,154,173,89.01734104046243,148,173,85.54913294797687,140,173,80.92485549132948,113,173,65.3179190751445,50,30,,,,,
reacher,cem_observed,horizon,Perturbed 1,25,cem_observed,0,43,0,0,43,0,0,43,0,72,82,87.8048780487805,70,82,85.36585365853658,68,82,82.92682926829268,51,82,62.19512195121951,50,30,,,,,
reacher,cem_observed,horizon,Perturbed 2,25,cem_observed,0,31,0,0,31,0,0,31,0,82,91,90.10989010989012,78,91,85.71428571428571,72,91,79.12087912087912,62,91,68.13186813186813,50,30,,,,,
tworoom,cem_observed,horizon,Standard,25,cem_observed,4,14,28.571428571428573,0,14,0,0,14,0,18,106,16.9811320754717,7,106,6.60377358490566,1,106,0.9433962264150944,43,106,40.56603773584906,50,30,,,,,
tworoom,cem_observed,horizon,Perturbed,25,cem_observed,12,36,33.333333333333336,0,36,0,0,36,0,42,191,21.98952879581152,14,191,7.329842931937173,3,191,1.5706806282722514,73,191,38.21989528795812,50,30,,,,,
tworoom,cem_observed,horizon,Perturbed 1,25,cem_observed,5,20,25,0,20,0,0,20,0,21,95,22.105263157894736,9,95,9.473684210526315,1,95,1.0526315789473684,37,95,38.94736842105263,50,30,,,,,
tworoom,cem_observed,horizon,Perturbed 2,25,cem_observed,7,16,43.75,0,16,0,0,16,0,21,96,21.875,5,96,5.208333333333333,2,96,2.0833333333333335,36,96,37.5,50,30,,,,,
pusht,rank_final,horizon,Standard,25,rank_final,6,13,46.15384615384615,0,13,0,0,13,0,28,115,24.347826086956523,21,115,18.26086956521739,14,115,12.173913043478262,0,115,0,50,30,,,,,
pusht,rank_final,horizon,Perturbed,25,rank_final,39,82,47.5609756097561,14,82,17.073170731707318,14,82,17.073170731707318,43,174,24.71264367816092,31,174,17.816091954022987,19,174,10.919540229885058,10,174,5.747126436781609,50,30,,,,,
pusht,rank_final,horizon,Perturbed 1,25,rank_final,16,37,43.24324324324324,6,37,16.216216216216218,6,37,16.216216216216218,25,91,27.47252747252747,18,91,19.78021978021978,12,91,13.186813186813186,5,91,5.4945054945054945,50,30,,,,,
pusht,rank_final,horizon,Perturbed 2,25,rank_final,23,45,51.111111111111114,8,45,17.77777777777778,8,45,17.77777777777778,18,83,21.686746987951807,13,83,15.662650602409638,7,83,8.433734939759036,5,83,6.024096385542169,50,30,,,,,
reacher,rank_final,horizon,Standard,25,rank_final,0,10,0,0,10,0,0,10,0,96,118,81.35593220338983,93,118,78.8135593220339,85,118,72.03389830508475,25,118,21.1864406779661,50,30,,,,,
reacher,rank_final,horizon,Perturbed,25,rank_final,0,18,0,0,18,0,0,18,0,191,229,83.4061135371179,189,229,82.53275109170306,175,229,76.41921397379913,51,229,22.270742358078603,50,30,,,,,
reacher,rank_final,horizon,Perturbed 1,25,rank_final,0,9,0,0,9,0,0,9,0,99,116,85.34482758620689,98,116,84.48275862068965,91,116,78.44827586206897,21,116,18.103448275862068,50,30,,,,,
reacher,rank_final,horizon,Perturbed 2,25,rank_final,0,9,0,0,9,0,0,9,0,92,113,81.41592920353982,91,113,80.53097345132744,84,113,74.33628318584071,30,113,26.548672566371682,50,30,,,,,
tworoom,rank_final,horizon,Standard,25,rank_final,0,0,,0,0,,0,0,,69,120,57.5,25,120,20.833333333333332,1,120,0.8333333333333334,15,120,12.5,50,30,,,,,
tworoom,rank_final,horizon,Perturbed,25,rank_final,1,2,50,0,2,0,0,2,0,135,225,60,48,225,21.333333333333332,3,225,1.3333333333333333,34,225,15.11111111111111,50,30,,,,,
tworoom,rank_final,horizon,Perturbed 1,25,rank_final,1,1,100,0,1,0,0,1,0,71,114,62.280701754385966,27,114,23.68421052631579,2,114,1.7543859649122806,17,114,14.912280701754385,50,30,,,,,
tworoom,rank_final,horizon,Perturbed 2,25,rank_final,0,1,0,0,1,0,0,1,0,64,111,57.65765765765766,21,111,18.91891891891892,1,111,0.9009009009009009,17,111,15.315315315315315,50,30,,,,,
pusht,rank_learned,horizon,Standard,25,rank_learned,3,5,60,2,5,40,2,5,40,29,123,23.577235772357724,23,123,18.69918699186992,19,123,15.447154471544716,2,123,1.6260162601626016,50,30,,,,,
pusht,rank_learned,horizon,Perturbed,25,rank_learned,45,81,55.55555555555556,16,81,19.753086419753085,16,81,19.753086419753085,52,175,29.714285714285715,35,175,20,20,175,11.428571428571429,9,175,5.142857142857143,50,30,,,,,
pusht,rank_learned,horizon,Perturbed 1,25,rank_learned,22,40,55,8,40,20,8,40,20,30,88,34.09090909090909,20,88,22.727272727272727,12,88,13.636363636363637,5,88,5.681818181818182,50,30,,,,,
pusht,rank_learned,horizon,Perturbed 2,25,rank_learned,23,41,56.09756097560975,8,41,19.51219512195122,8,41,19.51219512195122,22,87,25.28735632183908,15,87,17.24137931034483,8,87,9.195402298850574,4,87,4.597701149425287,50,30,,,,,
reacher,rank_learned,horizon,Standard,25,rank_learned,0,16,0,0,16,0,0,16,0,105,112,93.75,102,112,91.07142857142857,96,112,85.71428571428571,31,112,27.678571428571427,50,30,,,,,
reacher,rank_learned,horizon,Perturbed,25,rank_learned,0,30,0,0,30,0,0,30,0,211,217,97.23502304147465,206,217,94.93087557603687,195,217,89.86175115207374,61,217,28.110599078341014,50,30,,,,,
reacher,rank_learned,horizon,Perturbed 1,25,rank_learned,0,16,0,0,16,0,0,16,0,104,109,95.41284403669725,102,109,93.57798165137615,95,109,87.1559633027523,26,109,23.853211009174313,50,30,,,,,
reacher,rank_learned,horizon,Perturbed 2,25,rank_learned,0,14,0,0,14,0,0,14,0,107,108,99.07407407407408,104,108,96.29629629629629,100,108,92.5925925925926,35,108,32.407407407407405,50,30,,,,,
tworoom,rank_learned,horizon,Standard,25,rank_learned,0,0,,0,0,,0,0,,99,120,82.5,36,120,30,0,120,0,33,120,27.5,50,30,,,,,
tworoom,rank_learned,horizon,Perturbed,25,rank_learned,0,1,0,0,1,0,0,1,0,188,226,83.1858407079646,70,226,30.97345132743363,0,226,0,67,226,29.646017699115045,50,30,,,,,
tworoom,rank_learned,horizon,Perturbed 1,25,rank_learned,0,1,0,0,1,0,0,1,0,94,114,82.45614035087719,39,114,34.21052631578947,0,114,0,31,114,27.19298245614035,50,30,,,,,
tworoom,rank_learned,horizon,Perturbed 2,25,rank_learned,0,0,,0,0,,0,0,,94,112,83.92857142857143,31,112,27.678571428571427,0,112,0,36,112,32.142857142857146,50,30,,,,,
pusht,rank_observed,horizon,Standard,25,rank_observed,2,6,33.333333333333336,2,6,33.333333333333336,2,6,33.333333333333336,39,122,31.9672131147541,26,122,21.311475409836067,20,122,16.39344262295082,5,122,4.098360655737705,50,30,,,,,
pusht,rank_observed,horizon,Perturbed,25,rank_observed,37,74,50,14,74,18.91891891891892,14,74,18.91891891891892,60,182,32.967032967032964,45,182,24.725274725274726,29,182,15.934065934065934,16,182,8.791208791208792,50,30,,,,,
pusht,rank_observed,horizon,Perturbed 1,25,rank_observed,18,35,51.42857142857143,6,35,17.142857142857142,6,35,17.142857142857142,33,93,35.483870967741936,29,93,31.182795698924732,19,93,20.43010752688172,8,93,8.602150537634408,50,30,,,,,
pusht,rank_observed,horizon,Perturbed 2,25,rank_observed,19,39,48.717948717948715,8,39,20.512820512820515,8,39,20.512820512820515,27,89,30.337078651685392,16,89,17.97752808988764,10,89,11.235955056179776,8,89,8.98876404494382,50,30,,,,,
reacher,rank_observed,horizon,Standard,25,rank_observed,0,11,0,0,11,0,0,11,0,110,117,94.01709401709402,110,117,94.01709401709402,107,117,91.45299145299145,68,117,58.11965811965812,50,30,,,,,
reacher,rank_observed,horizon,Perturbed,25,rank_observed,0,21,0,0,21,0,0,21,0,215,226,95.13274336283186,212,226,93.80530973451327,204,226,90.26548672566372,123,226,54.424778761061944,50,30,,,,,
reacher,rank_observed,horizon,Perturbed 1,25,rank_observed,0,10,0,0,10,0,0,10,0,110,115,95.65217391304348,109,115,94.78260869565217,105,115,91.30434782608695,58,115,50.43478260869565,50,30,,,,,
reacher,rank_observed,horizon,Perturbed 2,25,rank_observed,0,11,0,0,11,0,0,11,0,105,111,94.5945945945946,103,111,92.7927927927928,99,111,89.1891891891892,65,111,58.55855855855856,50,30,,,,,
tworoom,rank_observed,horizon,Standard,25,rank_observed,0,0,,0,0,,0,0,,94,120,78.33333333333333,34,120,28.333333333333332,5,120,4.166666666666667,51,120,42.5,50,30,,,,,
tworoom,rank_observed,horizon,Perturbed,25,rank_observed,0,0,,0,0,,0,0,,185,227,81.49779735682819,77,227,33.92070484581498,6,227,2.643171806167401,88,227,38.76651982378855,50,30,,,,,
tworoom,rank_observed,horizon,Perturbed 1,25,rank_observed,0,0,,0,0,,0,0,,95,115,82.6086956521739,37,115,32.17391304347826,4,115,3.4782608695652173,45,115,39.130434782608695,50,30,,,,,
tworoom,rank_observed,horizon,Perturbed 2,25,rank_observed,0,0,,0,0,,0,0,,90,112,80.35714285714286,40,112,35.714285714285715,2,112,1.7857142857142858,43,112,38.392857142857146,50,30,,,,,
cube,cem_final,horizon,Standard,50,cem_final,117,119,98.31932773109244,51,119,42.857142857142854,51,119,42.857142857142854,3,8,37.5,1,8,12.5,1,8,12.5,0,8,0,50,30,,,,,
cube,cem_final,horizon,Perturbed,50,cem_final,237,245,96.73469387755102,111,245,45.30612244897959,111,245,45.30612244897959,2,9,22.22222222222222,1,9,11.11111111111111,1,9,11.11111111111111,2,9,22.22222222222222,50,30,,,,,
cube,cem_final,horizon,Perturbed 1,50,cem_final,118,121,97.52066115702479,56,121,46.28099173553719,56,121,46.28099173553719,1,6,16.666666666666668,0,6,0,0,6,0,1,6,16.666666666666668,50,30,,,,,
cube,cem_final,horizon,Perturbed 2,50,cem_final,119,124,95.96774193548387,55,124,44.354838709677416,55,124,44.354838709677416,1,3,33.333333333333336,1,3,33.333333333333336,1,3,33.333333333333336,1,3,33.333333333333336,50,30,,,,,
cube,cem_learned,horizon,Standard,50,cem_learned,28,53,52.83018867924528,12,53,22.641509433962263,12,53,22.641509433962263,50,74,67.56756756756756,42,74,56.75675675675676,37,74,50,21,74,28.37837837837838,50,30,,,,,
cube,cem_learned,horizon,Perturbed,50,cem_learned,115,159,72.32704402515724,59,159,37.106918238993714,59,159,37.106918238993714,70,95,73.6842105263158,62,95,65.26315789473684,50,95,52.63157894736842,30,95,31.57894736842105,50,30,,,,,
cube,cem_learned,horizon,Perturbed 1,50,cem_learned,56,83,67.46987951807229,29,83,34.93975903614458,29,83,34.93975903614458,31,44,70.45454545454545,28,44,63.63636363636363,23,44,52.27272727272727,15,44,34.09090909090909,50,30,,,,,
cube,cem_learned,horizon,Perturbed 2,50,cem_learned,59,76,77.63157894736842,30,76,39.473684210526315,30,76,39.473684210526315,39,51,76.47058823529412,34,51,66.66666666666667,27,51,52.94117647058823,15,51,29.41176470588235,50,30,,,,,
cube,cem_observed,horizon,Standard,50,cem_observed,57,67,85.07462686567165,36,67,53.73134328358209,36,67,53.73134328358209,43,60,71.66666666666667,38,60,63.333333333333336,34,60,56.666666666666664,20,60,33.333333333333336,50,30,,,,,
cube,cem_observed,horizon,Perturbed,50,cem_observed,155,178,87.07865168539325,88,178,49.438202247191015,88,178,49.438202247191015,61,76,80.26315789473684,55,76,72.36842105263158,49,76,64.47368421052632,28,76,36.8421052631579,50,30,,,,,
cube,cem_observed,horizon,Perturbed 1,50,cem_observed,80,92,86.95652173913044,43,92,46.73913043478261,43,92,46.73913043478261,29,35,82.85714285714286,25,35,71.42857142857143,22,35,62.857142857142854,12,35,34.285714285714285,50,30,,,,,
cube,cem_observed,horizon,Perturbed 2,50,cem_observed,75,86,87.20930232558139,45,86,52.325581395348834,45,86,52.325581395348834,32,41,78.04878048780488,30,41,73.17073170731707,27,41,65.85365853658537,16,41,39.02439024390244,50,30,,,,,
cube,rank_final,horizon,Standard,50,rank_final,38,41,92.6829268292683,31,41,75.60975609756098,31,41,75.60975609756098,59,86,68.6046511627907,57,86,66.27906976744185,40,86,46.51162790697674,15,86,17.441860465116278,50,30,,,,,
cube,rank_final,horizon,Perturbed,50,rank_final,139,144,96.52777777777777,95,144,65.97222222222223,95,144,65.97222222222223,89,110,80.9090909090909,77,110,70,59,110,53.63636363636363,16,110,14.545454545454545,50,30,,,,,
cube,rank_final,horizon,Perturbed 1,50,rank_final,71,73,97.26027397260275,49,73,67.12328767123287,49,73,67.12328767123287,41,54,75.92592592592592,38,54,70.37037037037037,29,54,53.7037037037037,9,54,16.666666666666668,50,30,,,,,
cube,rank_final,horizon,Perturbed 2,50,rank_final,68,71,95.77464788732394,46,71,64.78873239436619,46,71,64.78873239436619,48,56,85.71428571428571,39,56,69.64285714285714,30,56,53.57142857142857,7,56,12.5,50,30,,,,,
cube,rank_learned,horizon,Standard,50,rank_learned,11,21,52.38095238095238,9,21,42.857142857142854,9,21,42.857142857142854,70,106,66.0377358490566,61,106,57.54716981132076,46,106,43.39622641509434,37,106,34.905660377358494,50,30,,,,,
cube,rank_learned,horizon,Perturbed,50,rank_learned,101,132,76.51515151515152,62,132,46.96969696969697,62,132,46.96969696969697,94,122,77.04918032786885,78,122,63.9344262295082,62,122,50.81967213114754,35,122,28.688524590163933,50,30,,,,,
cube,rank_learned,horizon,Perturbed 1,50,rank_learned,53,67,79.1044776119403,31,67,46.26865671641791,31,67,46.26865671641791,42,60,70,35,60,58.333333333333336,27,60,45,16,60,26.666666666666668,50,30,,,,,
cube,rank_learned,horizon,Perturbed 2,50,rank_learned,48,65,73.84615384615384,31,65,47.69230769230769,31,65,47.69230769230769,52,62,83.87096774193549,43,62,69.35483870967742,35,62,56.45161290322581,19,62,30.64516129032258,50,30,,,,,
cube,rank_observed,horizon,Standard,50,rank_observed,31,38,81.57894736842105,28,38,73.6842105263158,28,38,73.6842105263158,69,89,77.52808988764045,57,89,64.04494382022472,46,89,51.68539325842696,32,89,35.95505617977528,50,30,,,,,
cube,rank_observed,horizon,Perturbed,50,rank_observed,129,143,90.20979020979021,81,143,56.64335664335665,81,143,56.64335664335665,82,111,73.87387387387388,76,111,68.46846846846847,67,111,60.36036036036036,31,111,27.92792792792793,50,30,,,,,
cube,rank_observed,horizon,Perturbed 1,50,rank_observed,65,69,94.20289855072464,41,69,59.42028985507246,41,69,59.42028985507246,42,58,72.41379310344827,38,58,65.51724137931035,36,58,62.06896551724138,17,58,29.310344827586206,50,30,,,,,
cube,rank_observed,horizon,Perturbed 2,50,rank_observed,64,74,86.48648648648648,40,74,54.054054054054056,40,74,54.054054054054056,40,53,75.47169811320755,38,53,71.69811320754717,31,53,58.490566037735846,14,53,26.41509433962264,50,30,,,,,
tworoom,cem_final,budget,Standard,100,cem_final,77,127,60.62992125984252,71,127,55.90551181102362,59,127,46.45669291338583,1,1,100,1,1,100,0,1,0,0,1,0,,10,,,,,
tworoom,cem_final,budget,Perturbed,100,cem_final,144,252,57.142857142857146,132,252,52.38095238095238,117,252,46.42857142857143,3,4,75,3,4,75,0,4,0,0,4,0,,10,,,,,
tworoom,cem_final,budget,Perturbed 1,100,cem_final,70,126,55.55555555555556,65,126,51.58730158730159,55,126,43.65079365079365,2,2,100,2,2,100,0,2,0,0,2,0,,10,,,,,
tworoom,cem_final,budget,Perturbed 2,100,cem_final,74,126,58.73015873015873,67,126,53.17460317460318,62,126,49.20634920634921,1,2,50,1,2,50,0,2,0,0,2,0,,10,,,,,
tworoom,cem_final,budget,Standard,100,cem_final,125,128,97.65625,121,128,94.53125,112,128,87.5,0,0,,0,0,,0,0,,0,0,,,1,,,,,
tworoom,cem_final,budget,Perturbed,100,cem_final,253,256,98.828125,250,256,97.65625,239,256,93.359375,0,0,,0,0,,0,0,,0,0,,,1,,,,,
tworoom,cem_final,budget,Perturbed 1,100,cem_final,126,128,98.4375,124,128,96.875,118,128,92.1875,0,0,,0,0,,0,0,,0,0,,,1,,,,,
tworoom,cem_final,budget,Perturbed 2,100,cem_final,127,128,99.21875,126,128,98.4375,121,128,94.53125,0,0,,0,0,,0,0,,0,0,,,1,,,,,
tworoom,cem_final,budget,Standard,100,cem_final,126,128,98.4375,123,128,96.09375,118,128,92.1875,0,0,,0,0,,0,0,,0,0,,,2,,,,,
tworoom,cem_final,budget,Perturbed,100,cem_final,252,256,98.4375,250,256,97.65625,242,256,94.53125,0,0,,0,0,,0,0,,0,0,,,2,,,,,
tworoom,cem_final,budget,Perturbed 1,100,cem_final,125,128,97.65625,124,128,96.875,120,128,93.75,0,0,,0,0,,0,0,,0,0,,,2,,,,,
tworoom,cem_final,budget,Perturbed 2,100,cem_final,127,128,99.21875,126,128,98.4375,122,128,95.3125,0,0,,0,0,,0,0,,0,0,,,2,,,,,
tworoom,cem_final,budget,Standard,100,cem_final,113,127,88.97637795275591,111,127,87.4015748031496,109,127,85.8267716535433,0,1,0,0,1,0,0,1,0,0,1,0,,5,,,,,
tworoom,cem_final,budget,Perturbed,100,cem_final,224,256,87.5,216,256,84.375,213,256,83.203125,0,0,,0,0,,0,0,,0,0,,,5,,,,,
tworoom,cem_final,budget,Perturbed 1,100,cem_final,111,128,86.71875,106,128,82.8125,108,128,84.375,0,0,,0,0,,0,0,,0,0,,,5,,,,,
tworoom,cem_final,budget,Perturbed 2,100,cem_final,113,128,88.28125,110,128,85.9375,105,128,82.03125,0,0,,0,0,,0,0,,0,0,,,5,,,,,
tworoom,cem_learned,budget,Standard,100,cem_learned,5,57,8.771929824561404,5,57,8.771929824561404,2,57,3.508771929824561,31,71,43.66197183098591,21,71,29.577464788732396,4,71,5.633802816901408,45,71,63.38028169014085,,10,,,,,
tworoom,cem_learned,budget,Perturbed,100,cem_learned,6,119,5.042016806722689,9,119,7.563025210084033,3,119,2.5210084033613445,52,137,37.956204379562045,31,137,22.62773722627737,10,137,7.299270072992701,85,137,62.043795620437955,,10,,,,,
tworoom,cem_learned,budget,Perturbed 1,100,cem_learned,2,60,3.3333333333333335,4,60,6.666666666666667,1,60,1.6666666666666667,26,68,38.23529411764706,16,68,23.529411764705884,5,68,7.352941176470588,40,68,58.8235294117647,,10,,,,,
tworoom,cem_learned,budget,Perturbed 2,100,cem_learned,4,59,6.779661016949152,5,59,8.474576271186441,2,59,3.389830508474576,26,69,37.68115942028985,15,69,21.73913043478261,5,69,7.246376811594203,45,69,65.21739130434783,,10,,,,,
tworoom,cem_learned,budget,Standard,100,cem_learned,67,84,79.76190476190476,62,84,73.80952380952381,48,84,57.142857142857146,1,44,2.272727272727273,1,44,2.272727272727273,0,44,0,29,44,65.9090909090909,,1,,,,,
tworoom,cem_learned,budget,Perturbed,100,cem_learned,147,166,88.55421686746988,133,166,80.12048192771084,99,166,59.63855421686747,3,90,3.3333333333333335,2,90,2.2222222222222223,0,90,0,54,90,60,,1,,,,,
tworoom,cem_learned,budget,Perturbed 1,100,cem_learned,75,84,89.28571428571429,67,84,79.76190476190476,46,84,54.76190476190476,1,44,2.272727272727273,0,44,0,0,44,0,25,44,56.81818181818182,,1,,,,,
tworoom,cem_learned,budget,Perturbed 2,100,cem_learned,72,82,87.8048780487805,66,82,80.48780487804878,53,82,64.63414634146342,2,46,4.3478260869565215,2,46,4.3478260869565215,0,46,0,29,46,63.04347826086956,,1,,,,,
tworoom,cem_learned,budget,Standard,100,cem_learned,56,78,71.7948717948718,47,78,60.256410256410255,39,78,50,6,50,12,5,50,10,0,50,0,29,50,58,,2,,,,,
tworoom,cem_learned,budget,Perturbed,100,cem_learned,108,151,71.52317880794702,93,151,61.58940397350993,78,151,51.65562913907285,13,105,12.380952380952381,8,105,7.619047619047619,0,105,0,63,105,60,,2,,,,,
tworoom,cem_learned,budget,Perturbed 1,100,cem_learned,55,77,71.42857142857143,46,77,59.74025974025974,39,77,50.64935064935065,8,51,15.686274509803921,6,51,11.764705882352942,0,51,0,31,51,60.78431372549019,,2,,,,,
tworoom,cem_learned,budget,Perturbed 2,100,cem_learned,53,74,71.62162162162163,47,74,63.513513513513516,39,74,52.7027027027027,5,54,9.25925925925926,2,54,3.7037037037037037,0,54,0,32,54,59.25925925925926,,2,,,,,
tworoom,cem_learned,main,Standard,100,cem_learned,0,60,0,0,60,0,0,60,0,27,68,39.705882352941174,19,68,27.941176470588236,5,68,7.352941176470588,42,68,61.76470588235294,,30,,,,,
tworoom,cem_learned,main,Perturbed,100,cem_learned,0,115,0,0,115,0,0,115,0,55,141,39.00709219858156,38,141,26.95035460992908,15,141,10.638297872340425,88,141,62.4113475177305,,30,,,,,
tworoom,cem_learned,main,Perturbed 1,100,cem_learned,0,59,0,0,59,0,0,59,0,25,69,36.231884057971016,20,69,28.985507246376812,8,69,11.594202898550725,42,69,60.869565217391305,,30,,,,,
tworoom,cem_learned,main,Perturbed 2,100,cem_learned,0,56,0,0,56,0,0,56,0,30,72,41.666666666666664,18,72,25,7,72,9.722222222222221,46,72,63.888888888888886,,30,,,,,
tworoom,cem_learned,budget,Standard,100,cem_learned,19,68,27.941176470588236,14,68,20.58823529411765,10,68,14.705882352941176,14,60,23.333333333333332,8,60,13.333333333333334,0,60,0,34,60,56.666666666666664,,5,,,,,
tworoom,cem_learned,budget,Perturbed,100,cem_learned,31,130,23.846153846153847,23,130,17.692307692307693,15,130,11.538461538461538,38,126,30.158730158730158,17,126,13.492063492063492,2,126,1.5873015873015872,76,126,60.317460317460316,,5,,,,,
tworoom,cem_learned,budget,Perturbed 1,100,cem_learned,16,66,24.242424242424242,13,66,19.696969696969695,8,66,12.121212121212121,18,62,29.032258064516128,7,62,11.290322580645162,2,62,3.225806451612903,35,62,56.45161290322581,,5,,,,,
tworoom,cem_learned,budget,Perturbed 2,100,cem_learned,15,64,23.4375,10,64,15.625,7,64,10.9375,20,64,31.25,10,64,15.625,0,64,0,41,64,64.0625,,5,,,,,
tworoom,cem_observed,budget,Standard,100,cem_observed,35,73,47.945205479452056,32,73,43.83561643835616,11,73,15.068493150684931,50,55,90.9090909090909,36,55,65.45454545454545,17,55,30.90909090909091,46,55,83.63636363636364,,10,,,,,
tworoom,cem_observed,budget,Perturbed,100,cem_observed,50,140,35.714285714285715,42,140,30,16,140,11.428571428571429,105,116,90.51724137931035,94,116,81.03448275862068,37,116,31.896551724137932,97,116,83.62068965517241,,10,,,,,
tworoom,cem_observed,budget,Perturbed 1,100,cem_observed,22,71,30.985915492957748,19,71,26.760563380281692,8,71,11.267605633802816,55,57,96.49122807017544,49,57,85.96491228070175,21,57,36.8421052631579,47,57,82.45614035087719,,10,,,,,
tworoom,cem_observed,budget,Perturbed 2,100,cem_observed,28,69,40.57971014492754,23,69,33.333333333333336,8,69,11.594202898550725,50,59,84.7457627118644,45,59,76.27118644067797,16,59,27.11864406779661,50,59,84.7457627118644,,10,,,,,
tworoom,cem_observed,budget,Standard,100,cem_observed,106,119,89.07563025210084,92,119,77.3109243697479,24,119,20.168067226890756,6,9,66.66666666666667,0,9,0,0,9,0,6,9,66.66666666666667,,1,,,,,
tworoom,cem_observed,budget,Perturbed,100,cem_observed,202,233,86.69527896995709,176,233,75.53648068669528,47,233,20.17167381974249,11,23,47.82608695652174,3,23,13.043478260869565,0,23,0,15,23,65.21739130434783,,1,,,,,
tworoom,cem_observed,budget,Perturbed 1,100,cem_observed,97,115,84.34782608695652,84,115,73.04347826086956,21,115,18.26086956521739,6,13,46.15384615384615,1,13,7.6923076923076925,0,13,0,9,13,69.23076923076923,,1,,,,,
tworoom,cem_observed,budget,Perturbed 2,100,cem_observed,105,118,88.98305084745763,92,118,77.96610169491525,26,118,22.033898305084747,5,10,50,2,10,20,0,10,0,6,10,60,,1,,,,,
tworoom,cem_observed,budget,Standard,100,cem_observed,83,103,80.58252427184466,75,103,72.81553398058253,45,103,43.689320388349515,16,25,64,6,25,24,1,25,4,21,25,84,,2,,,,,
tworoom,cem_observed,budget,Perturbed,100,cem_observed,167,204,81.86274509803921,157,204,76.96078431372548,80,204,39.21568627450981,44,52,84.61538461538461,23,52,44.23076923076923,2,52,3.8461538461538463,43,52,82.6923076923077,,2,,,,,
tworoom,cem_observed,budget,Perturbed 1,100,cem_observed,82,100,82,74,100,74,40,100,40,24,28,85.71428571428571,15,28,53.57142857142857,1,28,3.5714285714285716,25,28,89.28571428571429,,2,,,,,
tworoom,cem_observed,budget,Perturbed 2,100,cem_observed,85,104,81.73076923076923,83,104,79.8076923076923,40,104,38.46153846153846,20,24,83.33333333333333,8,24,33.333333333333336,1,24,4.166666666666667,18,24,75,,2,,,,,
tworoom,cem_observed,ablation,Standard,100,cem_observed,10,61,16.39344262295082,8,61,13.114754098360656,3,61,4.918032786885246,63,67,94.02985074626865,57,67,85.07462686567165,17,67,25.37313432835821,63,67,94.02985074626865,,30,0.1,,,,
tworoom,cem_observed,ablation,Perturbed,100,cem_observed,33,132,25,26,132,19.696969696969695,16,132,12.121212121212121,115,124,92.74193548387096,103,124,83.06451612903226,42,124,33.87096774193548,110,124,88.70967741935483,,30,0.1,,,,
tworoom,cem_observed,ablation,Perturbed 1,100,cem_observed,17,68,25,14,68,20.58823529411765,10,68,14.705882352941176,57,60,95,51,60,85,20,60,33.333333333333336,55,60,91.66666666666667,,30,0.1,,,,
tworoom,cem_observed,ablation,Perturbed 2,100,cem_observed,16,64,25,12,64,18.75,6,64,9.375,58,64,90.625,52,64,81.25,22,64,34.375,55,64,85.9375,,30,0.1,,,,
tworoom,cem_observed,ablation,Standard,100,cem_observed,14,64,21.875,13,64,20.3125,6,64,9.375,59,64,92.1875,50,64,78.125,22,64,34.375,58,64,90.625,,30,0.25,,,,
tworoom,cem_observed,ablation,Perturbed,100,cem_observed,28,136,20.58823529411765,27,136,19.852941176470587,13,136,9.558823529411764,112,120,93.33333333333333,94,120,78.33333333333333,45,120,37.5,100,120,83.33333333333333,,30,0.25,,,,
tworoom,cem_observed,ablation,Perturbed 1,100,cem_observed,16,70,22.857142857142858,15,70,21.428571428571427,7,70,10,55,58,94.82758620689656,45,58,77.58620689655173,22,58,37.93103448275862,50,58,86.20689655172414,,30,0.25,,,,
tworoom,cem_observed,ablation,Perturbed 2,100,cem_observed,12,66,18.181818181818183,12,66,18.181818181818183,6,66,9.090909090909092,57,62,91.93548387096774,49,62,79.03225806451613,23,62,37.096774193548384,50,62,80.64516129032258,,30,0.25,,,,
tworoom,cem_observed,ablation,Standard,100,cem_observed,17,68,25,15,68,22.058823529411764,8,68,11.764705882352942,59,60,98.33333333333333,51,60,85,18,60,30,54,60,90,,30,0.5,,,,
tworoom,cem_observed,ablation,Perturbed,100,cem_observed,30,134,22.388059701492537,23,134,17.16417910447761,14,134,10.447761194029852,118,122,96.72131147540983,96,122,78.68852459016394,40,122,32.78688524590164,107,122,87.70491803278688,,30,0.5,,,,
tworoom,cem_observed,ablation,Perturbed 1,100,cem_observed,14,69,20.28985507246377,12,69,17.391304347826086,6,69,8.695652173913043,58,59,98.30508474576271,46,59,77.96610169491525,23,59,38.983050847457626,52,59,88.13559322033899,,30,0.5,,,,
tworoom,cem_observed,ablation,Perturbed 2,100,cem_observed,16,65,24.615384615384617,11,65,16.923076923076923,8,65,12.307692307692308,60,63,95.23809523809524,50,63,79.36507936507937,17,63,26.984126984126984,55,63,87.3015873015873,,30,0.5,,,,
tworoom,cem_observed,ablation,Standard,100,cem_observed,5,63,7.936507936507937,5,63,7.936507936507937,1,63,1.5873015873015872,58,65,89.23076923076923,49,65,75.38461538461539,29,65,44.61538461538461,54,65,83.07692307692308,,30,,10,,,
tworoom,cem_observed,ablation,Perturbed,100,cem_observed,9,133,6.7669172932330826,8,133,6.015037593984962,2,133,1.5037593984962405,113,123,91.869918699187,90,123,73.17073170731707,59,123,47.96747967479675,103,123,83.73983739837398,,30,,10,,,
tworoom,cem_observed,ablation,Perturbed 1,100,cem_observed,5,68,7.352941176470588,5,68,7.352941176470588,1,68,1.4705882352941178,56,60,93.33333333333333,41,60,68.33333333333333,28,60,46.666666666666664,51,60,85,,30,,10,,,
tworoom,cem_observed,ablation,Perturbed 2,100,cem_observed,4,65,6.153846153846154,3,65,4.615384615384615,1,65,1.5384615384615385,57,63,90.47619047619048,49,63,77.77777777777777,31,63,49.20634920634921,52,63,82.53968253968254,,30,,10,,,
tworoom,cem_observed,ablation,Standard,100,cem_observed,21,72,29.166666666666668,18,72,25,3,72,4.166666666666667,55,56,98.21428571428571,45,56,80.35714285714286,20,56,35.714285714285715,48,56,85.71428571428571,,30,,1,,,
tworoom,cem_observed,ablation,Perturbed,100,cem_observed,45,138,32.608695652173914,41,138,29.71014492753623,10,138,7.246376811594203,111,118,94.0677966101695,90,118,76.27118644067797,24,118,20.338983050847457,105,118,88.98305084745763,,30,,1,,,
tworoom,cem_observed,ablation,Perturbed 1,100,cem_observed,28,76,36.8421052631579,25,76,32.89473684210526,7,76,9.210526315789474,51,52,98.07692307692308,41,52,78.84615384615384,9,52,17.307692307692307,46,52,88.46153846153847,,30,,1,,,
tworoom,cem_observed,ablation,Perturbed 2,100,cem_observed,17,62,27.419354838709676,16,62,25.806451612903224,3,62,4.838709677419355,60,66,90.9090909090909,49,66,74.24242424242425,15,66,22.727272727272727,59,66,89.39393939393939,,30,,1,,,
tworoom,cem_observed,ablation,Standard,100,cem_observed,10,54,18.51851851851852,8,54,14.814814814814815,3,54,5.555555555555555,70,74,94.5945945945946,58,74,78.37837837837837,25,74,33.78378378378378,65,74,87.83783783783784,,30,,3,,,
tworoom,cem_observed,ablation,Perturbed,100,cem_observed,26,112,23.214285714285715,22,112,19.642857142857142,5,112,4.464285714285714,134,144,93.05555555555556,115,144,79.86111111111111,46,144,31.944444444444443,126,144,87.5,,30,,3,,,
tworoom,cem_observed,ablation,Perturbed 1,100,cem_observed,14,56,25,10,56,17.857142857142858,2,56,3.5714285714285716,67,72,93.05555555555556,55,72,76.38888888888889,21,72,29.166666666666668,64,72,88.88888888888889,,30,,3,,,
tworoom,cem_observed,ablation,Perturbed 2,100,cem_observed,12,56,21.428571428571427,12,56,21.428571428571427,3,56,5.357142857142857,67,72,93.05555555555556,60,72,83.33333333333333,25,72,34.72222222222222,62,72,86.11111111111111,,30,,3,,,
tworoom,cem_observed,budget,Standard,100,cem_observed,44,80,55,36,80,45,21,80,26.25,41,48,85.41666666666667,30,48,62.5,10,48,20.833333333333332,41,48,85.41666666666667,,5,,,,,
tworoom,cem_observed,budget,Perturbed,100,cem_observed,88,161,54.6583850931677,72,161,44.72049689440994,44,161,27.32919254658385,83,95,87.36842105263158,71,95,74.73684210526316,25,95,26.31578947368421,80,95,84.21052631578948,,5,,,,,
tworoom,cem_observed,budget,Perturbed 1,100,cem_observed,41,78,52.56410256410256,30,78,38.46153846153846,18,78,23.076923076923077,45,50,90,37,50,74,14,50,28,41,50,82,,5,,,,,
tworoom,cem_observed,budget,Perturbed 2,100,cem_observed,47,83,56.626506024096386,42,83,50.602409638554214,26,83,31.325301204819276,38,45,84.44444444444444,34,45,75.55555555555556,11,45,24.444444444444443,39,45,86.66666666666667,,5,,,,,
tworoom,cem_transport,transport,Standard,100,cem_transport,52,84,61.904761904761905,35,84,41.666666666666664,10,84,11.904761904761905,39,44,88.63636363636364,26,44,59.09090909090909,10,44,22.727272727272727,40,44,90.9090909090909,,30,,,,,
tworoom,cem_transport,transport,Perturbed,100,cem_transport,94,166,56.626506024096386,66,166,39.75903614457831,11,166,6.626506024096385,83,90,92.22222222222223,58,90,64.44444444444444,23,90,25.555555555555557,81,90,90,,30,,,,,
tworoom,cem_transport,transport,Perturbed 1,100,cem_transport,45,86,52.325581395348834,32,86,37.2093023255814,5,86,5.813953488372093,39,42,92.85714285714286,28,42,66.66666666666667,8,42,19.047619047619047,37,42,88.0952380952381,,30,,,,,
tworoom,cem_transport,transport,Perturbed 2,100,cem_transport,49,80,61.25,34,80,42.5,6,80,7.5,44,48,91.66666666666667,30,48,62.5,15,48,31.25,44,48,91.66666666666667,,30,,,,,
tworoom,rank_learned,main,Standard,100,rank_learned,1,4,25,1,4,25,0,4,0,124,124,100,121,124,97.58064516129032,39,124,31.451612903225808,101,124,81.45161290322581,,30,,,,,
tworoom,rank_learned,main,Perturbed,100,rank_learned,0,4,0,0,4,0,0,4,0,252,252,100,244,252,96.82539682539682,85,252,33.73015873015873,215,252,85.31746031746032,,30,,,,,
tworoom,rank_learned,main,Perturbed 1,100,rank_learned,0,2,0,0,2,0,0,2,0,126,126,100,120,126,95.23809523809524,39,126,30.952380952380953,110,126,87.3015873015873,,30,,,,,
tworoom,rank_learned,main,Perturbed 2,100,rank_learned,0,2,0,0,2,0,0,2,0,126,126,100,124,126,98.41269841269842,46,126,36.507936507936506,105,126,83.33333333333333,,30,,,,,
tworoom,rank_observed,ablation,Standard,100,rank_observed,1,1,100,0,1,0,0,1,0,127,127,100,126,127,99.21259842519684,81,127,63.77952755905512,115,127,90.55118110236221,,30,,,no_delta,,
tworoom,rank_observed,ablation,Perturbed,100,rank_observed,0,0,,0,0,,0,0,,255,256,99.609375,254,256,99.21875,170,256,66.40625,239,256,93.359375,,30,,,no_delta,,
tworoom,rank_observed,ablation,Perturbed 1,100,rank_observed,0,0,,0,0,,0,0,,127,128,99.21875,126,128,98.4375,87,128,67.96875,116,128,90.625,,30,,,no_delta,,
tworoom,rank_observed,ablation,Perturbed 2,100,rank_observed,0,0,,0,0,,0,0,,128,128,100,128,128,100,83,128,64.84375,123,128,96.09375,,30,,,no_delta,,
tworoom,rank_observed,ablation,Standard,100,rank_observed,0,0,,0,0,,0,0,,126,128,98.4375,123,128,96.09375,80,128,62.5,121,128,94.53125,,30,,,no_far,,
tworoom,rank_observed,ablation,Perturbed,100,rank_observed,0,0,,0,0,,0,0,,256,256,100,252,256,98.4375,160,256,62.5,236,256,92.1875,,30,,,no_far,,
tworoom,rank_observed,ablation,Perturbed 1,100,rank_observed,0,0,,0,0,,0,0,,128,128,100,125,128,97.65625,77,128,60.15625,119,128,92.96875,,30,,,no_far,,
tworoom,rank_observed,ablation,Perturbed 2,100,rank_observed,0,0,,0,0,,0,0,,128,128,100,127,128,99.21875,83,128,64.84375,117,128,91.40625,,30,,,no_far,,
tworoom,rank_observed,ablation,Standard,100,rank_observed,0,1,0,0,1,0,0,1,0,127,127,100,126,127,99.21259842519684,88,127,69.29133858267717,116,127,91.33858267716535,,30,0.1,,,,
tworoom,rank_observed,ablation,Perturbed,100,rank_observed,0,1,0,0,1,0,0,1,0,255,255,100,248,255,97.25490196078431,174,255,68.23529411764706,230,255,90.19607843137256,,30,0.1,,,,
tworoom,rank_observed,ablation,Perturbed 1,100,rank_observed,0,1,0,0,1,0,0,1,0,127,127,100,124,127,97.63779527559055,89,127,70.07874015748031,115,127,90.55118110236221,,30,0.1,,,,
tworoom,rank_observed,ablation,Perturbed 2,100,rank_observed,0,0,,0,0,,0,0,,128,128,100,124,128,96.875,85,128,66.40625,115,128,89.84375,,30,0.1,,,,
tworoom,rank_observed,ablation,Standard,100,rank_observed,0,2,0,0,2,0,0,2,0,126,126,100,125,126,99.2063492063492,88,126,69.84126984126983,114,126,90.47619047619048,,30,0.25,,,,
tworoom,rank_observed,ablation,Perturbed,100,rank_observed,0,3,0,0,3,0,0,3,0,251,253,99.2094861660079,248,253,98.02371541501977,170,253,67.19367588932806,220,253,86.95652173913044,,30,0.25,,,,
tworoom,rank_observed,ablation,Perturbed 1,100,rank_observed,0,2,0,0,2,0,0,2,0,124,126,98.41269841269842,121,126,96.03174603174604,84,126,66.66666666666667,112,126,88.88888888888889,,30,0.25,,,,
tworoom,rank_observed,ablation,Perturbed 2,100,rank_observed,0,1,0,0,1,0,0,1,0,127,127,100,127,127,100,86,127,67.71653543307086,108,127,85.03937007874016,,30,0.25,,,,
tworoom,rank_observed,ablation,Standard,100,rank_observed,0,1,0,0,1,0,0,1,0,127,127,100,127,127,100,76,127,59.84251968503937,117,127,92.1259842519685,,30,0.5,,,,
tworoom,rank_observed,ablation,Perturbed,100,rank_observed,0,1,0,0,1,0,0,1,0,255,255,100,254,255,99.6078431372549,174,255,68.23529411764706,231,255,90.58823529411765,,30,0.5,,,,
tworoom,rank_observed,ablation,Perturbed 1,100,rank_observed,0,1,0,0,1,0,0,1,0,127,127,100,127,127,100,81,127,63.77952755905512,113,127,88.97637795275591,,30,0.5,,,,
tworoom,rank_observed,ablation,Perturbed 2,100,rank_observed,0,0,,0,0,,0,0,,128,128,100,127,128,99.21875,93,128,72.65625,118,128,92.1875,,30,0.5,,,,
tworoom,rank_observed,ablation,Standard,100,rank_observed,0,101,0,0,101,0,0,101,0,27,27,100,24,27,88.88888888888889,15,27,55.55555555555556,17,27,62.96296296296296,,30,,,,fixed,
tworoom,rank_observed,ablation,Perturbed,100,rank_observed,0,197,0,0,197,0,0,197,0,58,59,98.30508474576271,54,59,91.52542372881356,25,59,42.3728813559322,38,59,64.40677966101696,,30,,,,fixed,
tworoom,rank_observed,ablation,Perturbed 1,100,rank_observed,0,99,0,0,99,0,0,99,0,28,29,96.55172413793103,27,29,93.10344827586206,12,29,41.37931034482759,17,29,58.62068965517241,,30,,,,fixed,
tworoom,rank_observed,ablation,Perturbed 2,100,rank_observed,0,98,0,0,98,0,0,98,0,30,30,100,27,30,90,13,30,43.333333333333336,21,30,70,,30,,,,fixed,
tworoom,rank_observed,ablation,Standard,100,rank_observed,0,1,0,0,1,0,0,1,0,127,127,100,122,127,96.06299212598425,62,127,48.818897637795274,114,127,89.76377952755905,,30,,10,,,
tworoom,rank_observed,ablation,Perturbed,100,rank_observed,0,2,0,0,2,0,0,2,0,253,254,99.60629921259843,242,254,95.2755905511811,140,254,55.118110236220474,221,254,87.00787401574803,,30,,10,,,
tworoom,rank_observed,ablation,Perturbed 1,100,rank_observed,0,0,,0,0,,0,0,,128,128,100,123,128,96.09375,71,128,55.46875,113,128,88.28125,,30,,10,,,
tworoom,rank_observed,ablation,Perturbed 2,100,rank_observed,0,2,0,0,2,0,0,2,0,125,126,99.2063492063492,119,126,94.44444444444444,69,126,54.76190476190476,108,126,85.71428571428571,,30,,10,,,
tworoom,rank_observed,ablation,Standard,100,rank_observed,2,23,8.695652173913043,2,23,8.695652173913043,0,23,0,105,105,100,104,105,99.04761904761905,74,105,70.47619047619048,92,105,87.61904761904762,,30,,1,,,
tworoom,rank_observed,ablation,Perturbed,100,rank_observed,2,41,4.878048780487805,2,41,4.878048780487805,0,41,0,215,215,100,213,215,99.06976744186046,142,215,66.04651162790698,184,215,85.5813953488372,,30,,1,,,
tworoom,rank_observed,ablation,Perturbed 1,100,rank_observed,1,18,5.555555555555555,1,18,5.555555555555555,0,18,0,110,110,100,109,110,99.0909090909091,64,110,58.18181818181818,93,110,84.54545454545455,,30,,1,,,
tworoom,rank_observed,ablation,Perturbed 2,100,rank_observed,1,23,4.3478260869565215,1,23,4.3478260869565215,0,23,0,105,105,100,104,105,99.04761904761905,78,105,74.28571428571429,91,105,86.66666666666667,,30,,1,,,
tworoom,rank_observed,ablation,Standard,100,rank_observed,0,2,0,0,2,0,0,2,0,126,126,100,125,126,99.2063492063492,76,126,60.317460317460316,116,126,92.06349206349206,,30,,3,,,
tworoom,rank_observed,ablation,Perturbed,100,rank_observed,0,7,0,0,7,0,0,7,0,249,249,100,247,249,99.19678714859438,156,249,62.65060240963855,224,249,89.95983935742971,,30,,3,,,
tworoom,rank_observed,ablation,Perturbed 1,100,rank_observed,0,4,0,0,4,0,0,4,0,124,124,100,123,124,99.19354838709677,75,124,60.483870967741936,113,124,91.12903225806451,,30,,3,,,
tworoom,rank_observed,ablation,Perturbed 2,100,rank_observed,0,3,0,0,3,0,0,3,0,125,125,100,124,125,99.2,81,125,64.8,111,125,88.8,,30,,3,,,
pusht,cem_final,budget,Standard,140,cem_final,104,126,82.53968253968254,98,126,77.77777777777777,88,126,69.84126984126983,0,2,0,0,2,0,0,2,0,0,2,0,,10,,,,,
pusht,cem_final,budget,Perturbed,140,cem_final,211,249,84.73895582329317,199,249,79.91967871485944,179,249,71.88755020080322,2,7,28.571428571428573,2,7,28.571428571428573,2,7,28.571428571428573,0,7,0,,10,,,,,
pusht,cem_final,budget,Perturbed 1,140,cem_final,111,125,88.8,103,125,82.4,93,125,74.4,1,3,33.333333333333336,1,3,33.333333333333336,1,3,33.333333333333336,0,3,0,,10,,,,,
pusht,cem_final,budget,Perturbed 2,140,cem_final,100,124,80.64516129032258,96,124,77.41935483870968,86,124,69.35483870967742,1,4,25,1,4,25,1,4,25,0,4,0,,10,,,,,
pusht,cem_final,budget,Standard,140,cem_final,103,126,81.74603174603175,94,126,74.60317460317461,82,126,65.07936507936508,0,2,0,0,2,0,0,2,0,0,2,0,,1,,,,,
pusht,cem_final,budget,Perturbed,140,cem_final,197,251,78.48605577689243,188,251,74.9003984063745,156,251,62.15139442231076,1,5,20,1,5,20,1,5,20,0,5,0,,1,,,,,
pusht,cem_final,budget,Perturbed 1,140,cem_final,98,126,77.77777777777777,95,126,75.39682539682539,79,126,62.698412698412696,0,2,0,0,2,0,0,2,0,0,2,0,,1,,,,,
pusht,cem_final,budget,Perturbed 2,140,cem_final,99,125,79.2,93,125,74.4,77,125,61.6,1,3,33.333333333333336,1,3,33.333333333333336,1,3,33.333333333333336,0,3,0,,1,,,,,
pusht,cem_final,budget,Standard,140,cem_final,105,126,83.33333333333333,104,126,82.53968253968254,95,126,75.39682539682539,0,2,0,0,2,0,0,2,0,0,2,0,,2,,,,,
pusht,cem_final,budget,Perturbed,140,cem_final,218,251,86.85258964143426,204,251,81.27490039840637,186,251,74.10358565737052,1,5,20,1,5,20,1,5,20,0,5,0,,2,,,,,
pusht,cem_final,budget,Perturbed 1,140,cem_final,113,126,89.68253968253968,107,126,84.92063492063492,97,126,76.98412698412699,0,2,0,0,2,0,0,2,0,0,2,0,,2,,,,,
pusht,cem_final,budget,Perturbed 2,140,cem_final,105,125,84,97,125,77.6,89,125,71.2,1,3,33.333333333333336,1,3,33.333333333333336,1,3,33.333333333333336,0,3,0,,2,,,,,
pusht,cem_final,budget,Standard,140,cem_final,108,126,85.71428571428571,107,126,84.92063492063492,89,126,70.63492063492063,0,2,0,0,2,0,0,2,0,0,2,0,,5,,,,,
pusht,cem_final,budget,Perturbed,140,cem_final,225,251,89.64143426294821,211,251,84.06374501992032,194,251,77.29083665338645,1,5,20,1,5,20,1,5,20,0,5,0,,5,,,,,
pusht,cem_final,budget,Perturbed 1,140,cem_final,111,126,88.0952380952381,101,126,80.15873015873017,91,126,72.22222222222223,0,2,0,0,2,0,0,2,0,0,2,0,,5,,,,,
pusht,cem_final,budget,Perturbed 2,140,cem_final,114,125,91.2,110,125,88,103,125,82.4,1,3,33.333333333333336,1,3,33.333333333333336,1,3,33.333333333333336,0,3,0,,5,,,,,
pusht,cem_learned,budget,Standard,140,cem_learned,57,66,86.36363636363636,56,66,84.84848484848484,51,66,77.27272727272727,61,62,98.38709677419355,59,62,95.16129032258064,53,62,85.48387096774194,56,62,90.3225806451613,,10,,,,,
pusht,cem_learned,budget,Perturbed,140,cem_learned,121,142,85.21126760563381,116,142,81.69014084507042,104,142,73.2394366197183,114,114,100,109,114,95.6140350877193,96,114,84.21052631578948,104,114,91.2280701754386,,10,,,,,
pusht,cem_learned,budget,Perturbed 1,140,cem_learned,63,75,84,62,75,82.66666666666667,56,75,74.66666666666667,53,53,100,50,53,94.33962264150944,44,53,83.01886792452831,46,53,86.79245283018868,,10,,,,,
pusht,cem_learned,budget,Perturbed 2,140,cem_learned,58,67,86.56716417910448,54,67,80.59701492537313,48,67,71.64179104477611,61,61,100,59,61,96.72131147540983,52,61,85.24590163934427,58,61,95.08196721311475,,10,,,,,
pusht,cem_learned,budget,Standard,140,cem_learned,46,123,37.39837398373984,36,123,29.26829268292683,21,123,17.073170731707318,3,5,60,2,5,40,1,5,20,2,5,40,,1,,,,,
pusht,cem_learned,budget,Perturbed,140,cem_learned,94,246,38.21138211382114,71,246,28.86178861788618,51,246,20.73170731707317,5,10,50,5,10,50,2,10,20,6,10,60,,1,,,,,
pusht,cem_learned,budget,Perturbed 1,140,cem_learned,45,122,36.885245901639344,33,122,27.049180327868854,21,122,17.21311475409836,3,6,50,3,6,50,2,6,33.333333333333336,2,6,33.333333333333336,,1,,,,,
pusht,cem_learned,budget,Perturbed 2,140,cem_learned,49,124,39.516129032258064,38,124,30.64516129032258,30,124,24.193548387096776,2,4,50,2,4,50,0,4,0,4,4,100,,1,,,,,
pusht,cem_learned,budget,Standard,140,cem_learned,66,95,69.47368421052632,48,95,50.526315789473685,26,95,27.36842105263158,30,33,90.9090909090909,30,33,90.9090909090909,24,33,72.72727272727273,28,33,84.84848484848484,,2,,,,,
pusht,cem_learned,budget,Perturbed,140,cem_learned,129,187,68.98395721925134,99,187,52.94117647058823,49,187,26.203208556149733,61,69,88.40579710144928,58,69,84.05797101449275,53,69,76.81159420289855,57,69,82.6086956521739,,2,,,,,
pusht,cem_learned,budget,Perturbed 1,140,cem_learned,61,91,67.03296703296704,48,91,52.747252747252745,24,91,26.373626373626372,33,37,89.1891891891892,31,37,83.78378378378379,28,37,75.67567567567568,31,37,83.78378378378379,,2,,,,,
pusht,cem_learned,budget,Perturbed 2,140,cem_learned,68,96,70.83333333333333,51,96,53.125,25,96,26.041666666666668,28,32,87.5,27,32,84.375,25,32,78.125,26,32,81.25,,2,,,,,
pusht,cem_learned,main,Standard,140,cem_learned,54,61,88.52459016393442,49,61,80.32786885245902,41,61,67.21311475409836,67,67,100,66,67,98.50746268656717,60,67,89.55223880597015,60,67,89.55223880597015,,30,,,,,
pusht,cem_learned,main,Perturbed,140,cem_learned,113,131,86.25954198473282,107,131,81.6793893129771,93,131,70.99236641221374,125,125,100,124,125,99.2,115,125,92,116,125,92.8,,30,,,,,
pusht,cem_learned,main,Perturbed 1,140,cem_learned,59,66,89.39393939393939,56,66,84.84848484848484,49,66,74.24242424242425,62,62,100,62,62,100,58,62,93.54838709677419,54,62,87.09677419354838,,30,,,,,
pusht,cem_learned,main,Perturbed 2,140,cem_learned,54,65,83.07692307692308,51,65,78.46153846153847,44,65,67.6923076923077,63,63,100,62,63,98.41269841269842,57,63,90.47619047619048,62,63,98.41269841269842,,30,,,,,
pusht,cem_learned,budget,Standard,140,cem_learned,63,71,88.73239436619718,56,71,78.87323943661971,49,71,69.01408450704226,54,57,94.73684210526316,54,57,94.73684210526316,51,57,89.47368421052632,50,57,87.71929824561404,,5,,,,,
pusht,cem_learned,budget,Perturbed,140,cem_learned,135,149,90.60402684563758,126,149,84.56375838926175,106,149,71.14093959731544,103,107,96.26168224299066,97,107,90.65420560747664,89,107,83.17757009345794,95,107,88.78504672897196,,5,,,,,
pusht,cem_learned,budget,Perturbed 1,140,cem_learned,68,75,90.66666666666667,65,75,86.66666666666667,56,75,74.66666666666667,51,53,96.22641509433963,49,53,92.45283018867924,45,53,84.90566037735849,48,53,90.56603773584905,,5,,,,,
pusht,cem_learned,budget,Perturbed 2,140,cem_learned,67,74,90.54054054054055,61,74,82.43243243243244,50,74,67.56756756756756,52,54,96.29629629629629,48,54,88.88888888888889,44,54,81.48148148148148,47,54,87.03703703703704,,5,,,,,
pusht,cem_observed,budget,Standard,140,cem_observed,32,39,82.05128205128206,32,39,82.05128205128206,30,39,76.92307692307692,89,89,100,87,89,97.75280898876404,85,89,95.50561797752809,84,89,94.38202247191012,,10,,,,,
pusht,cem_observed,budget,Perturbed,140,cem_observed,74,82,90.2439024390244,69,82,84.14634146341463,59,82,71.95121951219512,174,174,100,173,174,99.42528735632185,171,174,98.27586206896552,167,174,95.97701149425288,,10,,,,,
pusht,cem_observed,budget,Perturbed 1,140,cem_observed,40,44,90.9090909090909,38,44,86.36363636363636,34,44,77.27272727272727,84,84,100,83,84,98.80952380952381,83,84,98.80952380952381,80,84,95.23809523809524,,10,,,,,
pusht,cem_observed,budget,Perturbed 2,140,cem_observed,34,38,89.47368421052632,31,38,81.57894736842105,25,38,65.78947368421052,90,90,100,90,90,100,88,90,97.77777777777777,87,90,96.66666666666667,,10,,,,,
pusht,cem_observed,budget,Standard,140,cem_observed,76,124,61.29032258064516,56,124,45.16129032258065,33,124,26.612903225806452,4,4,100,3,4,75,0,4,0,2,4,50,,1,,,,,
pusht,cem_observed,budget,Perturbed,140,cem_observed,143,252,56.74603174603175,112,252,44.44444444444444,68,252,26.984126984126984,4,4,100,4,4,100,4,4,100,2,4,50,,1,,,,,
pusht,cem_observed,budget,Perturbed 1,140,cem_observed,69,126,54.76190476190476,54,126,42.857142857142854,32,126,25.396825396825395,2,2,100,2,2,100,2,2,100,1,2,50,,1,,,,,
pusht,cem_observed,budget,Perturbed 2,140,cem_observed,74,126,58.73015873015873,58,126,46.03174603174603,36,126,28.571428571428573,2,2,100,2,2,100,2,2,100,1,2,50,,1,,,,,
pusht,cem_observed,budget,Standard,140,cem_observed,85,117,72.64957264957265,74,117,63.24786324786325,44,117,37.60683760683761,11,11,100,11,11,100,10,11,90.9090909090909,6,11,54.54545454545455,,2,,,,,
pusht,cem_observed,budget,Perturbed,140,cem_observed,157,228,68.85964912280701,135,228,59.21052631578947,92,228,40.35087719298246,28,28,100,28,28,100,27,28,96.42857142857143,22,28,78.57142857142857,,2,,,,,
pusht,cem_observed,budget,Perturbed 1,140,cem_observed,79,113,69.91150442477876,66,113,58.4070796460177,44,113,38.93805309734513,15,15,100,15,15,100,14,15,93.33333333333333,11,15,73.33333333333333,,2,,,,,
pusht,cem_observed,budget,Perturbed 2,140,cem_observed,78,115,67.82608695652173,69,115,60,48,115,41.73913043478261,13,13,100,13,13,100,13,13,100,11,13,84.61538461538461,,2,,,,,
pusht,cem_observed,ablation,Standard,140,cem_observed,45,52,86.53846153846153,45,52,86.53846153846153,40,52,76.92307692307692,76,76,100,76,76,100,76,76,100,70,76,92.10526315789474,,30,0.1,,,,
pusht,cem_observed,ablation,Perturbed,140,cem_observed,90,106,84.90566037735849,88,106,83.01886792452831,76,106,71.69811320754717,150,150,100,150,150,100,149,150,99.33333333333333,143,150,95.33333333333333,,30,0.1,,,,
pusht,cem_observed,ablation,Perturbed 1,140,cem_observed,40,51,78.43137254901961,39,51,76.47058823529412,35,51,68.62745098039215,77,77,100,77,77,100,76,77,98.7012987012987,74,77,96.1038961038961,,30,0.1,,,,
pusht,cem_observed,ablation,Perturbed 2,140,cem_observed,50,55,90.9090909090909,49,55,89.0909090909091,41,55,74.54545454545455,73,73,100,73,73,100,73,73,100,69,73,94.52054794520548,,30,0.1,,,,
pusht,cem_observed,ablation,Standard,140,cem_observed,39,45,86.66666666666667,35,45,77.77777777777777,30,45,66.66666666666667,83,83,100,83,83,100,83,83,100,73,83,87.95180722891567,,30,0.25,,,,
pusht,cem_observed,ablation,Perturbed,140,cem_observed,80,94,85.1063829787234,75,94,79.7872340425532,65,94,69.14893617021276,162,162,100,162,162,100,161,162,99.38271604938272,150,162,92.5925925925926,,30,0.25,,,,
pusht,cem_observed,ablation,Perturbed 1,140,cem_observed,37,46,80.43478260869566,36,46,78.26086956521739,30,46,65.21739130434783,82,82,100,82,82,100,81,82,98.78048780487805,77,82,93.90243902439025,,30,0.25,,,,
pusht,cem_observed,ablation,Perturbed 2,140,cem_observed,43,48,89.58333333333333,39,48,81.25,35,48,72.91666666666667,80,80,100,80,80,100,80,80,100,73,80,91.25,,30,0.25,,,,
pusht,cem_observed,ablation,Standard,140,cem_observed,38,42,90.47619047619048,37,42,88.0952380952381,37,42,88.0952380952381,86,86,100,86,86,100,85,86,98.83720930232558,79,86,91.86046511627907,,30,0.5,,,,
pusht,cem_observed,ablation,Perturbed,140,cem_observed,87,99,87.87878787878788,84,99,84.84848484848484,73,99,73.73737373737374,157,157,100,157,157,100,156,157,99.36305732484077,145,157,92.35668789808918,,30,0.5,,,,
pusht,cem_observed,ablation,Perturbed 1,140,cem_observed,44,49,89.79591836734694,43,49,87.75510204081633,37,49,75.51020408163265,79,79,100,79,79,100,78,79,98.73417721518987,73,79,92.40506329113924,,30,0.5,,,,
pusht,cem_observed,ablation,Perturbed 2,140,cem_observed,43,50,86,41,50,82,36,50,72,78,78,100,78,78,100,78,78,100,72,78,92.3076923076923,,30,0.5,,,,
pusht,cem_observed,ablation,Standard,140,cem_observed,47,53,88.67924528301887,47,53,88.67924528301887,44,53,83.01886792452831,75,75,100,74,75,98.66666666666667,74,75,98.66666666666667,72,75,96,,30,,10,,,
pusht,cem_observed,ablation,Perturbed,140,cem_observed,90,109,82.56880733944953,82,109,75.22935779816514,72,109,66.05504587155963,147,147,100,146,147,99.31972789115646,146,147,99.31972789115646,136,147,92.51700680272108,,30,,10,,,
pusht,cem_observed,ablation,Perturbed 1,140,cem_observed,44,58,75.86206896551724,40,58,68.96551724137932,35,58,60.3448275862069,70,70,100,70,70,100,70,70,100,65,70,92.85714285714286,,30,,10,,,
pusht,cem_observed,ablation,Perturbed 2,140,cem_observed,46,51,90.19607843137256,42,51,82.3529411764706,37,51,72.54901960784314,77,77,100,76,77,98.7012987012987,76,77,98.7012987012987,71,77,92.20779220779221,,30,,10,,,
pusht,cem_observed,ablation,Standard,140,cem_observed,77,84,91.66666666666667,75,84,89.28571428571429,66,84,78.57142857142857,44,44,100,44,44,100,43,44,97.72727272727273,37,44,84.0909090909091,,30,,1,,,
pusht,cem_observed,ablation,Perturbed,140,cem_observed,167,181,92.26519337016575,161,181,88.95027624309392,146,181,80.66298342541437,75,75,100,75,75,100,74,75,98.66666666666667,64,75,85.33333333333333,,30,,1,,,
pusht,cem_observed,ablation,Perturbed 1,140,cem_observed,84,90,93.33333333333333,80,90,88.88888888888889,70,90,77.77777777777777,38,38,100,38,38,100,38,38,100,32,38,84.21052631578948,,30,,1,,,
pusht,cem_observed,ablation,Perturbed 2,140,cem_observed,83,91,91.20879120879121,81,91,89.01098901098901,76,91,83.51648351648352,37,37,100,37,37,100,36,37,97.29729729729729,32,37,86.48648648648648,,30,,1,,,
pusht,cem_observed,ablation,Standard,140,cem_observed,39,40,97.5,38,40,95,34,40,85,88,88,100,88,88,100,88,88,100,84,88,95.45454545454545,,30,,3,,,
pusht,cem_observed,ablation,Perturbed,140,cem_observed,94,100,94,86,100,86,76,100,76,156,156,100,156,156,100,156,156,100,145,156,92.94871794871794,,30,,3,,,
pusht,cem_observed,ablation,Perturbed 1,140,cem_observed,51,55,92.72727272727273,45,55,81.81818181818181,41,55,74.54545454545455,73,73,100,73,73,100,73,73,100,68,73,93.15068493150685,,30,,3,,,
pusht,cem_observed,ablation,Perturbed 2,140,cem_observed,43,45,95.55555555555556,41,45,91.11111111111111,35,45,77.77777777777777,83,83,100,83,83,100,83,83,100,77,83,92.7710843373494,,30,,3,,,
pusht,cem_observed,budget,Standard,140,cem_observed,58,72,80.55555555555556,52,72,72.22222222222223,46,72,63.888888888888886,56,56,100,55,56,98.21428571428571,54,56,96.42857142857143,52,56,92.85714285714286,,5,,,,,
pusht,cem_observed,budget,Perturbed,140,cem_observed,109,145,75.17241379310344,103,145,71.03448275862068,85,145,58.62068965517241,111,111,100,110,111,99.09909909909909,109,111,98.1981981981982,100,111,90.09009009009009,,5,,,,,
pusht,cem_observed,budget,Perturbed 1,140,cem_observed,55,71,77.46478873239437,51,71,71.83098591549296,42,71,59.15492957746479,57,57,100,57,57,100,57,57,100,52,57,91.2280701754386,,5,,,,,
pusht,cem_observed,budget,Perturbed 2,140,cem_observed,54,74,72.97297297297297,52,74,70.27027027027027,43,74,58.108108108108105,54,54,100,53,54,98.14814814814815,52,54,96.29629629629629,48,54,88.88888888888889,,5,,,,,
pusht,cem_transport,transport,Standard,140,cem_transport,45,49,91.83673469387755,43,49,87.75510204081633,38,49,77.55102040816327,79,79,100,79,79,100,76,79,96.20253164556962,74,79,93.67088607594937,,30,,,,,
pusht,cem_transport,transport,Perturbed,140,cem_transport,122,142,85.91549295774648,111,142,78.16901408450704,94,142,66.19718309859155,114,114,100,114,114,100,113,114,99.12280701754386,104,114,91.2280701754386,,30,,,,,
pusht,cem_transport,transport,Perturbed 1,140,cem_transport,52,65,80,48,65,73.84615384615384,37,65,56.92307692307692,63,63,100,63,63,100,63,63,100,59,63,93.65079365079364,,30,,,,,
pusht,cem_transport,transport,Perturbed 2,140,cem_transport,70,77,90.9090909090909,63,77,81.81818181818181,57,77,74.02597402597402,51,51,100,51,51,100,50,51,98.03921568627452,45,51,88.23529411764706,,30,,,,,
pusht,rank_learned,main,Standard,140,rank_learned,57,58,98.27586206896552,54,58,93.10344827586206,41,58,70.6896551724138,70,70,100,70,70,100,68,70,97.14285714285714,64,70,91.42857142857143,,30,,,,,
pusht,rank_learned,main,Perturbed,140,rank_learned,153,165,92.72727272727273,144,165,87.27272727272727,121,165,73.33333333333333,91,91,100,90,91,98.9010989010989,88,91,96.7032967032967,81,91,89.01098901098901,,30,,,,,
pusht,rank_learned,main,Perturbed 1,140,rank_learned,77,84,91.66666666666667,73,84,86.9047619047619,57,84,67.85714285714286,44,44,100,43,44,97.72727272727273,42,44,95.45454545454545,40,44,90.9090909090909,,30,,,,,
pusht,rank_learned,main,Perturbed 2,140,rank_learned,76,81,93.82716049382717,71,81,87.65432098765432,64,81,79.01234567901234,47,47,100,47,47,100,46,47,97.87234042553192,41,47,87.23404255319149,,30,,,,,
pusht,rank_observed,ablation,Standard,140,rank_observed,43,47,91.48936170212765,41,47,87.23404255319149,35,47,74.46808510638297,81,81,100,81,81,100,79,81,97.53086419753086,80,81,98.76543209876543,,30,,,no_delta,,
pusht,rank_observed,ablation,Perturbed,140,rank_observed,131,141,92.90780141843972,124,141,87.94326241134752,102,141,72.34042553191489,115,115,100,115,115,100,114,115,99.1304347826087,109,115,94.78260869565217,,30,,,no_delta,,
pusht,rank_observed,ablation,Perturbed 1,140,rank_observed,65,73,89.04109589041096,62,73,84.93150684931507,49,73,67.12328767123287,55,55,100,55,55,100,54,55,98.18181818181819,53,55,96.36363636363636,,30,,,no_delta,,
pusht,rank_observed,ablation,Perturbed 2,140,rank_observed,66,68,97.05882352941177,62,68,91.17647058823529,53,68,77.94117647058823,60,60,100,60,60,100,60,60,100,56,60,93.33333333333333,,30,,,no_delta,,
pusht,rank_observed,ablation,Standard,140,rank_observed,40,42,95.23809523809524,37,42,88.0952380952381,29,42,69.04761904761905,86,86,100,86,86,100,84,86,97.67441860465117,84,86,97.67441860465117,,30,,,no_far,,
pusht,rank_observed,ablation,Perturbed,140,rank_observed,108,127,85.03937007874016,99,127,77.95275590551181,75,127,59.05511811023622,129,129,100,128,129,99.2248062015504,128,129,99.2248062015504,119,129,92.24806201550388,,30,,,no_far,,
pusht,rank_observed,ablation,Perturbed 1,140,rank_observed,55,67,82.08955223880596,53,67,79.1044776119403,40,67,59.701492537313435,61,61,100,61,61,100,61,61,100,56,61,91.80327868852459,,30,,,no_far,,
pusht,rank_observed,ablation,Perturbed 2,140,rank_observed,53,60,88.33333333333333,46,60,76.66666666666667,35,60,58.333333333333336,68,68,100,67,68,98.52941176470588,67,68,98.52941176470588,63,68,92.6470588235294,,30,,,no_far,,
pusht,rank_observed,ablation,Standard,140,rank_observed,57,60,95,53,60,88.33333333333333,44,60,73.33333333333333,68,68,100,68,68,100,66,68,97.05882352941177,64,68,94.11764705882354,,30,0.1,,,,
pusht,rank_observed,ablation,Perturbed,140,rank_observed,144,155,92.90322580645162,139,155,89.6774193548387,112,155,72.25806451612904,101,101,100,101,101,100,100,101,99.00990099009901,94,101,93.06930693069307,,30,0.1,,,,
pusht,rank_observed,ablation,Perturbed 1,140,rank_observed,76,83,91.56626506024097,76,83,91.56626506024097,57,83,68.67469879518072,45,45,100,45,45,100,44,45,97.77777777777777,40,45,88.88888888888889,,30,0.1,,,,
pusht,rank_observed,ablation,Perturbed 2,140,rank_observed,68,72,94.44444444444444,63,72,87.5,55,72,76.38888888888889,56,56,100,56,56,100,56,56,100,54,56,96.42857142857143,,30,0.1,,,,
pusht,rank_observed,ablation,Standard,140,rank_observed,50,53,94.33962264150944,48,53,90.56603773584905,37,53,69.81132075471699,75,75,100,75,75,100,73,75,97.33333333333333,70,75,93.33333333333333,,30,0.25,,,,
pusht,rank_observed,ablation,Perturbed,140,rank_observed,135,146,92.46575342465754,124,146,84.93150684931507,99,146,67.8082191780822,110,110,100,110,110,100,108,110,98.18181818181819,106,110,96.36363636363636,,30,0.25,,,,
pusht,rank_observed,ablation,Perturbed 1,140,rank_observed,72,76,94.73684210526316,64,76,84.21052631578948,52,76,68.42105263157895,52,52,100,52,52,100,51,52,98.07692307692308,49,52,94.23076923076923,,30,0.25,,,,
pusht,rank_observed,ablation,Perturbed 2,140,rank_observed,63,70,90,60,70,85.71428571428571,47,70,67.14285714285714,58,58,100,58,58,100,57,58,98.27586206896552,57,58,98.27586206896552,,30,0.25,,,,
pusht,rank_observed,ablation,Standard,140,rank_observed,46,49,93.87755102040816,44,49,89.79591836734694,36,49,73.46938775510205,79,79,100,79,79,100,76,79,96.20253164556962,77,79,97.46835443037975,,30,0.5,,,,
pusht,rank_observed,ablation,Perturbed,140,rank_observed,136,145,93.79310344827586,132,145,91.03448275862068,98,145,67.58620689655173,111,111,100,111,111,100,108,111,97.29729729729729,105,111,94.5945945945946,,30,0.5,,,,
pusht,rank_observed,ablation,Perturbed 1,140,rank_observed,70,75,93.33333333333333,67,75,89.33333333333333,49,75,65.33333333333333,53,53,100,53,53,100,52,53,98.11320754716981,50,53,94.33962264150944,,30,0.5,,,,
pusht,rank_observed,ablation,Perturbed 2,140,rank_observed,66,70,94.28571428571429,65,70,92.85714285714286,49,70,70,58,58,100,58,58,100,56,58,96.55172413793103,55,58,94.82758620689656,,30,0.5,,,,
pusht,rank_observed,ablation,Standard,140,rank_observed,127,128,99.21875,125,128,97.65625,122,128,95.3125,0,0,,0,0,,0,0,,0,0,,,30,,,,fixed,
pusht,rank_observed,ablation,Perturbed,140,rank_observed,253,256,98.828125,252,256,98.4375,248,256,96.875,0,0,,0,0,,0,0,,0,0,,,30,,,,fixed,
pusht,rank_observed,ablation,Perturbed 1,140,rank_observed,126,128,98.4375,125,128,97.65625,123,128,96.09375,0,0,,0,0,,0,0,,0,0,,,30,,,,fixed,
pusht,rank_observed,ablation,Perturbed 2,140,rank_observed,127,128,99.21875,127,128,99.21875,125,128,97.65625,0,0,,0,0,,0,0,,0,0,,,30,,,,fixed,
pusht,rank_observed,ablation,Standard,140,rank_observed,46,52,88.46153846153847,44,52,84.61538461538461,38,52,73.07692307692308,76,76,100,76,76,100,76,76,100,74,76,97.36842105263158,,30,,10,,,
pusht,rank_observed,ablation,Perturbed,140,rank_observed,151,168,89.88095238095238,147,168,87.5,123,168,73.21428571428571,88,88,100,87,88,98.86363636363636,87,88,98.86363636363636,83,88,94.31818181818181,,30,,10,,,
pusht,rank_observed,ablation,Perturbed 1,140,rank_observed,70,81,86.41975308641975,69,81,85.18518518518519,60,81,74.07407407407408,47,47,100,47,47,100,47,47,100,46,47,97.87234042553192,,30,,10,,,
pusht,rank_observed,ablation,Perturbed 2,140,rank_observed,81,87,93.10344827586206,78,87,89.65517241379311,63,87,72.41379310344827,41,41,100,40,41,97.5609756097561,40,41,97.5609756097561,37,41,90.2439024390244,,30,,10,,,
pusht,rank_observed,ablation,Standard,140,rank_observed,80,89,89.88764044943821,74,89,83.14606741573034,66,89,74.15730337078652,39,39,100,39,39,100,37,39,94.87179487179488,39,39,100,,30,,1,,,
pusht,rank_observed,ablation,Perturbed,140,rank_observed,181,200,90.5,168,200,84,134,200,67,56,56,100,55,56,98.21428571428571,53,56,94.64285714285714,51,56,91.07142857142857,,30,,1,,,
pusht,rank_observed,ablation,Perturbed 1,140,rank_observed,90,100,90,81,100,81,66,100,66,28,28,100,27,28,96.42857142857143,26,28,92.85714285714286,25,28,89.28571428571429,,30,,1,,,
pusht,rank_observed,ablation,Perturbed 2,140,rank_observed,91,100,91,87,100,87,68,100,68,28,28,100,28,28,100,27,28,96.42857142857143,26,28,92.85714285714286,,30,,1,,,
pusht,rank_observed,ablation,Standard,140,rank_observed,55,65,84.61538461538461,48,65,73.84615384615384,36,65,55.38461538461539,63,63,100,63,63,100,61,63,96.82539682539682,57,63,90.47619047619048,,30,,3,,,
pusht,rank_observed,ablation,Perturbed,140,rank_observed,147,165,89.0909090909091,136,165,82.42424242424242,114,165,69.0909090909091,91,91,100,91,91,100,89,91,97.8021978021978,86,91,94.50549450549451,,30,,3,,,
pusht,rank_observed,ablation,Perturbed 1,140,rank_observed,76,85,89.41176470588235,71,85,83.52941176470588,62,85,72.94117647058823,43,43,100,43,43,100,41,43,95.34883720930233,40,43,93.02325581395348,,30,,3,,,
pusht,rank_observed,ablation,Perturbed 2,140,rank_observed,71,80,88.75,65,80,81.25,52,80,65,48,48,100,48,48,100,48,48,100,46,48,95.83333333333333,,30,,3,,,
cube,cem_final,budget,Standard,150,cem_final,122,122,100,122,122,100,120,122,98.36065573770492,1,5,20,1,5,20,0,5,0,0,5,0,,10,,,,,
cube,cem_final,budget,Perturbed,150,cem_final,245,246,99.59349593495935,245,246,99.59349593495935,245,246,99.59349593495935,3,8,37.5,2,8,25,0,8,0,2,8,25,,10,,,,,
cube,cem_final,budget,Perturbed 1,150,cem_final,122,122,100,122,122,100,122,122,100,2,5,40,1,5,20,0,5,0,2,5,40,,10,,,,,
cube,cem_final,budget,Perturbed 2,150,cem_final,123,124,99.19354838709677,123,124,99.19354838709677,123,124,99.19354838709677,1,3,33.333333333333336,1,3,33.333333333333336,0,3,0,0,3,0,,10,,,,,
reacher,cem_final,budget,Standard,150,cem_final,0,98,0,0,98,0,0,98,0,13,30,43.333333333333336,12,30,40,11,30,36.666666666666664,5,30,16.666666666666668,,10,,,,,
reacher,cem_final,budget,Perturbed,150,cem_final,0,196,0,0,196,0,0,196,0,20,57,35.08771929824562,18,57,31.57894736842105,17,57,29.82456140350877,4,57,7.017543859649122,,10,,,,,
reacher,cem_final,budget,Perturbed 1,150,cem_final,0,98,0,0,98,0,0,98,0,11,29,37.93103448275862,10,29,34.48275862068966,10,29,34.48275862068966,3,29,10.344827586206897,,10,,,,,
reacher,cem_final,budget,Perturbed 2,150,cem_final,0,98,0,0,98,0,0,98,0,9,28,32.142857142857146,8,28,28.571428571428573,7,28,25,1,28,3.5714285714285716,,10,,,,,
cube,cem_final,budget,Standard,150,cem_final,90,123,73.17073170731707,71,123,57.72357723577236,54,123,43.90243902439025,0,4,0,0,4,0,0,4,0,0,4,0,,1,,,,,
cube,cem_final,budget,Perturbed,150,cem_final,197,251,78.48605577689243,177,251,70.5179282868526,145,251,57.76892430278885,0,3,0,0,3,0,0,3,0,0,3,0,,1,,,,,
cube,cem_final,budget,Perturbed 1,150,cem_final,102,126,80.95238095238095,92,126,73.01587301587301,76,126,60.317460317460316,0,1,0,0,1,0,0,1,0,0,1,0,,1,,,,,
cube,cem_final,budget,Perturbed 2,150,cem_final,95,125,76,85,125,68,69,125,55.2,0,2,0,0,2,0,0,2,0,0,2,0,,1,,,,,
reacher,cem_final,budget,Standard,150,cem_final,12,107,11.214953271028037,2,107,1.8691588785046729,0,107,0,3,21,14.285714285714286,2,21,9.523809523809524,0,21,0,0,21,0,,1,,,,,
reacher,cem_final,budget,Perturbed,150,cem_final,18,217,8.294930875576037,5,217,2.304147465437788,1,217,0.4608294930875576,7,36,19.444444444444443,5,36,13.88888888888889,2,36,5.555555555555555,1,36,2.7777777777777777,,1,,,,,
reacher,cem_final,budget,Perturbed 1,150,cem_final,9,107,8.411214953271028,2,107,1.8691588785046729,1,107,0.9345794392523364,4,20,20,3,20,15,2,20,10,1,20,5,,1,,,,,
reacher,cem_final,budget,Perturbed 2,150,cem_final,9,110,8.181818181818182,3,110,2.727272727272727,0,110,0,3,16,18.75,2,16,12.5,0,16,0,0,16,0,,1,,,,,
cube,cem_final,budget,Standard,150,cem_final,108,124,87.09677419354838,93,124,75,60,124,48.38709677419355,0,3,0,0,3,0,0,3,0,0,3,0,,2,,,,,
cube,cem_final,budget,Perturbed,150,cem_final,225,250,90,203,250,81.2,164,250,65.6,0,4,0,0,4,0,0,4,0,0,4,0,,2,,,,,
cube,cem_final,budget,Perturbed 1,150,cem_final,116,125,92.8,104,125,83.2,84,125,67.2,0,2,0,0,2,0,0,2,0,0,2,0,,2,,,,,
cube,cem_final,budget,Perturbed 2,150,cem_final,109,125,87.2,99,125,79.2,80,125,64,0,2,0,0,2,0,0,2,0,0,2,0,,2,,,,,
reacher,cem_final,budget,Standard,150,cem_final,0,104,0,0,104,0,0,104,0,5,24,20.833333333333332,5,24,20.833333333333332,3,24,12.5,0,24,0,,2,,,,,
reacher,cem_final,budget,Perturbed,150,cem_final,0,209,0,0,209,0,0,209,0,12,44,27.272727272727273,10,44,22.727272727272727,4,44,9.090909090909092,1,44,2.272727272727273,,2,,,,,
reacher,cem_final,budget,Perturbed 1,150,cem_final,0,105,0,0,105,0,0,105,0,6,22,27.272727272727273,5,22,22.727272727272727,3,22,13.636363636363637,0,22,0,,2,,,,,
reacher,cem_final,budget,Perturbed 2,150,cem_final,0,104,0,0,104,0,0,104,0,6,22,27.272727272727273,5,22,22.727272727272727,1,22,4.545454545454546,1,22,4.545454545454546,,2,,,,,
cube,cem_final,budget,Standard,150,cem_final,121,124,97.58064516129032,120,124,96.7741935483871,117,124,94.35483870967742,0,3,0,0,3,0,0,3,0,0,3,0,,5,,,,,
cube,cem_final,budget,Perturbed,150,cem_final,245,250,98,245,250,98,241,250,96.4,0,4,0,0,4,0,0,4,0,0,4,0,,5,,,,,
cube,cem_final,budget,Perturbed 1,150,cem_final,122,125,97.6,122,125,97.6,121,125,96.8,0,2,0,0,2,0,0,2,0,0,2,0,,5,,,,,
cube,cem_final,budget,Perturbed 2,150,cem_final,123,125,98.4,123,125,98.4,120,125,96,0,2,0,0,2,0,0,2,0,0,2,0,,5,,,,,
reacher,cem_final,budget,Standard,150,cem_final,0,97,0,0,97,0,0,97,0,11,31,35.483870967741936,9,31,29.032258064516128,8,31,25.806451612903224,2,31,6.451612903225806,,5,,,,,
reacher,cem_final,budget,Perturbed,150,cem_final,0,204,0,0,204,0,0,204,0,21,49,42.857142857142854,19,49,38.775510204081634,13,49,26.53061224489796,3,49,6.122448979591836,,5,,,,,
reacher,cem_final,budget,Perturbed 1,150,cem_final,0,102,0,0,102,0,0,102,0,10,25,40,10,25,40,6,25,24,1,25,4,,5,,,,,
reacher,cem_final,budget,Perturbed 2,150,cem_final,0,102,0,0,102,0,0,102,0,11,24,45.833333333333336,9,24,37.5,7,24,29.166666666666668,2,24,8.333333333333334,,5,,,,,
cube,cem_learned,budget,Standard,150,cem_learned,51,52,98.07692307692308,44,52,84.61538461538461,30,52,57.69230769230769,55,75,73.33333333333333,45,75,60,39,75,52,23,75,30.666666666666668,,10,,,,,
cube,cem_learned,budget,Perturbed,150,cem_learned,162,166,97.59036144578313,145,166,87.34939759036145,101,166,60.8433734939759,70,88,79.54545454545455,61,88,69.31818181818181,50,88,56.81818181818182,22,88,25,,10,,,,,
cube,cem_learned,budget,Perturbed 1,150,cem_learned,84,84,100,74,84,88.0952380952381,53,84,63.095238095238095,35,43,81.3953488372093,29,43,67.44186046511628,26,43,60.46511627906977,10,43,23.25581395348837,,10,,,,,
cube,cem_learned,budget,Perturbed 2,150,cem_learned,78,82,95.1219512195122,71,82,86.58536585365853,48,82,58.53658536585366,35,45,77.77777777777777,32,45,71.11111111111111,24,45,53.333333333333336,12,45,26.666666666666668,,10,,,,,
reacher,cem_learned,budget,Standard,150,cem_learned,0,47,0,0,47,0,0,47,0,76,81,93.82716049382717,64,81,79.01234567901234,33,81,40.74074074074074,40,81,49.382716049382715,,10,,,,,
reacher,cem_learned,budget,Perturbed,150,cem_learned,0,101,0,0,101,0,0,101,0,145,152,95.39473684210526,119,152,78.28947368421052,65,152,42.76315789473684,79,152,51.973684210526315,,10,,,,,
reacher,cem_learned,budget,Perturbed 1,150,cem_learned,0,49,0,0,49,0,0,49,0,75,78,96.15384615384616,63,78,80.76923076923077,34,78,43.58974358974359,39,78,50,,10,,,,,
reacher,cem_learned,budget,Perturbed 2,150,cem_learned,0,52,0,0,52,0,0,52,0,70,74,94.5945945945946,56,74,75.67567567567568,31,74,41.891891891891895,40,74,54.054054054054056,,10,,,,,
cube,cem_learned,budget,Standard,150,cem_learned,41,113,36.283185840707965,36,113,31.858407079646017,29,113,25.663716814159294,9,14,64.28571428571429,4,14,28.571428571428573,3,14,21.428571428571427,9,14,64.28571428571429,,1,,,,,
cube,cem_learned,budget,Perturbed,150,cem_learned,146,239,61.08786610878661,128,239,53.55648535564853,103,239,43.09623430962343,11,15,73.33333333333333,7,15,46.666666666666664,2,15,13.333333333333334,10,15,66.66666666666667,,1,,,,,
cube,cem_learned,budget,Perturbed 1,150,cem_learned,74,117,63.24786324786325,64,117,54.7008547008547,52,117,44.44444444444444,7,10,70,5,10,50,2,10,20,7,10,70,,1,,,,,
cube,cem_learned,budget,Perturbed 2,150,cem_learned,72,122,59.01639344262295,64,122,52.459016393442624,51,122,41.80327868852459,4,5,80,2,5,40,0,5,0,3,5,60,,1,,,,,
reacher,cem_learned,budget,Standard,150,cem_learned,24,66,36.36363636363637,10,66,15.151515151515152,2,66,3.0303030303030303,37,62,59.67741935483871,22,62,35.483870967741936,15,62,24.193548387096776,34,62,54.83870967741935,,1,,,,,
reacher,cem_learned,budget,Perturbed,150,cem_learned,54,128,42.1875,30,128,23.4375,6,128,4.6875,69,125,55.2,38,125,30.4,24,125,19.2,63,125,50.4,,1,,,,,
reacher,cem_learned,budget,Perturbed 1,150,cem_learned,25,66,37.878787878787875,14,66,21.21212121212121,4,66,6.0606060606060606,36,61,59.01639344262295,19,61,31.147540983606557,13,61,21.311475409836067,31,61,50.81967213114754,,1,,,,,
reacher,cem_learned,budget,Perturbed 2,150,cem_learned,29,62,46.774193548387096,16,62,25.806451612903224,2,62,3.225806451612903,33,64,51.5625,19,64,29.6875,11,64,17.1875,32,64,50,,1,,,,,
cube,cem_learned,budget,Standard,150,cem_learned,40,76,52.63157894736842,34,76,44.73684210526316,24,76,31.57894736842105,43,51,84.31372549019608,41,51,80.3921568627451,35,51,68.62745098039215,36,51,70.58823529411765,,2,,,,,
cube,cem_learned,budget,Perturbed,150,cem_learned,135,189,71.42857142857143,121,189,64.02116402116403,92,189,48.67724867724868,55,65,84.61538461538461,53,65,81.53846153846153,46,65,70.76923076923077,43,65,66.15384615384616,,2,,,,,
cube,cem_learned,budget,Perturbed 1,150,cem_learned,70,95,73.6842105263158,62,95,65.26315789473684,48,95,50.526315789473685,26,32,81.25,25,32,78.125,23,32,71.875,20,32,62.5,,2,,,,,
cube,cem_learned,budget,Perturbed 2,150,cem_learned,65,94,69.14893617021276,59,94,62.765957446808514,44,94,46.808510638297875,29,33,87.87878787878788,28,33,84.84848484848484,23,33,69.6969696969697,23,33,69.6969696969697,,2,,,,,
reacher,cem_learned,budget,Standard,150,cem_learned,8,63,12.698412698412698,1,63,1.5873015873015872,1,63,1.5873015873015872,43,65,66.15384615384616,24,65,36.92307692307692,15,65,23.076923076923077,31,65,47.69230769230769,,2,,,,,
reacher,cem_learned,budget,Perturbed,150,cem_learned,13,118,11.016949152542374,3,118,2.542372881355932,0,118,0,91,135,67.4074074074074,42,135,31.11111111111111,22,135,16.296296296296298,68,135,50.370370370370374,,2,,,,,
reacher,cem_learned,budget,Perturbed 1,150,cem_learned,7,61,11.475409836065573,1,61,1.639344262295082,0,61,0,44,66,66.66666666666667,24,66,36.36363636363637,14,66,21.21212121212121,33,66,50,,2,,,,,
reacher,cem_learned,budget,Perturbed 2,150,cem_learned,6,57,10.526315789473685,2,57,3.508771929824561,0,57,0,47,69,68.1159420289855,18,69,26.08695652173913,8,69,11.594202898550725,35,69,50.72463768115942,,2,,,,,
cube,cem_learned,main,Standard,150,cem_learned,46,48,95.83333333333333,38,48,79.16666666666667,28,48,58.333333333333336,58,79,73.41772151898734,48,79,60.75949367088607,40,79,50.63291139240506,19,79,24.050632911392405,,30,,,,,
cube,cem_learned,main,Perturbed,150,cem_learned,151,157,96.17834394904459,140,157,89.171974522293,90,157,57.32484076433121,78,97,80.41237113402062,66,97,68.04123711340206,57,97,58.76288659793814,24,97,24.742268041237114,,30,,,,,
cube,cem_learned,main,Perturbed 1,150,cem_learned,76,80,95,70,80,87.5,44,80,55,38,47,80.85106382978724,33,47,70.2127659574468,29,47,61.702127659574465,11,47,23.404255319148938,,30,,,,,
cube,cem_learned,main,Perturbed 2,150,cem_learned,75,77,97.40259740259741,70,77,90.9090909090909,46,77,59.74025974025974,40,50,80,33,50,66,28,50,56,13,50,26,,30,,,,,
reacher,cem_learned,main,Standard,150,cem_learned,0,58,0,0,58,0,0,58,0,68,70,97.14285714285714,65,70,92.85714285714286,47,70,67.14285714285714,41,70,58.57142857142857,,30,,,,,
reacher,cem_learned,main,Perturbed,150,cem_learned,0,105,0,0,105,0,0,105,0,145,148,97.97297297297297,139,148,93.91891891891892,110,148,74.32432432432432,81,148,54.729729729729726,,30,,,,,
reacher,cem_learned,main,Perturbed 1,150,cem_learned,0,55,0,0,55,0,0,55,0,72,72,100,72,72,100,56,72,77.77777777777777,37,72,51.388888888888886,,30,,,,,
reacher,cem_learned,main,Perturbed 2,150,cem_learned,0,50,0,0,50,0,0,50,0,73,76,96.05263157894737,67,76,88.15789473684211,54,76,71.05263157894737,44,76,57.89473684210526,,30,,,,,
cube,cem_learned,budget,Standard,150,cem_learned,60,61,98.36065573770492,51,61,83.60655737704919,35,61,57.377049180327866,48,66,72.72727272727273,42,66,63.63636363636363,30,66,45.45454545454545,31,66,46.96969696969697,,5,,,,,
cube,cem_learned,budget,Perturbed,150,cem_learned,161,169,95.26627218934911,141,169,83.4319526627219,92,169,54.437869822485204,64,85,75.29411764705883,57,85,67.05882352941177,44,85,51.76470588235294,37,85,43.529411764705884,,5,,,,,
cube,cem_learned,budget,Perturbed 1,150,cem_learned,81,86,94.18604651162791,72,86,83.72093023255815,45,86,52.325581395348834,31,41,75.60975609756098,26,41,63.41463414634146,20,41,48.78048780487805,16,41,39.02439024390244,,5,,,,,
cube,cem_learned,budget,Perturbed 2,150,cem_learned,80,83,96.3855421686747,69,83,83.13253012048193,47,83,56.626506024096386,33,44,75,31,44,70.45454545454545,24,44,54.54545454545455,21,44,47.72727272727273,,5,,,,,
reacher,cem_learned,budget,Standard,150,cem_learned,0,51,0,0,51,0,0,51,0,60,77,77.92207792207792,42,77,54.54545454545455,17,77,22.07792207792208,37,77,48.05194805194805,,5,,,,,
reacher,cem_learned,budget,Perturbed,150,cem_learned,1,103,0.970873786407767,0,103,0,0,103,0,128,150,85.33333333333333,75,150,50,28,150,18.666666666666668,74,150,49.333333333333336,,5,,,,,
reacher,cem_learned,budget,Perturbed 1,150,cem_learned,1,49,2.0408163265306123,0,49,0,0,49,0,66,78,84.61538461538461,44,78,56.41025641025641,19,78,24.358974358974358,36,78,46.15384615384615,,5,,,,,
reacher,cem_learned,budget,Perturbed 2,150,cem_learned,0,54,0,0,54,0,0,54,0,62,72,86.11111111111111,31,72,43.05555555555556,9,72,12.5,38,72,52.77777777777778,,5,,,,,
cube,cem_observed,budget,Standard,150,cem_observed,71,71,100,66,71,92.95774647887323,60,71,84.50704225352112,40,56,71.42857142857143,37,56,66.07142857142857,30,56,53.57142857142857,20,56,35.714285714285715,,10,,,,,
cube,cem_observed,budget,Perturbed,150,cem_observed,176,180,97.77777777777777,170,180,94.44444444444444,141,180,78.33333333333333,55,74,74.32432432432432,52,74,70.27027027027027,44,74,59.45945945945946,31,74,41.891891891891895,,10,,,,,
cube,cem_observed,budget,Perturbed 1,150,cem_observed,91,92,98.91304347826087,90,92,97.82608695652173,72,92,78.26086956521739,28,35,80,25,35,71.42857142857143,22,35,62.857142857142854,19,35,54.285714285714285,,10,,,,,
cube,cem_observed,budget,Perturbed 2,150,cem_observed,85,88,96.5909090909091,80,88,90.9090909090909,69,88,78.4090909090909,27,39,69.23076923076923,27,39,69.23076923076923,22,39,56.41025641025641,12,39,30.76923076923077,,10,,,,,
reacher,cem_observed,budget,Standard,150,cem_observed,0,18,0,0,18,0,0,18,0,109,110,99.0909090909091,108,110,98.18181818181819,108,110,98.18181818181819,105,110,95.45454545454545,,10,,,,,
reacher,cem_observed,budget,Perturbed,150,cem_observed,0,63,0,0,63,0,0,63,0,188,190,98.94736842105263,188,190,98.94736842105263,187,190,98.42105263157895,182,190,95.78947368421052,,10,,,,,
reacher,cem_observed,budget,Perturbed 1,150,cem_observed,0,32,0,0,32,0,0,32,0,94,95,98.94736842105263,94,95,98.94736842105263,93,95,97.89473684210526,92,95,96.84210526315789,,10,,,,,
reacher,cem_observed,budget,Perturbed 2,150,cem_observed,0,31,0,0,31,0,0,31,0,94,95,98.94736842105263,94,95,98.94736842105263,94,95,98.94736842105263,90,95,94.73684210526316,,10,,,,,
cube,cem_observed,budget,Standard,150,cem_observed,45,114,39.473684210526315,42,114,36.8421052631579,36,114,31.57894736842105,4,13,30.76923076923077,3,13,23.076923076923077,1,13,7.6923076923076925,9,13,69.23076923076923,,1,,,,,
cube,cem_observed,budget,Perturbed,150,cem_observed,136,238,57.142857142857146,127,238,53.36134453781513,120,238,50.42016806722689,5,16,31.25,2,16,12.5,0,16,0,11,16,68.75,,1,,,,,
cube,cem_observed,budget,Perturbed 1,150,cem_observed,73,116,62.93103448275862,66,116,56.89655172413793,60,116,51.724137931034484,3,11,27.272727272727273,1,11,9.090909090909092,0,11,0,9,11,81.81818181818181,,1,,,,,
cube,cem_observed,budget,Perturbed 2,150,cem_observed,63,122,51.63934426229508,61,122,50,60,122,49.18032786885246,2,5,40,1,5,20,0,5,0,2,5,40,,1,,,,,
reacher,cem_observed,budget,Standard,150,cem_observed,5,52,9.615384615384615,3,52,5.769230769230769,0,52,0,74,76,97.36842105263158,73,76,96.05263157894737,73,76,96.05263157894737,66,76,86.84210526315789,,1,,,,,
reacher,cem_observed,budget,Perturbed,150,cem_observed,13,111,11.711711711711711,6,111,5.405405405405405,1,111,0.9009009009009009,140,142,98.59154929577464,140,142,98.59154929577464,138,142,97.1830985915493,124,142,87.32394366197182,,1,,,,,
reacher,cem_observed,budget,Perturbed 1,150,cem_observed,7,47,14.893617021276595,4,47,8.51063829787234,1,47,2.127659574468085,79,80,98.75,79,80,98.75,77,80,96.25,68,80,85,,1,,,,,
reacher,cem_observed,budget,Perturbed 2,150,cem_observed,6,64,9.375,2,64,3.125,0,64,0,61,62,98.38709677419355,61,62,98.38709677419355,61,62,98.38709677419355,56,62,90.3225806451613,,1,,,,,
cube,cem_observed,budget,Standard,150,cem_observed,41,94,43.61702127659574,41,94,43.61702127659574,39,94,41.48936170212766,26,33,78.78787878787878,22,33,66.66666666666667,11,33,33.333333333333336,27,33,81.81818181818181,,2,,,,,
cube,cem_observed,budget,Perturbed,150,cem_observed,136,216,62.96296296296296,133,216,61.574074074074076,126,216,58.333333333333336,29,38,76.3157894736842,23,38,60.526315789473685,10,38,26.31578947368421,29,38,76.3157894736842,,2,,,,,
cube,cem_observed,budget,Perturbed 1,150,cem_observed,70,109,64.22018348623853,69,109,63.30275229357798,65,109,59.63302752293578,14,18,77.77777777777777,11,18,61.111111111111114,3,18,16.666666666666668,14,18,77.77777777777777,,2,,,,,
cube,cem_observed,budget,Perturbed 2,150,cem_observed,66,107,61.6822429906542,64,107,59.81308411214953,61,107,57.00934579439252,15,20,75,12,20,60,7,20,35,15,20,75,,2,,,,,
reacher,cem_observed,budget,Standard,150,cem_observed,0,45,0,0,45,0,0,45,0,82,83,98.79518072289157,81,83,97.59036144578313,81,83,97.59036144578313,78,83,93.97590361445783,,2,,,,,
reacher,cem_observed,budget,Perturbed,150,cem_observed,1,84,1.1904761904761905,0,84,0,0,84,0,167,169,98.81656804733728,167,169,98.81656804733728,167,169,98.81656804733728,160,169,94.67455621301775,,2,,,,,
reacher,cem_observed,budget,Perturbed 1,150,cem_observed,0,42,0,0,42,0,0,42,0,83,85,97.6470588235294,83,85,97.6470588235294,83,85,97.6470588235294,80,85,94.11764705882354,,2,,,,,
reacher,cem_observed,budget,Perturbed 2,150,cem_observed,1,42,2.380952380952381,0,42,0,0,42,0,84,84,100,84,84,100,84,84,100,80,84,95.23809523809524,,2,,,,,
cube,cem_observed,ablation,Standard,150,cem_observed,78,78,100,77,78,98.71794871794872,70,78,89.74358974358974,33,49,67.34693877551021,30,49,61.224489795918366,27,49,55.10204081632653,19,49,38.775510204081634,,30,0.1,,,,
cube,cem_observed,ablation,Perturbed,150,cem_observed,188,191,98.42931937172774,181,191,94.76439790575917,170,191,89.00523560209425,46,63,73.01587301587301,44,63,69.84126984126983,40,63,63.492063492063494,20,63,31.746031746031747,,30,0.1,,,,
cube,cem_observed,ablation,Perturbed 1,150,cem_observed,94,96,97.91666666666667,92,96,95.83333333333333,88,96,91.66666666666667,22,31,70.96774193548387,20,31,64.51612903225806,16,31,51.61290322580645,8,31,25.806451612903224,,30,0.1,,,,
cube,cem_observed,ablation,Perturbed 2,150,cem_observed,94,95,98.94736842105263,89,95,93.6842105263158,82,95,86.3157894736842,24,32,75,24,32,75,24,32,75,12,32,37.5,,30,0.1,,,,
reacher,cem_observed,ablation,Standard,150,cem_observed,0,31,0,0,31,0,0,31,0,96,97,98.96907216494846,96,97,98.96907216494846,96,97,98.96907216494846,96,97,98.96907216494846,,30,0.1,,,,
reacher,cem_observed,ablation,Perturbed,150,cem_observed,0,61,0,0,61,0,0,61,0,189,192,98.4375,188,192,97.91666666666667,187,192,97.39583333333333,186,192,96.875,,30,0.1,,,,
reacher,cem_observed,ablation,Perturbed 1,150,cem_observed,0,30,0,0,30,0,0,30,0,95,97,97.9381443298969,94,97,96.90721649484536,94,97,96.90721649484536,93,97,95.87628865979381,,30,0.1,,,,
reacher,cem_observed,ablation,Perturbed 2,150,cem_observed,0,31,0,0,31,0,0,31,0,94,95,98.94736842105263,94,95,98.94736842105263,93,95,97.89473684210526,93,95,97.89473684210526,,30,0.1,,,,
cube,cem_observed,ablation,Standard,150,cem_observed,76,78,97.43589743589743,74,78,94.87179487179488,65,78,83.33333333333333,35,49,71.42857142857143,33,49,67.34693877551021,31,49,63.265306122448976,18,49,36.734693877551024,,30,0.25,,,,
cube,cem_observed,ablation,Perturbed,150,cem_observed,178,185,96.21621621621621,173,185,93.51351351351352,149,185,80.54054054054055,52,69,75.3623188405797,47,69,68.1159420289855,42,69,60.869565217391305,21,69,30.434782608695652,,30,0.25,,,,
cube,cem_observed,ablation,Perturbed 1,150,cem_observed,89,93,95.6989247311828,87,93,93.54838709677419,74,93,79.56989247311827,25,34,73.52941176470588,22,34,64.70588235294117,18,34,52.94117647058823,11,34,32.35294117647059,,30,0.25,,,,
cube,cem_observed,ablation,Perturbed 2,150,cem_observed,89,92,96.73913043478261,86,92,93.47826086956522,75,92,81.52173913043478,27,35,77.14285714285714,25,35,71.42857142857143,24,35,68.57142857142857,10,35,28.571428571428573,,30,0.25,,,,
reacher,cem_observed,ablation,Standard,150,cem_observed,0,26,0,0,26,0,0,26,0,100,102,98.03921568627452,98,102,96.07843137254902,98,102,96.07843137254902,98,102,96.07843137254902,,30,0.25,,,,
reacher,cem_observed,ablation,Perturbed,150,cem_observed,0,61,0,0,61,0,0,61,0,190,192,98.95833333333333,189,192,98.4375,189,192,98.4375,187,192,97.39583333333333,,30,0.25,,,,
reacher,cem_observed,ablation,Perturbed 1,150,cem_observed,0,31,0,0,31,0,0,31,0,95,96,98.95833333333333,95,96,98.95833333333333,95,96,98.95833333333333,94,96,97.91666666666667,,30,0.25,,,,
reacher,cem_observed,ablation,Perturbed 2,150,cem_observed,0,30,0,0,30,0,0,30,0,95,96,98.95833333333333,94,96,97.91666666666667,94,96,97.91666666666667,93,96,96.875,,30,0.25,,,,
cube,cem_observed,ablation,Standard,150,cem_observed,72,72,100,68,72,94.44444444444444,58,72,80.55555555555556,38,55,69.0909090909091,35,55,63.63636363636363,29,55,52.72727272727273,19,55,34.54545454545455,,30,0.5,,,,
cube,cem_observed,ablation,Perturbed,150,cem_observed,175,179,97.76536312849161,167,179,93.29608938547486,144,179,80.44692737430168,60,75,80,53,75,70.66666666666667,43,75,57.333333333333336,27,75,36,,30,0.5,,,,
cube,cem_observed,ablation,Perturbed 1,150,cem_observed,86,88,97.72727272727273,82,88,93.18181818181819,72,88,81.81818181818181,31,39,79.48717948717949,28,39,71.7948717948718,21,39,53.84615384615385,16,39,41.02564102564103,,30,0.5,,,,
cube,cem_observed,ablation,Perturbed 2,150,cem_observed,89,91,97.8021978021978,85,91,93.4065934065934,72,91,79.12087912087912,29,36,80.55555555555556,25,36,69.44444444444444,22,36,61.111111111111114,11,36,30.555555555555557,,30,0.5,,,,
reacher,cem_observed,ablation,Standard,150,cem_observed,0,30,0,0,30,0,0,30,0,96,98,97.95918367346938,94,98,95.91836734693878,94,98,95.91836734693878,91,98,92.85714285714286,,30,0.5,,,,
reacher,cem_observed,ablation,Perturbed,150,cem_observed,0,61,0,0,61,0,0,61,0,190,192,98.95833333333333,189,192,98.4375,189,192,98.4375,187,192,97.39583333333333,,30,0.5,,,,
reacher,cem_observed,ablation,Perturbed 1,150,cem_observed,0,32,0,0,32,0,0,32,0,95,95,100,95,95,100,95,95,100,93,95,97.89473684210526,,30,0.5,,,,
reacher,cem_observed,ablation,Perturbed 2,150,cem_observed,0,29,0,0,29,0,0,29,0,95,97,97.9381443298969,94,97,96.90721649484536,94,97,96.90721649484536,94,97,96.90721649484536,,30,0.5,,,,
cube,cem_observed,ablation,Standard,150,cem_observed,101,103,98.05825242718447,98,103,95.14563106796116,81,103,78.64077669902913,16,24,66.66666666666667,14,24,58.333333333333336,11,24,45.833333333333336,8,24,33.333333333333336,,30,,10,,,
cube,cem_observed,ablation,Perturbed,150,cem_observed,213,216,98.61111111111111,207,216,95.83333333333333,176,216,81.48148148148148,29,38,76.3157894736842,26,38,68.42105263157895,22,38,57.89473684210526,10,38,26.31578947368421,,30,,10,,,
cube,cem_observed,ablation,Perturbed 1,150,cem_observed,109,110,99.0909090909091,108,110,98.18181818181819,94,110,85.45454545454545,11,17,64.70588235294117,11,17,64.70588235294117,10,17,58.8235294117647,4,17,23.529411764705884,,30,,10,,,
cube,cem_observed,ablation,Perturbed 2,150,cem_observed,104,106,98.11320754716981,99,106,93.39622641509433,82,106,77.35849056603773,18,21,85.71428571428571,15,21,71.42857142857143,12,21,57.142857142857146,6,21,28.571428571428573,,30,,10,,,
reacher,cem_observed,ablation,Standard,150,cem_observed,0,16,0,0,16,0,0,16,0,109,112,97.32142857142857,108,112,96.42857142857143,107,112,95.53571428571429,107,112,95.53571428571429,,30,,10,,,
reacher,cem_observed,ablation,Perturbed,150,cem_observed,0,26,0,0,26,0,0,26,0,222,227,97.79735682819383,222,227,97.79735682819383,222,227,97.79735682819383,224,227,98.6784140969163,,30,,10,,,
reacher,cem_observed,ablation,Perturbed 1,150,cem_observed,0,14,0,0,14,0,0,14,0,110,113,97.34513274336283,110,113,97.34513274336283,110,113,97.34513274336283,111,113,98.23008849557522,,30,,10,,,
reacher,cem_observed,ablation,Perturbed 2,150,cem_observed,0,12,0,0,12,0,0,12,0,112,114,98.24561403508773,112,114,98.24561403508773,112,114,98.24561403508773,113,114,99.12280701754386,,30,,10,,,
cube,cem_observed,ablation,Standard,150,cem_observed,63,72,87.5,57,72,79.16666666666667,37,72,51.388888888888886,47,55,85.45454545454545,46,55,83.63636363636364,39,55,70.9090909090909,34,55,61.81818181818182,,30,,1,,,
cube,cem_observed,ablation,Perturbed,150,cem_observed,161,176,91.47727272727273,145,176,82.38636363636364,121,176,68.75,74,78,94.87179487179488,69,78,88.46153846153847,57,78,73.07692307692308,46,78,58.97435897435897,,30,,1,,,
cube,cem_observed,ablation,Perturbed 1,150,cem_observed,84,92,91.30434782608695,75,92,81.52173913043478,61,92,66.30434782608695,33,35,94.28571428571429,33,35,94.28571428571429,28,35,80,22,35,62.857142857142854,,30,,1,,,
cube,cem_observed,ablation,Perturbed 2,150,cem_observed,77,84,91.66666666666667,70,84,83.33333333333333,60,84,71.42857142857143,41,43,95.34883720930233,36,43,83.72093023255815,29,43,67.44186046511628,24,43,55.81395348837209,,30,,1,,,
reacher,cem_observed,ablation,Standard,150,cem_observed,0,64,0,0,64,0,0,64,0,63,64,98.4375,63,64,98.4375,63,64,98.4375,61,64,95.3125,,30,,1,,,
reacher,cem_observed,ablation,Perturbed,150,cem_observed,0,141,0,0,141,0,0,141,0,112,112,100,112,112,100,112,112,100,105,112,93.75,,30,,1,,,
reacher,cem_observed,ablation,Perturbed 1,150,cem_observed,0,69,0,0,69,0,0,69,0,58,58,100,58,58,100,58,58,100,53,58,91.37931034482759,,30,,1,,,
reacher,cem_observed,ablation,Perturbed 2,150,cem_observed,0,72,0,0,72,0,0,72,0,54,54,100,54,54,100,54,54,100,52,54,96.29629629629629,,30,,1,,,
cube,cem_observed,ablation,Standard,150,cem_observed,47,49,95.91836734693878,41,49,83.6734693877551,31,49,63.265306122448976,65,78,83.33333333333333,51,78,65.38461538461539,37,78,47.43589743589744,37,78,47.43589743589744,,30,,3,,,
cube,cem_observed,ablation,Perturbed,150,cem_observed,141,147,95.91836734693878,134,147,91.15646258503402,115,147,78.2312925170068,80,107,74.76635514018692,72,107,67.28971962616822,57,107,53.271028037383175,46,107,42.99065420560748,,30,,3,,,
cube,cem_observed,ablation,Perturbed 1,150,cem_observed,73,76,96.05263157894737,69,76,90.78947368421052,59,76,77.63157894736842,39,51,76.47058823529412,35,51,68.62745098039215,28,51,54.90196078431372,24,51,47.05882352941177,,30,,3,,,
cube,cem_observed,ablation,Perturbed 2,150,cem_observed,68,71,95.77464788732394,65,71,91.54929577464789,56,71,78.87323943661971,41,56,73.21428571428571,37,56,66.07142857142857,29,56,51.785714285714285,22,56,39.285714285714285,,30,,3,,,
reacher,cem_observed,ablation,Standard,150,cem_observed,0,11,0,0,11,0,0,11,0,115,117,98.2905982905983,115,117,98.2905982905983,115,117,98.2905982905983,114,117,97.43589743589743,,30,,3,,,
reacher,cem_observed,ablation,Perturbed,150,cem_observed,0,24,0,0,24,0,0,24,0,227,229,99.12663755458516,227,229,99.12663755458516,225,229,98.2532751091703,224,229,97.81659388646288,,30,,3,,,
reacher,cem_observed,ablation,Perturbed 1,150,cem_observed,0,10,0,0,10,0,0,10,0,115,117,98.2905982905983,115,117,98.2905982905983,113,117,96.58119658119658,113,117,96.58119658119658,,30,,3,,,
reacher,cem_observed,ablation,Perturbed 2,150,cem_observed,0,14,0,0,14,0,0,14,0,112,112,100,112,112,100,112,112,100,111,112,99.10714285714286,,30,,3,,,
cube,cem_observed,budget,Standard,150,cem_observed,78,81,96.29629629629629,74,81,91.35802469135803,59,81,72.8395061728395,36,46,78.26086956521739,31,46,67.3913043478261,23,46,50,20,46,43.47826086956522,,5,,,,,
cube,cem_observed,budget,Perturbed,150,cem_observed,184,188,97.87234042553192,180,188,95.74468085106383,160,188,85.1063829787234,52,66,78.78787878787878,48,66,72.72727272727273,36,66,54.54545454545455,28,66,42.42424242424242,,5,,,,,
cube,cem_observed,budget,Perturbed 1,150,cem_observed,91,92,98.91304347826087,88,92,95.65217391304348,79,92,85.8695652173913,29,35,82.85714285714286,25,35,71.42857142857143,18,35,51.42857142857143,16,35,45.714285714285715,,5,,,,,
cube,cem_observed,budget,Perturbed 2,150,cem_observed,93,96,96.875,92,96,95.83333333333333,81,96,84.375,23,31,74.19354838709677,23,31,74.19354838709677,18,31,58.064516129032256,12,31,38.70967741935484,,5,,,,,
reacher,cem_observed,budget,Standard,150,cem_observed,0,27,0,0,27,0,0,27,0,100,101,99.00990099009901,99,101,98.01980198019803,99,101,98.01980198019803,98,101,97.02970297029702,,5,,,,,
reacher,cem_observed,budget,Perturbed,150,cem_observed,0,62,0,0,62,0,0,62,0,188,191,98.42931937172774,186,191,97.38219895287958,185,191,96.8586387434555,185,191,96.8586387434555,,5,,,,,
reacher,cem_observed,budget,Perturbed 1,150,cem_observed,0,32,0,0,32,0,0,32,0,94,95,98.94736842105263,93,95,97.89473684210526,92,95,96.84210526315789,92,95,96.84210526315789,,5,,,,,
reacher,cem_observed,budget,Perturbed 2,150,cem_observed,0,30,0,0,30,0,0,30,0,94,96,97.91666666666667,93,96,96.875,93,96,96.875,93,96,96.875,,5,,,,,
cube,cem_transport,transport,Standard,150,cem_transport,79,80,98.75,73,80,91.25,57,80,71.25,35,47,74.46808510638297,32,47,68.08510638297872,27,47,57.4468085106383,17,47,36.170212765957444,,30,,,,,
cube,cem_transport,transport,Perturbed,150,cem_transport,193,195,98.97435897435898,186,195,95.38461538461539,160,195,82.05128205128206,46,59,77.96610169491525,42,59,71.1864406779661,38,59,64.40677966101696,24,59,40.67796610169491,,30,,,,,
cube,cem_transport,transport,Perturbed 1,150,cem_transport,94,95,98.94736842105263,90,95,94.73684210526316,80,95,84.21052631578948,24,32,75,22,32,68.75,20,32,62.5,13,32,40.625,,30,,,,,
cube,cem_transport,transport,Perturbed 2,150,cem_transport,99,100,99,96,100,96,80,100,80,22,27,81.48148148148148,20,27,74.07407407407408,18,27,66.66666666666667,11,27,40.74074074074074,,30,,,,,
reacher,cem_transport,transport,Standard,150,cem_transport,0,24,0,0,24,0,0,24,0,101,104,97.11538461538461,100,104,96.15384615384616,100,104,96.15384615384616,99,104,95.1923076923077,,30,,,,,
reacher,cem_transport,transport,Perturbed,150,cem_transport,0,50,0,0,50,0,0,50,0,198,203,97.53694581280789,198,203,97.53694581280789,197,203,97.04433497536945,199,203,98.0295566502463,,30,,,,,
reacher,cem_transport,transport,Perturbed 1,150,cem_transport,0,29,0,0,29,0,0,29,0,95,98,96.93877551020408,95,98,96.93877551020408,95,98,96.93877551020408,95,98,96.93877551020408,,30,,,,,
reacher,cem_transport,transport,Perturbed 2,150,cem_transport,0,21,0,0,21,0,0,21,0,103,105,98.0952380952381,103,105,98.0952380952381,102,105,97.14285714285714,104,105,99.04761904761905,,30,,,,,
cube,rank_learned,main,Standard,150,rank_learned,11,11,100,11,11,100,11,11,100,88,116,75.86206896551724,75,116,64.65517241379311,58,116,50,33,116,28.448275862068964,,30,,,,,
cube,rank_learned,main,Perturbed,150,rank_learned,120,128,93.75,114,128,89.0625,92,128,71.875,96,126,76.19047619047619,80,126,63.492063492063494,72,126,57.142857142857146,29,126,23.015873015873016,,30,,,,,
cube,rank_learned,main,Perturbed 1,150,rank_learned,58,63,92.06349206349206,55,63,87.3015873015873,48,63,76.19047619047619,48,64,75,39,64,60.9375,37,64,57.8125,16,64,25,,30,,,,,
cube,rank_learned,main,Perturbed 2,150,rank_learned,62,65,95.38461538461539,59,65,90.76923076923077,44,65,67.6923076923077,48,62,77.41935483870968,41,62,66.12903225806451,35,62,56.45161290322581,13,62,20.967741935483872,,30,,,,,
reacher,rank_learned,main,Standard,150,rank_learned,0,6,0,0,6,0,0,6,0,122,122,100,122,122,100,122,122,100,105,122,86.06557377049181,,30,,,,,
reacher,rank_learned,main,Perturbed,150,rank_learned,0,8,0,0,8,0,0,8,0,244,245,99.59183673469387,244,245,99.59183673469387,244,245,99.59183673469387,219,245,89.38775510204081,,30,,,,,
reacher,rank_learned,main,Perturbed 1,150,rank_learned,0,4,0,0,4,0,0,4,0,122,123,99.1869918699187,122,123,99.1869918699187,122,123,99.1869918699187,114,123,92.6829268292683,,30,,,,,
reacher,rank_learned,main,Perturbed 2,150,rank_learned,0,4,0,0,4,0,0,4,0,122,122,100,122,122,100,122,122,100,105,122,86.06557377049181,,30,,,,,
cube,rank_observed,ablation,Standard,150,rank_observed,32,34,94.11764705882354,31,34,91.17647058823529,28,34,82.3529411764706,67,93,72.04301075268818,56,93,60.215053763440864,44,93,47.31182795698925,30,93,32.25806451612903,,30,,,no_delta,,
cube,rank_observed,ablation,Perturbed,150,rank_observed,136,139,97.84172661870504,133,139,95.68345323741008,121,139,87.05035971223022,86,115,74.78260869565217,80,115,69.56521739130434,67,115,58.26086956521739,27,115,23.47826086956522,,30,,,no_delta,,
cube,rank_observed,ablation,Perturbed 1,150,rank_observed,71,72,98.61111111111111,69,72,95.83333333333333,64,72,88.88888888888889,39,55,70.9090909090909,37,55,67.27272727272727,32,55,58.18181818181818,15,55,27.272727272727273,,30,,,no_delta,,
cube,rank_observed,ablation,Perturbed 2,150,rank_observed,65,67,97.01492537313433,64,67,95.5223880597015,57,67,85.07462686567165,47,60,78.33333333333333,43,60,71.66666666666667,35,60,58.333333333333336,12,60,20,,30,,,no_delta,,
reacher,rank_observed,ablation,Standard,150,rank_observed,0,5,0,0,5,0,0,5,0,121,123,98.3739837398374,121,123,98.3739837398374,121,123,98.3739837398374,120,123,97.5609756097561,,30,,,no_delta,,
reacher,rank_observed,ablation,Perturbed,150,rank_observed,0,6,0,0,6,0,0,6,0,246,247,99.59514170040485,246,247,99.59514170040485,245,247,99.19028340080972,235,247,95.1417004048583,,30,,,no_delta,,
reacher,rank_observed,ablation,Perturbed 1,150,rank_observed,0,4,0,0,4,0,0,4,0,122,123,99.1869918699187,122,123,99.1869918699187,122,123,99.1869918699187,118,123,95.9349593495935,,30,,,no_delta,,
reacher,rank_observed,ablation,Perturbed 2,150,rank_observed,0,2,0,0,2,0,0,2,0,124,124,100,124,124,100,123,124,99.19354838709677,117,124,94.35483870967742,,30,,,no_delta,,
cube,rank_observed,ablation,Standard,150,rank_observed,23,24,95.83333333333333,20,24,83.33333333333333,16,24,66.66666666666667,75,103,72.81553398058253,63,103,61.16504854368932,53,103,51.45631067961165,36,103,34.95145631067961,,30,,,no_far,,
cube,rank_observed,ablation,Perturbed,150,rank_observed,128,137,93.43065693430657,118,137,86.13138686131387,98,137,71.53284671532846,89,117,76.06837606837607,79,117,67.52136752136752,63,117,53.84615384615385,31,117,26.495726495726494,,30,,,no_far,,
cube,rank_observed,ablation,Perturbed 1,150,rank_observed,68,71,95.77464788732394,64,71,90.14084507042253,52,71,73.2394366197183,41,56,73.21428571428571,37,56,66.07142857142857,30,56,53.57142857142857,18,56,32.142857142857146,,30,,,no_far,,
cube,rank_observed,ablation,Perturbed 2,150,rank_observed,60,66,90.9090909090909,54,66,81.81818181818181,46,66,69.6969696969697,48,61,78.68852459016394,42,61,68.85245901639344,33,61,54.09836065573771,13,61,21.311475409836067,,30,,,no_far,,
reacher,rank_observed,ablation,Standard,150,rank_observed,0,7,0,0,7,0,0,7,0,120,121,99.17355371900827,119,121,98.34710743801652,118,121,97.52066115702479,116,121,95.86776859504133,,30,,,no_far,,
reacher,rank_observed,ablation,Perturbed,150,rank_observed,0,14,0,0,14,0,0,14,0,237,239,99.16317991631799,237,239,99.16317991631799,236,239,98.74476987447699,233,239,97.48953974895397,,30,,,no_far,,
reacher,rank_observed,ablation,Perturbed 1,150,rank_observed,0,6,0,0,6,0,0,6,0,120,121,99.17355371900827,120,121,99.17355371900827,119,121,98.34710743801652,118,121,97.52066115702479,,30,,,no_far,,
reacher,rank_observed,ablation,Perturbed 2,150,rank_observed,0,8,0,0,8,0,0,8,0,117,118,99.15254237288136,117,118,99.15254237288136,117,118,99.15254237288136,115,118,97.45762711864407,,30,,,no_far,,
cube,rank_observed,ablation,Standard,150,rank_observed,46,47,97.87234042553192,45,47,95.74468085106383,41,47,87.23404255319149,58,80,72.5,52,80,65,37,80,46.25,24,80,30,,30,0.1,,,,
cube,rank_observed,ablation,Perturbed,150,rank_observed,143,148,96.62162162162163,141,148,95.27027027027027,129,148,87.16216216216216,73,106,68.86792452830188,66,106,62.264150943396224,54,106,50.943396226415096,38,106,35.84905660377358,,30,0.1,,,,
cube,rank_observed,ablation,Perturbed 1,150,rank_observed,74,77,96.1038961038961,74,77,96.1038961038961,66,77,85.71428571428571,32,50,64,29,50,58,24,50,48,16,50,32,,30,0.1,,,,
cube,rank_observed,ablation,Perturbed 2,150,rank_observed,69,71,97.1830985915493,67,71,94.36619718309859,63,71,88.73239436619718,41,56,73.21428571428571,37,56,66.07142857142857,30,56,53.57142857142857,22,56,39.285714285714285,,30,0.1,,,,
reacher,rank_observed,ablation,Standard,150,rank_observed,0,7,0,0,7,0,0,7,0,119,121,98.34710743801652,119,121,98.34710743801652,119,121,98.34710743801652,117,121,96.69421487603306,,30,0.1,,,,
reacher,rank_observed,ablation,Perturbed,150,rank_observed,0,14,0,0,14,0,0,14,0,237,239,99.16317991631799,237,239,99.16317991631799,236,239,98.74476987447699,233,239,97.48953974895397,,30,0.1,,,,
reacher,rank_observed,ablation,Perturbed 1,150,rank_observed,0,7,0,0,7,0,0,7,0,118,120,98.33333333333333,118,120,98.33333333333333,118,120,98.33333333333333,116,120,96.66666666666667,,30,0.1,,,,
reacher,rank_observed,ablation,Perturbed 2,150,rank_observed,0,7,0,0,7,0,0,7,0,119,119,100,119,119,100,118,119,99.15966386554622,117,119,98.31932773109244,,30,0.1,,,,
cube,rank_observed,ablation,Standard,150,rank_observed,41,42,97.61904761904762,40,42,95.23809523809524,39,42,92.85714285714286,57,85,67.05882352941177,52,85,61.1764705882353,42,85,49.411764705882355,23,85,27.058823529411764,,30,0.25,,,,
cube,rank_observed,ablation,Perturbed,150,rank_observed,138,143,96.5034965034965,135,143,94.4055944055944,126,143,88.1118881118881,86,111,77.47747747747748,78,111,70.27027027027027,62,111,55.85585585585586,41,111,36.93693693693694,,30,0.25,,,,
cube,rank_observed,ablation,Perturbed 1,150,rank_observed,71,74,95.94594594594595,70,74,94.5945945945946,65,74,87.83783783783784,41,53,77.35849056603773,39,53,73.58490566037736,29,53,54.716981132075475,19,53,35.84905660377358,,30,0.25,,,,
cube,rank_observed,ablation,Perturbed 2,150,rank_observed,67,69,97.10144927536231,65,69,94.20289855072464,61,69,88.40579710144928,45,58,77.58620689655173,39,58,67.24137931034483,33,58,56.89655172413793,22,58,37.93103448275862,,30,0.25,,,,
reacher,rank_observed,ablation,Standard,150,rank_observed,0,5,0,0,5,0,0,5,0,119,123,96.7479674796748,118,123,95.9349593495935,118,123,95.9349593495935,117,123,95.1219512195122,,30,0.25,,,,
reacher,rank_observed,ablation,Perturbed,150,rank_observed,0,11,0,0,11,0,0,11,0,240,242,99.17355371900827,240,242,99.17355371900827,240,242,99.17355371900827,232,242,95.86776859504133,,30,0.25,,,,
reacher,rank_observed,ablation,Perturbed 1,150,rank_observed,0,7,0,0,7,0,0,7,0,119,120,99.16666666666667,119,120,99.16666666666667,119,120,99.16666666666667,114,120,95,,30,0.25,,,,
reacher,rank_observed,ablation,Perturbed 2,150,rank_observed,0,4,0,0,4,0,0,4,0,121,122,99.18032786885246,121,122,99.18032786885246,121,122,99.18032786885246,118,122,96.72131147540983,,30,0.25,,,,
cube,rank_observed,ablation,Standard,150,rank_observed,33,34,97.05882352941177,31,34,91.17647058823529,31,34,91.17647058823529,71,93,76.34408602150538,62,93,66.66666666666667,47,93,50.53763440860215,22,93,23.655913978494624,,30,0.5,,,,
cube,rank_observed,ablation,Perturbed,150,rank_observed,135,140,96.42857142857143,133,140,95,122,140,87.14285714285714,85,114,74.56140350877193,76,114,66.66666666666667,61,114,53.50877192982456,31,114,27.19298245614035,,30,0.5,,,,
cube,rank_observed,ablation,Perturbed 1,150,rank_observed,68,72,94.44444444444444,67,72,93.05555555555556,61,72,84.72222222222223,39,55,70.9090909090909,35,55,63.63636363636363,29,55,52.72727272727273,14,55,25.454545454545453,,30,0.5,,,,
cube,rank_observed,ablation,Perturbed 2,150,rank_observed,67,68,98.52941176470588,66,68,97.05882352941177,61,68,89.70588235294117,46,59,77.96610169491525,41,59,69.49152542372882,32,59,54.23728813559322,17,59,28.8135593220339,,30,0.5,,,,
reacher,rank_observed,ablation,Standard,150,rank_observed,0,8,0,0,8,0,0,8,0,118,120,98.33333333333333,117,120,97.5,117,120,97.5,116,120,96.66666666666667,,30,0.5,,,,
reacher,rank_observed,ablation,Perturbed,150,rank_observed,0,11,0,0,11,0,0,11,0,241,242,99.58677685950413,240,242,99.17355371900827,239,242,98.7603305785124,237,242,97.93388429752066,,30,0.5,,,,
reacher,rank_observed,ablation,Perturbed 1,150,rank_observed,0,6,0,0,6,0,0,6,0,120,121,99.17355371900827,120,121,99.17355371900827,120,121,99.17355371900827,118,121,97.52066115702479,,30,0.5,,,,
reacher,rank_observed,ablation,Perturbed 2,150,rank_observed,0,5,0,0,5,0,0,5,0,121,121,100,120,121,99.17355371900827,119,121,98.34710743801652,119,121,98.34710743801652,,30,0.5,,,,
cube,rank_observed,ablation,Standard,150,rank_observed,44,122,36.0655737704918,41,122,33.60655737704918,33,122,27.049180327868854,4,5,80,3,5,60,3,5,60,3,5,60,,30,,,,fixed,
cube,rank_observed,ablation,Perturbed,150,rank_observed,138,248,55.645161290322584,134,248,54.03225806451613,116,248,46.774193548387096,4,6,66.66666666666667,4,6,66.66666666666667,4,6,66.66666666666667,4,6,66.66666666666667,,30,,,,fixed,
cube,rank_observed,ablation,Perturbed 1,150,rank_observed,70,126,55.55555555555556,68,126,53.96825396825397,62,126,49.20634920634921,0,1,0,0,1,0,0,1,0,0,1,0,,30,,,,fixed,
cube,rank_observed,ablation,Perturbed 2,150,rank_observed,68,122,55.73770491803279,66,122,54.09836065573771,54,122,44.26229508196721,4,5,80,4,5,80,4,5,80,4,5,80,,30,,,,fixed,
reacher,rank_observed,ablation,Standard,150,rank_observed,0,112,0,0,112,0,0,112,0,14,16,87.5,14,16,87.5,13,16,81.25,12,16,75,,30,,,,fixed,
reacher,rank_observed,ablation,Perturbed,150,rank_observed,0,207,0,0,207,0,0,207,0,45,46,97.82608695652173,44,46,95.65217391304348,43,46,93.47826086956522,35,46,76.08695652173913,,30,,,,fixed,
reacher,rank_observed,ablation,Perturbed 1,150,rank_observed,0,103,0,0,103,0,0,103,0,23,24,95.83333333333333,23,24,95.83333333333333,22,24,91.66666666666667,18,24,75,,30,,,,fixed,
reacher,rank_observed,ablation,Perturbed 2,150,rank_observed,0,104,0,0,104,0,0,104,0,22,22,100,21,22,95.45454545454545,21,22,95.45454545454545,17,22,77.27272727272727,,30,,,,fixed,
cube,rank_observed,ablation,Standard,150,rank_observed,37,37,100,35,37,94.5945945945946,31,37,83.78378378378379,56,90,62.22222222222222,42,90,46.666666666666664,33,90,36.666666666666664,25,90,27.77777777777778,,30,,10,,,
cube,rank_observed,ablation,Perturbed,150,rank_observed,142,143,99.3006993006993,141,143,98.6013986013986,127,143,88.81118881118881,77,111,69.36936936936937,62,111,55.85585585585586,49,111,44.14414414414414,25,111,22.52252252252252,,30,,10,,,
cube,rank_observed,ablation,Perturbed 1,150,rank_observed,73,74,98.64864864864865,72,74,97.29729729729729,68,74,91.89189189189189,36,53,67.9245283018868,28,53,52.83018867924528,23,53,43.39622641509434,12,53,22.641509433962263,,30,,10,,,
cube,rank_observed,ablation,Perturbed 2,150,rank_observed,69,69,100,69,69,100,59,69,85.5072463768116,41,58,70.6896551724138,34,58,58.62068965517241,26,58,44.827586206896555,13,58,22.413793103448278,,30,,10,,,
reacher,rank_observed,ablation,Standard,150,rank_observed,0,4,0,0,4,0,0,4,0,123,124,99.19354838709677,122,124,98.38709677419355,122,124,98.38709677419355,120,124,96.7741935483871,,30,,10,,,
reacher,rank_observed,ablation,Perturbed,150,rank_observed,0,11,0,0,11,0,0,11,0,239,242,98.7603305785124,239,242,98.7603305785124,238,242,98.34710743801652,233,242,96.28099173553719,,30,,10,,,
reacher,rank_observed,ablation,Perturbed 1,150,rank_observed,0,6,0,0,6,0,0,6,0,118,121,97.52066115702479,118,121,97.52066115702479,118,121,97.52066115702479,116,121,95.86776859504133,,30,,10,,,
reacher,rank_observed,ablation,Perturbed 2,150,rank_observed,0,5,0,0,5,0,0,5,0,121,121,100,121,121,100,120,121,99.17355371900827,117,121,96.69421487603306,,30,,10,,,
cube,rank_observed,ablation,Standard,150,rank_observed,34,36,94.44444444444444,34,36,94.44444444444444,29,36,80.55555555555556,85,91,93.4065934065934,77,91,84.61538461538461,58,91,63.73626373626374,38,91,41.75824175824176,,30,,1,,,
cube,rank_observed,ablation,Perturbed,150,rank_observed,139,142,97.88732394366197,135,142,95.07042253521126,120,142,84.50704225352112,102,112,91.07142857142857,95,112,84.82142857142857,78,112,69.64285714285714,49,112,43.75,,30,,1,,,
cube,rank_observed,ablation,Perturbed 1,150,rank_observed,73,75,97.33333333333333,71,75,94.66666666666667,62,75,82.66666666666667,47,52,90.38461538461539,41,52,78.84615384615384,35,52,67.3076923076923,24,52,46.15384615384615,,30,,1,,,
cube,rank_observed,ablation,Perturbed 2,150,rank_observed,66,67,98.50746268656717,64,67,95.5223880597015,58,67,86.56716417910448,55,60,91.66666666666667,54,60,90,43,60,71.66666666666667,25,60,41.666666666666664,,30,,1,,,
reacher,rank_observed,ablation,Standard,150,rank_observed,0,8,0,0,8,0,0,8,0,119,120,99.16666666666667,119,120,99.16666666666667,119,120,99.16666666666667,109,120,90.83333333333333,,30,,1,,,
reacher,rank_observed,ablation,Perturbed,150,rank_observed,0,13,0,0,13,0,0,13,0,240,240,100,240,240,100,239,240,99.58333333333333,228,240,95,,30,,1,,,
reacher,rank_observed,ablation,Perturbed 1,150,rank_observed,0,10,0,0,10,0,0,10,0,117,117,100,117,117,100,116,117,99.14529914529915,112,117,95.72649572649573,,30,,1,,,
reacher,rank_observed,ablation,Perturbed 2,150,rank_observed,0,3,0,0,3,0,0,3,0,123,123,100,123,123,100,123,123,100,116,123,94.3089430894309,,30,,1,,,
cube,rank_observed,ablation,Standard,150,rank_observed,36,37,97.29729729729729,36,37,97.29729729729729,31,37,83.78378378378379,73,90,81.11111111111111,64,90,71.11111111111111,48,90,53.333333333333336,33,90,36.666666666666664,,30,,3,,,
cube,rank_observed,ablation,Perturbed,150,rank_observed,136,141,96.45390070921985,134,141,95.0354609929078,123,141,87.23404255319149,97,113,85.84070796460178,85,113,75.22123893805309,66,113,58.4070796460177,44,113,38.93805309734513,,30,,3,,,
cube,rank_observed,ablation,Perturbed 1,150,rank_observed,70,73,95.89041095890411,68,73,93.15068493150685,59,73,80.82191780821918,47,54,87.03703703703704,41,54,75.92592592592592,32,54,59.25925925925926,23,54,42.592592592592595,,30,,3,,,
cube,rank_observed,ablation,Perturbed 2,150,rank_observed,66,68,97.05882352941177,66,68,97.05882352941177,64,68,94.11764705882354,50,59,84.7457627118644,44,59,74.57627118644068,34,59,57.6271186440678,21,59,35.59322033898305,,30,,3,,,
reacher,rank_observed,ablation,Standard,150,rank_observed,0,6,0,0,6,0,0,6,0,122,122,100,122,122,100,121,122,99.18032786885246,119,122,97.54098360655738,,30,,3,,,
reacher,rank_observed,ablation,Perturbed,150,rank_observed,0,10,0,0,10,0,0,10,0,242,243,99.58847736625515,241,243,99.17695473251028,240,243,98.76543209876543,233,243,95.88477366255144,,30,,3,,,
reacher,rank_observed,ablation,Perturbed 1,150,rank_observed,0,5,0,0,5,0,0,5,0,121,122,99.18032786885246,120,122,98.36065573770492,120,122,98.36065573770492,117,122,95.90163934426229,,30,,3,,,
reacher,rank_observed,ablation,Perturbed 2,150,rank_observed,0,5,0,0,5,0,0,5,0,121,121,100,121,121,100,120,121,99.17355371900827,116,121,95.86776859504133,,30,,3,,,
cube,lewm_25,main,Standard,150,lewm_25,95,108,87.96296296296296,43,108,39.81481481481482,43,108,39.81481481481482,3,19,15.789473684210526,2,19,10.526315789473685,2,19,10.526315789473685,0,19,0,,,,,,,released_plan25_execute25_raw
cube,lewm_25,main,Perturbed 1,150,lewm_25,98,113,86.72566371681415,53,113,46.902654867256636,53,113,46.902654867256636,2,14,14.285714285714286,0,14,0,0,14,0,0,14,0,,,,,,,released_plan25_execute25_raw
cube,lewm_25,main,Perturbed 2,150,lewm_25,100,111,90.09009009009009,55,111,49.549549549549546,55,111,49.549549549549546,5,16,31.25,2,16,12.5,1,16,6.25,0,16,0,,,,,,,released_plan25_execute25_raw
cube,lewm_25,main,Perturbed,150,lewm_25,198,224,88.39285714285714,108,224,48.214285714285715,108,224,48.214285714285715,7,30,23.333333333333332,2,30,6.666666666666667,1,30,3.3333333333333335,0,30,0,,,,,,,released_plan25_execute25_raw
pusht,lewm_25,main,Standard,140,lewm_25,67,119,56.30252100840336,34,119,28.571428571428573,23,119,19.327731092436974,8,9,88.88888888888889,8,9,88.88888888888889,8,9,88.88888888888889,0,9,0,,,,,,,released_plan25_execute25_raw
pusht,lewm_25,main,Perturbed 1,140,lewm_25,62,117,52.99145299145299,34,117,29.05982905982906,24,117,20.512820512820515,9,11,81.81818181818181,8,11,72.72727272727273,6,11,54.54545454545455,2,11,18.181818181818183,,,,,,,released_plan25_execute25_raw
pusht,lewm_25,main,Perturbed 2,140,lewm_25,60,115,52.17391304347826,31,115,26.956521739130434,19,115,16.52173913043478,13,13,100,12,13,92.3076923076923,12,13,92.3076923076923,1,13,7.6923076923076925,,,,,,,released_plan25_execute25_raw
pusht,lewm_25,main,Perturbed,140,lewm_25,122,232,52.58620689655172,65,232,28.017241379310345,43,232,18.53448275862069,22,24,91.66666666666667,20,24,83.33333333333333,18,24,75,3,24,12.5,,,,,,,released_plan25_execute25_raw
reacher,lewm_25,main,Standard,150,lewm_25,0,43,0,0,43,0,0,43,0,75,85,88.23529411764706,74,85,87.05882352941177,72,85,84.70588235294117,6,85,7.0588235294117645,,,,,,,released_plan25_execute25_raw
reacher,lewm_25,main,Perturbed 1,150,lewm_25,0,39,0,0,39,0,0,39,0,82,88,93.18181818181819,81,88,92.04545454545455,77,88,87.5,5,88,5.681818181818182,,,,,,,released_plan25_execute25_raw
reacher,lewm_25,main,Perturbed 2,150,lewm_25,0,41,0,0,41,0,0,41,0,81,85,95.29411764705883,76,85,89.41176470588235,71,85,83.52941176470588,8,85,9.411764705882353,,,,,,,released_plan25_execute25_raw
reacher,lewm_25,main,Perturbed,150,lewm_25,0,80,0,0,80,0,0,80,0,163,173,94.21965317919076,157,173,90.7514450867052,148,173,85.54913294797687,13,173,7.514450867052023,,,,,,,released_plan25_execute25_raw
tworoom,lewm_25,main,Standard,100,lewm_25,0,106,0,0,106,0,0,106,0,17,22,77.27272727272727,15,22,68.18181818181819,7,22,31.818181818181817,5,22,22.727272727272727,,,,,,,released_plan25_execute25_raw
tworoom,lewm_25,main,Perturbed 1,100,lewm_25,0,110,0,0,110,0,0,110,0,12,18,66.66666666666667,10,18,55.55555555555556,7,18,38.888888888888886,5,18,27.77777777777778,,,,,,,released_plan25_execute25_raw
tworoom,lewm_25,main,Perturbed 2,100,lewm_25,0,103,0,0,103,0,0,103,0,19,25,76,12,25,48,7,25,28,4,25,16,,,,,,,released_plan25_execute25_raw
tworoom,lewm_25,main,Perturbed,100,lewm_25,0,213,0,0,213,0,0,213,0,31,43,72.09302325581395,22,43,51.16279069767442,14,43,32.55813953488372,9,43,20.930232558139537,,,,,,,released_plan25_execute25_raw
