task,query_ordinal,condition,predictor_error,displacement_error,predictor_regret,displacement_regret,direct_regret
cube,0,clean,9.979339599609375,77.1231460571289,0.0,8.683570861816406,8.683570861816406
cube,0,prefix_a,5.351666450500488,87.42234802246094,21.741912841796875,4.393245697021484,4.393245697021484
cube,0,prefix_b,7.698698043823242,130.71981811523438,0.0,34.90705871582031,0.0
cube,1,clean,1.4836082458496094,7.65311336517334,0.0,0.0,54.9251708984375
cube,1,prefix_a,1.896272897720337,6.740370750427246,3.1934967041015625,3.78558349609375,4.5044708251953125
cube,1,prefix_b,1.5071243047714233,6.280778884887695,0.0,0.0,42.69334030151367
cube,2,clean,57.793418884277344,65.86502075195312,99.60777282714844,99.60777282714844,99.60777282714844
cube,2,prefix_a,143.93560791015625,132.266845703125,0.0,0.0,0.0
cube,2,prefix_b,48.08967590332031,39.92498779296875,0.0,0.0,0.0
cube,3,clean,0.5004906058311462,3.7498252391815186,0.0,6.582145690917969,0.0
cube,3,prefix_a,1.1826655864715576,5.058856964111328,0.0,0.0,0.0
cube,3,prefix_b,0.7097845077514648,5.454305171966553,0.0,9.185749053955078,5.872753143310547
cube,4,clean,4.749184608459473,52.7380485534668,0.0,0.0,0.0
cube,4,prefix_a,4.946365833282471,65.54962921142578,0.0,8.457176208496094,8.457176208496094
cube,4,prefix_b,304.1076965332031,392.8023986816406,1.9817657470703125,0.0,0.0
cube,5,clean,42.75140380859375,37.73222732543945,0.0,0.0,0.0
cube,5,prefix_a,81.11215209960938,50.03813934326172,89.08331298828125,89.08331298828125,89.08331298828125
cube,5,prefix_b,32.58566665649414,19.077163696289062,0.6208953857421875,0.6208953857421875,0.6208953857421875
cube,6,clean,0.6153752207756042,2.127371311187744,0.0,0.7069816589355469,1.0081367492675781
cube,6,prefix_a,0.6285384893417358,1.643479347229004,0.0,1.2695083618164062,3.1748123168945312
cube,6,prefix_b,3.7777719497680664,10.303576469421387,0.6795921325683594,1.5499801635742188,3.103160858154297
cube,7,clean,1.0548394918441772,23.49830436706543,0.0,0.0,0.0
cube,7,prefix_a,1.8102606534957886,28.39800262451172,0.0,5.049308776855469,5.049308776855469
cube,7,prefix_b,1.0201160907745361,8.248698234558105,0.0,4.53829288482666,16.23649501800537
cube,8,clean,0.6723899841308594,111.16984558105469,0.0,30.81372833251953,27.624359130859375
cube,8,prefix_a,358.6783447265625,432.8301696777344,5.93914794921875,7.80889892578125,7.80889892578125
cube,8,prefix_b,3.003467082977295,42.92814636230469,0.0,0.0,0.0
cube,9,clean,4.210849761962891,12.301689147949219,8.614437103271484,8.614437103271484,0.1418771743774414
cube,9,prefix_a,2.330944061279297,13.763490676879883,0.0,5.07781982421875,5.07781982421875
cube,9,prefix_b,1.1220951080322266,4.025546550750732,0.0,0.0,0.0
cube,10,clean,9.474905967712402,23.243865966796875,0.0,0.0,35.741943359375
cube,10,prefix_a,29.335691452026367,34.06206512451172,58.359893798828125,58.359893798828125,72.67320251464844
cube,10,prefix_b,30.63333511352539,42.93986892700195,41.40758514404297,16.962791442871094,15.347129821777344
cube,11,clean,39.610374450683594,28.260173797607422,4.4617919921875,0.0,9.846023559570312
cube,11,prefix_a,3.0233097076416016,7.89314079284668,9.04180908203125,0.0,0.36193084716796875
cube,11,prefix_b,0.811110258102417,29.25281524658203,0.0,5.7335205078125,0.0
cube,12,clean,9.654054641723633,43.25465393066406,0.0,0.0,37.04915237426758
cube,12,prefix_a,52.622886657714844,57.70733642578125,0.0,14.476486206054688,14.476486206054688
cube,12,prefix_b,8.751505851745605,17.509632110595703,0.0,6.6708984375,6.6708984375
cube,13,clean,2.1303999423980713,15.944578170776367,0.0,6.5888671875,10.320640563964844
cube,13,prefix_a,29.92376708984375,35.063045501708984,6.066570281982422,0.0,17.355716705322266
cube,13,prefix_b,4.813374042510986,18.6270751953125,0.3843536376953125,0.0,17.586952209472656
cube,14,clean,4.243705749511719,153.1141815185547,0.0,0.0,0.0
cube,14,prefix_a,306.9683837890625,399.5594482421875,0.0,1.324432373046875,1.324432373046875
cube,14,prefix_b,5.198544502258301,179.04537963867188,0.0,0.0,0.0
cube,15,clean,122.6570053100586,91.84004211425781,0.0,9.979141235351562,0.0
cube,15,prefix_a,6.180840969085693,9.525260925292969,5.68280029296875,0.0,9.677101135253906
cube,15,prefix_b,12.989213943481445,22.874000549316406,1.5347442626953125,3.2536773681640625,3.59027099609375
cube,16,clean,4.541306495666504,142.29803466796875,0.0,0.0,0.0
cube,16,prefix_a,12.17613410949707,17.938005447387695,0.0,11.550758361816406,13.901573181152344
cube,16,prefix_b,8.72163200378418,197.935791015625,0.0,31.15814208984375,31.15814208984375
cube,17,clean,5.547842979431152,9.357728958129883,0.0,2.22088623046875,5.998771667480469
cube,17,prefix_a,1.9533271789550781,13.17072868347168,0.0,16.799488067626953,22.436687469482422
cube,17,prefix_b,2.1346263885498047,11.599401473999023,20.7332763671875,5.480255126953125,13.531173706054688
cube,18,clean,2.62624454498291,6.9975996017456055,3.9899959564208984,0.0,0.0
cube,18,prefix_a,1.3490028381347656,10.738214492797852,0.0,0.0,9.7264404296875
cube,18,prefix_b,1.2037672996520996,19.00257110595703,0.0,0.0,14.154769897460938
cube,19,clean,3.7734928131103516,69.33134460449219,0.0,0.0,0.0
cube,19,prefix_a,5.471749782562256,63.20058822631836,0.0,4.627774238586426,4.627774238586426
cube,19,prefix_b,3.6889569759368896,72.69664764404297,0.0,0.0,0.0
cube,20,clean,2.178328037261963,15.157194137573242,4.857933044433594,36.59100341796875,36.59100341796875
cube,20,prefix_a,1.0384156703948975,5.0481977462768555,2.0428543090820312,1.2613754272460938,2.0428543090820312
cube,20,prefix_b,6.33933687210083,32.87537384033203,0.0,0.0,25.29718017578125
cube,21,clean,15.949997901916504,53.513458251953125,15.887344360351562,15.887344360351562,15.887344360351562
cube,21,prefix_a,57.149776458740234,160.17514038085938,20.420265197753906,20.420265197753906,20.420265197753906
cube,21,prefix_b,112.77767944335938,248.3500518798828,27.069007873535156,27.069007873535156,27.069007873535156
cube,22,clean,0.8605115413665771,4.5672407150268555,0.0,0.0,0.0
cube,22,prefix_a,4.050789833068848,17.713214874267578,0.0,20.98999786376953,8.792808532714844
cube,22,prefix_b,1.39617919921875,53.914703369140625,1.277486801147461,1.277486801147461,1.277486801147461
cube,23,clean,0.9941984415054321,5.305114269256592,1.8470191955566406,3.3954086303710938,1.2154769897460938
cube,23,prefix_a,0.6942031383514404,5.474720001220703,0.2646484375,3.5296249389648438,0.0
cube,23,prefix_b,10.967738151550293,15.733755111694336,10.280532836914062,10.280532836914062,13.760658264160156
cube,24,clean,1.0724010467529297,5.638973236083984,0.0,2.8444557189941406,8.48415756225586
cube,24,prefix_a,13.986164093017578,23.904720306396484,0.0,7.026662826538086,7.026662826538086
cube,24,prefix_b,6.126903057098389,9.855538368225098,0.0,32.213134765625,32.213134765625
cube,25,clean,2.825094223022461,13.482994079589844,2.043651580810547,2.043651580810547,5.841192245483398
cube,25,prefix_a,6.504910469055176,14.838321685791016,0.0,0.0,0.0
cube,25,prefix_b,1.8000354766845703,105.9236831665039,0.0,0.0,0.0
cube,26,clean,0.8026314377784729,83.40162658691406,0.0,1.1388545036315918,1.1388545036315918
cube,26,prefix_a,2.800349235534668,11.975509643554688,0.0,4.6910552978515625,7.6300811767578125
cube,26,prefix_b,100.38938903808594,89.59274291992188,0.0,0.0,6.321449279785156
cube,27,clean,1.3209418058395386,16.765010833740234,0.0,11.057601928710938,11.057601928710938
cube,27,prefix_a,2.33200740814209,20.427940368652344,7.9695892333984375,28.1912841796875,28.1912841796875
cube,27,prefix_b,3.6479716300964355,14.321931838989258,18.231101989746094,10.708961486816406,13.459236145019531
cube,28,clean,2.599970817565918,38.17934036254883,0.0,0.0,0.0
cube,28,prefix_a,381.386962890625,406.7945556640625,0.0,0.154022216796875,0.154022216796875
cube,28,prefix_b,366.67962646484375,359.3120422363281,25.615570068359375,28.1636962890625,28.1636962890625
cube,29,clean,1.7003717422485352,10.997653007507324,2.08038330078125,8.56121826171875,43.049278259277344
cube,29,prefix_a,0.9045689105987549,4.5425519943237305,3.624908447265625,0.0,13.937469482421875
cube,29,prefix_b,1.1098206043243408,4.733259201049805,2.0109100341796875,5.1297149658203125,14.83349609375
cube,30,clean,0.6233049631118774,5.0790510177612305,0.0,1.4348831176757812,1.4348831176757812
cube,30,prefix_a,0.8204978108406067,4.500304698944092,0.0,10.876544952392578,10.876544952392578
cube,30,prefix_b,1.151825189590454,5.816701889038086,0.3234138488769531,0.3234138488769531,2.0179443359375
cube,31,clean,0.4735468626022339,29.740034103393555,0.0,0.0,0.0
cube,31,prefix_a,16.650028228759766,37.982486724853516,10.874824523925781,10.874824523925781,10.874824523925781
cube,31,prefix_b,5.521272659301758,10.33218765258789,0.0,0.0,0.0
cube,32,clean,2.1149544715881348,140.07359313964844,0.0,0.47882843017578125,0.47882843017578125
cube,32,prefix_a,1.5351858139038086,99.94010162353516,0.0,1.111532211303711,1.111532211303711
cube,32,prefix_b,3.4270262718200684,124.1068115234375,0.0,0.3493080139160156,0.3493080139160156
cube,33,clean,1.0436079502105713,76.77328491210938,4.93927001953125,4.93927001953125,4.93927001953125
cube,33,prefix_a,3.1711573600769043,90.4367904663086,0.0,0.0,73.071044921875
cube,33,prefix_b,1.67563796043396,161.19058227539062,0.0,0.0,0.0
cube,34,clean,2.7706966400146484,55.019378662109375,0.0,0.0,0.0
cube,34,prefix_a,11.125238418579102,90.38236999511719,4.300176620483398,4.300176620483398,4.300176620483398
cube,34,prefix_b,10.888891220092773,104.51547241210938,0.0,0.0,0.0
cube,35,clean,12.04169750213623,19.28465461730957,18.945144653320312,8.774269104003906,8.119064331054688
cube,35,prefix_a,1.3135194778442383,29.860036849975586,0.0,0.0,0.0
cube,35,prefix_b,1.3646225929260254,9.845794677734375,0.0,3.2730789184570312,13.280803680419922
cube,36,clean,7.773749828338623,71.02439880371094,0.0,14.85078239440918,14.85078239440918
cube,36,prefix_a,6.4795379638671875,200.87594604492188,0.0,0.0,0.0
cube,36,prefix_b,219.99319458007812,222.850341796875,0.7766571044921875,1.480072021484375,0.239776611328125
cube,37,clean,1.3157978057861328,25.666751861572266,0.6744041442871094,4.596920013427734,1.0853538513183594
cube,37,prefix_a,215.6497802734375,230.76162719726562,44.603515625,15.0947265625,44.603515625
cube,37,prefix_b,1.058854579925537,37.15110778808594,0.0,0.0,33.5556697845459
cube,38,clean,2.3934335708618164,6.974947929382324,0.8333220481872559,0.0,0.0
cube,38,prefix_a,2.2916042804718018,18.7565975189209,0.0,0.0,0.0
cube,38,prefix_b,7.458044052124023,185.40403747558594,0.0,64.30151748657227,61.83864212036133
cube,39,clean,0.6426088809967041,2.290863037109375,0.0,0.0,2.5048294067382812
cube,39,prefix_a,1.238853931427002,4.160782814025879,0.0,5.6461334228515625,20.76433563232422
cube,39,prefix_b,0.5770943760871887,2.4379122257232666,0.1153564453125,0.1153564453125,6.648780822753906
cube,40,clean,22.18876838684082,44.13091278076172,0.0,7.912017822265625,7.912017822265625
cube,40,prefix_a,3.177403450012207,59.13746643066406,9.592845916748047,9.592845916748047,9.592845916748047
cube,40,prefix_b,38.448402404785156,14.882122993469238,0.0,2.255279541015625,7.02410888671875
cube,41,clean,26.236366271972656,35.672889709472656,99.17683410644531,1.4521102905273438,64.2200927734375
cube,41,prefix_a,8.272407531738281,12.86197280883789,3.2105560302734375,3.2105560302734375,24.306983947753906
cube,41,prefix_b,22.386566162109375,22.40921974182129,93.71432495117188,0.5749893188476562,0.5749893188476562
cube,42,clean,0.9804127216339111,12.975849151611328,0.5570030212402344,2.8483591079711914,6.393346786499023
cube,42,prefix_a,4.472146511077881,12.041595458984375,0.0,0.0,0.0
cube,42,prefix_b,409.40704345703125,418.42962646484375,7.1982421875,25.75579833984375,23.048919677734375
cube,44,clean,18.6663761138916,15.768196105957031,0.0,0.0,1.8084564208984375
cube,44,prefix_a,4.407963752746582,9.743621826171875,6.647520065307617,6.647520065307617,6.968990325927734
cube,44,prefix_b,2.087658405303955,6.1810150146484375,0.0,0.0,0.0
cube,45,clean,2.5246031284332275,6.659183502197266,0.0,0.0,0.0
cube,45,prefix_a,1.2067164182662964,7.658294200897217,0.0,0.0,3.33090877532959
cube,45,prefix_b,0.8408819437026978,68.32259368896484,0.0,0.0,0.0
cube,46,clean,2.410499095916748,52.86188507080078,2.5043411254882812,17.51801300048828,0.0
cube,46,prefix_a,2.3640265464782715,25.233469009399414,0.0,0.0,5.530036926269531
cube,46,prefix_b,3.667062759399414,91.41535949707031,0.0,41.083251953125,41.083251953125
cube,47,clean,2.126751184463501,11.407807350158691,15.167741775512695,15.167741775512695,22.53818702697754
cube,47,prefix_a,47.03989791870117,45.38960266113281,9.156429290771484,9.156429290771484,9.156429290771484
cube,47,prefix_b,7.644165515899658,20.898706436157227,2.4277191162109375,1.149871826171875,35.634437561035156
cube,48,clean,1.9416855573654175,13.300606727600098,1.8337821960449219,1.8337821960449219,7.240760803222656
cube,48,prefix_a,7.462648868560791,34.590118408203125,0.0,42.93840026855469,25.26715850830078
cube,48,prefix_b,34.63630294799805,69.69110107421875,7.943199157714844,269.4056930541992,48.59703826904297
cube,49,clean,1.0787155628204346,3.6713016033172607,0.0,0.0,0.0
cube,49,prefix_a,0.9751530885696411,3.5179972648620605,0.0,0.0,0.0
cube,49,prefix_b,2.364321231842041,4.049805164337158,0.0,0.0,0.0
cube,50,clean,4.420629501342773,14.437192916870117,0.0,0.0,0.0
cube,50,prefix_a,2.1538217067718506,4.599867343902588,0.0,0.0,0.0
cube,50,prefix_b,42.24048614501953,23.7025146484375,0.0,6.588691711425781,6.588691711425781
cube,51,clean,1.859108567237854,120.08816528320312,0.0,0.0,0.0
cube,51,prefix_a,2.815171241760254,146.90342712402344,16.141021728515625,0.0,0.0
cube,51,prefix_b,398.697998046875,400.492431640625,3.584686279296875,0.0,2.453826904296875
cube,52,clean,4.668954849243164,14.942558288574219,0.0,0.08002471923828125,0.0
cube,52,prefix_a,4.325638771057129,26.811992645263672,0.0,14.093429565429688,0.0
cube,52,prefix_b,3.713339328765869,14.602540016174316,0.20041656494140625,0.0,2.6366310119628906
cube,53,clean,0.7648494243621826,1.772254467010498,0.0,5.9862060546875,0.0
cube,53,prefix_a,1.1162914037704468,4.490851402282715,2.380645751953125,2.7572784423828125,2.380645751953125
cube,53,prefix_b,4.826676845550537,18.552284240722656,0.0,17.381622314453125,0.0
cube,54,clean,1.3714184761047363,12.596199035644531,0.0,9.560722351074219,0.0
cube,54,prefix_a,4.404547691345215,30.13498306274414,0.004142343997955322,30.741029500961304,0.004142343997955322
cube,54,prefix_b,73.10960388183594,67.97781372070312,66.3800048828125,66.3800048828125,66.3800048828125
cube,55,clean,1.8863343000411987,10.488981246948242,0.0,0.0,0.0
cube,55,prefix_a,5.618426322937012,16.47250747680664,15.465156555175781,0.0,5.251197814941406
cube,55,prefix_b,57.67593002319336,45.57902145385742,28.156768798828125,20.0570068359375,19.12371826171875
cube,56,clean,0.3927616477012634,1.8824841976165771,1.4944915771484375,4.7963714599609375,1.4944915771484375
cube,56,prefix_a,0.48086729645729065,3.3588099479675293,2.0121994018554688,1.01409912109375,2.0121994018554688
cube,56,prefix_b,0.7990485429763794,2.9620184898376465,0.0696868896484375,2.836944580078125,3.066986083984375
cube,57,clean,0.3340882360935211,1.4557571411132812,0.0,0.0,3.586244583129883
cube,57,prefix_a,28.226924896240234,74.0038833618164,0.0,0.0,2.3876595497131348
cube,57,prefix_b,32.51425552368164,74.15061950683594,0.0,1.9238166809082031,1.4950504302978516
cube,58,clean,1.051622748374939,6.708963394165039,0.0,4.694580078125,19.375564575195312
cube,58,prefix_a,40.55454635620117,78.44940185546875,120.46039581298828,145.60735321044922,4.998649597167969
cube,58,prefix_b,0.7686066627502441,3.980487585067749,0.0,0.0,3.9797134399414062
cube,59,clean,4.024044990539551,10.230232238769531,0.0,7.058450698852539,14.701349258422852
cube,59,prefix_a,1.112352967262268,33.23988723754883,6.910823822021484,1.9806556701660156,13.152839660644531
cube,59,prefix_b,1.1458888053894043,33.973201751708984,0.0,0.0,9.37405014038086
cube,60,clean,44.60221481323242,33.68878173828125,0.0,0.283538818359375,0.283538818359375
cube,60,prefix_a,4.088674545288086,18.20651626586914,0.0,2.735027313232422,11.503971099853516
cube,60,prefix_b,0.7974854707717896,14.928953170776367,0.9374427795410156,0.9374427795410156,13.30636215209961
cube,61,clean,0.45679759979248047,3.9724419116973877,1.8029632568359375,0.6980438232421875,1.1603851318359375
cube,61,prefix_a,0.971776008605957,8.281610488891602,0.0,0.0,9.29803466796875
cube,61,prefix_b,4.073836326599121,5.889472484588623,0.0,5.133720397949219,5.133720397949219
cube,62,clean,1.7037041187286377,4.931731224060059,1.748779296875,4.768775939941406,0.0
cube,62,prefix_a,5.491536617279053,9.43203067779541,0.0,9.719078063964844,0.5138320922851562
cube,62,prefix_b,1.057077407836914,3.6066794395446777,1.6891555786132812,1.6891555786132812,3.6424713134765625
cube,63,clean,1.2760610580444336,14.91714859008789,0.0,0.0,0.0
cube,63,prefix_a,7.831777572631836,8.504572868347168,0.0,0.0,19.74279022216797
cube,63,prefix_b,2.0964810848236084,4.768203258514404,0.0,0.0,9.360321998596191
cube,64,clean,4.151153087615967,12.202101707458496,0.0,0.0,4.139892578125
cube,64,prefix_a,206.37721252441406,215.3035888671875,68.14163208007812,68.14163208007812,68.14163208007812
cube,64,prefix_b,2.7408602237701416,21.286968231201172,0.0,0.0,8.829742431640625
cube,65,clean,20.677967071533203,140.70343017578125,0.0,0.0,0.0
cube,65,prefix_a,3.1817479133605957,76.4247817993164,0.0,0.0,0.0
cube,65,prefix_b,15.762040138244629,156.61392211914062,0.0,0.0,0.0
cube,66,clean,5.775031089782715,43.154605865478516,0.0,0.0,0.0
cube,66,prefix_a,338.6805725097656,433.40802001953125,20.9444580078125,19.573822021484375,19.573822021484375
cube,66,prefix_b,7.562556743621826,194.3667449951172,0.0,0.0,0.0
cube,67,clean,2.120576858520508,93.8921890258789,0.0,0.0,0.0
cube,67,prefix_a,6.266415596008301,76.31798553466797,0.0,0.0,0.0
cube,67,prefix_b,4.45189094543457,13.06814193725586,0.0,12.191291809082031,0.0
cube,68,clean,5.087278366088867,19.406524658203125,0.0,19.65969467163086,13.78439712524414
cube,68,prefix_a,5.5527544021606445,27.55722427368164,0.0,0.0,27.07854461669922
cube,68,prefix_b,4.069069862365723,49.68196105957031,0.0,0.0,27.255447387695312
cube,69,clean,1.8670144081115723,7.683783054351807,0.0,4.2820892333984375,1.8992900848388672
cube,69,prefix_a,4.218690395355225,8.792129516601562,0.0,2.0246543884277344,11.502494812011719
cube,69,prefix_b,9.66026496887207,17.249305725097656,2.2183303833007812,2.2183303833007812,24.432220458984375
cube,70,clean,2.776028633117676,34.700233459472656,2.1712722778320312,0.0,0.0
cube,70,prefix_a,1.4467891454696655,4.576547145843506,1.0518455505371094,0.0,3.8665084838867188
cube,70,prefix_b,7.808352470397949,21.10087013244629,0.0,0.0,0.0
cube,71,clean,1.4085676670074463,82.9969711303711,0.0,4.975480556488037,4.975480556488037
cube,71,prefix_a,279.7187805175781,278.1121520996094,0.0,2.929473876953125,4.077606201171875
cube,71,prefix_b,9.276768684387207,136.59852600097656,2.1306686401367188,2.1306686401367188,2.1306686401367188
cube,72,clean,0.7518501281738281,4.772025108337402,0.0,0.0,5.2798919677734375
cube,72,prefix_a,2.8301525115966797,5.977056503295898,1.801361083984375,0.0,16.271255493164062
cube,72,prefix_b,4.0829243659973145,7.1483941078186035,0.0,3.7580223083496094,3.7580223083496094
cube,73,clean,2.9043188095092773,9.117815017700195,0.0,0.0,29.65212631225586
cube,73,prefix_a,56.907264709472656,66.80827331542969,47.67510986328125,47.67510986328125,18.20269775390625
cube,73,prefix_b,7.833225727081299,8.82672119140625,0.0,0.0,7.770027160644531
cube,74,clean,0.6611618995666504,3.981668710708618,0.0,18.671049118041992,18.671049118041992
cube,74,prefix_a,67.21844482421875,89.22772216796875,55.797752380371094,43.142005920410156,43.142005920410156
cube,74,prefix_b,34.889644622802734,58.18229293823242,210.18181610107422,0.0,81.35367584228516
cube,75,clean,2.913591146469116,9.631612777709961,12.778457641601562,3.3353118896484375,3.3353118896484375
cube,75,prefix_a,2.6870954036712646,20.646236419677734,2.5307464599609375,2.5307464599609375,2.5307464599609375
cube,75,prefix_b,14.424633026123047,33.88932418823242,3.413595199584961,0.0,5.915582656860352
cube,76,clean,3.630920648574829,32.80078125,0.0,43.607017517089844,69.94658660888672
cube,76,prefix_a,3.2092034816741943,9.67078685760498,0.0,1.3773574829101562,1.3773574829101562
cube,76,prefix_b,11.129886627197266,32.3765754699707,0.0,5.530834197998047,16.93349838256836
cube,77,clean,0.8580427169799805,13.350509643554688,0.7753105163574219,4.143827438354492,0.7753105163574219
cube,77,prefix_a,5.420833587646484,6.264825820922852,7.394309997558594,0.0,0.0
cube,77,prefix_b,228.37632751464844,239.2924346923828,0.0,1.5315399169921875,1.5315399169921875
cube,78,clean,2.5842220783233643,77.12567138671875,0.0,2.9503283500671387,2.9503283500671387
cube,78,prefix_a,1.8163676261901855,64.19617462158203,0.0,0.0,0.0
cube,78,prefix_b,353.415283203125,406.009033203125,2.1639404296875,2.1639404296875,2.1639404296875
cube,79,clean,7.039813041687012,24.419490814208984,4.7250823974609375,18.728622436523438,29.241470336914062
cube,79,prefix_a,44.15424346923828,85.73057556152344,9.278621673583984,87.63261795043945,198.22615432739258
cube,79,prefix_b,1.729019284248352,12.269546508789062,0.0,6.51531982421875,15.77960205078125
cube,80,clean,39.40773010253906,59.92375183105469,0.23029232025146484,0.0,0.23029232025146484
cube,80,prefix_a,23.85640525817871,35.560665130615234,0.0,2.9825706481933594,0.0
cube,80,prefix_b,21.704769134521484,33.192108154296875,0.0,47.51871681213379,79.83893775939941
cube,81,clean,0.7248451709747314,2.220775604248047,0.0,0.0,0.0
cube,81,prefix_a,0.9215743541717529,2.6547751426696777,1.3166046142578125,1.48297119140625,5.091648101806641
cube,81,prefix_b,4.699659824371338,12.611377716064453,2.378143310546875,0.0,0.0
cube,82,clean,1.0619581937789917,2.714932918548584,0.22861480712890625,0.00505828857421875,0.9719696044921875
cube,82,prefix_a,1.3579607009887695,3.1863222122192383,1.2062149047851562,0.4583282470703125,1.4689369201660156
cube,82,prefix_b,1.1477985382080078,3.052704334259033,0.0,0.0,2.452960968017578
cube,83,clean,3.90230393409729,15.868900299072266,0.0,0.0,0.0
cube,83,prefix_a,1.3898085355758667,9.458812713623047,0.0,13.5927734375,0.0
cube,83,prefix_b,2.288177251815796,9.637880325317383,0.0,0.0,0.0
cube,84,clean,1.7238949537277222,7.483067512512207,0.0,12.005378723144531,46.2320556640625
cube,84,prefix_a,2.4379217624664307,7.413076400756836,1.1087799072265625,0.0,9.323326110839844
cube,84,prefix_b,44.05381774902344,114.36348724365234,23.176513671875,23.176513671875,96.91122436523438
cube,85,clean,7.504493713378906,11.825386047363281,0.27789306640625,21.16559600830078,8.04437255859375
cube,85,prefix_a,3.326364040374756,9.599774360656738,0.0,18.20616912841797,6.741180419921875
cube,85,prefix_b,38.35874938964844,36.270729064941406,2.2526092529296875,17.74449920654297,17.74449920654297
cube,86,clean,0.7231920957565308,67.36019897460938,0.0,0.0,0.0
cube,86,prefix_a,11.954587936401367,28.563194274902344,0.0,1.1447372436523438,10.857101440429688
cube,86,prefix_b,4.000950813293457,10.664754867553711,12.965286254882812,12.965286254882812,0.0
cube,87,clean,1.0988388061523438,7.098520278930664,0.0,0.0,0.0
cube,87,prefix_a,3.0821919441223145,10.497627258300781,0.0,0.0,0.0
cube,87,prefix_b,1.0867161750793457,8.601858139038086,0.0,0.960078239440918,1.8299827575683594
cube,88,clean,1.1790801286697388,5.378520965576172,3.7791213989257812,2.9823341369628906,3.4024658203125
cube,88,prefix_a,0.9692537188529968,7.756689548492432,0.767974853515625,1.0382537841796875,1.1342544555664062
cube,88,prefix_b,1.2798027992248535,5.208873271942139,4.374652862548828,3.0729408264160156,4.529151916503906
cube,89,clean,3.04512882232666,98.07876586914062,0.0,22.92327117919922,22.92327117919922
cube,89,prefix_a,2.682253360748291,32.07050704956055,0.0,19.241012573242188,26.978904724121094
cube,89,prefix_b,10.334921836853027,115.44635009765625,24.99298095703125,24.99298095703125,24.99298095703125
cube,90,clean,56.32703399658203,59.49568176269531,145.24139404296875,0.0,129.00729370117188
cube,90,prefix_a,48.32164001464844,68.21577453613281,136.14981079101562,0.0,129.83975219726562
cube,90,prefix_b,33.43702697753906,23.495325088500977,0.0,0.0,8.528030395507812
cube,91,clean,7.517146110534668,16.501293182373047,9.965957641601562,9.965957641601562,30.581832885742188
cube,91,prefix_a,0.6560101509094238,78.34072875976562,0.0,0.798828125,0.798828125
cube,91,prefix_b,1.5760599374771118,109.51058959960938,0.0,5.9212493896484375,5.9212493896484375
cube,92,clean,4.752209663391113,199.10467529296875,3.6625595092773438,19.116310119628906,19.116310119628906
cube,92,prefix_a,3.0191779136657715,88.60135650634766,0.0,0.0,0.0
cube,92,prefix_b,14.629703521728516,98.28569030761719,0.0,0.0,0.0
cube,93,clean,1.210709810256958,5.537592887878418,0.3740196228027344,0.9186782836914062,0.9186782836914062
cube,93,prefix_a,2.0125277042388916,21.453414916992188,0.0,43.04888153076172,43.04888153076172
cube,93,prefix_b,1.6972994804382324,10.443634033203125,0.0,11.372116088867188,11.372116088867188
cube,94,clean,1.263330340385437,2.7695679664611816,2.1778271198272705,2.1778271198272705,1.3163230419158936
cube,94,prefix_a,65.3196792602539,35.67103958129883,48.13323974609375,48.13323974609375,48.13323974609375
cube,94,prefix_b,0.6199198961257935,3.023512125015259,0.0,1.2571659088134766,1.2571659088134766
cube,95,clean,0.8236910104751587,1.7930583953857422,0.0,1.1757354736328125,0.8592262268066406
cube,95,prefix_a,1.0093427896499634,1.9178303480148315,0.08137893676757812,0.7031593322753906,0.06593704223632812
cube,95,prefix_b,0.5800947546958923,2.630333423614502,2.923351287841797,2.759784698486328,4.794090270996094
cube,96,clean,9.316519737243652,17.691600799560547,0.0,6.077020168304443,3.2919650077819824
cube,96,prefix_a,11.212333679199219,8.832037925720215,20.564403533935547,0.0,9.074287414550781
cube,96,prefix_b,4.397837162017822,20.358837127685547,0.0,16.832931518554688,30.83330535888672
cube,97,clean,4.465922832489014,12.251285552978516,3.4061660766601562,6.347015380859375,3.4061660766601562
cube,97,prefix_a,1.6495712995529175,13.720364570617676,0.0,0.0,0.0
cube,97,prefix_b,49.5406494140625,81.55143737792969,0.0,40.731658935546875,12.556594848632812
cube,98,clean,1.958341121673584,62.47969055175781,0.0,17.831125259399414,17.831125259399414
cube,98,prefix_a,2.3766496181488037,84.09809112548828,0.0,0.0,0.0
cube,98,prefix_b,348.5037841796875,336.14794921875,13.076568603515625,5.087066650390625,5.087066650390625
cube,99,clean,2.3115525245666504,81.86209106445312,0.0,42.49423599243164,11.374137878417969
cube,99,prefix_a,42.287471771240234,82.81973266601562,1.5706024169921875,51.70965576171875,42.04649353027344
cube,99,prefix_b,29.434005737304688,31.717689514160156,7.425756454467773,0.0,8.223106384277344
cube,100,clean,4.857229709625244,73.10208892822266,0.0,8.65805435180664,8.65805435180664
cube,100,prefix_a,5.113781929016113,94.41006469726562,0.0,10.716495513916016,0.0
cube,100,prefix_b,6.3409528732299805,42.724510192871094,1.5771980285644531,1.5771980285644531,1.5771980285644531
cube,101,clean,29.971906661987305,21.79635238647461,9.9859619140625,13.689773559570312,24.811935424804688
cube,101,prefix_a,21.764270782470703,38.82829666137695,6.095789909362793,0.0,0.0
cube,101,prefix_b,20.798900604248047,20.97732925415039,2.077066421508789,2.077066421508789,9.595815658569336
cube,102,clean,2.2555782794952393,5.04921293258667,0.0,0.0,0.0
cube,102,prefix_a,5.013110637664795,24.171920776367188,0.0,16.093536376953125,16.093536376953125
cube,102,prefix_b,1.3263936042785645,8.216238021850586,0.0,44.14701843261719,37.51042175292969
cube,103,clean,12.608168601989746,9.815217018127441,3.376800537109375,3.376800537109375,3.376800537109375
cube,103,prefix_a,37.334739685058594,43.81207275390625,51.08680725097656,2.660125732421875,52.87652587890625
cube,103,prefix_b,1.117863416671753,13.36146068572998,0.0,0.0,30.105297088623047
cube,104,clean,2.8005194664001465,94.36962890625,0.0,0.0,0.0
cube,104,prefix_a,366.49786376953125,382.6466064453125,0.0,0.0,0.0
cube,104,prefix_b,370.18524169921875,400.53826904296875,6.08026123046875,6.08026123046875,6.08026123046875
cube,105,clean,0.5721684694290161,4.356391429901123,0.0,0.0,0.271697998046875
cube,105,prefix_a,0.5252862572669983,4.481453895568848,2.387054443359375,0.0,2.4866180419921875
cube,105,prefix_b,0.44837409257888794,4.693004608154297,0.0,0.0,0.75152587890625
cube,106,clean,0.8159590363502502,40.60548400878906,0.0,0.0,10.287738800048828
cube,106,prefix_a,5.1371378898620605,41.36542892456055,0.0,3.207240104675293,3.207240104675293
cube,106,prefix_b,1.263169765472412,121.74945831298828,0.0,9.34503173828125,9.34503173828125
cube,107,clean,7.013607501983643,85.38448333740234,0.0,11.150466918945312,11.150466918945312
cube,107,prefix_a,379.819091796875,411.02923583984375,6.16925048828125,6.16925048828125,6.16925048828125
cube,107,prefix_b,8.108415603637695,67.96267700195312,7.262181282043457,7.262181282043457,7.262181282043457
cube,108,clean,1.7626612186431885,13.882533073425293,0.0,2.1040210723876953,2.1040210723876953
cube,108,prefix_a,97.09181213378906,71.83294677734375,112.12168884277344,76.98605346679688,93.12344360351562
cube,108,prefix_b,8.56856918334961,24.64502716064453,0.0,4.831707000732422,4.831707000732422
cube,109,clean,1.3343907594680786,77.9622573852539,2.2381439208984375,0.0,0.0
cube,109,prefix_a,360.8541259765625,390.8935546875,5.924560546875,5.924560546875,5.924560546875
cube,109,prefix_b,1.6011555194854736,90.10313415527344,0.0,26.961700439453125,26.961700439453125
cube,110,clean,1.2378318309783936,41.138919830322266,0.0,0.0,0.0
cube,110,prefix_a,0.4662783443927765,39.669090270996094,0.0,0.0,0.0
cube,110,prefix_b,1.377071499824524,15.71541976928711,0.0,7.296016693115234,0.0
cube,111,clean,1.764144778251648,6.6361470222473145,0.0,0.0,0.0
cube,111,prefix_a,0.3930214047431946,17.19036102294922,0.0,0.0,0.0
cube,111,prefix_b,16.405475616455078,10.563995361328125,6.315860748291016,19.099456787109375,0.0
cube,112,clean,3.0155014991760254,4.166940212249756,8.409675598144531,0.0,0.0
cube,112,prefix_a,3.769904613494873,12.864356994628906,0.0,8.12371826171875,8.12371826171875
cube,112,prefix_b,5.178912162780762,24.448894500732422,0.0,13.744293212890625,31.5946044921875
cube,113,clean,1.2874765396118164,5.462695121765137,3.651214599609375,5.106010437011719,3.308868408203125
cube,113,prefix_a,1.1140110492706299,5.492308139801025,1.0600357055664062,9.119171142578125,4.180206298828125
cube,113,prefix_b,1.2102323770523071,6.240509986877441,0.6949310302734375,0.0,1.5640106201171875
cube,114,clean,1.7889251708984375,61.402976989746094,0.0,0.0,8.18956184387207
cube,114,prefix_a,3.9630813598632812,125.66284942626953,0.0,24.229190826416016,30.399845123291016
cube,114,prefix_b,1.3123427629470825,6.9577131271362305,0.0,0.0,9.179220199584961
cube,115,clean,1.2569295167922974,32.3451042175293,7.1692352294921875,7.1692352294921875,5.811248779296875
cube,115,prefix_a,1.4916720390319824,16.673669815063477,0.0,0.0,20.460227966308594
cube,115,prefix_b,9.255756378173828,44.2952880859375,0.0,94.64393615722656,45.97816467285156
cube,116,clean,2.5768589973449707,20.415149688720703,0.0,3.4755630493164062,20.328025817871094
cube,116,prefix_a,4.8165693283081055,19.199079513549805,0.0,4.078529357910156,2.850860595703125
cube,116,prefix_b,26.37983512878418,50.38744354248047,37.22966003417969,27.121994018554688,27.121994018554688
cube,117,clean,1.3580855131149292,78.7763671875,0.0,0.0,0.0
cube,117,prefix_a,5.737786293029785,61.009124755859375,21.82543182373047,24.49274444580078,24.49274444580078
cube,117,prefix_b,3.1035122871398926,100.01009368896484,0.0,0.0,0.0
cube,118,clean,8.47950553894043,20.139530181884766,0.0,0.0,8.694619178771973
cube,118,prefix_a,1.0904409885406494,37.54167938232422,0.0,0.0,0.0
cube,118,prefix_b,3.8748130798339844,46.53387451171875,0.0,0.0,0.0
cube,119,clean,2.840341329574585,4.693573474884033,7.446006774902344,9.700723648071289,7.446006774902344
cube,119,prefix_a,24.293453216552734,25.116756439208984,0.0,0.0,15.444214820861816
cube,119,prefix_b,113.73442077636719,90.00950622558594,110.5404052734375,110.5404052734375,112.28421020507812
cube,120,clean,85.11067962646484,53.899776458740234,147.8257064819336,147.8257064819336,147.8257064819336
cube,120,prefix_a,27.71087646484375,17.995546340942383,0.0,0.2530632019042969,0.0
cube,120,prefix_b,81.5359115600586,57.26390075683594,132.71163940429688,132.71163940429688,132.71163940429688
cube,121,clean,2.225905179977417,19.350156784057617,3.3137893676757812,7.1917266845703125,7.001213073730469
cube,121,prefix_a,77.70123291015625,159.6897430419922,0.0,0.0,0.0
cube,121,prefix_b,1.6095492839813232,6.233920097351074,6.35296630859375,1.0964813232421875,6.5623779296875
cube,122,clean,5.55190372467041,8.384696006774902,0.0,10.089576721191406,24.49925994873047
cube,122,prefix_a,3.673847198486328,10.87479019165039,0.0,13.230323791503906,18.23883819580078
cube,122,prefix_b,67.41165161132812,63.70916748046875,0.0,0.0,182.85052490234375
cube,123,clean,4.239981651306152,19.3988037109375,0.8816375732421875,31.550750732421875,23.438034057617188
cube,123,prefix_a,15.494210243225098,43.47610092163086,0.0,0.0,7.202392578125
cube,123,prefix_b,0.8837990760803223,19.457204818725586,0.0,0.0,2.7146759033203125
cube,124,clean,6.607316017150879,147.07638549804688,0.0,0.0,0.0
cube,124,prefix_a,11.727219581604004,226.9805908203125,0.0,0.0,0.0
cube,124,prefix_b,8.51950454711914,181.54501342773438,0.0,42.153907775878906,0.0
cube,125,clean,2.863781213760376,65.06892395019531,0.0,14.69771957397461,14.69771957397461
cube,125,prefix_a,3.320955514907837,24.780834197998047,0.0,24.354873657226562,26.55364990234375
cube,125,prefix_b,282.9427185058594,366.6236877441406,11.897613525390625,11.897613525390625,11.897613525390625
cube,126,clean,1.9309749603271484,1.8997153043746948,0.0,0.0,4.274615287780762
cube,126,prefix_a,4.099309921264648,6.1238813400268555,0.0,1.3548355102539062,4.356010437011719
cube,126,prefix_b,3.100155830383301,10.146982192993164,2.728147506713867,2.728147506713867,2.728147506713867
cube,127,clean,7.104424953460693,19.67761993408203,0.0,20.5794677734375,25.951202392578125
cube,127,prefix_a,7.429871082305908,20.279605865478516,24.627151489257812,4.13958740234375,4.13958740234375
cube,127,prefix_b,4.645968914031982,14.581856727600098,5.2720947265625,36.96485900878906,17.872909545898438
pusht,0,clean,0.7232956886291504,1.0185714960098267,0.010424911975860596,0.010424911975860596,2.186715304851532
pusht,0,prefix_a,0.5365278124809265,1.2820639610290527,0.2388255000114441,0.0,3.751721739768982
pusht,0,prefix_b,0.5421723127365112,2.496674060821533,0.0,0.0,5.616307020187378
pusht,1,clean,0.9337527751922607,0.8677657842636108,0.0,0.13606715202331543,0.08995890617370605
pusht,1,prefix_a,0.8915587663650513,0.7337120771408081,0.060459256172180176,0.0,0.060459256172180176
pusht,1,prefix_b,1.1869962215423584,1.3753457069396973,0.0,0.0,0.38414621353149414
pusht,2,clean,1.190556526184082,0.6867694854736328,0.4601653814315796,0.4601653814315796,0.0
pusht,2,prefix_a,4.4971923828125,10.697517395019531,1.5798444747924805,1.5798444747924805,1.5798444747924805
pusht,2,prefix_b,3.1013479232788086,9.085925102233887,0.0,5.922041416168213,5.922041416168213
pusht,3,clean,0.7590066194534302,0.1039704978466034,0.06884405016899109,0.0005908310413360596,0.0
pusht,3,prefix_a,1.1782599687576294,0.3165062963962555,0.08572706580162048,0.01841232180595398,0.0
pusht,3,prefix_b,0.8486627340316772,0.7228506207466125,0.0,0.0,0.0
pusht,4,clean,0.6605556607246399,0.02960541471838951,0.0,0.0,0.0
pusht,4,prefix_a,0.6434414386749268,0.6786375045776367,0.027701377868652344,0.0,0.027701377868652344
pusht,4,prefix_b,1.010520339012146,0.7474673986434937,0.4036318063735962,0.0,0.4036318063735962
pusht,5,clean,0.870797872543335,2.2484302520751953,0.0,0.0,0.49315834045410156
pusht,5,prefix_a,1.0889700651168823,5.162686347961426,0.6191844940185547,0.6191844940185547,0.0
pusht,5,prefix_b,0.8285304307937622,0.567136824131012,0.0,0.0,2.049710988998413
pusht,6,clean,1.0789051055908203,1.6578553915023804,0.0,0.0,0.1286427229642868
pusht,6,prefix_a,2.08050274848938,13.539420127868652,0.0,10.300024032592773,10.300024032592773
pusht,6,prefix_b,6.449549198150635,23.54710578918457,0.0,2.91998291015625,2.1090126037597656
pusht,7,clean,0.9774527549743652,0.9299182295799255,0.0,0.7316956520080566,0.7316956520080566
pusht,7,prefix_a,2.602494716644287,2.5094404220581055,3.145925521850586,0.499603271484375,2.074169158935547
pusht,7,prefix_b,29.998905181884766,129.47866821289062,0.0,1.97918701171875,1.145843505859375
pusht,8,clean,0.4721935987472534,0.12133671343326569,0.0,0.07550740242004395,0.07550740242004395
pusht,8,prefix_a,16.374618530273438,39.61701202392578,0.0,55.426958084106445,55.03537940979004
pusht,8,prefix_b,0.9489386081695557,7.355129241943359,1.1351432800292969,1.8523998260498047,1.1351432800292969
pusht,9,clean,1.0850681066513062,0.7906872034072876,0.03202149271965027,0.03202149271965027,0.0
pusht,9,prefix_a,1.8335566520690918,5.53834867477417,0.0,0.14445114135742188,12.922082901000977
pusht,9,prefix_b,3.4204373359680176,6.598934173583984,0.919219970703125,0.919219970703125,0.919219970703125
pusht,10,clean,0.5198792219161987,0.034872137010097504,0.02124553918838501,0.0,0.02124553918838501
pusht,10,prefix_a,1.210491418838501,6.948948860168457,0.0,0.0,0.0
pusht,10,prefix_b,0.8311780691146851,1.6962604522705078,0.0,0.0,0.0
pusht,11,clean,0.5745202302932739,0.17178958654403687,0.0,0.06867647171020508,0.06867647171020508
pusht,11,prefix_a,2.44758677482605,7.2180585861206055,0.0,3.277496337890625,3.277496337890625
pusht,11,prefix_b,0.7011247277259827,0.08718840777873993,0.07559162378311157,0.0,0.0
pusht,12,clean,0.8745307922363281,0.3334420919418335,0.3447278141975403,0.3447278141975403,0.3447278141975403
pusht,12,prefix_a,1.8163937330245972,2.2849998474121094,0.0,0.0,9.76714038848877
pusht,12,prefix_b,1.0608335733413696,0.7663799524307251,0.0,0.0,0.1879901885986328
pusht,13,clean,0.5983614921569824,1.4866187572479248,0.23731756210327148,0.23731756210327148,0.23731756210327148
pusht,13,prefix_a,1.3212395906448364,8.01749038696289,0.0,0.8827261924743652,0.0
pusht,13,prefix_b,0.6191243529319763,1.9672322273254395,0.191379576921463,0.0,1.5361396968364716
pusht,14,clean,5.192460060119629,15.988924980163574,0.0,2.358308792114258,2.358308792114258
pusht,14,prefix_a,6.220768928527832,17.07992172241211,0.0,0.0,26.268848419189453
pusht,14,prefix_b,2.433548927307129,15.16730785369873,0.0,5.682523727416992,5.682523727416992
pusht,15,clean,0.8244757652282715,5.440694808959961,0.25542712211608887,0.25542712211608887,2.1786820888519287
pusht,15,prefix_a,3.6044421195983887,9.194765090942383,0.0,0.0,0.0
pusht,15,prefix_b,0.7645425200462341,6.199689865112305,0.0,1.2661965787410736,1.2661965787410736
pusht,16,clean,2.354552745819092,4.115035533905029,1.0050323009490967,1.7867763042449951,1.7867763042449951
pusht,16,prefix_a,5.042366027832031,31.53113555908203,2.259646415710449,7.307241439819336,10.09249496459961
pusht,16,prefix_b,3.124600410461426,23.5386962890625,0.0,2.0402450561523438,0.0
pusht,17,clean,0.9556373953819275,0.3305100202560425,1.5859451293945312,0.957789421081543,0.38578033447265625
pusht,17,prefix_a,1.1225755214691162,1.0010097026824951,0.08979511260986328,0.08979511260986328,2.348468780517578
pusht,17,prefix_b,1.0578664541244507,0.6732602715492249,0.5984067916870117,0.5984067916870117,0.1566448211669922
pusht,18,clean,0.4968169927597046,0.061128586530685425,0.06682035326957703,0.06682035326957703,0.06682035326957703
pusht,18,prefix_a,3.4970602989196777,2.9467074871063232,0.1991896629333496,0.1991896629333496,0.0
pusht,18,prefix_b,0.4928940534591675,0.07243184745311737,0.0,0.0,0.0
pusht,19,clean,1.717814326286316,0.8015944361686707,0.0,1.5627613067626953,0.16255760192871094
pusht,19,prefix_a,1.0343964099884033,0.6975255012512207,0.05639076232910156,0.12548542022705078,0.05639076232910156
pusht,19,prefix_b,9.365899085998535,19.497112274169922,2.5539627075195312,2.5539627075195312,2.5539627075195312
pusht,20,clean,1.0398101806640625,4.105365753173828,0.8611825704574585,0.0,0.5768613815307617
pusht,20,prefix_a,1.266466498374939,4.532069206237793,1.066396713256836,0.19233322143554688,0.7421019077301025
pusht,20,prefix_b,1.2301040887832642,3.557318687438965,0.2195553183555603,0.0,0.7296344041824341
pusht,21,clean,0.6280711889266968,0.7140132188796997,0.0,0.0,0.0
pusht,21,prefix_a,1.026571273803711,1.460448980331421,0.0,0.0,0.8500207662582397
pusht,21,prefix_b,1.372442603111267,4.945235729217529,0.0,0.0,1.722215175628662
pusht,22,clean,0.46431249380111694,0.2663991153240204,0.0,0.0,0.0
pusht,22,prefix_a,0.6205319166183472,0.18730105459690094,0.12874258309602737,0.12874258309602737,0.11687120050191879
pusht,22,prefix_b,1.1727830171585083,1.7601510286331177,0.2079782485961914,0.09218811988830566,0.6136581897735596
pusht,23,clean,4.230551719665527,5.90250825881958,0.0,4.388466835021973,4.388466835021973
pusht,23,prefix_a,8.915761947631836,26.997610092163086,5.175029754638672,10.397323608398438,10.397323608398438
pusht,23,prefix_b,3.6827566623687744,26.2440185546875,0.0,16.158589363098145,16.158589363098145
pusht,24,clean,1.1726858615875244,3.660553455352783,0.14653229713439941,0.9172345399856567,1.9384007453918457
pusht,24,prefix_a,1.3180228471755981,3.5254979133605957,0.0,1.1754034757614136,2.8562809228897095
pusht,24,prefix_b,1.0608233213424683,1.2731462717056274,0.7780377119779587,0.22214986383914948,0.1181107610464096
pusht,25,clean,0.6505229473114014,0.33563631772994995,0.0,0.0,0.42393767833709717
pusht,25,prefix_a,0.7595025300979614,1.3867301940917969,0.0,0.0,1.0862915515899658
pusht,25,prefix_b,1.1588886976242065,2.608768939971924,0.0,2.720158576965332,0.0
pusht,26,clean,1.9506187438964844,1.5568667650222778,0.6659876704216003,0.06200516223907471,0.6659876704216003
pusht,26,prefix_a,4.9628496170043945,12.714311599731445,0.5440788269042969,0.5440788269042969,1.0931282043457031
pusht,26,prefix_b,1.76556396484375,8.724420547485352,1.2905540466308594,0.3817157745361328,1.2905540466308594
pusht,27,clean,1.4792873859405518,4.560731887817383,0.876154899597168,1.1448192596435547,1.4222297668457031
pusht,27,prefix_a,1.4065263271331787,40.28050994873047,0.08906173706054688,0.08906173706054688,0.08906173706054688
pusht,27,prefix_b,7.618675708770752,25.422319412231445,0.0,0.0,2.432878017425537
pusht,28,clean,1.3505451679229736,6.081438064575195,0.0,1.295898050069809,1.295898050069809
pusht,28,prefix_a,0.8271505832672119,6.16038179397583,0.0,0.8516042232513428,0.8516042232513428
pusht,28,prefix_b,3.3066563606262207,9.894792556762695,1.4423730969429016,1.4423730969429016,1.4423730969429016
pusht,29,clean,3.6448683738708496,0.5732063055038452,0.0,0.0,0.0350726842880249
pusht,29,prefix_a,12.30461597442627,12.985681533813477,6.933127403259277,6.933127403259277,6.933127403259277
pusht,29,prefix_b,3.894693374633789,5.389044284820557,0.14630889892578125,0.14630889892578125,0.14630889892578125
pusht,30,clean,1.019442081451416,1.90189528465271,0.003047168254852295,0.003047168254852295,0.003047168254852295
pusht,30,prefix_a,1.8683165311813354,2.9817631244659424,0.25092649459838867,1.070070743560791,1.1232337951660156
pusht,30,prefix_b,1.946128249168396,4.386418342590332,0.0,9.337775230407715,9.337775230407715
pusht,31,clean,0.8983736634254456,0.6214062571525574,0.0,0.0,1.4344801902770996
pusht,31,prefix_a,2.0614418983459473,11.096701622009277,0.0,0.0,8.294330596923828
pusht,31,prefix_b,2.4514107704162598,14.817641258239746,0.0,0.0,6.3099365234375
pusht,32,clean,1.4939343929290771,2.8581979274749756,0.1964462399482727,0.0,3.15968257188797
pusht,32,prefix_a,5.758481979370117,10.099865913391113,1.6637167930603027,2.7518038749694824,0.0
pusht,32,prefix_b,1.8279629945755005,1.9251854419708252,0.789918839931488,1.458724558353424,0.789918839931488
pusht,33,clean,0.5145838856697083,0.0550670400261879,0.1673561930656433,0.10452359914779663,0.0
pusht,33,prefix_a,2.3146238327026367,2.5281801223754883,0.10083866119384766,0.10083866119384766,1.1920099258422852
pusht,33,prefix_b,0.7864429354667664,0.1571391522884369,0.32066917419433594,0.053401947021484375,2.1052169799804688
pusht,34,clean,1.3654189109802246,1.2770003080368042,0.0,0.9475046396255493,0.9475046396255493
pusht,34,prefix_a,1.7750396728515625,8.909721374511719,0.0,23.908363342285156,23.908363342285156
pusht,34,prefix_b,1.136514663696289,1.5605688095092773,0.2661174535751343,1.1022971868515015,1.1022971868515015
pusht,35,clean,0.8377693891525269,1.3270024061203003,1.2725564241409302,0.0,0.0
pusht,35,prefix_a,0.693475604057312,1.6496117115020752,0.0,1.2243356704711914,5.546618461608887
pusht,35,prefix_b,1.2092576026916504,2.4314208030700684,0.04540538787841797,0.04540538787841797,4.3310546875
pusht,36,clean,2.2793116569519043,2.9586963653564453,4.4813385009765625,4.445590972900391,4.445590972900391
pusht,36,prefix_a,1.7286430597305298,8.155023574829102,0.0,0.0,8.854808807373047
pusht,36,prefix_b,3.3305752277374268,15.333243370056152,3.215740203857422,3.215740203857422,1.1501274108886719
pusht,37,clean,1.6629042625427246,3.5636258125305176,0.0,3.9996414184570312,2.810537338256836
pusht,37,prefix_a,1.1706446409225464,5.619076728820801,0.0,0.0,0.0
pusht,37,prefix_b,2.7017951011657715,7.008742332458496,0.0,0.0,7.202280044555664
pusht,38,clean,0.5213145017623901,0.5076906085014343,0.0,0.0,0.0
pusht,38,prefix_a,0.7839120626449585,1.7976813316345215,0.7057528495788574,0.0,2.8560662269592285
pusht,38,prefix_b,0.6862832903862,0.7492947578430176,0.0,1.6736695766448975,1.6736695766448975
pusht,39,clean,0.5210371017456055,0.05614105984568596,0.18811368942260742,0.18811368942260742,0.21329355239868164
pusht,39,prefix_a,0.9782770872116089,0.7547885775566101,0.20868980884552002,0.21663308143615723,0.1655559539794922
pusht,39,prefix_b,0.7331452369689941,0.13545241951942444,0.0,0.32009410858154297,0.22153186798095703
pusht,40,clean,1.301517367362976,0.09879120439291,0.0,0.01756107807159424,0.01756107807159424
pusht,40,prefix_a,0.7951803803443909,0.10031500458717346,0.0,0.0,0.18766045570373535
pusht,40,prefix_b,2.2015976905822754,1.596590280532837,1.0238113403320312,0.0,0.0
pusht,41,clean,4.630857944488525,5.805549621582031,3.0949554443359375,4.659403324127197,3.0949554443359375
pusht,41,prefix_a,1.7111996412277222,3.2125167846679688,0.9880590438842773,0.9880590438842773,0.9880590438842773
pusht,41,prefix_b,1.8265538215637207,2.9491305351257324,0.0,0.0,0.0
pusht,42,clean,0.9808486700057983,0.15722039341926575,0.0,0.3311440944671631,0.2109367847442627
pusht,42,prefix_a,0.6798400282859802,0.8275167942047119,0.10338044166564941,0.5840034484863281,0.5427536964416504
pusht,42,prefix_b,1.0514848232269287,0.33528459072113037,0.0,0.4735461473464966,0.4735461473464966
pusht,43,clean,0.7823836803436279,4.533346652984619,0.1773395538330078,0.01896810531616211,0.1773395538330078
pusht,43,prefix_a,1.2203619480133057,4.771950721740723,0.11953449249267578,9.095956802368164,0.9911031723022461
pusht,43,prefix_b,0.8370831608772278,7.40869140625,0.0,1.5019111633300781,0.0
pusht,44,clean,0.5017422437667847,0.05246631056070328,0.0,0.0,0.0
pusht,44,prefix_a,0.8701319694519043,1.7708182334899902,0.54538893699646,0.298525333404541,0.298525333404541
pusht,44,prefix_b,10.217449188232422,23.986316680908203,0.0,0.0,37.625776290893555
pusht,45,clean,1.690222978591919,7.364229202270508,0.0,0.0,0.0
pusht,45,prefix_a,1.442273497581482,7.355221748352051,2.3442115783691406,1.9625015258789062,1.9625015258789062
pusht,45,prefix_b,1.7947444915771484,9.424543380737305,0.0,3.5743894577026367,3.5743894577026367
pusht,46,clean,1.2570955753326416,0.4947231709957123,0.0,0.0,0.0
pusht,46,prefix_a,1.4227570295333862,0.6345672607421875,0.1024896502494812,0.0,0.0
pusht,46,prefix_b,0.8577815890312195,10.250417709350586,0.0,5.310371398925781,5.310371398925781
pusht,47,clean,0.7791974544525146,0.6568257808685303,0.11854982376098633,0.7639189958572388,0.4465526342391968
pusht,47,prefix_a,1.1015784740447998,1.1506383419036865,0.0,0.33832359313964844,0.33832359313964844
pusht,47,prefix_b,0.6681330800056458,0.5442245006561279,0.0,0.05392050743103027,0.16695642471313477
pusht,48,clean,0.6653597354888916,0.1859033852815628,0.0,0.03563523292541504,0.0
pusht,48,prefix_a,0.6074238419532776,0.7883589267730713,0.0,0.07209742069244385,1.2180756330490112
pusht,48,prefix_b,0.4511300325393677,0.1941986083984375,0.0,0.0,0.0
pusht,49,clean,0.7303274869918823,0.3563741445541382,0.07460790872573853,0.452467679977417,0.452467679977417
pusht,49,prefix_a,0.5856382846832275,0.4969099164009094,0.656341552734375,0.656341552734375,0.656341552734375
pusht,49,prefix_b,1.0681949853897095,0.9337968826293945,1.0946298837661743,1.0946298837661743,0.06814539432525635
pusht,50,clean,0.6708873510360718,0.11641111224889755,0.0,0.0,0.028003990650177002
pusht,50,prefix_a,1.3948278427124023,1.058740496635437,0.6189775466918945,0.6189775466918945,0.0
pusht,50,prefix_b,13.425324440002441,77.90066528320312,0.0,0.0,51.382537841796875
pusht,51,clean,0.7084559202194214,0.5437904000282288,0.02330493927001953,0.016387835144996643,0.016387835144996643
pusht,51,prefix_a,0.6225250959396362,3.977579116821289,0.0,0.0,0.22850143909454346
pusht,51,prefix_b,0.6027622222900391,2.6814513206481934,0.0,0.0,0.2665531635284424
pusht,52,clean,1.0549633502960205,6.571730136871338,0.0,0.0,0.0
pusht,52,prefix_a,10.271293640136719,18.188465118408203,0.0,0.0,0.0
pusht,52,prefix_b,0.7408574819564819,7.262955665588379,0.0,0.0,0.0
pusht,53,clean,0.7660942673683167,0.09085412323474884,0.0,0.0,0.0
pusht,53,prefix_a,0.8585636615753174,0.3715536296367645,0.0,0.0,3.186392068862915
pusht,53,prefix_b,3.0728769302368164,6.0977911949157715,0.0,0.0,17.158405303955078
pusht,54,clean,0.5633431673049927,0.24772600829601288,0.0,0.0,0.0
pusht,54,prefix_a,2.2045631408691406,11.518270492553711,0.0,0.5267858505249023,0.5267858505249023
pusht,54,prefix_b,0.990765392780304,6.476161003112793,0.0,2.6799919605255127,2.551744222640991
pusht,55,clean,1.1646628379821777,12.902261734008789,0.2784501314163208,0.2784501314163208,0.0
pusht,55,prefix_a,1.0588650703430176,11.68349838256836,0.5186309814453125,4.470277786254883,4.470277786254883
pusht,55,prefix_b,19.762557983398438,40.01825714111328,11.306533813476562,11.76824951171875,11.76824951171875
pusht,56,clean,4.461305618286133,1.668456792831421,0.3262022137641907,0.18724268674850464,0.904020369052887
pusht,56,prefix_a,11.350796699523926,18.778247833251953,0.0,26.52199935913086,26.70034408569336
pusht,56,prefix_b,5.508182525634766,32.238006591796875,0.0,0.0,28.169677734375
pusht,57,clean,1.6085035800933838,1.2593739032745361,0.0,0.5554159879684448,5.453858256340027
pusht,57,prefix_a,2.2116498947143555,2.6072802543640137,0.24033164978027344,2.5864663124084473,1.192014217376709
pusht,57,prefix_b,3.0423314571380615,9.330116271972656,2.7053375244140625,0.7776546478271484,2.9414405822753906
pusht,58,clean,1.8801326751708984,0.6701102256774902,0.0,0.19150087237358093,0.19150087237358093
pusht,58,prefix_a,1.996419906616211,5.678060054779053,0.0,12.749752044677734,0.7322864532470703
pusht,58,prefix_b,1.6184535026550293,7.975488662719727,0.23462677001953125,0.5082817077636719,0.6012954711914062
pusht,59,clean,0.629422128200531,0.23086848855018616,0.0,0.0,0.16827642917633057
pusht,59,prefix_a,0.6695771217346191,0.19627758860588074,0.1587238311767578,0.1587238311767578,0.1587238311767578
pusht,59,prefix_b,0.6531331539154053,0.3785959780216217,0.1861201524734497,0.1861201524734497,0.5002721548080444
pusht,60,clean,0.6589949727058411,0.818508505821228,0.0,0.04745107889175415,0.2382168173789978
pusht,60,prefix_a,0.579550564289093,0.16959212720394135,0.0,0.0,0.0983838438987732
pusht,60,prefix_b,0.6335462331771851,0.41497671604156494,0.0,0.43856632709503174,0.43856632709503174
pusht,61,clean,0.5530123710632324,0.07553038001060486,0.0,0.0,0.0
pusht,61,prefix_a,0.5847267508506775,0.11030837893486023,0.0,0.02883453667163849,0.02883453667163849
pusht,61,prefix_b,0.7194939851760864,0.25824564695358276,0.0403980016708374,0.0,0.0403980016708374
pusht,62,clean,1.0754427909851074,0.5505449771881104,0.009791046380996704,0.15818727016448975,0.05461549758911133
pusht,62,prefix_a,0.5759249925613403,0.6124135851860046,0.0,0.0,0.0
pusht,62,prefix_b,0.6508828997612,0.1837063729763031,0.0,0.0,0.0
pusht,63,clean,0.7684339284896851,4.756773471832275,0.0,0.0,4.9382123947143555
pusht,63,prefix_a,1.0127002000808716,1.9943599700927734,0.0,0.0,5.916651725769043
pusht,63,prefix_b,0.854347825050354,8.47646713256836,0.0,0.0,5.466469764709473
pusht,64,clean,0.6728302240371704,0.14121127128601074,0.0,0.005314350128173828,0.005314350128173828
pusht,64,prefix_a,1.8460822105407715,2.2314140796661377,1.1612796783447266,3.3369808197021484,3.3369808197021484
pusht,64,prefix_b,0.6461455821990967,0.1864715963602066,0.0,0.0,0.5015491843223572
pusht,65,clean,0.7786564826965332,0.2694665193557739,0.0,0.0,1.301555335521698
pusht,65,prefix_a,2.0220532417297363,5.748325347900391,0.24576091766357422,0.7324085235595703,0.24576091766357422
pusht,65,prefix_b,0.664061427116394,0.43945077061653137,0.030827760696411133,0.0,2.601501703262329
pusht,66,clean,3.705657720565796,4.870663166046143,0.0,0.0,0.0
pusht,66,prefix_a,2.1894373893737793,4.008113861083984,0.0,0.0,0.6384577751159668
pusht,66,prefix_b,5.746755599975586,9.155149459838867,0.0,0.0,0.0
pusht,67,clean,0.8459577560424805,2.3127920627593994,0.0,2.219750665128231,1.366476558148861
pusht,67,prefix_a,2.4127697944641113,8.408177375793457,0.8327970504760742,0.8327970504760742,8.254610061645508
pusht,67,prefix_b,1.0102758407592773,1.9354455471038818,0.9219844341278076,1.9294841289520264,1.3651988506317139
pusht,68,clean,0.5493451356887817,0.07729022949934006,0.1047985851764679,0.0,0.0
pusht,68,prefix_a,0.7233767509460449,0.140096053481102,0.0,0.5509767532348633,0.5509767532348633
pusht,68,prefix_b,0.5006752014160156,0.07232286781072617,0.021591246128082275,0.021591246128082275,0.036449432373046875
pusht,69,clean,0.9243080019950867,0.1328493356704712,0.0,0.0,0.0
pusht,69,prefix_a,1.0536015033721924,1.2940428256988525,0.0,0.0,0.0
pusht,69,prefix_b,1.5904004573822021,2.561279773712158,0.0,0.0,0.0
pusht,70,clean,8.383368492126465,21.302330017089844,0.0,0.0,8.309634447097778
pusht,70,prefix_a,3.6111035346984863,24.609832763671875,0.0,2.8757095336914062,2.8757095336914062
pusht,70,prefix_b,10.569189071655273,37.02246856689453,1.4606990814208984,3.7149887084960938,3.7149887084960938
pusht,71,clean,2.5309486389160156,6.729487419128418,0.0,0.3785334825515747,0.3785334825515747
pusht,71,prefix_a,10.098546028137207,17.81552505493164,0.0,4.821279525756836,4.821279525756836
pusht,71,prefix_b,1.9071686267852783,6.157383918762207,0.41333842277526855,0.8351123332977295,0.8351123332977295
pusht,72,clean,0.7078689336776733,0.9041432738304138,0.0,0.39394718408584595,0.20214635133743286
pusht,72,prefix_a,2.50049090385437,2.250396251678467,0.0,4.696858882904053,4.037259101867676
pusht,72,prefix_b,1.0391290187835693,1.8180787563323975,0.0,2.545083522796631,2.545083522796631
pusht,73,clean,0.8099271059036255,0.1638192981481552,0.0,0.0,0.0
pusht,73,prefix_a,0.8807461261749268,0.15342557430267334,0.0,0.24761414527893066,0.0
pusht,73,prefix_b,1.0797594785690308,0.6700534224510193,0.0,0.05611729621887207,0.0
pusht,74,clean,1.290428876876831,12.427078247070312,0.7480366230010986,0.0,0.0
pusht,74,prefix_a,2.987501382827759,15.481049537658691,0.0,4.177859842777252,0.9419057965278625
pusht,74,prefix_b,1.4106135368347168,22.63978385925293,0.0,2.4283246994018555,2.4283246994018555
pusht,75,clean,1.3746380805969238,0.24818724393844604,0.0,0.1309218406677246,0.1309218406677246
pusht,75,prefix_a,0.723434329032898,10.104798316955566,0.0,0.0,0.0
pusht,75,prefix_b,2.444395065307617,8.456860542297363,0.7465724945068359,0.0,0.0
pusht,76,clean,1.5310064554214478,15.807855606079102,0.0,0.0,1.878875732421875
pusht,76,prefix_a,16.255752563476562,16.560209274291992,0.0,14.12135124206543,69.48973655700684
pusht,76,prefix_b,1.2509300708770752,13.545215606689453,0.0,3.5004959106445312,3.436004638671875
pusht,77,clean,1.6899867057800293,2.1619887351989746,0.45489585399627686,0.45489585399627686,2.1448408365249634
pusht,77,prefix_a,0.7523406147956848,4.602300643920898,0.0,3.300567626953125,3.300567626953125
pusht,77,prefix_b,0.8237269520759583,4.665996551513672,0.0,2.601947784423828,2.601947784423828
pusht,78,clean,1.8863518238067627,7.455088138580322,0.0,0.03353071212768555,0.03353071212768555
pusht,78,prefix_a,11.333053588867188,23.564512252807617,0.0,2.2200851440429688,2.2200851440429688
pusht,78,prefix_b,1.676701545715332,103.93335723876953,0.0,13.480293273925781,11.944679260253906
pusht,79,clean,0.6201772093772888,0.08379797637462616,0.06798765063285828,0.0,0.0
pusht,79,prefix_a,0.8338993787765503,0.30850034952163696,0.019432783126831055,0.0,0.2262427806854248
pusht,79,prefix_b,0.8342620730400085,1.4364545345306396,0.0,0.0,1.6707849502563477
pusht,80,clean,0.6687692999839783,0.3186257481575012,0.0,0.0,0.007615596055984497
pusht,80,prefix_a,1.1900862455368042,0.5144402980804443,0.2981511354446411,0.2981511354446411,0.2981511354446411
pusht,80,prefix_b,0.9425408244132996,0.6723430156707764,0.0,0.1846628189086914,0.1846628189086914
pusht,81,clean,3.266930103302002,8.253621101379395,0.0,0.0,0.0
pusht,81,prefix_a,5.614763259887695,15.512662887573242,17.249736785888672,2.029132843017578,2.5179615020751953
pusht,81,prefix_b,5.1603498458862305,36.36804962158203,0.0,0.0,44.67631530761719
pusht,82,clean,4.307507514953613,3.196406841278076,3.5656617879867554,3.5656617879867554,4.86437451839447
pusht,82,prefix_a,1.920759677886963,24.23969078063965,0.0,0.7799911499023438,1.2003173828125
pusht,82,prefix_b,2.5618972778320312,4.454524517059326,0.638300895690918,0.16474294662475586,0.16474294662475586
pusht,83,clean,0.34871208667755127,0.06176065281033516,0.0,0.0,0.0
pusht,83,prefix_a,0.5434949398040771,6.81648063659668,0.6138124465942383,0.0,0.0
pusht,83,prefix_b,0.6190838813781738,0.2716352343559265,0.0,0.01389932632446289,0.0
pusht,84,clean,1.302488923072815,1.3997122049331665,0.0,0.0,0.0
pusht,84,prefix_a,1.9505643844604492,1.8264330625534058,0.0,0.0,0.0
pusht,84,prefix_b,6.6079230308532715,15.021139144897461,0.0,5.520172119140625,0.0
pusht,85,clean,0.5855403542518616,0.10530735552310944,0.10357415676116943,0.09226077795028687,0.09226077795028687
pusht,85,prefix_a,4.763009071350098,3.495757579803467,3.0077929496765137,3.0077929496765137,7.484700679779053
pusht,85,prefix_b,0.6948930025100708,0.5323630571365356,0.0,0.5333688259124756,0.0
pusht,86,clean,24.876712799072266,63.99486541748047,0.0,24.954219818115234,24.954219818115234
pusht,86,prefix_a,21.977724075317383,80.16808319091797,7.584995269775391,7.584995269775391,74.72854232788086
pusht,86,prefix_b,15.49008560180664,48.091224670410156,0.0,41.57492446899414,41.57492446899414
pusht,87,clean,1.6478583812713623,5.474356651306152,0.0,0.0,0.0
pusht,87,prefix_a,1.0365780591964722,3.7373085021972656,0.0,1.2246370315551758,1.2246370315551758
pusht,87,prefix_b,1.0622724294662476,7.173328399658203,0.0,0.0,0.0
pusht,88,clean,0.6735845804214478,0.1664959192276001,0.0,0.0,0.0
pusht,88,prefix_a,0.7307894229888916,1.7263493537902832,0.09427452087402344,0.09427452087402344,2.0272750854492188
pusht,88,prefix_b,0.7203199863433838,1.0032117366790771,0.009002208709716797,0.009002208709716797,0.0
pusht,89,clean,0.47410744428634644,0.07267855107784271,0.0,0.0,0.0
pusht,89,prefix_a,1.5818145275115967,15.499067306518555,0.25333404541015625,0.25333404541015625,0.25333404541015625
pusht,89,prefix_b,1.5253093242645264,3.007946252822876,0.0,0.0,0.0
pusht,90,clean,0.5281748175621033,0.07434725761413574,0.1570156216621399,0.1837291121482849,0.1837291121482849
pusht,90,prefix_a,0.5428495407104492,0.0683455616235733,0.0,0.17501616477966309,0.17501616477966309
pusht,90,prefix_b,0.769382119178772,0.3279377818107605,0.0,0.0,0.03330802917480469
pusht,91,clean,1.1335734128952026,0.32587069272994995,0.011498183012008667,0.011498183012008667,0.053294628858566284
pusht,91,prefix_a,1.3654005527496338,3.231051445007324,0.09713554382324219,0.09713554382324219,0.9263477325439453
pusht,91,prefix_b,2.47200345993042,3.4196767807006836,1.9999938011169434,1.998171329498291,1.9999938011169434
pusht,92,clean,0.6691977977752686,0.06934056431055069,0.030365347862243652,0.030365347862243652,0.030365347862243652
pusht,92,prefix_a,0.6819273233413696,0.06401175260543823,0.0,0.0,0.0
pusht,92,prefix_b,0.5621961355209351,0.5505112409591675,0.0,0.0,0.0
pusht,93,clean,1.0592255592346191,0.2461678385734558,0.2378709316253662,0.0,0.0
pusht,93,prefix_a,1.0793867111206055,0.5463276505470276,0.10026741027832031,0.0,0.0
pusht,93,prefix_b,0.937980055809021,2.03225040435791,0.6603528261184692,0.0,1.6502825021743774
pusht,94,clean,10.169414520263672,40.62992858886719,0.0,1.2681465148925781,1.2681465148925781
pusht,94,prefix_a,7.118175029754639,15.309965133666992,19.616106510162354,1.6888437271118164,6.136072635650635
pusht,94,prefix_b,12.982054710388184,28.638731002807617,21.754989624023438,22.26116943359375,14.366767883300781
pusht,95,clean,0.7926814556121826,0.483550488948822,0.020213603973388672,0.0,0.0
pusht,95,prefix_a,1.308901309967041,7.734901428222656,0.0,0.0,1.639474868774414
pusht,95,prefix_b,0.7465537786483765,0.4398626685142517,0.23595952987670898,0.23595952987670898,0.20498502254486084
pusht,96,clean,0.5743367671966553,0.8676452040672302,0.0,0.0,0.0
pusht,96,prefix_a,0.5709962248802185,2.348923683166504,0.0,1.063612461090088,1.063612461090088
pusht,96,prefix_b,1.9205660820007324,13.042806625366211,0.0,0.0,20.73901331424713
pusht,97,clean,4.852262020111084,5.339841842651367,0.0,0.8724088668823242,0.0
pusht,97,prefix_a,3.7997241020202637,67.3676528930664,0.0,48.173065185546875,48.173065185546875
pusht,97,prefix_b,5.341334342956543,8.667445182800293,0.0,1.2309149503707886,6.760411620140076
pusht,98,clean,0.9881882667541504,4.7766618728637695,0.26503801345825195,0.0,6.373752117156982
pusht,98,prefix_a,0.8073996305465698,4.293540000915527,0.0,0.0,3.955350875854492
pusht,98,prefix_b,2.815068244934082,29.982053756713867,0.0,15.301383972167969,34.76091003417969
pusht,99,clean,1.2656121253967285,0.18890079855918884,0.0,0.0,0.0
pusht,99,prefix_a,9.699377059936523,13.420482635498047,0.3631324768066406,1.1573677062988281,0.0
pusht,99,prefix_b,2.7038979530334473,14.340354919433594,0.0,0.0,0.0
pusht,100,clean,2.922980785369873,13.630207061767578,0.1874312162399292,0.1874312162399292,0.0
pusht,100,prefix_a,8.455479621887207,22.24063491821289,0.0,19.240906238555908,19.240906238555908
pusht,100,prefix_b,7.539945602416992,32.800575256347656,0.0,0.0,38.59261608123779
pusht,101,clean,1.1207213401794434,0.7586305141448975,0.0,0.19185054302215576,0.21172559261322021
pusht,101,prefix_a,3.286003589630127,6.635241985321045,0.6311435699462891,0.0,0.19618988037109375
pusht,101,prefix_b,0.9592256546020508,7.577554702758789,0.4065718650817871,0.4065718650817871,3.5132851600646973
pusht,102,clean,0.6712002754211426,0.11395047605037689,1.0609080791473389,1.0609080791473389,0.28307580947875977
pusht,102,prefix_a,0.6063929796218872,0.3565596044063568,0.11594772338867188,0.0,0.31692028045654297
pusht,102,prefix_b,0.5757668018341064,0.3575857877731323,0.0,0.0,0.12115669250488281
pusht,103,clean,0.5324232578277588,0.046231742948293686,0.0,0.22227907180786133,0.13903427124023438
pusht,103,prefix_a,0.588120698928833,0.10773934423923492,0.0,0.0,0.13519644737243652
pusht,103,prefix_b,0.5788143873214722,0.13010521233081818,0.27801990509033203,0.10648727416992188,0.26485300064086914
pusht,104,clean,0.7799201607704163,0.43800097703933716,0.0,0.0,0.0
pusht,104,prefix_a,1.1662662029266357,1.2895175218582153,0.0,0.0,0.0
pusht,104,prefix_b,1.0273075103759766,3.307694911956787,0.0,0.0,0.0
pusht,105,clean,0.646549642086029,0.35343608260154724,0.03192755579948425,1.1970005929470062,0.03192755579948425
pusht,105,prefix_a,2.212190866470337,9.857297897338867,0.0,1.2882347106933594,0.0
pusht,105,prefix_b,4.472036361694336,31.3076171875,2.1135711669921875,0.8292770385742188,2.1135711669921875
pusht,106,clean,0.8116502165794373,0.067696213722229,0.0,0.0,0.0
pusht,106,prefix_a,0.9991636276245117,0.10162913799285889,0.0,0.0,0.0
pusht,106,prefix_b,0.7762963771820068,0.35790061950683594,0.0,0.0,0.0
pusht,107,clean,0.8056163787841797,0.265471875667572,0.0,0.0,0.0
pusht,107,prefix_a,2.018822431564331,1.5598927736282349,0.3741954565048218,0.0,0.0
pusht,107,prefix_b,2.2619454860687256,30.4013671875,0.0,0.0,0.0
pusht,108,clean,1.4242771863937378,0.3268508017063141,0.18178987503051758,0.7512640953063965,0.7512640953063965
pusht,108,prefix_a,1.1372802257537842,0.6029826402664185,0.0,0.019937515258789062,0.819575309753418
pusht,108,prefix_b,0.8573461771011353,0.5270073413848877,0.7737784385681152,0.2034001350402832,0.1368718147277832
pusht,109,clean,0.565630316734314,0.0994962528347969,0.0008842945098876953,0.0008842945098876953,0.0008842945098876953
pusht,109,prefix_a,1.5335931777954102,1.8018717765808105,0.0,0.0,0.0
pusht,109,prefix_b,1.0115327835083008,1.8333712816238403,0.0,0.0,0.0
pusht,110,clean,0.8762832880020142,1.3162113428115845,0.0,0.0,0.0
pusht,110,prefix_a,1.5802775621414185,5.857213973999023,0.18471217155456543,3.9324750900268555,0.18471217155456543
pusht,110,prefix_b,1.4746453762054443,24.028675079345703,0.0,1.427572250366211,4.3553009033203125
pusht,111,clean,0.4427252411842346,0.059182312339544296,0.0,0.0,0.0
pusht,111,prefix_a,1.35129976272583,1.7920154333114624,0.0,0.0770871639251709,0.0770871639251709
pusht,111,prefix_b,19.536880493164062,26.489179611206055,0.0,0.0,0.0
pusht,112,clean,0.6254109740257263,0.07393058389425278,0.036316365003585815,0.0,0.036316365003585815
pusht,112,prefix_a,0.5709064602851868,0.21404269337654114,0.0522303432226181,0.05270276963710785,0.0522303432226181
pusht,112,prefix_b,0.7857437133789062,0.27818721532821655,0.0,0.0,0.42834025621414185
pusht,113,clean,0.7194991111755371,4.3134989738464355,0.0,0.0,0.0
pusht,113,prefix_a,1.8597912788391113,7.361865997314453,0.0,7.664725422859192,18.970691800117493
pusht,113,prefix_b,0.8099486231803894,5.684779644012451,0.0,4.447081565856934,4.447081565856934
pusht,114,clean,0.7963042855262756,1.6533074378967285,0.0,0.0,0.0
pusht,114,prefix_a,66.56004333496094,105.92061614990234,34.332496643066406,17.150001525878906,17.150001525878906
pusht,114,prefix_b,12.867130279541016,40.373497009277344,2.50762939453125,11.03826904296875,0.0
pusht,115,clean,1.2046384811401367,3.050447702407837,0.2730121612548828,0.2730121612548828,0.2730121612548828
pusht,115,prefix_a,2.7099056243896484,2.498120069503784,0.7386865615844727,0.7386865615844727,0.7386865615844727
pusht,115,prefix_b,1.1284443140029907,4.530274391174316,0.26717090606689453,0.26717090606689453,0.26717090606689453
pusht,116,clean,0.8436386585235596,2.4152655601501465,0.0,0.0,0.0
pusht,116,prefix_a,0.5978606939315796,4.621135234832764,0.0,0.5188294649124146,0.5188294649124146
pusht,116,prefix_b,1.0898863077163696,5.006311416625977,0.6287937164306641,0.0,0.6287937164306641
pusht,117,clean,0.3576895296573639,0.014469429850578308,0.010808616876602173,0.0,0.0
pusht,117,prefix_a,4.849873065948486,9.924934387207031,0.0,0.0,0.0
pusht,117,prefix_b,1.3599448204040527,1.816650152206421,0.04266476631164551,0.04266476631164551,0.04266476631164551
pusht,118,clean,1.679790735244751,3.7746567726135254,0.20610105991363525,0.09400022029876709,0.0
pusht,118,prefix_a,1.5427494049072266,8.428770065307617,0.056275367736816406,3.0898876190185547,3.236234664916992
pusht,118,prefix_b,2.6922922134399414,8.935590744018555,2.715458869934082,2.715458869934082,2.715458869934082
pusht,119,clean,1.8326433897018433,2.2482619285583496,0.5454626381397247,0.003698110580444336,0.003698110580444336
pusht,119,prefix_a,2.306161403656006,5.270866394042969,0.6036005020141602,1.7749309539794922,0.07094526290893555
pusht,119,prefix_b,3.654721260070801,4.911899566650391,0.0,3.3952598571777344,3.6453232765197754
pusht,120,clean,0.6809014081954956,3.3041739463806152,0.0,0.5788183212280273,0.0
pusht,120,prefix_a,1.1137404441833496,6.358033180236816,0.3874626159667969,1.378067970275879,0.4313483238220215
pusht,120,prefix_b,3.3906545639038086,20.838817596435547,0.0,4.485145568847656,16.438613891601562
pusht,121,clean,0.8576433658599854,2.889378070831299,0.016541123390197754,0.016541123390197754,0.01045873761177063
pusht,121,prefix_a,1.2177252769470215,3.689387798309326,0.13012003898620605,4.849550724029541,0.6258645057678223
pusht,121,prefix_b,1.2121940851211548,8.103582382202148,0.30776309967041016,0.0,0.30776309967041016
pusht,122,clean,0.6174576282501221,0.2772320508956909,0.0,0.015298664569854736,0.5269306898117065
pusht,122,prefix_a,0.53605055809021,2.0063588619232178,0.28225111961364746,0.3989551067352295,0.3989551067352295
pusht,122,prefix_b,0.5688618421554565,0.5144542455673218,0.07327842712402344,0.13585710525512695,0.45673131942749023
pusht,123,clean,0.5858099460601807,0.3529536724090576,0.05147206783294678,0.0888904333114624,0.1347668170928955
pusht,123,prefix_a,0.6021246314048767,0.6540675163269043,0.04170429706573486,2.2440372705459595,1.0292335748672485
pusht,123,prefix_b,2.1709604263305664,5.521035194396973,0.2691314220428467,0.0,0.5659973621368408
pusht,124,clean,0.7264037728309631,0.5929779410362244,0.06020992249250412,0.0007359758019447327,0.0007359758019447327
pusht,124,prefix_a,1.0924632549285889,2.6585795879364014,0.0,4.975611209869385,4.828266143798828
pusht,124,prefix_b,0.995077908039093,1.6019248962402344,0.0,2.135608434677124,2.024017572402954
pusht,125,clean,0.7617995142936707,0.9637060165405273,0.0,0.0,0.5313422679901123
pusht,125,prefix_a,1.0358834266662598,0.35040369629859924,0.29288606345653534,0.23362068831920624,0.25164543092250824
pusht,125,prefix_b,0.9644829034805298,1.7604939937591553,0.0,2.540942370891571,4.142595946788788
pusht,126,clean,1.6712760925292969,4.824484825134277,0.060584425926208496,0.6995317935943604,0.6995317935943604
pusht,126,prefix_a,1.8416162729263306,17.357566833496094,0.9188766479492188,1.3078689575195312,1.6690139770507812
pusht,126,prefix_b,1.6146413087844849,26.125064849853516,0.0,0.0,3.0031051635742188
pusht,127,clean,1.5412118434906006,4.252906799316406,0.0,0.0,0.0
pusht,127,prefix_a,1.0218074321746826,3.961317300796509,0.0,0.0,1.7181804180145264
pusht,127,prefix_b,1.3029403686523438,5.0979204177856445,0.04486691951751709,0.04486691951751709,1.0766626596450806
reacher,0,clean,14.866228103637695,34.715553283691406,0.0,35.01714324951172,17.391891479492188
reacher,0,prefix_a,46.34015655517578,68.02340698242188,0.0,0.0,46.712982177734375
reacher,0,prefix_b,28.97672462463379,49.082332611083984,7.254779815673828,7.254779815673828,7.254779815673828
reacher,1,clean,14.776237487792969,11.602912902832031,0.9078121185302734,0.0,0.9078121185302734
reacher,1,prefix_a,55.90350341796875,67.78787231445312,8.885139465332031,0.0,0.0
reacher,1,prefix_b,23.014453887939453,13.508562088012695,0.0,1.5290489196777344,1.5290489196777344
reacher,2,clean,21.106014251708984,29.542932510375977,0.6290798187255859,2.1743507385253906,2.1743507385253906
reacher,2,prefix_a,20.804594039916992,24.22327423095703,0.0,1.8417282104492188,11.09908676147461
reacher,2,prefix_b,36.2038688659668,39.662593841552734,0.0,0.0,0.0
reacher,3,clean,17.363492965698242,40.2915153503418,0.0,0.0,0.0
reacher,3,prefix_a,18.686080932617188,31.347061157226562,0.0,0.0,0.0
reacher,3,prefix_b,11.472177505493164,14.226826667785645,0.0,2.949542999267578,0.0
reacher,4,clean,22.68930435180664,49.89893341064453,0.0,0.0,0.0
reacher,4,prefix_a,21.58069610595703,80.59573364257812,0.0,65.52877044677734,65.52877044677734
reacher,4,prefix_b,16.723703384399414,40.250144958496094,15.949840545654297,15.949840545654297,15.949840545654297
reacher,5,clean,19.6160888671875,32.87938690185547,0.0,44.328651428222656,90.5798568725586
reacher,5,prefix_a,20.62403106689453,29.525634765625,0.8314743041992188,17.341026306152344,17.341026306152344
reacher,5,prefix_b,37.13799285888672,95.28266906738281,0.0,93.78248596191406,93.78248596191406
reacher,6,prefix_b,89.01081848144531,109.76988220214844,59.56647491455078,59.56647491455078,59.56647491455078
reacher,7,clean,21.5363712310791,68.2276611328125,52.69314193725586,75.76911544799805,75.76911544799805
reacher,7,prefix_a,28.24756622314453,52.8992919921875,39.8455810546875,32.14910888671875,59.586151123046875
reacher,7,prefix_b,27.316360473632812,91.39369201660156,14.812023162841797,2.87579345703125,2.87579345703125
reacher,8,clean,25.414339065551758,38.49223327636719,17.144630432128906,0.0,0.0
reacher,8,prefix_a,27.45549774169922,53.27348709106445,14.119407653808594,14.119407653808594,14.119407653808594
reacher,8,prefix_b,14.695751190185547,67.9168701171875,0.0,0.0,53.79200553894043
reacher,9,clean,12.875073432922363,42.129600524902344,18.766002655029297,13.672126770019531,13.672126770019531
reacher,9,prefix_a,12.354386329650879,57.00545883178711,3.1339340209960938,0.0,0.0
reacher,9,prefix_b,56.31141662597656,96.62400817871094,0.0,5.6309967041015625,5.6309967041015625
reacher,10,clean,14.0272855758667,20.687753677368164,0.0,4.919940948486328,0.0
reacher,10,prefix_a,17.202842712402344,25.99900245666504,0.0,5.111175537109375,5.111175537109375
reacher,10,prefix_b,35.480567932128906,31.30376625061035,10.948135375976562,0.0,0.0
reacher,11,clean,18.671646118164062,10.89391040802002,0.0,12.395255088806152,12.395255088806152
reacher,11,prefix_a,63.63182830810547,54.86431884765625,22.13388442993164,56.88331985473633,22.13388442993164
reacher,11,prefix_b,22.886459350585938,20.508712768554688,0.0,9.194049835205078,9.194049835205078
reacher,12,prefix_a,8.17194938659668,22.635305404663086,0.0,0.0,0.0
reacher,12,prefix_b,11.334450721740723,18.95200538635254,5.362537384033203,4.536094665527344,4.536094665527344
reacher,13,clean,41.76911926269531,87.13835144042969,27.983591079711914,23.403749465942383,27.983591079711914
reacher,13,prefix_a,51.0040283203125,76.59071350097656,0.0,0.0,0.0
reacher,13,prefix_b,37.78941345214844,52.52412796020508,2.6537704467773438,2.6537704467773438,2.6537704467773438
reacher,14,clean,24.590513229370117,39.192901611328125,3.4081993103027344,3.4081993103027344,0.0
reacher,14,prefix_a,59.188697814941406,54.38451385498047,14.453742980957031,14.453742980957031,14.453742980957031
reacher,14,prefix_b,26.442975997924805,28.668819427490234,0.0,0.0,15.063030242919922
reacher,15,clean,19.38494873046875,30.973642349243164,5.826025009155273,5.826025009155273,5.826025009155273
reacher,15,prefix_a,21.225934982299805,22.261886596679688,11.058328628540039,3.2977294921875,3.2977294921875
reacher,15,prefix_b,13.617033004760742,25.2457218170166,0.0,0.0,0.0
reacher,16,clean,17.251062393188477,79.84135437011719,0.0,26.8094482421875,26.8094482421875
reacher,16,prefix_a,21.794023513793945,77.58125305175781,16.88219451904297,0.0,0.0
reacher,16,prefix_b,15.769970893859863,116.7421875,0.0,0.0,0.0
reacher,17,clean,26.33936309814453,37.6832389831543,0.0,35.079837799072266,35.079837799072266
reacher,17,prefix_a,21.346385955810547,32.460227966308594,0.0,0.0,0.0
reacher,17,prefix_b,22.122493743896484,43.0924072265625,2.639739990234375,2.639739990234375,2.639739990234375
reacher,18,clean,26.89470100402832,25.029678344726562,4.254772186279297,4.254772186279297,0.0
reacher,18,prefix_a,48.64698028564453,50.976280212402344,0.0,0.0,0.0
reacher,18,prefix_b,35.37248229980469,47.10600280761719,0.0,24.854881286621094,24.854881286621094
reacher,19,clean,16.17578887939453,46.87852478027344,0.0,19.817501068115234,19.817501068115234
reacher,19,prefix_a,15.73957633972168,53.60107421875,5.075828552246094,5.075828552246094,25.529373168945312
reacher,19,prefix_b,20.778125762939453,71.24552917480469,0.0,21.896827697753906,21.896827697753906
reacher,20,clean,14.18630599975586,42.144222259521484,0.0,0.0,0.0
reacher,20,prefix_a,13.063756942749023,74.42874908447266,0.0,0.0,0.0
reacher,20,prefix_b,18.429576873779297,52.475486755371094,0.0,0.0,0.0
reacher,21,clean,12.375078201293945,37.950130462646484,0.0,1.4267730712890625,1.4267730712890625
reacher,21,prefix_a,14.861770629882812,27.371295928955078,42.2333984375,10.223793029785156,0.0
reacher,21,prefix_b,33.986839294433594,33.230228424072266,68.34918212890625,0.0,0.0
reacher,22,clean,11.310039520263672,61.77286148071289,0.0,0.0,0.0
reacher,22,prefix_a,17.554946899414062,54.30467224121094,5.779262542724609,3.985301971435547,3.985301971435547
reacher,22,prefix_b,15.232370376586914,79.00186157226562,5.283964157104492,0.0,8.047769546508789
reacher,23,clean,17.25660514831543,36.77104187011719,0.0,50.67646789550781,50.67646789550781
reacher,23,prefix_a,24.785869598388672,43.13604736328125,23.093605041503906,34.0218505859375,14.98345947265625
reacher,23,prefix_b,12.556585311889648,29.440170288085938,1.4882316589355469,32.37593460083008,32.37593460083008
reacher,24,clean,12.993593215942383,37.08402633666992,0.0,3.056854248046875,3.056854248046875
reacher,24,prefix_a,54.96415710449219,102.22862243652344,0.0,0.0,0.0
reacher,24,prefix_b,58.91368103027344,47.4140739440918,8.04592514038086,8.04592514038086,8.04592514038086
reacher,25,clean,48.60089874267578,73.60455322265625,0.0,0.0,18.974037170410156
reacher,25,prefix_a,29.179651260375977,54.79035949707031,26.000701904296875,0.0,26.000701904296875
reacher,25,prefix_b,16.148372650146484,33.000762939453125,0.0,0.0,46.11532974243164
reacher,26,clean,56.80601501464844,79.19288635253906,24.95194435119629,30.730287551879883,30.730287551879883
reacher,26,prefix_a,29.198455810546875,132.27737426757812,0.0,0.0,0.0
reacher,26,prefix_b,18.324138641357422,89.21710205078125,4.9368743896484375,4.9368743896484375,4.9368743896484375
reacher,27,clean,20.08765411376953,27.008394241333008,0.0,5.8260040283203125,5.8260040283203125
reacher,27,prefix_a,18.97660255432129,38.40799331665039,0.0,33.332542419433594,33.332542419433594
reacher,27,prefix_b,16.690595626831055,38.70062255859375,0.28533935546875,17.300474166870117,0.0
reacher,28,clean,64.07164001464844,78.48135375976562,45.75148010253906,45.75148010253906,45.75148010253906
reacher,28,prefix_a,27.82046890258789,44.10052490234375,0.0,0.0,0.0
reacher,28,prefix_b,14.216514587402344,20.997304916381836,0.0,16.686546325683594,16.686546325683594
reacher,29,clean,42.15380096435547,89.2799301147461,0.0,0.0,0.0
reacher,29,prefix_b,20.57424545288086,61.29022979736328,0.0,0.0,0.0
reacher,30,clean,13.251163482666016,30.4843692779541,5.992439270019531,33.93162536621094,33.93162536621094
reacher,30,prefix_a,27.294906616210938,51.542388916015625,0.0,2.4486083984375,0.0
reacher,30,prefix_b,59.50096130371094,72.05029296875,7.779518127441406,7.779518127441406,7.779518127441406
reacher,31,clean,23.03986358642578,27.40966796875,0.0,0.0,0.0
reacher,31,prefix_a,39.88810729980469,58.28633499145508,0.0,26.764705657958984,26.764705657958984
reacher,31,prefix_b,44.541709899902344,50.733985900878906,0.0,0.0,21.958816528320312
reacher,32,clean,21.852684020996094,28.272106170654297,33.634498596191406,33.634498596191406,33.634498596191406
reacher,32,prefix_a,23.25727653503418,25.046443939208984,36.067806243896484,1.5911483764648438,1.5911483764648438
reacher,32,prefix_b,26.68126678466797,28.875823974609375,28.040355682373047,28.040355682373047,28.040355682373047
reacher,33,clean,17.03350830078125,113.84951782226562,1.7931442260742188,1.7931442260742188,1.7931442260742188
reacher,33,prefix_a,22.01390838623047,130.9723663330078,0.0,11.268531799316406,0.0
reacher,33,prefix_b,15.265358924865723,75.4845962524414,0.0,0.0,60.72993469238281
reacher,34,clean,14.010931015014648,42.94813537597656,3.0017051696777344,3.0017051696777344,0.0
reacher,34,prefix_a,16.21675682067871,62.53152847290039,0.0,0.0,0.0
reacher,34,prefix_b,16.193252563476562,25.4050235748291,0.0,14.955944061279297,14.955944061279297
reacher,35,clean,28.428653717041016,39.745609283447266,13.251415252685547,13.251415252685547,16.897335052490234
reacher,35,prefix_a,14.163494110107422,19.33082389831543,10.837804794311523,10.837804794311523,10.837804794311523
reacher,35,prefix_b,35.788002014160156,54.26897430419922,12.436569213867188,12.436569213867188,12.436569213867188
reacher,36,clean,31.379924774169922,27.613956451416016,0.0,23.199180603027344,23.199180603027344
reacher,36,prefix_a,15.911685943603516,29.110881805419922,8.090576171875,8.090576171875,8.090576171875
reacher,36,prefix_b,40.933616638183594,79.72108459472656,0.0,86.13937377929688,86.13937377929688
reacher,37,clean,41.822593688964844,73.45122528076172,0.0,20.001461029052734,20.001461029052734
reacher,37,prefix_a,29.758136749267578,49.26660919189453,28.830291748046875,28.830291748046875,28.830291748046875
reacher,37,prefix_b,21.577293395996094,32.20780563354492,0.0,25.433979034423828,28.919971466064453
reacher,38,clean,9.089454650878906,13.94546890258789,0.0,4.538570404052734,4.538570404052734
reacher,38,prefix_a,17.71603775024414,24.66556167602539,21.431407928466797,21.431407928466797,10.798709869384766
reacher,38,prefix_b,23.494569778442383,44.2928352355957,13.160324096679688,13.160324096679688,13.160324096679688
reacher,39,clean,48.14531326293945,58.3848991394043,0.0,0.0,0.0
reacher,39,prefix_a,20.707664489746094,47.808326721191406,0.0,0.0,0.0
reacher,39,prefix_b,15.577033996582031,33.51588439941406,10.147418975830078,10.147418975830078,0.0
reacher,40,clean,15.441043853759766,61.29759216308594,0.0,0.0,54.798561096191406
reacher,40,prefix_a,15.0614652633667,59.23552703857422,20.46857452392578,20.46857452392578,20.46857452392578
reacher,40,prefix_b,17.138891220092773,27.84241485595703,0.0,27.408588409423828,40.403263092041016
reacher,41,clean,33.551780700683594,47.21997833251953,0.0,0.0,0.0
reacher,41,prefix_a,14.461498260498047,33.099342346191406,2.627166748046875,0.0,0.0
reacher,41,prefix_b,20.192649841308594,34.9967041015625,3.2440567016601562,12.318168640136719,12.318168640136719
reacher,42,clean,40.61298370361328,165.02235412597656,44.17570495605469,44.17570495605469,44.17570495605469
reacher,42,prefix_a,34.45197296142578,43.89404296875,20.62771987915039,33.3577995300293,33.3577995300293
reacher,42,prefix_b,24.189037322998047,50.21689987182617,0.0,0.0,0.0
reacher,43,clean,35.94123458862305,44.91672134399414,0.0,0.0,0.0
reacher,43,prefix_a,57.20452880859375,56.20420837402344,0.0,0.0,0.0
reacher,43,prefix_b,22.124496459960938,18.02670669555664,0.0,0.0,0.0
reacher,44,clean,41.602378845214844,108.3026123046875,0.0,3.810943603515625,0.0
reacher,44,prefix_a,14.58244800567627,23.19276237487793,0.0,4.848545074462891,4.848545074462891
reacher,44,prefix_b,22.667509078979492,49.63612365722656,7.927093505859375,7.927093505859375,7.927093505859375
reacher,45,clean,40.98429870605469,91.89079284667969,63.98200225830078,25.419349670410156,26.028846740722656
reacher,45,prefix_a,24.682395935058594,72.3099594116211,0.0,0.0,4.236686706542969
reacher,45,prefix_b,22.40911293029785,75.81169891357422,0.0,0.0,67.74712753295898
reacher,46,clean,33.8305778503418,70.97990417480469,0.0,79.95733642578125,79.95733642578125
reacher,46,prefix_a,44.435447692871094,71.69868469238281,4.830974578857422,0.0,0.0
reacher,46,prefix_b,13.684830665588379,25.159955978393555,0.0,0.0,0.0
reacher,47,clean,11.504195213317871,23.68524169921875,0.0,21.58755111694336,21.58755111694336
reacher,47,prefix_a,16.03607940673828,34.22319030761719,0.0,0.0,17.27315902709961
reacher,47,prefix_b,16.363365173339844,21.311054229736328,0.0,0.0,2.7143516540527344
reacher,48,clean,23.499156951904297,70.42932891845703,0.0,0.0,0.0
reacher,48,prefix_a,19.43710708618164,61.61274719238281,28.833213806152344,66.01734924316406,28.833213806152344
reacher,48,prefix_b,16.00128746032715,40.08332824707031,0.0,22.7532958984375,22.7532958984375
reacher,49,clean,22.375951766967773,49.95922088623047,0.0,0.0,41.949989318847656
reacher,49,prefix_a,37.98261260986328,45.6091194152832,0.0,0.0,0.0
reacher,49,prefix_b,12.573450088500977,30.919410705566406,4.607170104980469,0.0,0.0
reacher,50,clean,16.221059799194336,30.664512634277344,0.0,44.23823547363281,44.23823547363281
reacher,50,prefix_a,25.82740592956543,71.06742095947266,0.0,0.0,0.0
reacher,50,prefix_b,28.086593627929688,65.17045593261719,0.0,61.406280517578125,61.406280517578125
reacher,51,clean,22.536968231201172,23.09899139404297,4.075437545776367,0.0,0.0
reacher,51,prefix_a,36.74702453613281,62.014404296875,42.92346954345703,42.92346954345703,42.92346954345703
reacher,51,prefix_b,17.929033279418945,37.83909606933594,7.158912658691406,7.158912658691406,3.8003482818603516
reacher,52,clean,14.715614318847656,21.721174240112305,0.0,0.0,0.0
reacher,52,prefix_a,16.341672897338867,19.673328399658203,0.0,11.929176330566406,6.752479553222656
reacher,52,prefix_b,25.095020294189453,28.049083709716797,0.0,0.0,0.0
reacher,53,clean,53.7722282409668,97.16433715820312,42.208770751953125,0.0,0.0
reacher,53,prefix_a,67.36602783203125,82.70714569091797,135.51902770996094,0.0,0.0
reacher,53,prefix_b,25.650436401367188,23.656845092773438,0.0,0.0,18.83533477783203
reacher,54,clean,13.329748153686523,34.222015380859375,0.0,0.0,0.0
reacher,54,prefix_a,34.929771423339844,63.65326690673828,3.3198318481445312,0.0,0.0
reacher,54,prefix_b,25.544841766357422,39.21289825439453,0.0,68.8627700805664,68.8627700805664
reacher,55,clean,37.12687683105469,58.034690856933594,28.277427673339844,20.309276580810547,28.277427673339844
reacher,55,prefix_a,13.811081886291504,42.04368591308594,2.8865203857421875,50.463932037353516,50.463932037353516
reacher,55,prefix_b,10.27126693725586,43.09746551513672,0.0,5.558437347412109,5.558437347412109
reacher,56,clean,35.85748291015625,59.87885665893555,0.0,0.0,0.0
reacher,56,prefix_a,25.77826690673828,68.99064636230469,0.0,0.0,0.0
reacher,56,prefix_b,39.45599365234375,64.84046936035156,3.178853988647461,4.055391311645508,4.055391311645508
reacher,57,clean,14.515702247619629,36.26451110839844,3.4040489196777344,3.4040489196777344,3.4040489196777344
reacher,57,prefix_a,13.221212387084961,53.99639892578125,0.0,25.8770751953125,0.0
reacher,57,prefix_b,28.939531326293945,50.88085174560547,1.4147262573242188,0.0,0.0
reacher,58,clean,16.48758888244629,115.97098541259766,0.0,54.8128662109375,54.8128662109375
reacher,58,prefix_a,34.96754455566406,73.7726058959961,32.97201919555664,17.559574127197266,0.0
reacher,58,prefix_b,26.274255752563477,92.55278015136719,23.575942993164062,4.981201171875,4.981201171875
reacher,59,clean,12.246965408325195,27.627233505249023,0.0,43.743125915527344,43.743125915527344
reacher,59,prefix_a,11.455526351928711,19.849802017211914,0.0,47.665313720703125,14.94293212890625
reacher,59,prefix_b,65.55484771728516,178.26416015625,0.0,0.0,0.0
reacher,60,clean,16.654747009277344,31.009647369384766,0.0,0.0,0.0
reacher,60,prefix_a,19.37030029296875,29.921371459960938,0.0,1.0468406677246094,1.5851593017578125
reacher,60,prefix_b,26.890289306640625,49.12002182006836,19.072269439697266,19.072269439697266,19.072269439697266
reacher,61,clean,15.349724769592285,41.76628112792969,0.0,0.0,7.404323577880859
reacher,61,prefix_a,14.029382705688477,28.862892150878906,0.0,0.0,0.0
reacher,61,prefix_b,28.31978988647461,46.71281433105469,27.429412841796875,0.0,0.0
reacher,62,clean,19.537723541259766,28.537494659423828,0.0,0.0,0.4459228515625
reacher,62,prefix_a,15.065998077392578,24.026439666748047,0.0,0.0,83.79780197143555
reacher,62,prefix_b,66.19483947753906,68.9072265625,0.6165008544921875,0.0,0.6165008544921875
reacher,63,clean,16.60348129272461,19.469680786132812,0.0,19.549182891845703,19.549182891845703
reacher,63,prefix_a,16.342132568359375,22.755725860595703,0.0,8.706369400024414,8.706369400024414
reacher,63,prefix_b,11.30643367767334,30.280529022216797,0.0,0.0,34.53116226196289
reacher,64,clean,26.898609161376953,37.666221618652344,0.0,0.0,0.0
reacher,64,prefix_a,9.390559196472168,18.850128173828125,0.0,21.272701263427734,21.272701263427734
reacher,64,prefix_b,13.173201560974121,28.050811767578125,0.0,25.245206832885742,7.039464950561523
reacher,65,clean,32.57352066040039,73.6286849975586,18.6788330078125,18.6788330078125,18.6788330078125
reacher,65,prefix_a,13.356276512145996,51.7212028503418,0.0,0.0,0.0
reacher,65,prefix_b,31.961055755615234,93.13179779052734,0.0,54.964569091796875,54.964569091796875
reacher,66,clean,39.218589782714844,81.7784652709961,3.473642349243164,3.473642349243164,0.0
reacher,66,prefix_a,19.237606048583984,28.59447479248047,0.0,0.0,28.90398406982422
reacher,66,prefix_b,10.532108306884766,50.22031021118164,0.0,17.975479125976562,17.975479125976562
reacher,67,clean,44.002464294433594,88.44718170166016,19.424903869628906,0.0,0.0
reacher,67,prefix_a,22.650733947753906,66.00206756591797,0.6894073486328125,0.0,0.6894073486328125
reacher,67,prefix_b,16.75534439086914,82.34024810791016,0.0,2.203948974609375,0.0
reacher,68,clean,19.95376968383789,51.66552734375,0.0,0.0,0.0
reacher,68,prefix_a,32.51729965209961,40.90548324584961,0.0,0.0,0.0
reacher,68,prefix_b,21.822322845458984,23.22499656677246,0.0,9.828041076660156,9.828041076660156
reacher,69,clean,40.68511962890625,93.23272705078125,10.758537292480469,59.12873077392578,59.12873077392578
reacher,69,prefix_a,21.499622344970703,48.876853942871094,0.0,18.761852264404297,18.761852264404297
reacher,69,prefix_b,41.7188720703125,32.06413269042969,16.80835723876953,16.80835723876953,16.80835723876953
reacher,70,clean,16.854446411132812,29.825420379638672,0.389007568359375,0.0,0.389007568359375
reacher,70,prefix_a,25.980371475219727,46.589027404785156,30.92560577392578,1.1392250061035156,1.1392250061035156
reacher,70,prefix_b,29.144285202026367,42.76792907714844,25.907054901123047,42.562862396240234,25.907054901123047
reacher,71,clean,13.819812774658203,45.72270584106445,0.0,8.927818298339844,0.0
reacher,71,prefix_a,14.499222755432129,31.128711700439453,10.855607986450195,0.0,10.855607986450195
reacher,71,prefix_b,9.716655731201172,28.00249481201172,0.0,12.486623764038086,12.621557235717773
reacher,72,clean,34.18292236328125,79.43730163574219,7.897434234619141,0.0,0.0
reacher,73,clean,70.94026184082031,115.82795715332031,123.10223388671875,28.29736328125,123.10223388671875
reacher,73,prefix_a,28.705135345458984,35.74302673339844,1.4706954956054688,0.0,0.0
reacher,73,prefix_b,32.11439514160156,77.1125717163086,0.0,0.0,0.0
reacher,74,clean,19.28955078125,35.50395965576172,0.0,0.0,0.0
reacher,74,prefix_a,21.98897933959961,50.78103256225586,0.0,0.0,0.0
reacher,74,prefix_b,22.244102478027344,12.159628868103027,20.63128662109375,0.0,0.0
reacher,75,clean,33.64387893676758,71.11481475830078,10.215984344482422,49.18051528930664,49.18051528930664
reacher,75,prefix_a,37.420494079589844,48.57078552246094,25.650407791137695,25.650407791137695,25.650407791137695
reacher,75,prefix_b,19.240528106689453,41.34014892578125,23.096628189086914,23.096628189086914,23.096628189086914
reacher,76,clean,19.340179443359375,40.17756271362305,0.0,0.8373146057128906,0.8373146057128906
reacher,76,prefix_a,12.51833724975586,29.76873779296875,3.6877365112304688,15.063041687011719,3.6877365112304688
reacher,76,prefix_b,44.51647186279297,66.80473327636719,0.0,0.0,0.0
reacher,77,clean,27.02560043334961,71.98670196533203,0.0,0.0,0.0
reacher,77,prefix_a,22.070186614990234,59.454750061035156,0.0,0.0,0.0
reacher,77,prefix_b,17.84272003173828,61.717987060546875,0.0,0.0,0.0
reacher,78,clean,22.4822940826416,34.443729400634766,0.0,9.097846984863281,9.097846984863281
reacher,78,prefix_a,30.899887084960938,77.09397888183594,25.697433471679688,0.0,126.34297180175781
reacher,78,prefix_b,16.473880767822266,44.51832580566406,0.0,0.0,0.0
reacher,79,clean,28.410030364990234,80.86148071289062,0.0,0.0,0.0
reacher,79,prefix_a,20.04434585571289,95.13898468017578,0.0,0.0,0.0
reacher,79,prefix_b,29.24755859375,69.7850341796875,0.0,19.385787963867188,19.385787963867188
reacher,80,clean,13.397533416748047,51.7635498046875,0.0,42.22846221923828,42.22846221923828
reacher,80,prefix_a,31.150054931640625,82.28907012939453,0.8922882080078125,0.0,0.0
reacher,80,prefix_b,20.973522186279297,89.31159210205078,0.0,86.56193542480469,86.56193542480469
reacher,81,clean,15.720785140991211,23.18353843688965,0.0,0.0,14.807880401611328
reacher,81,prefix_a,10.996481895446777,35.865474700927734,0.0,0.0,0.0
reacher,81,prefix_b,51.33332061767578,111.20174407958984,0.0,37.352447509765625,134.39297485351562
reacher,82,clean,16.060321807861328,31.776500701904297,0.0,0.0,0.0
reacher,82,prefix_a,45.994384765625,78.39822387695312,0.0,0.0,0.0
reacher,82,prefix_b,28.64430046081543,39.33192825317383,0.0,15.803878784179688,95.28905487060547
reacher,83,clean,13.60964298248291,42.16168212890625,0.0,106.55567932128906,106.55567932128906
reacher,83,prefix_a,18.015621185302734,43.495887756347656,0.0,0.0,0.0
reacher,83,prefix_b,16.048473358154297,39.39645767211914,0.0,0.0,0.0
reacher,84,clean,87.71696472167969,107.083740234375,67.10606384277344,67.10606384277344,67.10606384277344
reacher,84,prefix_a,28.03839874267578,23.497852325439453,40.90130615234375,7.406940460205078,7.406940460205078
reacher,84,prefix_b,45.811248779296875,69.82652282714844,17.655208587646484,60.925926208496094,60.925926208496094
reacher,85,clean,23.997310638427734,24.933452606201172,0.0,0.0,0.0
reacher,85,prefix_a,20.406763076782227,55.73385238647461,0.0,0.0,0.0
reacher,85,prefix_b,17.196611404418945,25.636817932128906,11.216796875,11.216796875,11.216796875
reacher,86,clean,22.327796936035156,58.08665466308594,4.761226654052734,0.0,0.0
reacher,86,prefix_a,36.75966262817383,89.15390014648438,42.16400146484375,57.36192321777344,57.36192321777344
reacher,86,prefix_b,27.394390106201172,97.10151672363281,3.7191848754882812,35.551361083984375,35.551361083984375
reacher,87,clean,12.539639472961426,42.01643753051758,0.0,0.0,0.0
reacher,87,prefix_a,55.51093673706055,78.02969360351562,25.515453338623047,0.9861564636230469,0.9861564636230469
reacher,87,prefix_b,11.832975387573242,35.527740478515625,0.0,37.224430084228516,58.902042388916016
reacher,88,clean,23.244056701660156,81.77396392822266,0.0,85.46245193481445,85.46245193481445
reacher,88,prefix_a,52.70688247680664,80.80522155761719,49.6551513671875,49.6551513671875,49.6551513671875
reacher,88,prefix_b,36.0146484375,57.204097747802734,29.781463623046875,0.0,0.0
reacher,89,clean,22.806581497192383,57.237640380859375,0.0,4.740959167480469,4.740959167480469
reacher,89,prefix_a,28.519580841064453,37.645145416259766,6.362644195556641,6.362644195556641,5.265037536621094
reacher,89,prefix_b,22.53635025024414,41.55738067626953,0.0,0.0,0.0
reacher,90,clean,32.72014617919922,81.3567886352539,0.0,0.0,0.0
reacher,90,prefix_a,29.201187133789062,82.95040893554688,0.0,0.0,0.0
reacher,90,prefix_b,33.07724380493164,73.8013916015625,7.553993225097656,7.553993225097656,7.553993225097656
reacher,91,clean,33.47367858886719,111.53072357177734,0.0,0.0,31.765804290771484
reacher,91,prefix_a,10.167078018188477,50.55311584472656,0.0,5.8973541259765625,45.33918762207031
reacher,91,prefix_b,10.188688278198242,49.28102111816406,0.0,0.0,29.023971557617188
reacher,92,clean,13.373189926147461,49.165855407714844,0.0,0.0,0.0
reacher,92,prefix_a,13.079593658447266,26.697402954101562,19.83572769165039,0.0,0.0
reacher,92,prefix_b,22.49740982055664,33.51673889160156,0.0,0.0,0.0
reacher,93,clean,37.60223388671875,64.801025390625,33.128326416015625,33.128326416015625,33.128326416015625
reacher,93,prefix_a,22.107608795166016,53.96669387817383,0.0,25.98438262939453,25.98438262939453
reacher,94,clean,32.179832458496094,36.17969512939453,61.363609313964844,0.0,0.0
reacher,94,prefix_a,20.462369918823242,30.575223922729492,0.0,0.0,0.0
reacher,94,prefix_b,28.709674835205078,35.39954376220703,0.0,0.0,0.0
reacher,95,clean,23.64140510559082,65.57164001464844,0.0,0.0,0.0
reacher,95,prefix_a,35.25946807861328,84.53569030761719,0.0,0.0,92.66111755371094
reacher,95,prefix_b,16.710697174072266,73.34873962402344,0.0,6.729419708251953,6.729419708251953
reacher,96,clean,15.051321029663086,24.2709903717041,0.0,0.0,0.0
reacher,96,prefix_a,29.0314884185791,32.61007308959961,19.775455474853516,1.5685501098632812,0.0
reacher,96,prefix_b,13.068686485290527,31.63736915588379,0.0,74.04363250732422,74.04363250732422
reacher,97,clean,40.95702362060547,116.7555160522461,12.161720275878906,12.161720275878906,12.161720275878906
reacher,97,prefix_a,18.273754119873047,84.98397827148438,0.0,0.0,0.0
reacher,97,prefix_b,42.49728775024414,128.91845703125,0.0,0.0,91.0472640991211
reacher,98,clean,21.781368255615234,23.736013412475586,14.700336456298828,0.0,14.700336456298828
reacher,98,prefix_a,46.56502914428711,56.241180419921875,0.0,27.941184997558594,27.941184997558594
reacher,98,prefix_b,14.443120956420898,46.478843688964844,0.0,9.328086853027344,0.0
reacher,99,clean,22.804420471191406,65.49493408203125,0.0,0.0,132.33978271484375
reacher,99,prefix_a,20.94630241394043,65.1480941772461,0.0,0.0,0.0
reacher,99,prefix_b,17.6412296295166,48.024803161621094,0.0,8.285968780517578,2.465770721435547
reacher,100,clean,27.263296127319336,23.594097137451172,0.0,0.0,0.0
reacher,100,prefix_a,23.429622650146484,36.51551818847656,0.0,0.0,16.259017944335938
reacher,100,prefix_b,23.949020385742188,33.673545837402344,4.330059051513672,4.330059051513672,4.330059051513672
reacher,101,clean,11.696722030639648,34.027217864990234,0.0,13.450916290283203,13.450916290283203
reacher,101,prefix_a,9.670784950256348,21.371505737304688,0.3028297424316406,66.34532928466797,0.3028297424316406
reacher,101,prefix_b,20.690296173095703,39.628971099853516,23.852333068847656,0.0,0.0
reacher,102,clean,11.286653518676758,30.542037963867188,3.8250198364257812,0.0,1.3579025268554688
reacher,102,prefix_a,18.830211639404297,26.338512420654297,0.0,2.089548110961914,2.089548110961914
reacher,102,prefix_b,12.711570739746094,38.35066604614258,20.104137420654297,20.104137420654297,38.503482818603516
reacher,103,clean,26.9168701171875,89.43147277832031,0.0,51.385887145996094,35.76080322265625
reacher,103,prefix_a,28.982999801635742,137.56886291503906,0.0,0.0,60.179290771484375
reacher,103,prefix_b,17.19731903076172,36.48873519897461,0.0,16.89999008178711,16.89999008178711
reacher,104,clean,19.565628051757812,38.899574279785156,0.0,17.879730224609375,17.879730224609375
reacher,104,prefix_a,46.465572357177734,53.68312072753906,39.24853515625,34.209999084472656,34.209999084472656
reacher,104,prefix_b,26.530921936035156,45.82826232910156,11.266502380371094,11.266502380371094,40.272972106933594
reacher,105,clean,19.276351928710938,83.01837158203125,37.860450744628906,0.0,0.0
reacher,105,prefix_a,13.710620880126953,64.46705627441406,0.0,44.63381576538086,44.63381576538086
reacher,105,prefix_b,31.52063751220703,56.309104919433594,13.664234161376953,23.5660400390625,23.5660400390625
reacher,106,clean,21.557077407836914,54.38208770751953,0.0,0.0,0.0
reacher,106,prefix_a,23.98267364501953,32.348236083984375,0.0,0.0,0.0
reacher,106,prefix_b,22.4499568939209,55.41825866699219,0.0,0.0,0.0
reacher,107,clean,32.753536224365234,42.694664001464844,0.0,0.0,0.0
reacher,107,prefix_a,21.998023986816406,38.21890640258789,0.0,28.271697998046875,0.0
reacher,107,prefix_b,12.421571731567383,20.846391677856445,0.0,0.0,15.474977493286133
reacher,108,clean,11.65136432647705,14.907527923583984,0.0,15.029170989990234,15.029170989990234
reacher,108,prefix_a,16.41289710998535,40.46832275390625,0.0,0.0,0.0
reacher,108,prefix_b,11.044904708862305,23.941875457763672,0.0,0.0,0.0
reacher,109,clean,43.28287124633789,85.75865173339844,14.46142578125,14.46142578125,14.46142578125
reacher,109,prefix_a,15.119714736938477,30.06275177001953,0.0,0.0,0.0
reacher,109,prefix_b,8.202853202819824,37.737335205078125,0.0,2.75177001953125,0.9143733978271484
reacher,110,clean,19.4368896484375,17.955730438232422,0.18814849853515625,0.18814849853515625,0.18814849853515625
reacher,110,prefix_a,20.00827407836914,43.49042892456055,0.0,0.0,66.64881896972656
reacher,110,prefix_b,47.51971435546875,67.76589965820312,31.891939163208008,31.891939163208008,31.891939163208008
reacher,111,clean,14.41384220123291,34.40596389770508,0.0,79.52203369140625,79.52203369140625
reacher,111,prefix_a,13.564912796020508,37.189048767089844,0.3978080749511719,0.3978080749511719,0.0
reacher,111,prefix_b,24.917741775512695,32.3170051574707,13.75015640258789,8.07339096069336,8.07339096069336
reacher,112,clean,13.243106842041016,14.650242805480957,0.0,51.990821838378906,51.990821838378906
reacher,112,prefix_a,11.586181640625,24.907989501953125,0.0,46.86212158203125,46.86212158203125
reacher,112,prefix_b,12.4527006149292,9.828662872314453,1.5635032653808594,1.5635032653808594,12.251953125
reacher,113,clean,18.14298439025879,69.09015655517578,8.459510803222656,6.308525085449219,6.308525085449219
reacher,113,prefix_a,18.839252471923828,39.506080627441406,14.622322082519531,0.0,34.93083190917969
reacher,113,prefix_b,17.615798950195312,78.71513366699219,7.537651062011719,0.0,0.0
reacher,114,clean,18.155838012695312,43.272403717041016,0.0,0.0,0.0
reacher,114,prefix_a,22.291650772094727,41.02394104003906,0.0,0.0,0.0
reacher,114,prefix_b,41.033729553222656,48.762001037597656,25.197898864746094,25.197898864746094,25.197898864746094
reacher,115,prefix_a,16.310691833496094,39.608970642089844,0.0,0.0,0.0
reacher,116,clean,64.7796630859375,60.79338455200195,117.21425247192383,0.0,0.0
reacher,116,prefix_a,23.30921173095703,58.00498580932617,0.0,38.047813415527344,38.047813415527344
reacher,116,prefix_b,14.256409645080566,35.66582107543945,0.0,0.0,0.0
reacher,117,clean,10.022710800170898,25.41678810119629,0.0,33.42414474487305,52.18709945678711
reacher,117,prefix_a,32.153533935546875,63.14120864868164,0.0,0.0,0.0
reacher,117,prefix_b,8.263548851013184,35.642486572265625,1.4240169525146484,1.4240169525146484,38.05278778076172
reacher,118,clean,24.19911766052246,26.796348571777344,17.242477416992188,17.242477416992188,17.242477416992188
reacher,118,prefix_a,36.81092834472656,51.418846130371094,26.653518676757812,10.441036224365234,10.441036224365234
reacher,118,prefix_b,15.757270812988281,21.665485382080078,1.0708274841308594,1.0708274841308594,1.0708274841308594
reacher,119,clean,16.074138641357422,16.893447875976562,0.0,0.0,0.0
reacher,119,prefix_a,22.748119354248047,44.97536849975586,0.0,24.517379760742188,4.170982360839844
reacher,119,prefix_b,19.155715942382812,31.54027557373047,0.0,0.0,0.0
reacher,120,clean,27.21498680114746,29.88835334777832,0.0,25.019298553466797,25.019298553466797
reacher,120,prefix_a,19.50887680053711,20.036239624023438,0.0,0.0,1.1580390930175781
reacher,120,prefix_b,10.28245735168457,26.495561599731445,0.0,0.0,0.0
reacher,121,clean,40.27619934082031,82.52962493896484,39.38621520996094,39.38621520996094,39.38621520996094
reacher,121,prefix_a,23.57476043701172,25.54651641845703,52.111053466796875,10.370159149169922,31.751083374023438
reacher,121,prefix_b,31.576602935791016,58.3220329284668,19.032485961914062,19.032485961914062,19.032485961914062
reacher,122,clean,16.57859992980957,33.598548889160156,0.0,0.0,0.0
reacher,122,prefix_a,18.853221893310547,74.45907592773438,0.0,0.0,0.0
reacher,122,prefix_b,38.52398681640625,50.724578857421875,7.245746612548828,0.0,0.0
reacher,123,clean,21.360218048095703,21.65343475341797,8.643028259277344,8.643028259277344,15.426490783691406
reacher,123,prefix_a,22.602571487426758,33.36805725097656,0.0,0.0,0.0
reacher,123,prefix_b,57.84452438354492,60.389854431152344,17.365562438964844,61.80375671386719,35.86512756347656
reacher,124,clean,14.524842262268066,28.479602813720703,0.0,0.0,31.1881103515625
reacher,124,prefix_a,15.00163459777832,22.126829147338867,0.0,0.0,0.0
reacher,124,prefix_b,14.749290466308594,36.66404342651367,0.0,3.110443115234375,3.110443115234375
reacher,125,clean,15.129697799682617,43.07722473144531,0.0,18.984302520751953,18.984302520751953
reacher,125,prefix_a,23.622295379638672,65.1373291015625,0.0,0.0,0.0
reacher,125,prefix_b,18.831974029541016,34.504005432128906,4.517368316650391,29.866161346435547,29.866161346435547
reacher,126,clean,27.372562408447266,80.84477233886719,0.0,21.66204071044922,0.0
reacher,126,prefix_a,39.2345085144043,83.62120819091797,11.525447845458984,77.4547004699707,11.525447845458984
reacher,126,prefix_b,30.249208450317383,69.23654174804688,0.0,64.73980712890625,19.4150390625
reacher,127,clean,27.312707901000977,68.21615600585938,0.0,0.0,0.0
reacher,127,prefix_a,29.83621597290039,64.8787841796875,0.0,0.0,0.0
reacher,127,prefix_b,12.98468017578125,55.15164566040039,0.0,0.0,0.0
tworoom,0,clean,15.092340469360352,106.66412353515625,0.0,0.0,14.194160461425781
tworoom,0,prefix_a,15.079069137573242,150.17227172851562,0.0,24.547664418816566,31.93465019762516
tworoom,0,prefix_b,11.756813049316406,164.41311645507812,0.0,139.2373504638672,139.2373504638672
tworoom,1,clean,8.590780258178711,413.72039794921875,0.0,48.85638427734375,46.47100830078125
tworoom,1,prefix_a,9.30263900756836,428.2234191894531,0.0,54.697052001953125,54.697052001953125
tworoom,1,prefix_b,8.899505615234375,453.91534423828125,0.0,56.2518310546875,56.2518310546875
tworoom,2,clean,12.09906005859375,77.16136932373047,0.0,0.0,0.0
tworoom,2,prefix_a,14.689497947692871,60.58037185668945,14.269783020019531,0.0,0.0
tworoom,2,prefix_b,12.548843383789062,44.36465835571289,0.0,0.0,0.0
tworoom,3,clean,13.685935974121094,374.3741760253906,0.0,219.76126098632812,114.54888916015625
tworoom,3,prefix_a,13.44913387298584,399.0838623046875,0.0,32.707794189453125,32.707794189453125
tworoom,3,prefix_b,11.96129035949707,284.238037109375,1.932952880859375,1.932952880859375,1.932952880859375
tworoom,4,clean,12.960975646972656,220.53561401367188,0.0,100.30903625488281,0.0
tworoom,4,prefix_a,13.06723403930664,220.79052734375,0.0,109.61778259277344,0.0
tworoom,4,prefix_b,13.406282424926758,166.64773559570312,0.0,0.0,111.82660675048828
tworoom,5,clean,13.387680053710938,78.75415802001953,0.0,0.0,6.544101715087891
tworoom,5,prefix_a,11.500185012817383,61.8458251953125,6.843197822570801,0.0,0.0
tworoom,5,prefix_b,12.08639907836914,75.65231323242188,5.776508092880249,0.0,25.918424367904663
tworoom,6,clean,12.908781051635742,500.1219787597656,0.0,0.0,0.0
tworoom,6,prefix_a,10.937118530273438,507.7156982421875,0.0,0.0,0.0
tworoom,6,prefix_b,8.468114852905273,536.3389892578125,0.0,40.13458251953125,40.13458251953125
tworoom,7,clean,13.763504028320312,205.1037139892578,0.0,0.0,98.34584045410156
tworoom,7,prefix_a,13.51481819152832,206.8725128173828,0.0,0.0,0.0
tworoom,7,prefix_b,11.41975212097168,132.27174377441406,28.62872314453125,0.0,0.0
tworoom,8,clean,12.743145942687988,142.05686950683594,0.0,17.049842834472656,28.65196990966797
tworoom,8,prefix_a,12.415351867675781,149.9543914794922,0.0,0.0,30.184310913085938
tworoom,8,prefix_b,12.69193172454834,253.6259307861328,0.0,0.0,0.0
tworoom,9,clean,15.532967567443848,88.09786987304688,0.17280960083007812,0.0,171.34444427490234
tworoom,9,prefix_a,13.14753532409668,75.7391586303711,0.0,0.0,0.0
tworoom,9,prefix_b,16.913663864135742,79.51701354980469,5.1351776123046875,0.0,118.26827239990234
tworoom,10,clean,9.610276222229004,24.043825149536133,0.0,0.0,6.798590660095215
tworoom,10,prefix_a,9.53746223449707,36.595176696777344,0.0,0.0,0.0
tworoom,10,prefix_b,11.594527244567871,46.99626922607422,3.7532882690429688,61.29719543457031,19.050048828125
tworoom,11,clean,14.579483985900879,167.08290100097656,5.628377914428711,5.628377914428711,5.628377914428711
tworoom,11,prefix_a,15.343658447265625,232.03396606445312,27.53802490234375,0.0,0.0
tworoom,11,prefix_b,9.276552200317383,269.0014953613281,0.0,0.0,0.0
tworoom,12,clean,9.576061248779297,225.39869689941406,0.0,0.0,53.898990631103516
tworoom,12,prefix_a,8.607606887817383,141.5362548828125,0.0,0.0,0.0
tworoom,12,prefix_b,8.783726692199707,117.93854522705078,0.0,0.0,0.0
tworoom,13,clean,11.2774658203125,399.9417724609375,0.0,48.336944580078125,48.336944580078125
tworoom,13,prefix_a,12.255867004394531,422.431396484375,0.0,41.977783203125,41.977783203125
tworoom,13,prefix_b,12.587991714477539,453.3865966796875,15.1527099609375,5.014404296875,5.014404296875
tworoom,14,clean,12.493440628051758,181.5116424560547,0.0,105.11788940429688,20.087753295898438
tworoom,14,prefix_a,12.82713508605957,89.25460815429688,0.0,0.0,0.0
tworoom,14,prefix_b,12.548337936401367,45.68952178955078,0.0,0.0,0.0
tworoom,15,clean,11.999044418334961,101.9964599609375,0.0,25.290536880493164,25.290536880493164
tworoom,15,prefix_a,10.32275104522705,64.32374572753906,0.0,25.16944122314453,25.16944122314453
tworoom,15,prefix_b,12.763923645019531,131.92990112304688,0.0,0.0,0.0
tworoom,16,clean,9.108389854431152,45.0947265625,0.0,0.0,80.60623550415039
tworoom,16,prefix_a,10.172685623168945,120.93440246582031,0.0,0.0,0.0
tworoom,16,prefix_b,10.530925750732422,69.67179870605469,0.0,0.0,68.86345863342285
tworoom,17,clean,12.628501892089844,53.55646896362305,0.0,0.0,16.976810455322266
tworoom,17,prefix_a,9.619312286376953,95.0924072265625,0.0,30.383291959762573,30.383291959762573
tworoom,17,prefix_b,12.28037166595459,36.63893508911133,0.0,0.0,0.0
tworoom,18,clean,51.985557556152344,187.6500701904297,27.44830322265625,39.1025390625,39.1025390625
tworoom,18,prefix_a,11.764666557312012,225.372314453125,0.0,47.324676513671875,47.324676513671875
tworoom,18,prefix_b,11.416105270385742,208.60118103027344,0.0,56.583587646484375,56.583587646484375
tworoom,19,clean,16.078550338745117,71.32891845703125,0.0,0.0,0.0
tworoom,19,prefix_a,13.25820541381836,95.851318359375,0.0,18.850467801094055,25.039465069770813
tworoom,19,prefix_b,12.98504638671875,80.90689849853516,0.08744382858276367,0.0,0.0
tworoom,20,clean,15.516700744628906,63.82731628417969,2.27004337310791,18.32205104827881,18.32205104827881
tworoom,20,prefix_a,11.475160598754883,92.6241455078125,2.08721923828125,30.86480712890625,30.86480712890625
tworoom,20,prefix_b,11.47415542602539,121.50750732421875,0.0,0.0,246.81583976745605
tworoom,21,clean,9.07628059387207,63.99660110473633,0.0,13.3043212890625,0.0
tworoom,21,prefix_a,12.668073654174805,116.71183013916016,0.0,0.0,87.68997573852539
tworoom,21,prefix_b,13.307088851928711,63.145042419433594,0.0,28.460174560546875,28.460174560546875
tworoom,22,clean,15.061586380004883,127.03140258789062,29.3648681640625,78.67507934570312,78.67507934570312
tworoom,22,prefix_a,11.268068313598633,73.36712646484375,3.4061355590820312,47.03492736816406,47.03492736816406
tworoom,22,prefix_b,14.284515380859375,119.4218521118164,1.308624267578125,37.875701904296875,37.875701904296875
tworoom,23,clean,11.78402328491211,154.3664093017578,0.0,0.0,0.0
tworoom,23,prefix_a,12.972846984863281,250.87164306640625,15.548004150390625,0.0,0.0
tworoom,23,prefix_b,12.408309936523438,229.681396484375,0.0,27.634246826171875,46.0107421875
tworoom,24,clean,11.48066520690918,202.63833618164062,0.0,0.0,0.0
tworoom,24,prefix_a,13.064685821533203,113.38195037841797,0.0,0.0,172.85517501831055
tworoom,24,prefix_b,14.76124095916748,94.24258422851562,0.0,68.2201795578003,68.2201795578003
tworoom,25,clean,15.513006210327148,104.64352416992188,0.0,6.973788261413574,6.973788261413574
tworoom,25,prefix_a,13.037630081176758,21.94631576538086,0.0,10.982513427734375,10.982513427734375
tworoom,25,prefix_b,15.350744247436523,56.956878662109375,0.0,0.0,0.0
tworoom,26,clean,15.818938255310059,98.60142517089844,0.0,48.1558837890625,0.0
tworoom,26,prefix_a,14.601195335388184,154.61181640625,0.0,0.0,0.0
tworoom,26,prefix_b,12.981581687927246,110.90179443359375,0.0,0.0,0.0
tworoom,27,clean,12.56279468536377,172.42706298828125,0.0,62.68537521362305,62.68537521362305
tworoom,27,prefix_a,12.509140968322754,156.0350341796875,0.0,50.37893867492676,50.37893867492676
tworoom,27,prefix_b,12.938070297241211,162.61859130859375,0.0,66.69010543823242,66.69010543823242
tworoom,28,clean,8.604244232177734,105.71036529541016,0.0,0.0,0.0
tworoom,28,prefix_a,13.750036239624023,140.4252471923828,0.0,20.729095458984375,195.1484375
tworoom,28,prefix_b,13.76521110534668,102.31000518798828,0.0,0.0,66.02240371704102
tworoom,29,clean,14.327783584594727,81.86895751953125,0.09360504150390625,11.170814514160156,79.97969818115234
tworoom,29,prefix_a,13.437054634094238,147.29278564453125,9.133895874023438,0.0,0.0
tworoom,29,prefix_b,12.916716575622559,60.793216705322266,0.0,0.0,28.499167442321777
tworoom,30,clean,12.372777938842773,168.97903442382812,0.0,28.66426658630371,28.66426658630371
tworoom,30,prefix_a,12.30705451965332,129.66392517089844,0.0,0.0,0.0
tworoom,30,prefix_b,13.873756408691406,298.246826171875,0.0,0.0,0.0
tworoom,31,clean,11.96151065826416,162.86703491210938,0.0,0.0,0.0
tworoom,31,prefix_a,10.668222427368164,429.5199890136719,0.0,0.0,0.0
tworoom,31,prefix_b,10.75271224975586,240.11695861816406,0.0,44.5848388671875,8.503021240234375
tworoom,32,clean,14.434329986572266,41.57401657104492,0.0,0.0,58.26791977882385
tworoom,32,prefix_a,11.932120323181152,55.152870178222656,0.0,135.19813537597656,16.94501495361328
tworoom,32,prefix_b,11.721695899963379,103.06015014648438,0.0,24.1083622276783,0.0
tworoom,33,clean,10.553565979003906,201.46168518066406,0.0,0.0,0.0
tworoom,33,prefix_a,8.507981300354004,34.77082824707031,0.0,23.531400203704834,23.531400203704834
tworoom,33,prefix_b,10.404298782348633,75.39384460449219,0.059069983661174774,4.6841176971793175,0.059069983661174774
tworoom,34,clean,18.600730895996094,178.70079040527344,0.0,0.0,0.0
tworoom,34,prefix_a,16.794231414794922,122.87847137451172,0.0,0.0,0.0
tworoom,34,prefix_b,15.954973220825195,95.6509780883789,0.0,0.0,0.0
tworoom,35,clean,12.45715045928955,56.84360885620117,0.0,0.0,0.0
tworoom,35,prefix_a,12.97883415222168,63.98388671875,0.0,0.0,0.0
tworoom,35,prefix_b,12.561088562011719,45.61094665527344,0.0,0.0,0.0
tworoom,36,clean,19.79458236694336,485.1090087890625,0.0,73.54949951171875,73.54949951171875
tworoom,36,prefix_a,17.27666473388672,454.331787109375,0.0,74.72854614257812,74.72854614257812
tworoom,36,prefix_b,25.185394287109375,485.1903991699219,0.0,20.405242919921875,92.68875122070312
tworoom,37,clean,10.49972152709961,104.71868896484375,0.0,0.0,92.0251693725586
tworoom,37,prefix_a,8.614620208740234,269.4803466796875,0.0,238.6693878173828,0.0
tworoom,37,prefix_b,9.642311096191406,187.51324462890625,0.0,20.072266578674316,20.072266578674316
tworoom,38,clean,12.210519790649414,228.14581298828125,0.0,46.69309997558594,46.69309997558594
tworoom,38,prefix_a,12.48807144165039,216.11331176757812,0.0,25.21685791015625,25.21685791015625
tworoom,38,prefix_b,12.532739639282227,179.1776123046875,0.0,0.0,0.0
tworoom,39,clean,13.8267822265625,240.2915496826172,0.0,0.0,0.0
tworoom,39,prefix_a,12.126129150390625,203.55502319335938,0.0,0.0,0.0
tworoom,39,prefix_b,13.75053596496582,327.0763854980469,0.0,0.0,116.21538162231445
tworoom,40,clean,9.129383087158203,369.72698974609375,0.0,103.37600708007812,121.68112182617188
tworoom,40,prefix_a,16.47750473022461,489.8865966796875,6.194000244140625,56.777069091796875,56.777069091796875
tworoom,40,prefix_b,9.660390853881836,439.3017883300781,0.0,168.88430786132812,321.61602783203125
tworoom,41,clean,9.78844165802002,156.8131103515625,0.0,0.0,0.0
tworoom,41,prefix_a,9.86864948272705,94.6122055053711,0.0,9.705085754394531,0.0
tworoom,41,prefix_b,10.131449699401855,80.90292358398438,0.0,0.0,0.0
tworoom,42,clean,12.118202209472656,199.1484832763672,0.0,71.30821228027344,71.30821228027344
tworoom,42,prefix_a,11.975481033325195,196.99734497070312,0.024202346801757812,0.024202346801757812,104.64549827575684
tworoom,42,prefix_b,11.398420333862305,116.41325378417969,0.0,0.0,121.27645111083984
tworoom,43,clean,13.896224021911621,131.16990661621094,0.0,83.59772109985352,83.59772109985352
tworoom,43,prefix_a,11.780961990356445,68.0421142578125,0.0,0.0,0.0
tworoom,43,prefix_b,11.55324935913086,96.67985534667969,0.0,111.06765747070312,111.06765747070312
tworoom,44,clean,18.854700088500977,71.17896270751953,4.227777481079102,4.227777481079102,26.88005256652832
tworoom,44,prefix_a,16.75461769104004,92.37728881835938,0.0,45.18621635437012,45.18621635437012
tworoom,44,prefix_b,13.18777847290039,94.287109375,0.0,0.5343747138977051,0.5343747138977051
tworoom,45,clean,10.121559143066406,352.5867919921875,6.577545166015625,6.577545166015625,6.577545166015625
tworoom,45,prefix_a,11.401301383972168,277.7890625,0.0,0.0,0.0
tworoom,45,prefix_b,13.589160919189453,350.0269775390625,12.16259765625,7.9501953125,7.9501953125
tworoom,46,clean,10.096251487731934,55.78800964355469,0.0,0.0,0.0
tworoom,46,prefix_a,9.817682266235352,75.03703308105469,0.0,12.810211181640625,12.810211181640625
tworoom,46,prefix_b,11.515628814697266,83.50630187988281,0.0,67.7103271484375,67.7103271484375
tworoom,47,clean,11.444765090942383,79.57745361328125,0.0,35.05675506591797,35.05675506591797
tworoom,47,prefix_a,11.385087966918945,78.69895935058594,0.0,35.9294319152832,35.9294319152832
tworoom,47,prefix_b,11.56367301940918,147.11688232421875,0.0,0.0,0.0
tworoom,48,clean,12.082527160644531,125.63931274414062,0.0,0.0,0.0
tworoom,48,prefix_a,13.171355247497559,126.95744323730469,0.0,0.0,0.0
tworoom,48,prefix_b,11.754867553710938,161.28994750976562,2.693511962890625,7.558807373046875,0.0
tworoom,49,clean,13.685189247131348,164.06951904296875,0.0,0.0,0.0
tworoom,49,prefix_a,12.129406929016113,189.9547119140625,0.0,0.0,0.0
tworoom,49,prefix_b,12.476380348205566,114.07196044921875,0.0,0.0,0.0
tworoom,50,clean,11.22519302368164,469.73724365234375,0.8391265869140625,0.8391265869140625,0.8391265869140625
tworoom,50,prefix_a,9.3422269821167,101.25169372558594,0.0,0.0,0.0
tworoom,50,prefix_b,11.019886016845703,269.0130920410156,0.0,18.246055603027344,178.7965316772461
tworoom,51,clean,9.345563888549805,176.02822875976562,0.0,28.616753980517387,28.616753980517387
tworoom,51,prefix_a,12.527899742126465,95.91996765136719,0.0,9.397038221359253,9.397038221359253
tworoom,51,prefix_b,7.968709945678711,98.29833984375,0.0,74.86460876464844,74.86460876464844
tworoom,52,clean,22.24002456665039,192.998046875,0.0,89.45315170288086,89.45315170288086
tworoom,52,prefix_a,27.263916015625,220.53384399414062,0.0,18.8846492767334,18.8846492767334
tworoom,52,prefix_b,17.489654541015625,186.81959533691406,0.0,74.77763748168945,74.77763748168945
tworoom,53,clean,15.048641204833984,112.20631408691406,0.0,0.0,0.0
tworoom,53,prefix_a,15.892332077026367,99.95079040527344,0.0,0.0,47.113739013671875
tworoom,53,prefix_b,11.851704597473145,96.1956558227539,0.0,0.0,160.65628051757812
tworoom,54,clean,24.038349151611328,153.31170654296875,0.0,121.06723022460938,313.8579406738281
tworoom,54,prefix_a,14.359622955322266,161.37400817871094,7.9770355224609375,122.49102783203125,148.83609008789062
tworoom,54,prefix_b,16.284622192382812,79.8526611328125,0.0,0.0,260.75823974609375
tworoom,55,clean,13.112103462219238,155.66970825195312,0.0,186.01966857910156,186.01966857910156
tworoom,55,prefix_a,12.50775146484375,270.638916015625,0.0,219.61359405517578,219.61359405517578
tworoom,55,prefix_b,12.627574920654297,136.28399658203125,0.0,0.0,0.0
tworoom,56,clean,13.078837394714355,67.38872528076172,10.417041778564453,10.417041778564453,10.417041778564453
tworoom,56,prefix_a,16.353408813476562,53.66595458984375,0.0,0.0,0.0
tworoom,56,prefix_b,16.68646240234375,59.838924407958984,0.0,32.570838928222656,14.677326202392578
tworoom,57,clean,12.95482063293457,55.25146484375,0.0,0.0,35.10196781158447
tworoom,57,prefix_a,14.733327865600586,110.45161437988281,0.0,0.0,13.53862190246582
tworoom,57,prefix_b,14.584814071655273,89.406982421875,0.0,0.0,0.0
tworoom,58,clean,10.477232933044434,139.84869384765625,2.7349853515625,0.0,0.0
tworoom,58,prefix_a,12.715448379516602,116.29885864257812,0.0,0.0,61.73219299316406
tworoom,58,prefix_b,13.447763442993164,218.30532836914062,0.0,0.0,0.0
tworoom,59,clean,15.458840370178223,58.59989929199219,1.8769989013671875,18.048879623413086,18.048879623413086
tworoom,59,prefix_a,9.808121681213379,85.33683776855469,0.0,0.0,0.0
tworoom,59,prefix_b,16.010746002197266,48.335472106933594,0.0,13.907027244567871,13.907027244567871
tworoom,60,clean,20.729801177978516,214.2119903564453,0.0,207.26110172271729,207.26110172271729
tworoom,60,prefix_a,13.002659797668457,173.31625366210938,0.0,226.21051025390625,212.95272827148438
tworoom,60,prefix_b,12.142202377319336,252.10440063476562,0.0,10.462234497070312,10.462234497070312
tworoom,61,clean,11.619208335876465,411.48370361328125,0.0,88.5372085571289,88.5372085571289
tworoom,61,prefix_a,11.335257530212402,340.12042236328125,0.0,41.772003173828125,41.772003173828125
tworoom,61,prefix_b,10.941789627075195,308.8861083984375,0.0,0.0,0.0
tworoom,62,clean,13.039318084716797,156.74595642089844,0.0,0.0,368.91316986083984
tworoom,62,prefix_a,10.00462818145752,93.0206527709961,0.0,6.0659027099609375,113.6109733581543
tworoom,62,prefix_b,9.054423332214355,84.60896301269531,0.0,0.0,0.0
tworoom,63,clean,9.821728706359863,110.3062515258789,0.0,44.88352966308594,52.86622619628906
tworoom,63,prefix_a,10.231858253479004,227.05409240722656,0.0,0.0,0.0
tworoom,63,prefix_b,9.610015869140625,195.15679931640625,0.0,0.0,0.0
tworoom,64,clean,16.05779266357422,142.31375122070312,0.0,60.6032657623291,60.6032657623291
tworoom,64,prefix_a,13.811315536499023,193.585205078125,0.0,97.18252563476562,97.18252563476562
tworoom,64,prefix_b,14.772688865661621,140.7516326904297,0.0,54.83634567260742,54.83634567260742
tworoom,65,clean,15.05060863494873,123.29447937011719,0.0,0.0,27.721092224121094
tworoom,65,prefix_a,17.970592498779297,111.1783676147461,0.0,0.0,0.0
tworoom,65,prefix_b,15.925873756408691,76.72575378417969,1.3079900741577148,4.427792549133301,4.427792549133301
tworoom,66,clean,10.37959098815918,56.03520584106445,0.0,0.0,0.0
tworoom,66,prefix_a,10.365943908691406,37.49001693725586,0.0,0.0,96.56440353393555
tworoom,66,prefix_b,8.578859329223633,61.087257385253906,0.0,0.0,119.35280990600586
tworoom,67,clean,13.104162216186523,184.33792114257812,0.0,128.4485626220703,128.4485626220703
tworoom,67,prefix_a,12.178202629089355,360.54254150390625,0.0,17.877227783203125,147.718505859375
tworoom,67,prefix_b,13.433846473693848,238.4315185546875,0.0,76.40470123291016,76.40470123291016
tworoom,68,clean,11.599380493164062,320.6207275390625,0.0,71.08883666992188,255.9715576171875
tworoom,68,prefix_a,11.867645263671875,298.85406494140625,5.9853515625,34.175872802734375,34.175872802734375
tworoom,68,prefix_b,11.244117736816406,311.68280029296875,0.0,81.34805297851562,285.81396484375
tworoom,69,clean,14.59218978881836,100.49056243896484,0.0,0.0,69.83853030204773
tworoom,69,prefix_a,18.16570281982422,143.24798583984375,0.0,14.691871643066406,14.691871643066406
tworoom,69,prefix_b,16.101160049438477,113.74813842773438,0.0,8.551033020019531,8.551033020019531
tworoom,70,clean,9.530946731567383,24.59054946899414,0.0,0.0,58.29411315917969
tworoom,70,prefix_a,10.167530059814453,35.94236755371094,0.0,0.0,45.46206474304199
tworoom,70,prefix_b,8.809544563293457,102.46379089355469,0.0,0.0,55.84917449951172
tworoom,71,clean,16.65582275390625,407.4935302734375,0.0,0.0,0.0
tworoom,71,prefix_a,13.179594993591309,406.760986328125,0.0,29.077178955078125,29.077178955078125
tworoom,71,prefix_b,10.833173751831055,346.309814453125,0.0,58.84783935546875,58.84783935546875
tworoom,72,clean,9.780807495117188,153.21267700195312,0.0,0.0,195.96173572540283
tworoom,72,prefix_a,10.428672790527344,172.6797332763672,0.0,55.28186798095703,55.28186798095703
tworoom,72,prefix_b,12.87665843963623,94.29874420166016,0.0,0.0,0.0
tworoom,73,clean,13.667304039001465,52.77416229248047,0.0,0.0,0.0
tworoom,73,prefix_a,14.343923568725586,47.513580322265625,0.0,0.0,11.507448196411133
tworoom,73,prefix_b,11.927467346191406,42.59706115722656,0.0,0.0,0.0
tworoom,74,clean,11.678670883178711,265.0741271972656,0.0,119.5103759765625,119.5103759765625
tworoom,74,prefix_a,11.534175872802734,196.15866088867188,0.0,84.0066909790039,84.0066909790039
tworoom,74,prefix_b,9.047080993652344,90.66014862060547,0.0,0.0,0.0
tworoom,75,clean,16.099098205566406,77.30879211425781,0.0,7.446022033691406,7.446022033691406
tworoom,75,prefix_a,13.636985778808594,103.12096405029297,0.0,0.0,94.81160736083984
tworoom,75,prefix_b,15.656400680541992,85.36832427978516,0.7836360931396484,28.42795181274414,28.42795181274414
tworoom,76,clean,17.751388549804688,132.67642211914062,0.0,25.22063159942627,25.22063159942627
tworoom,76,prefix_a,15.458806991577148,97.62992858886719,0.0,0.0,0.0
tworoom,76,prefix_b,13.859203338623047,78.3365478515625,0.0,0.0,0.0
tworoom,77,clean,14.884178161621094,108.16206359863281,0.0,0.0,0.0
tworoom,77,prefix_a,12.955438613891602,125.77757263183594,0.0,0.0,0.0
tworoom,77,prefix_b,15.164403915405273,91.95599365234375,0.0,9.49234390258789,26.74734592437744
tworoom,78,clean,13.307523727416992,119.63352966308594,0.0,0.0,0.0
tworoom,78,prefix_a,11.796638488769531,41.07404708862305,0.0,5.424102783203125,10.425254821777344
tworoom,78,prefix_b,11.797531127929688,88.435791015625,4.620636701583862,11.634868383407593,17.443440198898315
tworoom,79,clean,16.70892906188965,230.65310668945312,0.0,46.78831100463867,46.78831100463867
tworoom,79,prefix_a,14.688615798950195,210.81121826171875,0.0,0.0,0.0
tworoom,79,prefix_b,13.739789009094238,96.87598419189453,0.0,0.0,307.74192237854004
tworoom,80,clean,17.345603942871094,304.08929443359375,37.3592529296875,70.69857788085938,70.69857788085938
tworoom,80,prefix_a,13.063365936279297,154.4908905029297,0.0,0.0,0.0
tworoom,80,prefix_b,13.30270004272461,234.83558654785156,9.34515380859375,31.811370849609375,31.811370849609375
tworoom,81,clean,12.911288261413574,182.32754516601562,0.0,0.0,59.10963439941406
tworoom,81,prefix_a,16.648609161376953,309.6081237792969,0.0,75.3232536315918,75.3232536315918
tworoom,81,prefix_b,16.29471778869629,90.79908752441406,0.0,0.0,0.0
tworoom,82,clean,15.619117736816406,156.82249450683594,0.0,0.0,0.0
tworoom,82,prefix_a,11.212165832519531,143.74365234375,0.8870706558227539,0.0,54.71414279937744
tworoom,82,prefix_b,10.40770149230957,52.96992111206055,0.0,0.0,0.0
tworoom,83,clean,47.335182189941406,520.5770263671875,0.0,337.61242485046387,337.61242485046387
tworoom,83,prefix_a,16.681049346923828,476.69708251953125,0.0,224.37637329101562,224.37637329101562
tworoom,83,prefix_b,16.039730072021484,265.793212890625,0.0,0.0,0.0
tworoom,84,clean,10.90844440460205,237.53125,0.0,73.58774471282959,73.58774471282959
tworoom,84,prefix_a,8.907997131347656,220.23004150390625,0.0,0.0,19.603191375732422
tworoom,84,prefix_b,12.279848098754883,107.92796325683594,0.0,8.813273906707764,0.0
tworoom,85,clean,14.247590065002441,58.2847900390625,1.4161802232265472,0.0,0.0
tworoom,85,prefix_a,14.061384201049805,26.979572296142578,5.179611504077911,5.179611504077911,0.0
tworoom,85,prefix_b,12.947006225585938,31.013427734375,3.128459930419922,3.128459930419922,3.128459930419922
tworoom,86,clean,14.525580406188965,49.066444396972656,0.0,0.0,0.0
tworoom,86,prefix_a,10.335562705993652,91.63102722167969,0.0,0.0,0.0
tworoom,86,prefix_b,13.322240829467773,86.17052459716797,0.0,0.0,0.0
tworoom,87,clean,9.10988998413086,185.23797607421875,12.3277587890625,82.16265869140625,82.16265869140625
tworoom,87,prefix_a,12.313785552978516,134.47874450683594,13.95672607421875,83.52435302734375,83.52435302734375
tworoom,87,prefix_b,16.982473373413086,376.9710693359375,14.166961669921875,29.614776611328125,29.614776611328125
tworoom,88,clean,8.120524406433105,52.03144073486328,0.0,0.0,52.52375555038452
tworoom,88,prefix_a,8.461692810058594,36.74030303955078,0.0,26.392414093017578,26.392414093017578
tworoom,88,prefix_b,11.442171096801758,45.99081802368164,0.0,0.0,0.0
tworoom,89,clean,16.06638526916504,284.6767578125,0.0,0.0,0.0
tworoom,89,prefix_a,11.890493392944336,187.61181640625,0.0,0.0,0.0
tworoom,89,prefix_b,13.102935791015625,155.05770874023438,0.0,0.0,0.0
tworoom,90,clean,11.330734252929688,322.28759765625,0.0,41.81316375732422,41.81316375732422
tworoom,90,prefix_a,13.509445190429688,491.56103515625,0.0,0.0,0.0
tworoom,90,prefix_b,10.604229927062988,192.14205932617188,0.0,0.0,0.0
tworoom,91,clean,9.269506454467773,108.15513610839844,0.0,24.077789306640625,0.0
tworoom,91,prefix_a,11.607015609741211,42.874813079833984,0.0,9.339645385742188,0.0
tworoom,91,prefix_b,8.941854476928711,71.14257049560547,0.0,0.0,145.25857543945312
tworoom,92,clean,11.978248596191406,56.167850494384766,0.0,0.0,0.0
tworoom,92,prefix_a,12.491219520568848,65.35818481445312,0.0,0.0,50.99504089355469
tworoom,92,prefix_b,11.120781898498535,80.88412475585938,0.0,0.0,0.0
tworoom,93,clean,13.562597274780273,82.06322479248047,0.0,0.0,0.0
tworoom,93,prefix_a,10.106925964355469,99.22177124023438,0.0,33.95997619628906,33.95997619628906
tworoom,93,prefix_b,9.159130096435547,108.12251281738281,0.0,0.0,65.97680473327637
tworoom,94,clean,16.04790496826172,54.42317199707031,3.3605804443359375,3.3605804443359375,3.3605804443359375
tworoom,94,prefix_a,12.597397804260254,61.563819885253906,0.0,45.45094299316406,45.45094299316406
tworoom,94,prefix_b,12.265754699707031,68.27786254882812,0.0,0.0,0.0
tworoom,95,clean,20.403057098388672,302.9526672363281,0.0,0.0,0.0
tworoom,95,prefix_a,18.56525421142578,293.20330810546875,0.0,0.0,0.0
tworoom,95,prefix_b,17.38945770263672,385.2650146484375,23.642486572265625,0.0,0.0
tworoom,96,clean,10.968758583068848,117.78972625732422,0.0,0.0,0.0
tworoom,96,prefix_a,11.613378524780273,35.77188491821289,0.0,0.0,60.58573913574219
tworoom,96,prefix_b,13.14813232421875,103.16928100585938,0.0,0.0,0.0
tworoom,97,clean,11.024601936340332,185.5282745361328,0.0,116.4261474609375,29.153549194335938
tworoom,97,prefix_a,13.122814178466797,200.97164916992188,0.0,23.30158233642578,23.30158233642578
tworoom,97,prefix_b,16.2177734375,311.962646484375,0.0,27.685821533203125,39.342437744140625
tworoom,98,clean,15.751864433288574,120.32576751708984,0.0,114.72120666503906,114.72120666503906
tworoom,98,prefix_a,16.30575180053711,79.12886047363281,0.0,0.0,0.0
tworoom,98,prefix_b,13.482831001281738,74.9306640625,7.3232421875,7.3232421875,247.62841796875
tworoom,99,clean,11.766241073608398,80.49369049072266,0.0,0.0,0.0
tworoom,99,prefix_a,10.57843017578125,24.58933448791504,0.0,0.0,0.0
tworoom,99,prefix_b,11.120384216308594,106.74610900878906,7.691570281982422,0.0,0.0
tworoom,100,clean,13.061091423034668,243.4451904296875,24.580833435058594,230.4144515991211,24.580833435058594
tworoom,100,prefix_a,13.34543514251709,175.23855590820312,0.0,0.0,0.0
tworoom,100,prefix_b,12.372079849243164,322.9414367675781,0.0,55.1903076171875,62.165283203125
tworoom,101,clean,17.107379913330078,138.62994384765625,0.0,64.9561767578125,64.9561767578125
tworoom,101,prefix_a,14.022420883178711,134.6728973388672,0.0,0.0,62.854461669921875
tworoom,101,prefix_b,9.898082733154297,115.26780700683594,0.0,0.0,4.8450775146484375
tworoom,102,clean,11.46340560913086,102.30004119873047,5.329338073730469,5.329338073730469,5.329338073730469
tworoom,102,prefix_a,12.588876724243164,79.20344543457031,0.0,0.0,15.664772391319275
tworoom,102,prefix_b,11.427456855773926,55.61005401611328,0.0,0.0,0.0
tworoom,103,clean,11.743721961975098,84.24734497070312,0.0,1.070953369140625,1.070953369140625
tworoom,103,prefix_a,12.70431137084961,267.3961486816406,0.0,0.0,0.0
tworoom,103,prefix_b,13.289155006408691,194.33981323242188,0.0,0.0,0.0
tworoom,104,clean,10.428752899169922,222.44467163085938,0.0,0.0,0.0
tworoom,104,prefix_a,10.393775939941406,392.26702880859375,0.0,66.42684936523438,66.42684936523438
tworoom,104,prefix_b,10.205459594726562,304.3228759765625,0.0,0.0,0.0
tworoom,105,clean,12.406713485717773,168.98028564453125,0.0,0.0,0.0
tworoom,105,prefix_a,17.113723754882812,168.18174743652344,0.0,23.249046325683594,23.249046325683594
tworoom,105,prefix_b,14.15047836303711,391.834228515625,0.0,0.0,0.0
tworoom,106,clean,9.177715301513672,62.85361862182617,0.0,2.244598388671875,2.244598388671875
tworoom,106,prefix_a,9.364195823669434,94.60272216796875,0.0,67.18717956542969,1.0704383850097656
tworoom,106,prefix_b,8.236018180847168,67.11821746826172,0.0,0.0,0.0
tworoom,107,clean,12.507245063781738,152.5363311767578,0.0,0.0,0.0
tworoom,107,prefix_a,8.70952033996582,141.51646423339844,0.0,0.0,0.0
tworoom,107,prefix_b,8.095636367797852,153.33970642089844,0.0,0.0,0.0
tworoom,108,clean,16.376995086669922,117.958251953125,0.0,0.0,0.0
tworoom,108,prefix_a,11.844444274902344,330.13623046875,0.0,65.26443481445312,65.26443481445312
tworoom,108,prefix_b,12.678768157958984,110.06625366210938,0.0,0.0,0.0
tworoom,109,clean,21.647830963134766,99.17353820800781,0.0,0.0,133.15606689453125
tworoom,109,prefix_a,14.837772369384766,101.74833679199219,0.0,30.97256851196289,9.77859878540039
tworoom,109,prefix_b,12.721413612365723,94.26275634765625,0.0,0.0,17.27710723876953
tworoom,110,clean,8.940431594848633,173.08258056640625,0.0,0.0,0.0
tworoom,110,prefix_a,9.777259826660156,172.96946716308594,0.0,0.0,0.0
tworoom,110,prefix_b,9.304693222045898,50.09513473510742,0.0,0.0,187.22803497314453
tworoom,111,clean,10.183856010437012,147.95697021484375,0.0,0.0,0.0
tworoom,111,prefix_a,10.423537254333496,54.656768798828125,0.0,0.0,95.47425842285156
tworoom,111,prefix_b,13.16602897644043,103.99311065673828,0.0,0.0,66.72807693481445
tworoom,112,clean,9.765094757080078,78.46224975585938,0.0,34.801902770996094,34.801902770996094
tworoom,112,prefix_a,14.709616661071777,50.518959045410156,0.0,0.0,0.0
tworoom,112,prefix_b,10.1737642288208,97.93231964111328,0.0,0.0,74.32343101501465
tworoom,113,clean,8.40451431274414,67.18687438964844,0.0,0.0,0.0
tworoom,113,prefix_a,9.346214294433594,52.584861755371094,0.0,0.0,0.0
tworoom,113,prefix_b,9.125274658203125,59.081764221191406,0.0,0.0,0.0
tworoom,114,clean,15.601346969604492,252.78854370117188,0.0,0.0,0.0
tworoom,114,prefix_a,19.08271026611328,401.99481201171875,0.0,77.9588623046875,47.32513427734375
tworoom,114,prefix_b,19.093612670898438,438.36810302734375,0.0,146.16802978515625,146.16802978515625
tworoom,115,clean,11.396360397338867,55.9817008972168,0.0,0.0,0.0
tworoom,115,prefix_a,11.935100555419922,64.42689514160156,0.0,0.0,0.0
tworoom,115,prefix_b,12.345918655395508,98.3659896850586,0.0,17.855674743652344,17.855674743652344
tworoom,116,clean,13.582508087158203,71.97360229492188,0.0,0.0,0.0
tworoom,116,prefix_a,11.84218692779541,132.48985290527344,0.0,0.0,84.95702862739563
tworoom,116,prefix_b,11.167369842529297,86.95414733886719,0.0,0.0,0.0
tworoom,117,clean,10.427156448364258,354.2378845214844,0.0,14.662841796875,15.93798828125
tworoom,117,prefix_a,10.456729888916016,245.69851684570312,0.0,0.0,0.0
tworoom,117,prefix_b,9.629243850708008,410.9692687988281,12.398712158203125,11.42431640625,11.42431640625
tworoom,118,clean,10.60987663269043,93.46831512451172,0.0,0.0,0.0
tworoom,118,prefix_a,12.242037773132324,108.34012603759766,0.0,0.0,0.0
tworoom,118,prefix_b,11.053865432739258,275.88055419921875,10.58831787109375,10.58831787109375,131.6229248046875
tworoom,119,clean,10.092721939086914,35.94486618041992,0.0,0.0,0.0
tworoom,119,prefix_a,10.951858520507812,85.5077896118164,0.0,26.484817504882812,26.484817504882812
tworoom,119,prefix_b,11.677350997924805,114.95492553710938,0.0,13.25429916381836,13.25429916381836
tworoom,120,clean,10.718448638916016,148.69985961914062,0.0,13.27227783203125,0.0
tworoom,120,prefix_a,10.539298057556152,70.39662170410156,0.0,24.61800765991211,24.61800765991211
tworoom,120,prefix_b,11.080821990966797,120.08500671386719,0.0,8.198402404785156,51.840667724609375
tworoom,121,clean,16.37276840209961,190.37655639648438,0.0,0.0,0.0
tworoom,121,prefix_a,13.014568328857422,71.32088470458984,0.0,0.0,0.0
tworoom,121,prefix_b,18.26865577697754,296.8585205078125,20.80926513671875,0.0,0.0
tworoom,122,clean,11.659577369689941,85.5967025756836,0.0,5.975533485412598,50.46903991699219
tworoom,122,prefix_a,11.773244857788086,83.9302978515625,0.0,0.0,0.0
tworoom,122,prefix_b,11.391328811645508,142.41024780273438,0.0,10.786529541015625,10.786529541015625
tworoom,123,clean,9.426971435546875,113.51740264892578,0.0,4.057952880859375,0.0
tworoom,123,prefix_a,10.128379821777344,76.5923080444336,0.0,0.0,0.0
tworoom,123,prefix_b,16.160247802734375,149.77239990234375,0.0,13.341875076293945,13.341875076293945
tworoom,124,clean,10.510614395141602,123.69976806640625,0.0,21.91566562652588,21.91566562652588
tworoom,124,prefix_a,11.963961601257324,121.44224548339844,0.0,0.0,0.0
tworoom,124,prefix_b,10.90241813659668,135.3563690185547,0.0,0.0,0.0
tworoom,125,clean,8.960447311401367,101.93018341064453,0.0,0.0,0.0
tworoom,125,prefix_a,8.974666595458984,53.01424026489258,0.0,0.0,0.0
tworoom,125,prefix_b,8.576221466064453,55.48060989379883,0.0,0.0,0.0
tworoom,126,clean,13.903619766235352,96.90352630615234,7.378264665603638,0.0,61.15723156929016
tworoom,126,prefix_a,13.83523178100586,99.00154113769531,8.376860618591309,0.0,62.12516975402832
tworoom,126,prefix_b,14.447657585144043,119.41839599609375,8.48509407043457,44.244659423828125,44.244659423828125
tworoom,127,clean,10.038270950317383,309.1761779785156,0.0,0.0,0.0
tworoom,127,prefix_a,10.902920722961426,148.0142822265625,0.0,0.0,0.0
tworoom,127,prefix_b,10.503530502319336,288.01348876953125,0.0,0.0,0.0
