task,query_ordinal,condition,selector,entered_policy,success,primitive_steps,first_candidate_rank
cube,0,clean,Direct,1,1,21,0
cube,0,clean,Predictor-Final,1,1,32,7
cube,0,clean,Predictor-Observed,1,1,22,2
cube,0,clean,Predictor-Learned,1,1,17,1
cube,0,clean,Simulator-Final,1,1,31,4
cube,0,clean,Simulator-Observed,1,1,22,2
cube,0,clean,Simulator-Learned,1,1,21,3
cube,0,clean,Displacement-Observed,1,1,21,0
cube,0,prefix_a,Direct,1,1,26,0
cube,0,prefix_a,Predictor-Final,1,1,19,6
cube,0,prefix_a,Predictor-Observed,1,1,19,6
cube,0,prefix_a,Predictor-Learned,1,1,25,3
cube,0,prefix_a,Simulator-Final,1,1,30,7
cube,0,prefix_a,Simulator-Observed,1,1,25,3
cube,0,prefix_a,Simulator-Learned,1,1,27,5
cube,0,prefix_a,Displacement-Observed,1,1,26,0
cube,0,prefix_b,Direct,1,1,17,0
cube,0,prefix_b,Predictor-Final,1,1,13,5
cube,0,prefix_b,Predictor-Observed,1,1,17,0
cube,0,prefix_b,Predictor-Learned,1,1,17,0
cube,0,prefix_b,Simulator-Final,1,1,13,5
cube,0,prefix_b,Simulator-Observed,1,1,17,0
cube,0,prefix_b,Simulator-Learned,1,1,17,0
cube,0,prefix_b,Displacement-Observed,1,1,15,3
cube,1,clean,Direct,1,1,36,0
cube,1,clean,Predictor-Final,1,1,38,7
cube,1,clean,Predictor-Observed,1,1,38,7
cube,1,clean,Predictor-Learned,1,1,38,2
cube,1,clean,Simulator-Final,1,1,38,7
cube,1,clean,Simulator-Observed,1,1,38,7
cube,1,clean,Simulator-Learned,1,1,38,2
cube,1,clean,Displacement-Observed,1,1,38,7
cube,1,prefix_a,Direct,1,0,150,0
cube,1,prefix_a,Predictor-Final,1,0,150,5
cube,1,prefix_a,Predictor-Observed,1,1,42,2
cube,1,prefix_a,Predictor-Learned,1,1,40,3
cube,1,prefix_a,Simulator-Final,1,0,150,5
cube,1,prefix_a,Simulator-Observed,1,1,40,3
cube,1,prefix_a,Simulator-Learned,1,1,40,3
cube,1,prefix_a,Displacement-Observed,1,1,37,7
cube,1,prefix_b,Direct,1,1,38,0
cube,1,prefix_b,Predictor-Final,1,1,38,3
cube,1,prefix_b,Predictor-Observed,1,1,41,1
cube,1,prefix_b,Predictor-Learned,1,1,38,6
cube,1,prefix_b,Simulator-Final,1,1,38,3
cube,1,prefix_b,Simulator-Observed,1,1,41,1
cube,1,prefix_b,Simulator-Learned,1,1,38,6
cube,1,prefix_b,Displacement-Observed,1,1,41,1
cube,2,clean,Direct,1,1,38,0
cube,2,clean,Predictor-Final,1,1,38,7
cube,2,clean,Predictor-Observed,1,1,38,0
cube,2,clean,Predictor-Learned,1,1,38,7
cube,2,clean,Simulator-Final,1,0,150,6
cube,2,clean,Simulator-Observed,1,1,38,7
cube,2,clean,Simulator-Learned,1,1,41,4
cube,2,clean,Displacement-Observed,1,1,38,0
cube,2,prefix_a,Direct,1,1,42,0
cube,2,prefix_a,Predictor-Final,1,0,150,7
cube,2,prefix_a,Predictor-Observed,1,1,42,0
cube,2,prefix_a,Predictor-Learned,1,1,43,3
cube,2,prefix_a,Simulator-Final,1,0,150,7
cube,2,prefix_a,Simulator-Observed,1,1,42,0
cube,2,prefix_a,Simulator-Learned,1,1,43,3
cube,2,prefix_a,Displacement-Observed,1,1,42,0
cube,2,prefix_b,Direct,1,1,29,0
cube,2,prefix_b,Predictor-Final,1,1,34,1
cube,2,prefix_b,Predictor-Observed,1,1,29,0
cube,2,prefix_b,Predictor-Learned,1,1,30,7
cube,2,prefix_b,Simulator-Final,1,1,29,0
cube,2,prefix_b,Simulator-Observed,1,1,29,0
cube,2,prefix_b,Simulator-Learned,1,1,30,7
cube,2,prefix_b,Displacement-Observed,1,1,29,0
cube,3,clean,Direct,1,1,52,0
cube,3,clean,Predictor-Final,1,0,150,7
cube,3,clean,Predictor-Observed,1,1,52,0
cube,3,clean,Predictor-Learned,1,0,150,3
cube,3,clean,Simulator-Final,1,0,150,7
cube,3,clean,Simulator-Observed,1,1,52,0
cube,3,clean,Simulator-Learned,1,0,150,3
cube,3,clean,Displacement-Observed,1,0,150,3
cube,3,prefix_a,Direct,1,0,150,0
cube,3,prefix_a,Predictor-Final,1,0,150,7
cube,3,prefix_a,Predictor-Observed,1,0,150,0
cube,3,prefix_a,Predictor-Learned,1,0,150,6
cube,3,prefix_a,Simulator-Final,1,0,150,5
cube,3,prefix_a,Simulator-Observed,1,0,150,0
cube,3,prefix_a,Simulator-Learned,1,0,150,1
cube,3,prefix_a,Displacement-Observed,1,0,150,0
cube,3,prefix_b,Direct,1,1,51,0
cube,3,prefix_b,Predictor-Final,1,0,150,7
cube,3,prefix_b,Predictor-Observed,1,0,150,7
cube,3,prefix_b,Predictor-Learned,1,1,53,3
cube,3,prefix_b,Simulator-Final,1,0,150,7
cube,3,prefix_b,Simulator-Observed,1,0,150,7
cube,3,prefix_b,Simulator-Learned,1,1,53,3
cube,3,prefix_b,Displacement-Observed,1,1,53,3
cube,4,clean,Direct,1,1,20,0
cube,4,clean,Predictor-Final,1,1,17,3
cube,4,clean,Predictor-Observed,1,1,20,0
cube,4,clean,Predictor-Learned,1,1,17,3
cube,4,clean,Simulator-Final,1,1,17,3
cube,4,clean,Simulator-Observed,1,1,20,0
cube,4,clean,Simulator-Learned,1,1,17,3
cube,4,clean,Displacement-Observed,1,1,20,0
cube,4,prefix_a,Direct,1,1,16,0
cube,4,prefix_a,Predictor-Final,1,1,18,6
cube,4,prefix_a,Predictor-Observed,1,1,18,6
cube,4,prefix_a,Predictor-Learned,1,1,18,5
cube,4,prefix_a,Simulator-Final,1,1,18,3
cube,4,prefix_a,Simulator-Observed,1,1,18,6
cube,4,prefix_a,Simulator-Learned,1,1,18,5
cube,4,prefix_a,Displacement-Observed,1,1,16,0
cube,4,prefix_b,Direct,1,0,150,0
cube,4,prefix_b,Predictor-Final,1,0,150,4
cube,4,prefix_b,Predictor-Observed,1,0,150,2
cube,4,prefix_b,Predictor-Learned,1,0,150,6
cube,4,prefix_b,Simulator-Final,1,0,150,6
cube,4,prefix_b,Simulator-Observed,1,0,150,0
cube,4,prefix_b,Simulator-Learned,1,0,150,6
cube,4,prefix_b,Displacement-Observed,1,0,150,0
cube,5,clean,Direct,1,1,26,0
cube,5,clean,Predictor-Final,1,0,150,2
cube,5,clean,Predictor-Observed,1,1,26,0
cube,5,clean,Predictor-Learned,1,1,42,6
cube,5,clean,Simulator-Final,1,1,26,5
cube,5,clean,Simulator-Observed,1,1,26,0
cube,5,clean,Simulator-Learned,1,1,42,6
cube,5,clean,Displacement-Observed,1,1,26,0
cube,5,prefix_a,Direct,1,0,150,0
cube,5,prefix_a,Predictor-Final,1,0,150,0
cube,5,prefix_a,Predictor-Observed,1,0,150,0
cube,5,prefix_a,Predictor-Learned,1,1,25,2
cube,5,prefix_a,Simulator-Final,1,1,26,5
cube,5,prefix_a,Simulator-Observed,1,1,26,5
cube,5,prefix_a,Simulator-Learned,1,1,25,4
cube,5,prefix_a,Displacement-Observed,1,0,150,0
cube,5,prefix_b,Direct,1,0,150,0
cube,5,prefix_b,Predictor-Final,1,0,150,5
cube,5,prefix_b,Predictor-Observed,1,0,150,0
cube,5,prefix_b,Predictor-Learned,1,0,150,4
cube,5,prefix_b,Simulator-Final,1,0,150,4
cube,5,prefix_b,Simulator-Observed,1,0,150,2
cube,5,prefix_b,Simulator-Learned,1,0,150,4
cube,5,prefix_b,Displacement-Observed,1,0,150,0
cube,6,clean,Direct,1,0,150,0
cube,6,clean,Predictor-Final,1,0,150,7
cube,6,clean,Predictor-Observed,1,0,150,2
cube,6,clean,Predictor-Learned,1,0,150,7
cube,6,clean,Simulator-Final,1,0,150,7
cube,6,clean,Simulator-Observed,1,0,150,2
cube,6,clean,Simulator-Learned,1,0,150,7
cube,6,clean,Displacement-Observed,1,0,150,1
cube,6,prefix_a,Direct,1,0,150,0
cube,6,prefix_a,Predictor-Final,1,0,150,7
cube,6,prefix_a,Predictor-Observed,1,0,150,3
cube,6,prefix_a,Predictor-Learned,1,0,150,7
cube,6,prefix_a,Simulator-Final,1,0,150,7
cube,6,prefix_a,Simulator-Observed,1,0,150,3
cube,6,prefix_a,Simulator-Learned,1,0,150,7
cube,6,prefix_a,Displacement-Observed,1,0,150,2
cube,6,prefix_b,Direct,1,0,150,0
cube,6,prefix_b,Predictor-Final,1,0,150,7
cube,6,prefix_b,Predictor-Observed,1,0,150,3
cube,6,prefix_b,Predictor-Learned,1,0,150,0
cube,6,prefix_b,Simulator-Final,1,0,150,0
cube,6,prefix_b,Simulator-Observed,1,0,150,6
cube,6,prefix_b,Simulator-Learned,1,0,150,0
cube,6,prefix_b,Displacement-Observed,1,0,150,1
cube,7,clean,Direct,1,1,31,0
cube,7,clean,Predictor-Final,1,1,31,3
cube,7,clean,Predictor-Observed,1,1,31,0
cube,7,clean,Predictor-Learned,1,1,41,5
cube,7,clean,Simulator-Final,1,1,31,3
cube,7,clean,Simulator-Observed,1,1,31,0
cube,7,clean,Simulator-Learned,1,1,41,5
cube,7,clean,Displacement-Observed,1,1,31,0
cube,7,prefix_a,Direct,1,1,29,0
cube,7,prefix_a,Predictor-Final,1,1,45,5
cube,7,prefix_a,Predictor-Observed,1,1,29,6
cube,7,prefix_a,Predictor-Learned,1,1,35,7
cube,7,prefix_a,Simulator-Final,1,1,45,5
cube,7,prefix_a,Simulator-Observed,1,1,29,6
cube,7,prefix_a,Simulator-Learned,1,1,35,7
cube,7,prefix_a,Displacement-Observed,1,1,29,0
cube,7,prefix_b,Direct,1,1,42,0
cube,7,prefix_b,Predictor-Final,1,1,34,6
cube,7,prefix_b,Predictor-Observed,1,1,34,6
cube,7,prefix_b,Predictor-Learned,1,1,44,5
cube,7,prefix_b,Simulator-Final,1,1,34,6
cube,7,prefix_b,Simulator-Observed,1,1,34,6
cube,7,prefix_b,Simulator-Learned,1,1,44,5
cube,7,prefix_b,Displacement-Observed,1,1,43,1
cube,8,clean,Direct,1,1,34,0
cube,8,clean,Predictor-Final,1,1,31,4
cube,8,clean,Predictor-Observed,1,1,32,2
cube,8,clean,Predictor-Learned,1,1,32,2
cube,8,clean,Simulator-Final,1,1,31,4
cube,8,clean,Simulator-Observed,1,1,32,2
cube,8,clean,Simulator-Learned,1,1,32,2
cube,8,clean,Displacement-Observed,1,1,31,3
cube,8,prefix_a,Direct,1,0,150,0
cube,8,prefix_a,Predictor-Final,1,0,150,7
cube,8,prefix_a,Predictor-Observed,1,0,150,5
cube,8,prefix_a,Predictor-Learned,1,0,150,7
cube,8,prefix_a,Simulator-Final,1,0,150,6
cube,8,prefix_a,Simulator-Observed,1,0,150,6
cube,8,prefix_a,Simulator-Learned,1,0,150,6
cube,8,prefix_a,Displacement-Observed,1,0,150,0
cube,8,prefix_b,Direct,1,1,35,0
cube,8,prefix_b,Predictor-Final,1,1,32,4
cube,8,prefix_b,Predictor-Observed,1,1,35,0
cube,8,prefix_b,Predictor-Learned,1,1,33,1
cube,8,prefix_b,Simulator-Final,1,1,32,4
cube,8,prefix_b,Simulator-Observed,1,1,35,0
cube,8,prefix_b,Simulator-Learned,1,1,32,4
cube,8,prefix_b,Displacement-Observed,1,1,35,0
cube,9,clean,Direct,1,1,41,0
cube,9,clean,Predictor-Final,1,1,41,3
cube,9,clean,Predictor-Observed,1,1,42,6
cube,9,clean,Predictor-Learned,1,1,42,6
cube,9,clean,Simulator-Final,1,1,41,3
cube,9,clean,Simulator-Observed,1,1,44,2
cube,9,clean,Simulator-Learned,1,1,41,0
cube,9,clean,Displacement-Observed,1,1,42,6
cube,9,prefix_a,Direct,1,1,41,0
cube,9,prefix_a,Predictor-Final,1,1,33,5
cube,9,prefix_a,Predictor-Observed,1,1,42,4
cube,9,prefix_a,Predictor-Learned,1,1,42,7
cube,9,prefix_a,Simulator-Final,1,1,33,5
cube,9,prefix_a,Simulator-Observed,1,1,42,4
cube,9,prefix_a,Simulator-Learned,1,1,40,2
cube,9,prefix_a,Displacement-Observed,1,1,41,0
cube,9,prefix_b,Direct,1,1,42,0
cube,9,prefix_b,Predictor-Final,1,1,42,0
cube,9,prefix_b,Predictor-Observed,1,1,42,0
cube,9,prefix_b,Predictor-Learned,1,1,46,5
cube,9,prefix_b,Simulator-Final,1,1,42,0
cube,9,prefix_b,Simulator-Observed,1,1,42,0
cube,9,prefix_b,Simulator-Learned,1,1,46,5
cube,9,prefix_b,Displacement-Observed,1,1,42,0
cube,10,clean,Direct,1,1,47,0
cube,10,clean,Predictor-Final,1,1,44,7
cube,10,clean,Predictor-Observed,1,1,48,2
cube,10,clean,Predictor-Learned,1,1,49,4
cube,10,clean,Simulator-Final,1,1,44,7
cube,10,clean,Simulator-Observed,1,1,48,2
cube,10,clean,Simulator-Learned,1,1,47,3
cube,10,clean,Displacement-Observed,1,1,48,2
cube,10,prefix_a,Direct,1,0,150,0
cube,10,prefix_a,Predictor-Final,1,0,150,7
cube,10,prefix_a,Predictor-Observed,1,0,150,1
cube,10,prefix_a,Predictor-Learned,1,0,150,0
cube,10,prefix_a,Simulator-Final,1,0,150,7
cube,10,prefix_a,Simulator-Observed,1,0,150,7
cube,10,prefix_a,Simulator-Learned,1,0,150,6
cube,10,prefix_a,Displacement-Observed,1,0,150,1
cube,10,prefix_b,Direct,1,0,150,0
cube,10,prefix_b,Predictor-Final,1,0,150,6
cube,10,prefix_b,Predictor-Observed,1,0,150,4
cube,10,prefix_b,Predictor-Learned,1,0,150,7
cube,10,prefix_b,Simulator-Final,1,0,150,5
cube,10,prefix_b,Simulator-Observed,1,0,150,3
cube,10,prefix_b,Simulator-Learned,1,0,150,5
cube,10,prefix_b,Displacement-Observed,1,0,150,1
cube,11,clean,Direct,1,1,41,0
cube,11,clean,Predictor-Final,1,0,150,7
cube,11,clean,Predictor-Observed,1,1,41,1
cube,11,clean,Predictor-Learned,1,1,41,4
cube,11,clean,Simulator-Final,1,0,150,2
cube,11,clean,Simulator-Observed,1,1,42,6
cube,11,clean,Simulator-Learned,1,1,41,4
cube,11,clean,Displacement-Observed,1,1,42,6
cube,11,prefix_a,Direct,1,0,150,0
cube,11,prefix_a,Predictor-Final,1,0,150,4
cube,11,prefix_a,Predictor-Observed,1,0,150,4
cube,11,prefix_a,Predictor-Learned,1,0,150,5
cube,11,prefix_a,Simulator-Final,1,0,150,4
cube,11,prefix_a,Simulator-Observed,1,0,150,7
cube,11,prefix_a,Simulator-Learned,1,0,150,5
cube,11,prefix_a,Displacement-Observed,1,0,150,7
cube,11,prefix_b,Direct,1,1,23,0
cube,11,prefix_b,Predictor-Final,1,1,23,3
cube,11,prefix_b,Predictor-Observed,1,1,23,0
cube,11,prefix_b,Predictor-Learned,1,1,23,5
cube,11,prefix_b,Simulator-Final,1,1,23,0
cube,11,prefix_b,Simulator-Observed,1,1,23,0
cube,11,prefix_b,Simulator-Learned,1,1,23,5
cube,11,prefix_b,Displacement-Observed,1,1,23,1
cube,12,clean,Direct,1,1,15,0
cube,12,clean,Predictor-Final,1,1,12,3
cube,12,clean,Predictor-Observed,1,1,16,5
cube,12,clean,Predictor-Learned,1,1,16,5
cube,12,clean,Simulator-Final,1,1,12,3
cube,12,clean,Simulator-Observed,1,1,16,5
cube,12,clean,Simulator-Learned,1,1,16,5
cube,12,clean,Displacement-Observed,1,1,16,5
cube,12,prefix_a,Direct,1,0,150,0
cube,12,prefix_a,Predictor-Final,1,0,150,6
cube,12,prefix_a,Predictor-Observed,1,0,150,2
cube,12,prefix_a,Predictor-Learned,1,0,150,5
cube,12,prefix_a,Simulator-Final,1,0,150,1
cube,12,prefix_a,Simulator-Observed,1,0,150,2
cube,12,prefix_a,Simulator-Learned,1,0,150,1
cube,12,prefix_a,Displacement-Observed,1,0,150,0
cube,12,prefix_b,Direct,1,1,17,0
cube,12,prefix_b,Predictor-Final,1,1,17,0
cube,12,prefix_b,Predictor-Observed,1,1,17,1
cube,12,prefix_b,Predictor-Learned,1,1,20,3
cube,12,prefix_b,Simulator-Final,1,1,17,0
cube,12,prefix_b,Simulator-Observed,1,1,17,1
cube,12,prefix_b,Simulator-Learned,1,1,17,0
cube,12,prefix_b,Displacement-Observed,1,1,17,0
cube,13,clean,Direct,1,1,50,0
cube,13,clean,Predictor-Final,1,0,150,7
cube,13,clean,Predictor-Observed,1,1,41,6
cube,13,clean,Predictor-Learned,1,1,50,0
cube,13,clean,Simulator-Final,1,0,150,7
cube,13,clean,Simulator-Observed,1,1,41,6
cube,13,clean,Simulator-Learned,1,1,42,1
cube,13,clean,Displacement-Observed,1,1,42,2
cube,13,prefix_a,Direct,1,1,55,0
cube,13,prefix_a,Predictor-Final,1,0,150,6
cube,13,prefix_a,Predictor-Observed,1,1,50,4
cube,13,prefix_a,Predictor-Learned,1,1,50,4
cube,13,prefix_a,Simulator-Final,1,0,150,6
cube,13,prefix_a,Simulator-Observed,1,1,50,3
cube,13,prefix_a,Simulator-Learned,1,1,50,5
cube,13,prefix_a,Displacement-Observed,1,1,50,3
cube,13,prefix_b,Direct,1,1,42,0
cube,13,prefix_b,Predictor-Final,1,1,42,0
cube,13,prefix_b,Predictor-Observed,1,1,42,7
cube,13,prefix_b,Predictor-Learned,1,1,43,6
cube,13,prefix_b,Simulator-Final,1,1,43,4
cube,13,prefix_b,Simulator-Observed,1,1,43,4
cube,13,prefix_b,Simulator-Learned,1,1,43,1
cube,13,prefix_b,Displacement-Observed,1,1,43,4
cube,14,clean,Direct,1,1,17,0
cube,14,clean,Predictor-Final,1,1,13,3
cube,14,clean,Predictor-Observed,1,1,17,0
cube,14,clean,Predictor-Learned,1,1,23,2
cube,14,clean,Simulator-Final,1,1,13,3
cube,14,clean,Simulator-Observed,1,1,17,0
cube,14,clean,Simulator-Learned,1,1,23,2
cube,14,clean,Displacement-Observed,1,1,17,0
cube,14,prefix_a,Direct,1,0,150,0
cube,14,prefix_a,Predictor-Final,1,0,150,6
cube,14,prefix_a,Predictor-Observed,1,0,150,2
cube,14,prefix_a,Predictor-Learned,1,0,150,7
cube,14,prefix_a,Simulator-Final,1,0,150,6
cube,14,prefix_a,Simulator-Observed,1,0,150,2
cube,14,prefix_a,Simulator-Learned,1,0,150,2
cube,14,prefix_a,Displacement-Observed,1,0,150,0
cube,14,prefix_b,Direct,1,1,19,0
cube,14,prefix_b,Predictor-Final,1,0,150,6
cube,14,prefix_b,Predictor-Observed,1,1,19,0
cube,14,prefix_b,Predictor-Learned,1,1,23,4
cube,14,prefix_b,Simulator-Final,1,0,150,6
cube,14,prefix_b,Simulator-Observed,1,1,19,0
cube,14,prefix_b,Simulator-Learned,1,1,23,4
cube,14,prefix_b,Displacement-Observed,1,1,19,0
cube,15,clean,Direct,1,0,150,0
cube,15,clean,Predictor-Final,1,0,150,6
cube,15,clean,Predictor-Observed,1,0,150,0
cube,15,clean,Predictor-Learned,1,0,150,7
cube,15,clean,Simulator-Final,1,1,56,2
cube,15,clean,Simulator-Observed,1,0,150,0
cube,15,clean,Simulator-Learned,1,1,56,2
cube,15,clean,Displacement-Observed,1,0,150,1
cube,15,prefix_a,Direct,1,0,150,0
cube,15,prefix_a,Predictor-Final,1,0,150,3
cube,15,prefix_a,Predictor-Observed,1,0,150,7
cube,15,prefix_a,Predictor-Learned,1,0,150,3
cube,15,prefix_a,Simulator-Final,1,0,150,6
cube,15,prefix_a,Simulator-Observed,1,0,150,1
cube,15,prefix_a,Simulator-Learned,1,0,150,5
cube,15,prefix_a,Displacement-Observed,1,0,150,1
cube,15,prefix_b,Direct,1,0,150,0
cube,15,prefix_b,Predictor-Final,1,0,150,6
cube,15,prefix_b,Predictor-Observed,1,0,150,7
cube,15,prefix_b,Predictor-Learned,1,0,150,0
cube,15,prefix_b,Simulator-Final,1,0,150,6
cube,15,prefix_b,Simulator-Observed,1,0,150,3
cube,15,prefix_b,Simulator-Learned,1,0,150,0
cube,15,prefix_b,Displacement-Observed,1,0,150,1
cube,16,clean,Direct,1,1,27,0
cube,16,clean,Predictor-Final,1,1,29,3
cube,16,clean,Predictor-Observed,1,1,27,0
cube,16,clean,Predictor-Learned,1,1,27,2
cube,16,clean,Simulator-Final,1,1,29,3
cube,16,clean,Simulator-Observed,1,1,27,0
cube,16,clean,Simulator-Learned,1,1,27,2
cube,16,clean,Displacement-Observed,1,1,27,0
cube,16,prefix_a,Direct,1,0,150,0
cube,16,prefix_a,Predictor-Final,1,0,150,3
cube,16,prefix_a,Predictor-Observed,1,0,150,4
cube,16,prefix_a,Predictor-Learned,1,0,150,3
cube,16,prefix_a,Simulator-Final,1,0,150,0
cube,16,prefix_a,Simulator-Observed,1,0,150,4
cube,16,prefix_a,Simulator-Learned,1,0,150,5
cube,16,prefix_a,Displacement-Observed,1,0,150,2
cube,16,prefix_b,Direct,1,1,26,0
cube,16,prefix_b,Predictor-Final,1,1,25,1
cube,16,prefix_b,Predictor-Observed,1,1,26,6
cube,16,prefix_b,Predictor-Learned,1,1,24,4
cube,16,prefix_b,Simulator-Final,1,1,28,2
cube,16,prefix_b,Simulator-Observed,1,1,26,6
cube,16,prefix_b,Simulator-Learned,1,1,24,4
cube,16,prefix_b,Displacement-Observed,1,1,26,0
cube,17,clean,Direct,1,1,48,0
cube,17,clean,Predictor-Final,1,0,150,5
cube,17,clean,Predictor-Observed,1,1,51,1
cube,17,clean,Predictor-Learned,1,1,47,3
cube,17,clean,Simulator-Final,1,0,150,5
cube,17,clean,Simulator-Observed,1,1,51,1
cube,17,clean,Simulator-Learned,1,1,47,3
cube,17,clean,Displacement-Observed,1,1,50,2
cube,17,prefix_a,Direct,1,0,150,0
cube,17,prefix_a,Predictor-Final,1,0,150,4
cube,17,prefix_a,Predictor-Observed,1,0,150,7
cube,17,prefix_a,Predictor-Learned,1,0,150,6
cube,17,prefix_a,Simulator-Final,1,0,150,4
cube,17,prefix_a,Simulator-Observed,1,0,150,7
cube,17,prefix_a,Simulator-Learned,1,0,150,6
cube,17,prefix_a,Displacement-Observed,1,0,150,4
cube,17,prefix_b,Direct,1,0,150,0
cube,17,prefix_b,Predictor-Final,1,0,150,3
cube,17,prefix_b,Predictor-Observed,1,0,150,3
cube,17,prefix_b,Predictor-Learned,1,0,150,7
cube,17,prefix_b,Simulator-Final,1,0,150,0
cube,17,prefix_b,Simulator-Observed,1,0,150,4
cube,17,prefix_b,Simulator-Learned,1,0,150,1
cube,17,prefix_b,Displacement-Observed,1,0,150,6
cube,18,clean,Direct,1,1,37,0
cube,18,clean,Predictor-Final,1,1,35,7
cube,18,clean,Predictor-Observed,1,1,34,2
cube,18,clean,Predictor-Learned,1,1,37,0
cube,18,clean,Simulator-Final,1,1,35,7
cube,18,clean,Simulator-Observed,1,1,37,0
cube,18,clean,Simulator-Learned,1,1,37,0
cube,18,clean,Displacement-Observed,1,1,37,0
cube,18,prefix_a,Direct,1,1,40,0
cube,18,prefix_a,Predictor-Final,1,1,41,2
cube,18,prefix_a,Predictor-Observed,1,1,40,1
cube,18,prefix_a,Predictor-Learned,1,1,42,3
cube,18,prefix_a,Simulator-Final,1,1,41,2
cube,18,prefix_a,Simulator-Observed,1,1,40,1
cube,18,prefix_a,Simulator-Learned,1,1,42,3
cube,18,prefix_a,Displacement-Observed,1,1,40,1
cube,18,prefix_b,Direct,1,1,39,0
cube,18,prefix_b,Predictor-Final,1,1,33,5
cube,18,prefix_b,Predictor-Observed,1,1,40,4
cube,18,prefix_b,Predictor-Learned,1,1,46,3
cube,18,prefix_b,Simulator-Final,1,1,40,4
cube,18,prefix_b,Simulator-Observed,1,1,40,4
cube,18,prefix_b,Simulator-Learned,1,1,46,3
cube,18,prefix_b,Displacement-Observed,1,1,40,4
cube,19,clean,Direct,1,1,23,0
cube,19,clean,Predictor-Final,1,1,14,7
cube,19,clean,Predictor-Observed,1,1,23,0
cube,19,clean,Predictor-Learned,1,1,17,2
cube,19,clean,Simulator-Final,1,1,14,7
cube,19,clean,Simulator-Observed,1,1,23,0
cube,19,clean,Simulator-Learned,1,1,17,2
cube,19,clean,Displacement-Observed,1,1,23,0
cube,19,prefix_a,Direct,1,1,21,0
cube,19,prefix_a,Predictor-Final,1,1,14,6
cube,19,prefix_a,Predictor-Observed,1,1,22,1
cube,19,prefix_a,Predictor-Learned,1,1,21,3
cube,19,prefix_a,Simulator-Final,1,1,14,6
cube,19,prefix_a,Simulator-Observed,1,1,22,1
cube,19,prefix_a,Simulator-Learned,1,1,21,3
cube,19,prefix_a,Displacement-Observed,1,1,21,0
cube,19,prefix_b,Direct,1,1,20,0
cube,19,prefix_b,Predictor-Final,1,1,19,2
cube,19,prefix_b,Predictor-Observed,1,1,20,0
cube,19,prefix_b,Predictor-Learned,1,1,19,3
cube,19,prefix_b,Simulator-Final,1,1,21,6
cube,19,prefix_b,Simulator-Observed,1,1,20,0
cube,19,prefix_b,Simulator-Learned,1,1,19,3
cube,19,prefix_b,Displacement-Observed,1,1,20,0
cube,20,clean,Direct,1,0,150,0
cube,20,clean,Predictor-Final,1,0,150,2
cube,20,clean,Predictor-Observed,1,0,150,2
cube,20,clean,Predictor-Learned,1,0,150,6
cube,20,clean,Simulator-Final,1,0,150,4
cube,20,clean,Simulator-Observed,1,0,150,4
cube,20,clean,Simulator-Learned,1,0,150,6
cube,20,clean,Displacement-Observed,1,0,150,0
cube,20,prefix_a,Direct,1,0,150,0
cube,20,prefix_a,Predictor-Final,1,0,150,0
cube,20,prefix_a,Predictor-Observed,1,0,150,0
cube,20,prefix_a,Predictor-Learned,1,0,150,5
cube,20,prefix_a,Simulator-Final,1,0,150,6
cube,20,prefix_a,Simulator-Observed,1,0,150,5
cube,20,prefix_a,Simulator-Learned,1,0,150,5
cube,20,prefix_a,Displacement-Observed,1,0,150,6
cube,20,prefix_b,Direct,1,1,56,0
cube,20,prefix_b,Predictor-Final,1,0,150,3
cube,20,prefix_b,Predictor-Observed,1,1,54,2
cube,20,prefix_b,Predictor-Learned,1,0,150,1
cube,20,prefix_b,Simulator-Final,1,0,150,6
cube,20,prefix_b,Simulator-Observed,1,1,54,2
cube,20,prefix_b,Simulator-Learned,1,1,56,0
cube,20,prefix_b,Displacement-Observed,1,1,54,2
cube,21,clean,Direct,1,0,150,0
cube,21,clean,Predictor-Final,1,0,150,6
cube,21,clean,Predictor-Observed,1,0,150,0
cube,21,clean,Predictor-Learned,1,0,150,7
cube,21,clean,Simulator-Final,1,0,150,3
cube,21,clean,Simulator-Observed,1,0,150,2
cube,21,clean,Simulator-Learned,1,0,150,7
cube,21,clean,Displacement-Observed,1,0,150,0
cube,21,prefix_a,Direct,1,1,54,0
cube,21,prefix_a,Predictor-Final,1,0,150,2
cube,21,prefix_a,Predictor-Observed,1,1,54,0
cube,21,prefix_a,Predictor-Learned,1,1,54,0
cube,21,prefix_a,Simulator-Final,1,0,150,6
cube,21,prefix_a,Simulator-Observed,1,0,150,7
cube,21,prefix_a,Simulator-Learned,1,0,150,4
cube,21,prefix_a,Displacement-Observed,1,1,54,0
cube,21,prefix_b,Direct,1,0,150,0
cube,21,prefix_b,Predictor-Final,1,0,150,1
cube,21,prefix_b,Predictor-Observed,1,0,150,0
cube,21,prefix_b,Predictor-Learned,1,0,150,0
cube,21,prefix_b,Simulator-Final,1,0,150,3
cube,21,prefix_b,Simulator-Observed,1,0,150,1
cube,21,prefix_b,Simulator-Learned,1,0,150,0
cube,21,prefix_b,Displacement-Observed,1,0,150,0
cube,22,clean,Direct,1,1,38,0
cube,22,clean,Predictor-Final,1,1,27,7
cube,22,clean,Predictor-Observed,1,1,38,0
cube,22,clean,Predictor-Learned,1,1,41,5
cube,22,clean,Simulator-Final,1,1,27,7
cube,22,clean,Simulator-Observed,1,1,38,0
cube,22,clean,Simulator-Learned,1,1,41,5
cube,22,clean,Displacement-Observed,1,1,38,0
cube,22,prefix_a,Direct,1,1,41,0
cube,22,prefix_a,Predictor-Final,1,1,39,4
cube,22,prefix_a,Predictor-Observed,1,1,40,1
cube,22,prefix_a,Predictor-Learned,1,1,37,7
cube,22,prefix_a,Simulator-Final,1,1,41,0
cube,22,prefix_a,Simulator-Observed,1,1,40,1
cube,22,prefix_a,Simulator-Learned,1,1,37,7
cube,22,prefix_a,Displacement-Observed,1,1,37,5
cube,22,prefix_b,Direct,1,1,27,0
cube,22,prefix_b,Predictor-Final,1,1,36,2
cube,22,prefix_b,Predictor-Observed,1,1,27,0
cube,22,prefix_b,Predictor-Learned,1,1,25,1
cube,22,prefix_b,Simulator-Final,1,1,36,2
cube,22,prefix_b,Simulator-Observed,1,1,38,3
cube,22,prefix_b,Simulator-Learned,1,1,27,0
cube,22,prefix_b,Displacement-Observed,1,1,27,0
cube,23,clean,Direct,1,0,150,0
cube,23,clean,Predictor-Final,1,0,150,3
cube,23,clean,Predictor-Observed,1,0,150,1
cube,23,clean,Predictor-Learned,1,0,150,7
cube,23,clean,Simulator-Final,1,0,150,3
cube,23,clean,Simulator-Observed,1,0,150,3
cube,23,clean,Simulator-Learned,1,0,150,7
cube,23,clean,Displacement-Observed,1,0,150,4
cube,23,prefix_a,Direct,1,0,150,0
cube,23,prefix_a,Predictor-Final,1,0,150,3
cube,23,prefix_a,Predictor-Observed,1,0,150,3
cube,23,prefix_a,Predictor-Learned,1,0,150,5
cube,23,prefix_a,Simulator-Final,1,0,150,3
cube,23,prefix_a,Simulator-Observed,1,0,150,0
cube,23,prefix_a,Simulator-Learned,1,0,150,7
cube,23,prefix_a,Displacement-Observed,1,0,150,2
cube,23,prefix_b,Direct,1,0,150,0
cube,23,prefix_b,Predictor-Final,1,0,150,4
cube,23,prefix_b,Predictor-Observed,1,0,150,3
cube,23,prefix_b,Predictor-Learned,1,0,150,3
cube,23,prefix_b,Simulator-Final,1,0,150,4
cube,23,prefix_b,Simulator-Observed,1,0,150,4
cube,23,prefix_b,Simulator-Learned,1,0,150,4
cube,23,prefix_b,Displacement-Observed,1,0,150,3
cube,24,clean,Direct,1,1,50,0
cube,24,clean,Predictor-Final,1,1,50,7
cube,24,clean,Predictor-Observed,1,1,50,5
cube,24,clean,Predictor-Learned,1,1,50,7
cube,24,clean,Simulator-Final,1,1,52,2
cube,24,clean,Simulator-Observed,1,1,50,5
cube,24,clean,Simulator-Learned,1,1,52,2
cube,24,clean,Displacement-Observed,1,1,51,4
cube,24,prefix_a,Direct,1,0,150,0
cube,24,prefix_a,Predictor-Final,1,0,150,5
cube,24,prefix_a,Predictor-Observed,1,0,150,5
cube,24,prefix_a,Predictor-Learned,1,0,150,1
cube,24,prefix_a,Simulator-Final,1,0,150,7
cube,24,prefix_a,Simulator-Observed,1,0,150,5
cube,24,prefix_a,Simulator-Learned,1,0,150,6
cube,24,prefix_a,Displacement-Observed,1,0,150,0
cube,24,prefix_b,Direct,1,0,150,0
cube,24,prefix_b,Predictor-Final,1,0,150,4
cube,24,prefix_b,Predictor-Observed,1,0,150,5
cube,24,prefix_b,Predictor-Learned,1,0,150,7
cube,24,prefix_b,Simulator-Final,1,0,150,7
cube,24,prefix_b,Simulator-Observed,1,0,150,5
cube,24,prefix_b,Simulator-Learned,1,0,150,3
cube,24,prefix_b,Displacement-Observed,1,0,150,0
cube,25,clean,Direct,1,1,30,0
cube,25,clean,Predictor-Final,1,1,32,6
cube,25,clean,Predictor-Observed,1,1,32,6
cube,25,clean,Predictor-Learned,1,1,31,2
cube,25,clean,Simulator-Final,1,1,32,6
cube,25,clean,Simulator-Observed,1,1,31,2
cube,25,clean,Simulator-Learned,1,1,31,2
cube,25,clean,Displacement-Observed,1,1,32,6
cube,25,prefix_a,Direct,1,1,27,0
cube,25,prefix_a,Predictor-Final,1,1,26,2
cube,25,prefix_a,Predictor-Observed,1,1,27,0
cube,25,prefix_a,Predictor-Learned,1,1,29,5
cube,25,prefix_a,Simulator-Final,1,1,26,2
cube,25,prefix_a,Simulator-Observed,1,1,27,0
cube,25,prefix_a,Simulator-Learned,1,1,29,3
cube,25,prefix_a,Displacement-Observed,1,1,27,0
cube,25,prefix_b,Direct,1,1,32,0
cube,25,prefix_b,Predictor-Final,1,1,29,7
cube,25,prefix_b,Predictor-Observed,1,1,32,0
cube,25,prefix_b,Predictor-Learned,1,1,33,5
cube,25,prefix_b,Simulator-Final,1,1,29,7
cube,25,prefix_b,Simulator-Observed,1,1,32,0
cube,25,prefix_b,Simulator-Learned,1,1,33,5
cube,25,prefix_b,Displacement-Observed,1,1,32,0
cube,26,clean,Direct,1,1,26,0
cube,26,clean,Predictor-Final,1,1,25,4
cube,26,clean,Predictor-Observed,1,1,25,2
cube,26,clean,Predictor-Learned,1,1,25,7
cube,26,clean,Simulator-Final,1,1,25,4
cube,26,clean,Simulator-Observed,1,1,25,2
cube,26,clean,Simulator-Learned,1,1,25,7
cube,26,clean,Displacement-Observed,1,1,26,0
cube,26,prefix_a,Direct,1,0,150,0
cube,26,prefix_a,Predictor-Final,1,0,150,2
cube,26,prefix_a,Predictor-Observed,1,0,150,3
cube,26,prefix_a,Predictor-Learned,1,0,150,4
cube,26,prefix_a,Simulator-Final,1,0,150,2
cube,26,prefix_a,Simulator-Observed,1,0,150,3
cube,26,prefix_a,Simulator-Learned,1,0,150,5
cube,26,prefix_a,Displacement-Observed,1,0,150,4
cube,26,prefix_b,Direct,1,0,150,0
cube,26,prefix_b,Predictor-Final,1,0,150,6
cube,26,prefix_b,Predictor-Observed,1,0,150,4
cube,26,prefix_b,Predictor-Learned,1,0,150,4
cube,26,prefix_b,Simulator-Final,1,0,150,4
cube,26,prefix_b,Simulator-Observed,1,0,150,4
cube,26,prefix_b,Simulator-Learned,1,0,150,7
cube,26,prefix_b,Displacement-Observed,1,0,150,4
cube,27,clean,Direct,1,1,47,0
cube,27,clean,Predictor-Final,1,0,150,7
cube,27,clean,Predictor-Observed,1,0,150,7
cube,27,clean,Predictor-Learned,1,0,150,7
cube,27,clean,Simulator-Final,1,0,150,3
cube,27,clean,Simulator-Observed,1,0,150,7
cube,27,clean,Simulator-Learned,1,1,47,1
cube,27,clean,Displacement-Observed,1,1,47,0
cube,27,prefix_a,Direct,1,0,150,0
cube,27,prefix_a,Predictor-Final,1,0,150,2
cube,27,prefix_a,Predictor-Observed,1,0,150,5
cube,27,prefix_a,Predictor-Learned,1,0,150,5
cube,27,prefix_a,Simulator-Final,1,0,150,2
cube,27,prefix_a,Simulator-Observed,1,0,150,6
cube,27,prefix_a,Simulator-Learned,1,0,150,5
cube,27,prefix_a,Displacement-Observed,1,0,150,0
cube,27,prefix_b,Direct,1,1,47,0
cube,27,prefix_b,Predictor-Final,1,0,150,5
cube,27,prefix_b,Predictor-Observed,1,0,150,5
cube,27,prefix_b,Predictor-Learned,1,0,150,2
cube,27,prefix_b,Simulator-Final,1,0,150,2
cube,27,prefix_b,Simulator-Observed,1,0,150,2
cube,27,prefix_b,Simulator-Learned,1,1,47,1
cube,27,prefix_b,Displacement-Observed,1,0,150,7
cube,28,clean,Direct,1,1,22,0
cube,28,clean,Predictor-Final,1,1,23,6
cube,28,clean,Predictor-Observed,1,1,22,0
cube,28,clean,Predictor-Learned,1,1,18,4
cube,28,clean,Simulator-Final,1,1,18,4
cube,28,clean,Simulator-Observed,1,1,22,0
cube,28,clean,Simulator-Learned,1,1,20,3
cube,28,clean,Displacement-Observed,1,1,22,0
cube,28,prefix_a,Direct,1,0,150,0
cube,28,prefix_a,Predictor-Final,1,0,150,3
cube,28,prefix_a,Predictor-Observed,1,0,150,5
cube,28,prefix_a,Predictor-Learned,1,0,150,0
cube,28,prefix_a,Simulator-Final,1,0,150,3
cube,28,prefix_a,Simulator-Observed,1,0,150,5
cube,28,prefix_a,Simulator-Learned,1,0,150,3
cube,28,prefix_a,Displacement-Observed,1,0,150,0
cube,28,prefix_b,Direct,1,0,150,0
cube,28,prefix_b,Predictor-Final,1,0,150,3
cube,28,prefix_b,Predictor-Observed,1,0,150,1
cube,28,prefix_b,Predictor-Learned,1,0,150,3
cube,28,prefix_b,Simulator-Final,1,0,150,4
cube,28,prefix_b,Simulator-Observed,1,0,150,6
cube,28,prefix_b,Simulator-Learned,1,0,150,3
cube,28,prefix_b,Displacement-Observed,1,0,150,0
cube,29,clean,Direct,1,1,61,0
cube,29,clean,Predictor-Final,1,0,150,6
cube,29,clean,Predictor-Observed,1,0,150,5
cube,29,clean,Predictor-Learned,1,1,61,0
cube,29,clean,Simulator-Final,1,0,150,2
cube,29,clean,Simulator-Observed,1,0,150,3
cube,29,clean,Simulator-Learned,1,1,61,0
cube,29,clean,Displacement-Observed,1,0,150,2
cube,29,prefix_a,Direct,1,1,58,0
cube,29,prefix_a,Predictor-Final,1,1,61,2
cube,29,prefix_a,Predictor-Observed,1,1,50,3
cube,29,prefix_a,Predictor-Learned,1,1,58,1
cube,29,prefix_a,Simulator-Final,1,1,61,2
cube,29,prefix_a,Simulator-Observed,1,1,61,2
cube,29,prefix_a,Simulator-Learned,1,1,61,2
cube,29,prefix_a,Displacement-Observed,1,1,61,2
cube,29,prefix_b,Direct,1,0,150,0
cube,29,prefix_b,Predictor-Final,1,0,150,5
cube,29,prefix_b,Predictor-Observed,1,0,150,4
cube,29,prefix_b,Predictor-Learned,1,0,150,1
cube,29,prefix_b,Simulator-Final,1,0,150,1
cube,29,prefix_b,Simulator-Observed,1,0,150,3
cube,29,prefix_b,Simulator-Learned,1,0,150,1
cube,29,prefix_b,Displacement-Observed,1,0,150,1
cube,30,clean,Direct,1,0,150,0
cube,30,clean,Predictor-Final,1,0,150,5
cube,30,clean,Predictor-Observed,1,1,59,1
cube,30,clean,Predictor-Learned,1,0,150,4
cube,30,clean,Simulator-Final,1,0,150,5
cube,30,clean,Simulator-Observed,1,1,59,1
cube,30,clean,Simulator-Learned,1,0,150,4
cube,30,clean,Displacement-Observed,1,0,150,0
cube,30,prefix_a,Direct,1,0,150,0
cube,30,prefix_a,Predictor-Final,1,0,150,7
cube,30,prefix_a,Predictor-Observed,1,0,150,5
cube,30,prefix_a,Predictor-Learned,1,0,150,3
cube,30,prefix_a,Simulator-Final,1,0,150,7
cube,30,prefix_a,Simulator-Observed,1,0,150,5
cube,30,prefix_a,Simulator-Learned,1,0,150,3
cube,30,prefix_a,Displacement-Observed,1,0,150,0
cube,30,prefix_b,Direct,1,0,150,0
cube,30,prefix_b,Predictor-Final,1,0,150,4
cube,30,prefix_b,Predictor-Observed,1,0,150,6
cube,30,prefix_b,Predictor-Learned,1,0,150,2
cube,30,prefix_b,Simulator-Final,1,0,150,4
cube,30,prefix_b,Simulator-Observed,1,0,150,7
cube,30,prefix_b,Simulator-Learned,1,0,150,2
cube,30,prefix_b,Displacement-Observed,1,0,150,6
cube,31,clean,Direct,1,1,25,0
cube,31,clean,Predictor-Final,1,1,35,6
cube,31,clean,Predictor-Observed,1,1,25,0
cube,31,clean,Predictor-Learned,1,1,35,1
cube,31,clean,Simulator-Final,1,1,35,6
cube,31,clean,Simulator-Observed,1,1,25,0
cube,31,clean,Simulator-Learned,1,1,35,1
cube,31,clean,Displacement-Observed,1,1,25,0
cube,31,prefix_a,Direct,1,1,26,0
cube,31,prefix_a,Predictor-Final,1,1,24,5
cube,31,prefix_a,Predictor-Observed,1,1,26,0
cube,31,prefix_a,Predictor-Learned,1,1,24,5
cube,31,prefix_a,Simulator-Final,1,1,31,6
cube,31,prefix_a,Simulator-Observed,1,1,24,5
cube,31,prefix_a,Simulator-Learned,1,1,24,5
cube,31,prefix_a,Displacement-Observed,1,1,26,0
cube,31,prefix_b,Direct,1,1,36,0
cube,31,prefix_b,Predictor-Final,1,0,150,6
cube,31,prefix_b,Predictor-Observed,1,1,36,0
cube,31,prefix_b,Predictor-Learned,1,0,150,1
cube,31,prefix_b,Simulator-Final,1,0,150,6
cube,31,prefix_b,Simulator-Observed,1,1,36,0
cube,31,prefix_b,Simulator-Learned,1,0,150,7
cube,31,prefix_b,Displacement-Observed,1,1,36,0
cube,32,clean,Direct,1,1,22,0
cube,32,clean,Predictor-Final,1,1,26,3
cube,32,clean,Predictor-Observed,1,1,22,7
cube,32,clean,Predictor-Learned,1,1,31,2
cube,32,clean,Simulator-Final,1,1,26,3
cube,32,clean,Simulator-Observed,1,1,22,7
cube,32,clean,Simulator-Learned,1,1,31,2
cube,32,clean,Displacement-Observed,1,1,22,0
cube,32,prefix_a,Direct,1,1,24,0
cube,32,prefix_a,Predictor-Final,1,1,27,5
cube,32,prefix_a,Predictor-Observed,1,1,24,7
cube,32,prefix_a,Predictor-Learned,1,1,26,3
cube,32,prefix_a,Simulator-Final,1,1,27,5
cube,32,prefix_a,Simulator-Observed,1,1,24,7
cube,32,prefix_a,Simulator-Learned,1,1,26,3
cube,32,prefix_a,Displacement-Observed,1,1,24,0
cube,32,prefix_b,Direct,1,1,32,0
cube,32,prefix_b,Predictor-Final,1,1,38,4
cube,32,prefix_b,Predictor-Observed,1,1,32,6
cube,32,prefix_b,Predictor-Learned,1,1,29,3
cube,32,prefix_b,Simulator-Final,1,1,38,4
cube,32,prefix_b,Simulator-Observed,1,1,32,6
cube,32,prefix_b,Simulator-Learned,1,1,28,2
cube,32,prefix_b,Displacement-Observed,1,1,32,0
cube,33,clean,Direct,1,1,15,0
cube,33,clean,Predictor-Final,1,1,15,0
cube,33,clean,Predictor-Observed,1,1,15,0
cube,33,clean,Predictor-Learned,1,1,15,0
cube,33,clean,Simulator-Final,1,1,15,0
cube,33,clean,Simulator-Observed,1,1,16,2
cube,33,clean,Simulator-Learned,1,1,15,0
cube,33,clean,Displacement-Observed,1,1,15,0
cube,33,prefix_a,Direct,1,1,18,0
cube,33,prefix_a,Predictor-Final,1,1,17,2
cube,33,prefix_a,Predictor-Observed,1,1,17,2
cube,33,prefix_a,Predictor-Learned,1,1,17,2
cube,33,prefix_a,Simulator-Final,1,1,17,2
cube,33,prefix_a,Simulator-Observed,1,1,17,2
cube,33,prefix_a,Simulator-Learned,1,1,17,2
cube,33,prefix_a,Displacement-Observed,1,1,17,2
cube,33,prefix_b,Direct,1,1,50,0
cube,33,prefix_b,Predictor-Final,1,1,50,0
cube,33,prefix_b,Predictor-Observed,1,1,50,0
cube,33,prefix_b,Predictor-Learned,1,1,53,7
cube,33,prefix_b,Simulator-Final,1,1,50,0
cube,33,prefix_b,Simulator-Observed,1,1,50,0
cube,33,prefix_b,Simulator-Learned,1,1,53,7
cube,33,prefix_b,Displacement-Observed,1,1,50,0
cube,34,clean,Direct,1,1,23,0
cube,34,clean,Predictor-Final,1,1,16,7
cube,34,clean,Predictor-Observed,1,1,23,0
cube,34,clean,Predictor-Learned,1,1,18,5
cube,34,clean,Simulator-Final,1,1,14,4
cube,34,clean,Simulator-Observed,1,1,23,0
cube,34,clean,Simulator-Learned,1,1,16,7
cube,34,clean,Displacement-Observed,1,1,23,0
cube,34,prefix_a,Direct,1,1,23,0
cube,34,prefix_a,Predictor-Final,1,1,17,5
cube,34,prefix_a,Predictor-Observed,1,1,23,0
cube,34,prefix_a,Predictor-Learned,1,1,17,5
cube,34,prefix_a,Simulator-Final,1,1,16,3
cube,34,prefix_a,Simulator-Observed,1,1,24,1
cube,34,prefix_a,Simulator-Learned,1,1,17,5
cube,34,prefix_a,Displacement-Observed,1,1,23,0
cube,34,prefix_b,Direct,1,1,17,0
cube,34,prefix_b,Predictor-Final,1,1,17,0
cube,34,prefix_b,Predictor-Observed,1,1,17,0
cube,34,prefix_b,Predictor-Learned,1,1,17,0
cube,34,prefix_b,Simulator-Final,1,1,17,0
cube,34,prefix_b,Simulator-Observed,1,1,17,0
cube,34,prefix_b,Simulator-Learned,1,1,17,0
cube,34,prefix_b,Displacement-Observed,1,1,17,0
cube,35,clean,Direct,1,1,40,0
cube,35,clean,Predictor-Final,1,1,37,1
cube,35,clean,Predictor-Observed,1,1,32,4
cube,35,clean,Predictor-Learned,1,1,32,7
cube,35,clean,Simulator-Final,1,1,40,5
cube,35,clean,Simulator-Observed,1,1,37,1
cube,35,clean,Simulator-Learned,1,1,32,7
cube,35,clean,Displacement-Observed,1,1,39,2
cube,35,prefix_a,Direct,1,1,24,0
cube,35,prefix_a,Predictor-Final,1,1,17,7
cube,35,prefix_a,Predictor-Observed,1,1,24,0
cube,35,prefix_a,Predictor-Learned,1,1,17,3
cube,35,prefix_a,Simulator-Final,1,1,17,7
cube,35,prefix_a,Simulator-Observed,1,1,24,0
cube,35,prefix_a,Simulator-Learned,1,1,17,3
cube,35,prefix_a,Displacement-Observed,1,1,24,0
cube,35,prefix_b,Direct,1,1,37,0
cube,35,prefix_b,Predictor-Final,1,1,32,7
cube,35,prefix_b,Predictor-Observed,1,1,36,1
cube,35,prefix_b,Predictor-Learned,1,1,37,2
cube,35,prefix_b,Simulator-Final,1,1,38,3
cube,35,prefix_b,Simulator-Observed,1,1,36,1
cube,35,prefix_b,Simulator-Learned,1,1,37,2
cube,35,prefix_b,Displacement-Observed,1,1,38,3
cube,36,clean,Direct,1,1,18,0
cube,36,clean,Predictor-Final,1,1,18,0
cube,36,clean,Predictor-Observed,1,1,19,7
cube,36,clean,Predictor-Learned,1,1,19,7
cube,36,clean,Simulator-Final,1,1,18,0
cube,36,clean,Simulator-Observed,1,1,19,7
cube,36,clean,Simulator-Learned,1,1,19,7
cube,36,clean,Displacement-Observed,1,1,18,0
cube,36,prefix_a,Direct,1,1,20,0
cube,36,prefix_a,Predictor-Final,1,1,21,7
cube,36,prefix_a,Predictor-Observed,1,1,20,0
cube,36,prefix_a,Predictor-Learned,1,1,20,3
cube,36,prefix_a,Simulator-Final,1,1,21,6
cube,36,prefix_a,Simulator-Observed,1,1,20,0
cube,36,prefix_a,Simulator-Learned,1,1,22,1
cube,36,prefix_a,Displacement-Observed,1,1,20,0
cube,36,prefix_b,Direct,1,0,150,0
cube,36,prefix_b,Predictor-Final,1,0,150,7
cube,36,prefix_b,Predictor-Observed,1,0,150,7
cube,36,prefix_b,Predictor-Learned,1,0,150,5
cube,36,prefix_b,Simulator-Final,1,0,150,7
cube,36,prefix_b,Simulator-Observed,1,0,150,1
cube,36,prefix_b,Simulator-Learned,1,0,150,5
cube,36,prefix_b,Displacement-Observed,1,0,150,2
cube,37,clean,Direct,1,1,29,0
cube,37,clean,Predictor-Final,1,1,23,5
cube,37,clean,Predictor-Observed,1,1,29,1
cube,37,clean,Predictor-Learned,1,1,29,6
cube,37,clean,Simulator-Final,1,1,23,5
cube,37,clean,Simulator-Observed,1,1,29,2
cube,37,clean,Simulator-Learned,1,1,29,6
cube,37,clean,Displacement-Observed,1,1,29,6
cube,37,prefix_a,Direct,1,0,150,0
cube,37,prefix_a,Predictor-Final,1,0,150,4
cube,37,prefix_a,Predictor-Observed,1,0,150,0
cube,37,prefix_a,Predictor-Learned,1,0,150,7
cube,37,prefix_a,Simulator-Final,1,0,150,7
cube,37,prefix_a,Simulator-Observed,1,0,150,7
cube,37,prefix_a,Simulator-Learned,1,0,150,3
cube,37,prefix_a,Displacement-Observed,1,0,150,3
cube,37,prefix_b,Direct,1,1,26,0
cube,37,prefix_b,Predictor-Final,1,1,27,4
cube,37,prefix_b,Predictor-Observed,1,1,28,3
cube,37,prefix_b,Predictor-Learned,1,1,28,3
cube,37,prefix_b,Simulator-Final,1,1,27,4
cube,37,prefix_b,Simulator-Observed,1,1,28,3
cube,37,prefix_b,Simulator-Learned,1,1,28,3
cube,37,prefix_b,Displacement-Observed,1,1,28,3
cube,38,clean,Direct,1,1,40,0
cube,38,clean,Predictor-Final,1,1,25,6
cube,38,clean,Predictor-Observed,1,1,40,2
cube,38,clean,Predictor-Learned,1,1,40,0
cube,38,clean,Simulator-Final,1,1,25,6
cube,38,clean,Simulator-Observed,1,1,40,0
cube,38,clean,Simulator-Learned,1,1,40,2
cube,38,clean,Displacement-Observed,1,1,40,0
cube,38,prefix_a,Direct,1,1,26,0
cube,38,prefix_a,Predictor-Final,1,1,31,4
cube,38,prefix_a,Predictor-Observed,1,1,26,0
cube,38,prefix_a,Predictor-Learned,1,1,26,0
cube,38,prefix_a,Simulator-Final,1,1,31,4
cube,38,prefix_a,Simulator-Observed,1,1,26,0
cube,38,prefix_a,Simulator-Learned,1,1,26,0
cube,38,prefix_a,Displacement-Observed,1,1,26,0
cube,38,prefix_b,Direct,1,1,33,0
cube,38,prefix_b,Predictor-Final,1,1,24,7
cube,38,prefix_b,Predictor-Observed,1,1,30,6
cube,38,prefix_b,Predictor-Learned,1,1,32,4
cube,38,prefix_b,Simulator-Final,1,1,30,6
cube,38,prefix_b,Simulator-Observed,1,1,30,6
cube,38,prefix_b,Simulator-Learned,1,1,34,1
cube,38,prefix_b,Displacement-Observed,1,1,32,4
cube,39,clean,Direct,1,0,150,0
cube,39,clean,Predictor-Final,1,0,150,6
cube,39,clean,Predictor-Observed,1,0,150,2
cube,39,clean,Predictor-Learned,1,1,55,3
cube,39,clean,Simulator-Final,1,0,150,6
cube,39,clean,Simulator-Observed,1,0,150,2
cube,39,clean,Simulator-Learned,1,0,150,4
cube,39,clean,Displacement-Observed,1,0,150,2
cube,39,prefix_a,Direct,1,0,150,0
cube,39,prefix_a,Predictor-Final,1,0,150,7
cube,39,prefix_a,Predictor-Observed,1,0,150,7
cube,39,prefix_a,Predictor-Learned,1,0,150,5
cube,39,prefix_a,Simulator-Final,1,0,150,7
cube,39,prefix_a,Simulator-Observed,1,0,150,7
cube,39,prefix_a,Simulator-Learned,1,0,150,5
cube,39,prefix_a,Displacement-Observed,1,0,150,2
cube,39,prefix_b,Direct,1,0,150,0
cube,39,prefix_b,Predictor-Final,1,0,150,6
cube,39,prefix_b,Predictor-Observed,1,0,150,2
cube,39,prefix_b,Predictor-Learned,1,1,58,3
cube,39,prefix_b,Simulator-Final,1,0,150,6
cube,39,prefix_b,Simulator-Observed,1,0,150,1
cube,39,prefix_b,Simulator-Learned,1,0,150,2
cube,39,prefix_b,Displacement-Observed,1,0,150,2
cube,40,clean,Direct,1,1,39,0
cube,40,clean,Predictor-Final,1,1,33,5
cube,40,clean,Predictor-Observed,1,1,35,1
cube,40,clean,Predictor-Learned,1,1,43,6
cube,40,clean,Simulator-Final,1,1,30,2
cube,40,clean,Simulator-Observed,1,1,35,1
cube,40,clean,Simulator-Learned,1,1,35,3
cube,40,clean,Displacement-Observed,1,1,39,0
cube,40,prefix_a,Direct,1,1,39,0
cube,40,prefix_a,Predictor-Final,1,1,35,5
cube,40,prefix_a,Predictor-Observed,1,1,39,0
cube,40,prefix_a,Predictor-Learned,1,1,33,2
cube,40,prefix_a,Simulator-Final,1,1,35,5
cube,40,prefix_a,Simulator-Observed,1,0,150,3
cube,40,prefix_a,Simulator-Learned,1,1,35,5
cube,40,prefix_a,Displacement-Observed,1,1,39,0
cube,40,prefix_b,Direct,1,0,150,0
cube,40,prefix_b,Predictor-Final,1,0,150,5
cube,40,prefix_b,Predictor-Observed,1,0,150,7
cube,40,prefix_b,Predictor-Learned,1,0,150,0
cube,40,prefix_b,Simulator-Final,1,0,150,2
cube,40,prefix_b,Simulator-Observed,1,0,150,7
cube,40,prefix_b,Simulator-Learned,1,0,150,4
cube,40,prefix_b,Displacement-Observed,1,0,150,2
cube,41,clean,Direct,1,1,42,0
cube,41,clean,Predictor-Final,1,0,150,5
cube,41,clean,Predictor-Observed,1,0,150,5
cube,41,clean,Predictor-Learned,1,1,42,2
cube,41,clean,Simulator-Final,1,0,150,5
cube,41,clean,Simulator-Observed,1,1,42,7
cube,41,clean,Simulator-Learned,1,1,41,6
cube,41,clean,Displacement-Observed,1,1,44,4
cube,41,prefix_a,Direct,1,0,150,0
cube,41,prefix_a,Predictor-Final,1,0,150,7
cube,41,prefix_a,Predictor-Observed,1,0,150,1
cube,41,prefix_a,Predictor-Learned,1,0,150,7
cube,41,prefix_a,Simulator-Final,1,0,150,7
cube,41,prefix_a,Simulator-Observed,1,0,150,6
cube,41,prefix_a,Simulator-Learned,1,0,150,4
cube,41,prefix_a,Displacement-Observed,1,0,150,1
cube,41,prefix_b,Direct,1,1,27,0
cube,41,prefix_b,Predictor-Final,1,1,27,0
cube,41,prefix_b,Predictor-Observed,1,0,150,7
cube,41,prefix_b,Predictor-Learned,1,1,23,1
cube,41,prefix_b,Simulator-Final,1,0,150,7
cube,41,prefix_b,Simulator-Observed,1,1,26,4
cube,41,prefix_b,Simulator-Learned,1,1,23,6
cube,41,prefix_b,Displacement-Observed,1,1,27,0
cube,42,clean,Direct,1,1,13,0
cube,42,clean,Predictor-Final,1,1,15,6
cube,42,clean,Predictor-Observed,1,1,13,1
cube,42,clean,Predictor-Learned,1,1,16,2
cube,42,clean,Simulator-Final,1,1,15,6
cube,42,clean,Simulator-Observed,1,1,16,2
cube,42,clean,Simulator-Learned,1,1,16,2
cube,42,clean,Displacement-Observed,1,1,16,5
cube,42,prefix_a,Direct,1,0,150,0
cube,42,prefix_a,Predictor-Final,1,0,150,7
cube,42,prefix_a,Predictor-Observed,1,0,150,0
cube,42,prefix_a,Predictor-Learned,1,0,150,5
cube,42,prefix_a,Simulator-Final,1,0,150,7
cube,42,prefix_a,Simulator-Observed,1,0,150,0
cube,42,prefix_a,Simulator-Learned,1,0,150,0
cube,42,prefix_a,Displacement-Observed,1,0,150,0
cube,42,prefix_b,Direct,1,0,150,0
cube,42,prefix_b,Predictor-Final,1,0,150,6
cube,42,prefix_b,Predictor-Observed,1,0,150,3
cube,42,prefix_b,Predictor-Learned,1,0,150,0
cube,42,prefix_b,Simulator-Final,1,0,150,6
cube,42,prefix_b,Simulator-Observed,1,0,150,6
cube,42,prefix_b,Simulator-Learned,1,0,150,6
cube,42,prefix_b,Displacement-Observed,1,0,150,5
cube,43,clean,Direct,0,1,0,
cube,43,clean,Predictor-Final,0,1,0,
cube,43,clean,Predictor-Observed,0,1,0,
cube,43,clean,Predictor-Learned,0,1,0,
cube,43,clean,Simulator-Final,0,1,0,
cube,43,clean,Simulator-Observed,0,1,0,
cube,43,clean,Simulator-Learned,0,1,0,
cube,43,clean,Displacement-Observed,0,1,0,
cube,43,prefix_a,Direct,0,1,0,
cube,43,prefix_a,Predictor-Final,0,1,0,
cube,43,prefix_a,Predictor-Observed,0,1,0,
cube,43,prefix_a,Predictor-Learned,0,1,0,
cube,43,prefix_a,Simulator-Final,0,1,0,
cube,43,prefix_a,Simulator-Observed,0,1,0,
cube,43,prefix_a,Simulator-Learned,0,1,0,
cube,43,prefix_a,Displacement-Observed,0,1,0,
cube,43,prefix_b,Direct,0,1,0,
cube,43,prefix_b,Predictor-Final,0,1,0,
cube,43,prefix_b,Predictor-Observed,0,1,0,
cube,43,prefix_b,Predictor-Learned,0,1,0,
cube,43,prefix_b,Simulator-Final,0,1,0,
cube,43,prefix_b,Simulator-Observed,0,1,0,
cube,43,prefix_b,Simulator-Learned,0,1,0,
cube,43,prefix_b,Displacement-Observed,0,1,0,
cube,44,clean,Direct,1,1,48,0
cube,44,clean,Predictor-Final,1,0,150,7
cube,44,clean,Predictor-Observed,1,1,50,5
cube,44,clean,Predictor-Learned,1,1,47,1
cube,44,clean,Simulator-Final,1,1,50,5
cube,44,clean,Simulator-Observed,1,1,50,5
cube,44,clean,Simulator-Learned,1,1,47,1
cube,44,clean,Displacement-Observed,1,1,50,5
cube,44,prefix_a,Direct,1,1,48,0
cube,44,prefix_a,Predictor-Final,1,1,33,6
cube,44,prefix_a,Predictor-Observed,1,1,47,3
cube,44,prefix_a,Predictor-Learned,1,1,47,3
cube,44,prefix_a,Simulator-Final,1,1,28,4
cube,44,prefix_a,Simulator-Observed,1,1,49,2
cube,44,prefix_a,Simulator-Learned,1,1,47,3
cube,44,prefix_a,Displacement-Observed,1,1,47,3
cube,44,prefix_b,Direct,1,1,31,0
cube,44,prefix_b,Predictor-Final,1,1,32,3
cube,44,prefix_b,Predictor-Observed,1,1,31,0
cube,44,prefix_b,Predictor-Learned,1,1,46,5
cube,44,prefix_b,Simulator-Final,1,1,32,3
cube,44,prefix_b,Simulator-Observed,1,1,31,0
cube,44,prefix_b,Simulator-Learned,1,1,47,2
cube,44,prefix_b,Displacement-Observed,1,1,31,0
cube,45,clean,Direct,1,1,33,0
cube,45,clean,Predictor-Final,1,1,33,0
cube,45,clean,Predictor-Observed,1,1,33,0
cube,45,clean,Predictor-Learned,1,1,39,4
cube,45,clean,Simulator-Final,1,1,33,0
cube,45,clean,Simulator-Observed,1,1,33,0
cube,45,clean,Simulator-Learned,1,1,39,4
cube,45,clean,Displacement-Observed,1,1,33,0
cube,45,prefix_a,Direct,1,1,39,0
cube,45,prefix_a,Predictor-Final,1,1,33,6
cube,45,prefix_a,Predictor-Observed,1,1,40,1
cube,45,prefix_a,Predictor-Learned,1,1,35,4
cube,45,prefix_a,Simulator-Final,1,1,33,6
cube,45,prefix_a,Simulator-Observed,1,1,40,1
cube,45,prefix_a,Simulator-Learned,1,1,35,4
cube,45,prefix_a,Displacement-Observed,1,1,40,1
cube,45,prefix_b,Direct,1,1,32,0
cube,45,prefix_b,Predictor-Final,1,1,32,2
cube,45,prefix_b,Predictor-Observed,1,1,32,0
cube,45,prefix_b,Predictor-Learned,1,1,39,4
cube,45,prefix_b,Simulator-Final,1,1,32,0
cube,45,prefix_b,Simulator-Observed,1,1,32,0
cube,45,prefix_b,Simulator-Learned,1,1,39,4
cube,45,prefix_b,Displacement-Observed,1,1,32,0
cube,46,clean,Direct,1,1,30,0
cube,46,clean,Predictor-Final,1,1,30,0
cube,46,clean,Predictor-Observed,1,1,30,2
cube,46,clean,Predictor-Learned,1,1,30,2
cube,46,clean,Simulator-Final,1,1,30,0
cube,46,clean,Simulator-Observed,1,1,30,0
cube,46,clean,Simulator-Learned,1,1,30,2
cube,46,clean,Displacement-Observed,1,1,34,7
cube,46,prefix_a,Direct,1,1,36,0
cube,46,prefix_a,Predictor-Final,1,1,36,1
cube,46,prefix_a,Predictor-Observed,1,1,36,1
cube,46,prefix_a,Predictor-Learned,1,1,37,5
cube,46,prefix_a,Simulator-Final,1,1,36,1
cube,46,prefix_a,Simulator-Observed,1,1,36,1
cube,46,prefix_a,Simulator-Learned,1,1,37,5
cube,46,prefix_a,Displacement-Observed,1,1,36,1
cube,46,prefix_b,Direct,1,1,32,0
cube,46,prefix_b,Predictor-Final,1,1,32,2
cube,46,prefix_b,Predictor-Observed,1,1,29,1
cube,46,prefix_b,Predictor-Learned,1,1,31,4
cube,46,prefix_b,Simulator-Final,1,1,32,2
cube,46,prefix_b,Simulator-Observed,1,1,29,1
cube,46,prefix_b,Simulator-Learned,1,1,31,4
cube,46,prefix_b,Displacement-Observed,1,1,32,0
cube,47,clean,Direct,1,1,50,0
cube,47,clean,Predictor-Final,1,1,47,6
cube,47,clean,Predictor-Observed,1,1,51,2
cube,47,clean,Predictor-Learned,1,1,48,7
cube,47,clean,Simulator-Final,1,1,50,3
cube,47,clean,Simulator-Observed,1,1,41,5
cube,47,clean,Simulator-Learned,1,1,49,1
cube,47,clean,Displacement-Observed,1,1,51,2
cube,47,prefix_a,Direct,1,1,45,0
cube,47,prefix_a,Predictor-Final,1,1,25,2
cube,47,prefix_a,Predictor-Observed,1,1,45,0
cube,47,prefix_a,Predictor-Learned,1,1,45,0
cube,47,prefix_a,Simulator-Final,1,1,25,2
cube,47,prefix_a,Simulator-Observed,1,1,45,1
cube,47,prefix_a,Simulator-Learned,1,1,45,1
cube,47,prefix_a,Displacement-Observed,1,1,45,0
cube,47,prefix_b,Direct,1,0,150,0
cube,47,prefix_b,Predictor-Final,1,0,150,5
cube,47,prefix_b,Predictor-Observed,1,0,150,1
cube,47,prefix_b,Predictor-Learned,1,0,150,3
cube,47,prefix_b,Simulator-Final,1,0,150,4
cube,47,prefix_b,Simulator-Observed,1,0,150,2
cube,47,prefix_b,Simulator-Learned,1,0,150,5
cube,47,prefix_b,Displacement-Observed,1,0,150,3
cube,48,clean,Direct,1,1,56,0
cube,48,clean,Predictor-Final,1,0,150,4
cube,48,clean,Predictor-Observed,1,0,150,5
cube,48,clean,Predictor-Learned,1,1,56,0
cube,48,clean,Simulator-Final,1,0,150,7
cube,48,clean,Simulator-Observed,1,0,150,2
cube,48,clean,Simulator-Learned,1,1,56,0
cube,48,clean,Displacement-Observed,1,0,150,5
cube,48,prefix_a,Direct,1,0,150,0
cube,48,prefix_a,Predictor-Final,1,0,150,7
cube,48,prefix_a,Predictor-Observed,1,0,150,6
cube,48,prefix_a,Predictor-Learned,1,0,150,1
cube,48,prefix_a,Simulator-Final,1,0,150,7
cube,48,prefix_a,Simulator-Observed,1,0,150,6
cube,48,prefix_a,Simulator-Learned,1,0,150,1
cube,48,prefix_a,Displacement-Observed,1,0,150,2
cube,48,prefix_b,Direct,1,0,150,0
cube,48,prefix_b,Predictor-Final,1,0,150,7
cube,48,prefix_b,Predictor-Observed,1,0,150,6
cube,48,prefix_b,Predictor-Learned,1,0,150,5
cube,48,prefix_b,Simulator-Final,1,0,150,0
cube,48,prefix_b,Simulator-Observed,1,0,150,1
cube,48,prefix_b,Simulator-Learned,1,0,150,1
cube,48,prefix_b,Displacement-Observed,1,0,150,7
cube,49,clean,Direct,1,0,150,0
cube,49,clean,Predictor-Final,1,0,150,5
cube,49,clean,Predictor-Observed,1,0,150,0
cube,49,clean,Predictor-Learned,1,0,150,1
cube,49,clean,Simulator-Final,1,1,61,7
cube,49,clean,Simulator-Observed,1,0,150,0
cube,49,clean,Simulator-Learned,1,0,150,2
cube,49,clean,Displacement-Observed,1,0,150,0
cube,49,prefix_a,Direct,1,0,150,0
cube,49,prefix_a,Predictor-Final,1,0,150,5
cube,49,prefix_a,Predictor-Observed,1,0,150,0
cube,49,prefix_a,Predictor-Learned,1,0,150,1
cube,49,prefix_a,Simulator-Final,1,0,150,7
cube,49,prefix_a,Simulator-Observed,1,0,150,0
cube,49,prefix_a,Simulator-Learned,1,0,150,3
cube,49,prefix_a,Displacement-Observed,1,0,150,0
cube,49,prefix_b,Direct,1,1,53,0
cube,49,prefix_b,Predictor-Final,1,0,150,5
cube,49,prefix_b,Predictor-Observed,1,1,53,0
cube,49,prefix_b,Predictor-Learned,1,0,150,1
cube,49,prefix_b,Simulator-Final,1,0,150,4
cube,49,prefix_b,Simulator-Observed,1,1,53,0
cube,49,prefix_b,Simulator-Learned,1,0,150,3
cube,49,prefix_b,Displacement-Observed,1,1,53,0
cube,50,clean,Direct,1,1,34,0
cube,50,clean,Predictor-Final,1,1,33,6
cube,50,clean,Predictor-Observed,1,1,34,0
cube,50,clean,Predictor-Learned,1,1,33,7
cube,50,clean,Simulator-Final,1,1,34,2
cube,50,clean,Simulator-Observed,1,1,34,0
cube,50,clean,Simulator-Learned,1,1,33,7
cube,50,clean,Displacement-Observed,1,1,34,0
cube,50,prefix_a,Direct,1,1,35,0
cube,50,prefix_a,Predictor-Final,1,1,42,7
cube,50,prefix_a,Predictor-Observed,1,1,35,0
cube,50,prefix_a,Predictor-Learned,1,1,31,1
cube,50,prefix_a,Simulator-Final,1,1,42,7
cube,50,prefix_a,Simulator-Observed,1,1,35,0
cube,50,prefix_a,Simulator-Learned,1,1,31,1
cube,50,prefix_a,Displacement-Observed,1,1,35,0
cube,50,prefix_b,Direct,1,1,41,0
cube,50,prefix_b,Predictor-Final,1,0,150,6
cube,50,prefix_b,Predictor-Observed,1,1,39,5
cube,50,prefix_b,Predictor-Learned,1,1,41,2
cube,50,prefix_b,Simulator-Final,1,0,150,1
cube,50,prefix_b,Simulator-Observed,1,1,39,5
cube,50,prefix_b,Simulator-Learned,1,1,39,5
cube,50,prefix_b,Displacement-Observed,1,1,41,0
cube,51,clean,Direct,1,1,25,0
cube,51,clean,Predictor-Final,1,1,20,6
cube,51,clean,Predictor-Observed,1,1,25,0
cube,51,clean,Predictor-Learned,1,1,25,5
cube,51,clean,Simulator-Final,1,1,25,2
cube,51,clean,Simulator-Observed,1,1,25,0
cube,51,clean,Simulator-Learned,1,1,25,5
cube,51,clean,Displacement-Observed,1,1,25,0
cube,51,prefix_a,Direct,1,1,17,0
cube,51,prefix_a,Predictor-Final,1,1,21,4
cube,51,prefix_a,Predictor-Observed,1,1,21,4
cube,51,prefix_a,Predictor-Learned,1,1,21,4
cube,51,prefix_a,Simulator-Final,1,1,21,4
cube,51,prefix_a,Simulator-Observed,1,1,17,0
cube,51,prefix_a,Simulator-Learned,1,1,17,0
cube,51,prefix_a,Displacement-Observed,1,1,17,0
cube,51,prefix_b,Direct,1,0,150,0
cube,51,prefix_b,Predictor-Final,1,0,150,4
cube,51,prefix_b,Predictor-Observed,1,0,150,2
cube,51,prefix_b,Predictor-Learned,1,0,150,6
cube,51,prefix_b,Simulator-Final,1,0,150,4
cube,51,prefix_b,Simulator-Observed,1,0,150,5
cube,51,prefix_b,Simulator-Learned,1,0,150,4
cube,51,prefix_b,Displacement-Observed,1,0,150,5
cube,52,clean,Direct,1,1,53,0
cube,52,clean,Predictor-Final,1,0,150,4
cube,52,clean,Predictor-Observed,1,1,53,0
cube,52,clean,Predictor-Learned,1,1,52,2
cube,52,clean,Simulator-Final,1,0,150,4
cube,52,clean,Simulator-Observed,1,1,53,0
cube,52,clean,Simulator-Learned,1,1,52,2
cube,52,clean,Displacement-Observed,1,1,52,2
cube,52,prefix_a,Direct,1,0,150,0
cube,52,prefix_a,Predictor-Final,1,1,57,6
cube,52,prefix_a,Predictor-Observed,1,0,150,0
cube,52,prefix_a,Predictor-Learned,1,0,150,5
cube,52,prefix_a,Simulator-Final,1,1,57,6
cube,52,prefix_a,Simulator-Observed,1,0,150,0
cube,52,prefix_a,Simulator-Learned,1,1,55,4
cube,52,prefix_a,Displacement-Observed,1,1,55,4
cube,52,prefix_b,Direct,1,1,54,0
cube,52,prefix_b,Predictor-Final,1,1,57,7
cube,52,prefix_b,Predictor-Observed,1,1,51,1
cube,52,prefix_b,Predictor-Learned,1,1,57,2
cube,52,prefix_b,Simulator-Final,1,0,150,4
cube,52,prefix_b,Simulator-Observed,1,1,57,2
cube,52,prefix_b,Simulator-Learned,1,1,57,2
cube,52,prefix_b,Displacement-Observed,1,1,57,2
cube,53,clean,Direct,1,1,49,0
cube,53,clean,Predictor-Final,1,0,150,3
cube,53,clean,Predictor-Observed,1,1,49,0
cube,53,clean,Predictor-Learned,1,0,150,2
cube,53,clean,Simulator-Final,1,0,150,3
cube,53,clean,Simulator-Observed,1,1,49,0
cube,53,clean,Simulator-Learned,1,0,150,2
cube,53,clean,Displacement-Observed,1,0,150,2
cube,53,prefix_a,Direct,1,0,150,0
cube,53,prefix_a,Predictor-Final,1,0,150,3
cube,53,prefix_a,Predictor-Observed,1,0,150,0
cube,53,prefix_a,Predictor-Learned,1,0,150,0
cube,53,prefix_a,Simulator-Final,1,0,150,5
cube,53,prefix_a,Simulator-Observed,1,0,150,7
cube,53,prefix_a,Simulator-Learned,1,0,150,2
cube,53,prefix_a,Displacement-Observed,1,0,150,6
cube,53,prefix_b,Direct,1,0,150,0
cube,53,prefix_b,Predictor-Final,1,0,150,1
cube,53,prefix_b,Predictor-Observed,1,0,150,0
cube,53,prefix_b,Predictor-Learned,1,0,150,6
cube,53,prefix_b,Simulator-Final,1,0,150,1
cube,53,prefix_b,Simulator-Observed,1,0,150,0
cube,53,prefix_b,Simulator-Learned,1,0,150,6
cube,53,prefix_b,Displacement-Observed,1,0,150,6
cube,54,clean,Direct,1,1,38,0
cube,54,clean,Predictor-Final,1,1,31,6
cube,54,clean,Predictor-Observed,1,1,38,0
cube,54,clean,Predictor-Learned,1,1,42,7
cube,54,clean,Simulator-Final,1,1,31,6
cube,54,clean,Simulator-Observed,1,1,38,0
cube,54,clean,Simulator-Learned,1,1,42,7
cube,54,clean,Displacement-Observed,1,1,37,1
cube,54,prefix_a,Direct,1,1,47,0
cube,54,prefix_a,Predictor-Final,1,1,35,6
cube,54,prefix_a,Predictor-Observed,1,1,47,0
cube,54,prefix_a,Predictor-Learned,1,1,35,3
cube,54,prefix_a,Simulator-Final,1,1,35,6
cube,54,prefix_a,Simulator-Observed,1,1,47,2
cube,54,prefix_a,Simulator-Learned,1,1,35,3
cube,54,prefix_a,Displacement-Observed,1,1,49,4
cube,54,prefix_b,Direct,1,0,150,0
cube,54,prefix_b,Predictor-Final,1,0,150,0
cube,54,prefix_b,Predictor-Observed,1,0,150,0
cube,54,prefix_b,Predictor-Learned,1,0,150,4
cube,54,prefix_b,Simulator-Final,1,0,150,3
cube,54,prefix_b,Simulator-Observed,1,0,150,3
cube,54,prefix_b,Simulator-Learned,1,0,150,6
cube,54,prefix_b,Displacement-Observed,1,0,150,0
cube,55,clean,Direct,1,1,42,0
cube,55,clean,Predictor-Final,1,1,34,5
cube,55,clean,Predictor-Observed,1,1,42,0
cube,55,clean,Predictor-Learned,1,1,43,1
cube,55,clean,Simulator-Final,1,1,34,5
cube,55,clean,Simulator-Observed,1,1,42,0
cube,55,clean,Simulator-Learned,1,1,43,7
cube,55,clean,Displacement-Observed,1,1,42,0
cube,55,prefix_a,Direct,1,0,150,0
cube,55,prefix_a,Predictor-Final,1,0,150,6
cube,55,prefix_a,Predictor-Observed,1,0,150,6
cube,55,prefix_a,Predictor-Learned,1,0,150,5
cube,55,prefix_a,Simulator-Final,1,0,150,7
cube,55,prefix_a,Simulator-Observed,1,0,150,7
cube,55,prefix_a,Simulator-Learned,1,0,150,5
cube,55,prefix_a,Displacement-Observed,1,0,150,7
cube,55,prefix_b,Direct,1,0,150,0
cube,55,prefix_b,Predictor-Final,1,0,150,6
cube,55,prefix_b,Predictor-Observed,1,0,150,6
cube,55,prefix_b,Predictor-Learned,1,0,150,3
cube,55,prefix_b,Simulator-Final,1,0,150,2
cube,55,prefix_b,Simulator-Observed,1,0,150,7
cube,55,prefix_b,Simulator-Learned,1,0,150,3
cube,55,prefix_b,Displacement-Observed,1,0,150,1
cube,56,clean,Direct,1,1,57,0
cube,56,clean,Predictor-Final,1,0,150,1
cube,56,clean,Predictor-Observed,1,1,57,0
cube,56,clean,Predictor-Learned,1,1,62,4
cube,56,clean,Simulator-Final,1,1,57,0
cube,56,clean,Simulator-Observed,1,1,60,5
cube,56,clean,Simulator-Learned,1,1,62,4
cube,56,clean,Displacement-Observed,1,0,150,7
cube,56,prefix_a,Direct,1,0,150,0
cube,56,prefix_a,Predictor-Final,1,0,150,6
cube,56,prefix_a,Predictor-Observed,1,0,150,0
cube,56,prefix_a,Predictor-Learned,1,1,58,3
cube,56,prefix_a,Simulator-Final,1,0,150,6
cube,56,prefix_a,Simulator-Observed,1,0,150,4
cube,56,prefix_a,Simulator-Learned,1,1,58,3
cube,56,prefix_a,Displacement-Observed,1,0,150,7
cube,56,prefix_b,Direct,1,0,150,0
cube,56,prefix_b,Predictor-Final,1,0,150,6
cube,56,prefix_b,Predictor-Observed,1,0,150,2
cube,56,prefix_b,Predictor-Learned,1,0,150,2
cube,56,prefix_b,Simulator-Final,1,0,150,3
cube,56,prefix_b,Simulator-Observed,1,0,150,7
cube,56,prefix_b,Simulator-Learned,1,0,150,2
cube,56,prefix_b,Displacement-Observed,1,0,150,1
cube,57,clean,Direct,1,0,150,0
cube,57,clean,Predictor-Final,1,0,150,7
cube,57,clean,Predictor-Observed,1,1,60,3
cube,57,clean,Predictor-Learned,1,1,60,5
cube,57,clean,Simulator-Final,1,0,150,7
cube,57,clean,Simulator-Observed,1,1,60,3
cube,57,clean,Simulator-Learned,1,1,60,5
cube,57,clean,Displacement-Observed,1,1,60,3
cube,57,prefix_a,Direct,1,0,150,0
cube,57,prefix_a,Predictor-Final,1,0,150,5
cube,57,prefix_a,Predictor-Observed,1,0,150,7
cube,57,prefix_a,Predictor-Learned,1,0,150,7
cube,57,prefix_a,Simulator-Final,1,0,150,3
cube,57,prefix_a,Simulator-Observed,1,0,150,7
cube,57,prefix_a,Simulator-Learned,1,0,150,6
cube,57,prefix_a,Displacement-Observed,1,0,150,7
cube,57,prefix_b,Direct,1,0,150,0
cube,57,prefix_b,Predictor-Final,1,0,150,4
cube,57,prefix_b,Predictor-Observed,1,0,150,5
cube,57,prefix_b,Predictor-Learned,1,0,150,0
cube,57,prefix_b,Simulator-Final,1,0,150,1
cube,57,prefix_b,Simulator-Observed,1,0,150,5
cube,57,prefix_b,Simulator-Learned,1,0,150,6
cube,57,prefix_b,Displacement-Observed,1,0,150,6
cube,58,clean,Direct,1,0,150,0
cube,58,clean,Predictor-Final,1,1,60,5
cube,58,clean,Predictor-Observed,1,1,60,5
cube,58,clean,Predictor-Learned,1,1,58,7
cube,58,clean,Simulator-Final,1,1,60,5
cube,58,clean,Simulator-Observed,1,1,60,5
cube,58,clean,Simulator-Learned,1,1,58,7
cube,58,clean,Displacement-Observed,1,1,58,7
cube,58,prefix_a,Direct,1,0,150,0
cube,58,prefix_a,Predictor-Final,1,0,150,5
cube,58,prefix_a,Predictor-Observed,1,0,150,4
cube,58,prefix_a,Predictor-Learned,1,0,150,7
cube,58,prefix_a,Simulator-Final,1,0,150,5
cube,58,prefix_a,Simulator-Observed,1,0,150,7
cube,58,prefix_a,Simulator-Learned,1,0,150,7
cube,58,prefix_a,Displacement-Observed,1,0,150,5
cube,58,prefix_b,Direct,1,0,150,0
cube,58,prefix_b,Predictor-Final,1,0,150,5
cube,58,prefix_b,Predictor-Observed,1,0,150,5
cube,58,prefix_b,Predictor-Learned,1,0,150,5
cube,58,prefix_b,Simulator-Final,1,0,150,5
cube,58,prefix_b,Simulator-Observed,1,0,150,5
cube,58,prefix_b,Simulator-Learned,1,0,150,5
cube,58,prefix_b,Displacement-Observed,1,0,150,5
cube,59,clean,Direct,1,1,36,0
cube,59,clean,Predictor-Final,1,1,36,6
cube,59,clean,Predictor-Observed,1,1,36,3
cube,59,clean,Predictor-Learned,1,1,46,5
cube,59,clean,Simulator-Final,1,1,36,6
cube,59,clean,Simulator-Observed,1,1,36,3
cube,59,clean,Simulator-Learned,1,1,46,5
cube,59,clean,Displacement-Observed,1,1,36,1
cube,59,prefix_a,Direct,1,1,31,0
cube,59,prefix_a,Predictor-Final,1,1,35,7
cube,59,prefix_a,Predictor-Observed,1,1,35,7
cube,59,prefix_a,Predictor-Learned,1,1,31,3
cube,59,prefix_a,Simulator-Final,1,1,33,1
cube,59,prefix_a,Simulator-Observed,1,1,33,1
cube,59,prefix_a,Simulator-Learned,1,1,31,0
cube,59,prefix_a,Displacement-Observed,1,1,42,2
cube,59,prefix_b,Direct,1,1,29,0
cube,59,prefix_b,Predictor-Final,1,1,24,5
cube,59,prefix_b,Predictor-Observed,1,1,29,3
cube,59,prefix_b,Predictor-Learned,1,1,29,0
cube,59,prefix_b,Simulator-Final,1,1,24,5
cube,59,prefix_b,Simulator-Observed,1,1,29,3
cube,59,prefix_b,Simulator-Learned,1,1,29,0
cube,59,prefix_b,Displacement-Observed,1,1,29,3
cube,60,clean,Direct,1,1,44,0
cube,60,clean,Predictor-Final,1,0,150,2
cube,60,clean,Predictor-Observed,1,1,44,1
cube,60,clean,Predictor-Learned,1,1,43,7
cube,60,clean,Simulator-Final,1,1,29,6
cube,60,clean,Simulator-Observed,1,1,44,1
cube,60,clean,Simulator-Learned,1,1,43,7
cube,60,clean,Displacement-Observed,1,1,44,0
cube,60,prefix_a,Direct,1,1,21,0
cube,60,prefix_a,Predictor-Final,1,1,22,5
cube,60,prefix_a,Predictor-Observed,1,1,20,3
cube,60,prefix_a,Predictor-Learned,1,1,44,7
cube,60,prefix_a,Simulator-Final,1,1,22,1
cube,60,prefix_a,Simulator-Observed,1,1,20,3
cube,60,prefix_a,Simulator-Learned,1,1,44,6
cube,60,prefix_a,Displacement-Observed,1,1,34,2
cube,60,prefix_b,Direct,1,1,21,0
cube,60,prefix_b,Predictor-Final,1,1,31,4
cube,60,prefix_b,Predictor-Observed,1,1,33,2
cube,60,prefix_b,Predictor-Learned,1,1,27,7
cube,60,prefix_b,Simulator-Final,1,1,31,1
cube,60,prefix_b,Simulator-Observed,1,1,20,3
cube,60,prefix_b,Simulator-Learned,1,1,27,7
cube,60,prefix_b,Displacement-Observed,1,1,33,2
cube,61,clean,Direct,1,0,150,0
cube,61,clean,Predictor-Final,1,1,61,6
cube,61,clean,Predictor-Observed,1,1,61,6
cube,61,clean,Predictor-Learned,1,0,150,7
cube,61,clean,Simulator-Final,1,1,55,5
cube,61,clean,Simulator-Observed,1,0,150,1
cube,61,clean,Simulator-Learned,1,0,150,3
cube,61,clean,Displacement-Observed,1,0,150,2
cube,61,prefix_a,Direct,1,0,150,0
cube,61,prefix_a,Predictor-Final,1,0,150,4
cube,61,prefix_a,Predictor-Observed,1,0,150,7
cube,61,prefix_a,Predictor-Learned,1,0,150,7
cube,61,prefix_a,Simulator-Final,1,0,150,3
cube,61,prefix_a,Simulator-Observed,1,0,150,7
cube,61,prefix_a,Simulator-Learned,1,0,150,7
cube,61,prefix_a,Displacement-Observed,1,0,150,7
cube,61,prefix_b,Direct,1,0,150,0
cube,61,prefix_b,Predictor-Final,1,1,55,6
cube,61,prefix_b,Predictor-Observed,1,1,62,5
cube,61,prefix_b,Predictor-Learned,1,0,150,0
cube,61,prefix_b,Simulator-Final,1,1,55,7
cube,61,prefix_b,Simulator-Observed,1,1,62,5
cube,61,prefix_b,Simulator-Learned,1,0,150,1
cube,61,prefix_b,Displacement-Observed,1,0,150,0
cube,62,clean,Direct,1,0,150,0
cube,62,clean,Predictor-Final,1,0,150,7
cube,62,clean,Predictor-Observed,1,1,55,5
cube,62,clean,Predictor-Learned,1,0,150,1
cube,62,clean,Simulator-Final,1,0,150,3
cube,62,clean,Simulator-Observed,1,0,150,0
cube,62,clean,Simulator-Learned,1,0,150,4
cube,62,clean,Displacement-Observed,1,0,150,4
cube,62,prefix_a,Direct,1,0,150,0
cube,62,prefix_a,Predictor-Final,1,0,150,3
cube,62,prefix_a,Predictor-Observed,1,0,150,7
cube,62,prefix_a,Predictor-Learned,1,0,150,5
cube,62,prefix_a,Simulator-Final,1,0,150,1
cube,62,prefix_a,Simulator-Observed,1,0,150,7
cube,62,prefix_a,Simulator-Learned,1,0,150,4
cube,62,prefix_a,Displacement-Observed,1,0,150,4
cube,62,prefix_b,Direct,1,0,150,0
cube,62,prefix_b,Predictor-Final,1,0,150,2
cube,62,prefix_b,Predictor-Observed,1,0,150,5
cube,62,prefix_b,Predictor-Learned,1,0,150,0
cube,62,prefix_b,Simulator-Final,1,0,150,6
cube,62,prefix_b,Simulator-Observed,1,1,47,3
cube,62,prefix_b,Simulator-Learned,1,0,150,5
cube,62,prefix_b,Displacement-Observed,1,0,150,5
cube,63,clean,Direct,1,1,34,0
cube,63,clean,Predictor-Final,1,1,23,1
cube,63,clean,Predictor-Observed,1,1,34,0
cube,63,clean,Predictor-Learned,1,1,23,2
cube,63,clean,Simulator-Final,1,1,24,3
cube,63,clean,Simulator-Observed,1,1,34,0
cube,63,clean,Simulator-Learned,1,1,23,2
cube,63,clean,Displacement-Observed,1,1,34,0
cube,63,prefix_a,Direct,1,0,150,0
cube,63,prefix_a,Predictor-Final,1,0,150,5
cube,63,prefix_a,Predictor-Observed,1,0,150,7
cube,63,prefix_a,Predictor-Learned,1,0,150,7
cube,63,prefix_a,Simulator-Final,1,0,150,1
cube,63,prefix_a,Simulator-Observed,1,0,150,7
cube,63,prefix_a,Simulator-Learned,1,0,150,3
cube,63,prefix_a,Displacement-Observed,1,0,150,7
cube,63,prefix_b,Direct,1,1,26,0
cube,63,prefix_b,Predictor-Final,1,1,35,2
cube,63,prefix_b,Predictor-Observed,1,1,42,3
cube,63,prefix_b,Predictor-Learned,1,1,40,6
cube,63,prefix_b,Simulator-Final,1,1,35,2
cube,63,prefix_b,Simulator-Observed,1,1,42,3
cube,63,prefix_b,Simulator-Learned,1,1,36,1
cube,63,prefix_b,Displacement-Observed,1,1,42,3
cube,64,clean,Direct,1,1,39,0
cube,64,clean,Predictor-Final,1,1,28,6
cube,64,clean,Predictor-Observed,1,1,44,1
cube,64,clean,Predictor-Learned,1,1,39,2
cube,64,clean,Simulator-Final,1,1,28,6
cube,64,clean,Simulator-Observed,1,1,44,1
cube,64,clean,Simulator-Learned,1,1,39,2
cube,64,clean,Displacement-Observed,1,1,44,1
cube,64,prefix_a,Direct,1,0,150,0
cube,64,prefix_a,Predictor-Final,1,0,150,7
cube,64,prefix_a,Predictor-Observed,1,0,150,0
cube,64,prefix_a,Predictor-Learned,1,0,150,6
cube,64,prefix_a,Simulator-Final,1,0,150,3
cube,64,prefix_a,Simulator-Observed,1,0,150,3
cube,64,prefix_a,Simulator-Learned,1,0,150,5
cube,64,prefix_a,Displacement-Observed,1,0,150,0
cube,64,prefix_b,Direct,1,1,30,0
cube,64,prefix_b,Predictor-Final,1,1,21,5
cube,64,prefix_b,Predictor-Observed,1,1,45,2
cube,64,prefix_b,Predictor-Learned,1,1,45,1
cube,64,prefix_b,Simulator-Final,1,1,45,1
cube,64,prefix_b,Simulator-Observed,1,1,45,2
cube,64,prefix_b,Simulator-Learned,1,1,45,1
cube,64,prefix_b,Displacement-Observed,1,1,45,2
cube,65,clean,Direct,1,1,19,0
cube,65,clean,Predictor-Final,1,1,14,4
cube,65,clean,Predictor-Observed,1,1,19,0
cube,65,clean,Predictor-Learned,1,1,15,2
cube,65,clean,Simulator-Final,1,1,15,2
cube,65,clean,Simulator-Observed,1,1,19,0
cube,65,clean,Simulator-Learned,1,1,15,2
cube,65,clean,Displacement-Observed,1,1,19,0
cube,65,prefix_a,Direct,1,1,15,0
cube,65,prefix_a,Predictor-Final,1,1,14,6
cube,65,prefix_a,Predictor-Observed,1,1,15,0
cube,65,prefix_a,Predictor-Learned,1,1,15,5
cube,65,prefix_a,Simulator-Final,1,1,14,6
cube,65,prefix_a,Simulator-Observed,1,1,15,0
cube,65,prefix_a,Simulator-Learned,1,1,15,5
cube,65,prefix_a,Displacement-Observed,1,1,15,0
cube,65,prefix_b,Direct,1,1,19,0
cube,65,prefix_b,Predictor-Final,1,1,18,1
cube,65,prefix_b,Predictor-Observed,1,1,19,0
cube,65,prefix_b,Predictor-Learned,1,1,8,4
cube,65,prefix_b,Simulator-Final,1,1,18,1
cube,65,prefix_b,Simulator-Observed,1,1,19,0
cube,65,prefix_b,Simulator-Learned,1,1,8,4
cube,65,prefix_b,Displacement-Observed,1,1,19,0
cube,66,clean,Direct,1,1,31,0
cube,66,clean,Predictor-Final,1,1,43,7
cube,66,clean,Predictor-Observed,1,1,31,0
cube,66,clean,Predictor-Learned,1,1,31,3
cube,66,clean,Simulator-Final,1,1,33,1
cube,66,clean,Simulator-Observed,1,1,31,0
cube,66,clean,Simulator-Learned,1,1,31,3
cube,66,clean,Displacement-Observed,1,1,31,0
cube,66,prefix_a,Direct,1,0,150,0
cube,66,prefix_a,Predictor-Final,1,0,150,2
cube,66,prefix_a,Predictor-Observed,1,0,150,2
cube,66,prefix_a,Predictor-Learned,1,0,150,6
cube,66,prefix_a,Simulator-Final,1,0,150,7
cube,66,prefix_a,Simulator-Observed,1,0,150,7
cube,66,prefix_a,Simulator-Learned,1,0,150,2
cube,66,prefix_a,Displacement-Observed,1,0,150,0
cube,66,prefix_b,Direct,1,1,29,0
cube,66,prefix_b,Predictor-Final,1,1,29,0
cube,66,prefix_b,Predictor-Observed,1,1,29,0
cube,66,prefix_b,Predictor-Learned,1,1,31,6
cube,66,prefix_b,Simulator-Final,1,1,29,1
cube,66,prefix_b,Simulator-Observed,1,1,29,0
cube,66,prefix_b,Simulator-Learned,1,1,29,0
cube,66,prefix_b,Displacement-Observed,1,1,29,0
cube,67,clean,Direct,1,1,23,0
cube,67,clean,Predictor-Final,1,1,24,4
cube,67,clean,Predictor-Observed,1,1,23,0
cube,67,clean,Predictor-Learned,1,1,18,6
cube,67,clean,Simulator-Final,1,1,24,4
cube,67,clean,Simulator-Observed,1,1,23,0
cube,67,clean,Simulator-Learned,1,1,18,6
cube,67,clean,Displacement-Observed,1,1,23,0
cube,67,prefix_a,Direct,1,1,26,0
cube,67,prefix_a,Predictor-Final,1,1,27,5
cube,67,prefix_a,Predictor-Observed,1,1,26,0
cube,67,prefix_a,Predictor-Learned,1,1,25,2
cube,67,prefix_a,Simulator-Final,1,1,27,5
cube,67,prefix_a,Simulator-Observed,1,1,26,0
cube,67,prefix_a,Simulator-Learned,1,1,26,0
cube,67,prefix_a,Displacement-Observed,1,1,26,0
cube,67,prefix_b,Direct,1,0,150,0
cube,67,prefix_b,Predictor-Final,1,0,150,6
cube,67,prefix_b,Predictor-Observed,1,0,150,0
cube,67,prefix_b,Predictor-Learned,1,0,150,4
cube,67,prefix_b,Simulator-Final,1,0,150,7
cube,67,prefix_b,Simulator-Observed,1,0,150,0
cube,67,prefix_b,Simulator-Learned,1,0,150,2
cube,67,prefix_b,Displacement-Observed,1,0,150,5
cube,68,clean,Direct,1,1,33,0
cube,68,clean,Predictor-Final,1,1,34,1
cube,68,clean,Predictor-Observed,1,1,34,1
cube,68,clean,Predictor-Learned,1,1,44,5
cube,68,clean,Simulator-Final,1,1,34,1
cube,68,clean,Simulator-Observed,1,1,34,1
cube,68,clean,Simulator-Learned,1,1,44,5
cube,68,clean,Displacement-Observed,1,1,31,2
cube,68,prefix_a,Direct,1,1,28,0
cube,68,prefix_a,Predictor-Final,1,1,44,1
cube,68,prefix_a,Predictor-Observed,1,1,44,1
cube,68,prefix_a,Predictor-Learned,1,1,43,2
cube,68,prefix_a,Simulator-Final,1,1,43,2
cube,68,prefix_a,Simulator-Observed,1,1,44,1
cube,68,prefix_a,Simulator-Learned,1,1,41,7
cube,68,prefix_a,Displacement-Observed,1,1,44,1
cube,68,prefix_b,Direct,1,1,41,0
cube,68,prefix_b,Predictor-Final,1,1,28,7
cube,68,prefix_b,Predictor-Observed,1,1,45,2
cube,68,prefix_b,Predictor-Learned,1,1,32,6
cube,68,prefix_b,Simulator-Final,1,1,40,1
cube,68,prefix_b,Simulator-Observed,1,1,45,2
cube,68,prefix_b,Simulator-Learned,1,1,32,6
cube,68,prefix_b,Displacement-Observed,1,1,45,2
cube,69,clean,Direct,1,0,150,0
cube,69,clean,Predictor-Final,1,0,150,6
cube,69,clean,Predictor-Observed,1,0,150,2
cube,69,clean,Predictor-Learned,1,0,150,3
cube,69,clean,Simulator-Final,1,0,150,6
cube,69,clean,Simulator-Observed,1,0,150,2
cube,69,clean,Simulator-Learned,1,0,150,3
cube,69,clean,Displacement-Observed,1,0,150,6
cube,69,prefix_a,Direct,1,0,150,0
cube,69,prefix_a,Predictor-Final,1,0,150,0
cube,69,prefix_a,Predictor-Observed,1,0,150,5
cube,69,prefix_a,Predictor-Learned,1,0,150,7
cube,69,prefix_a,Simulator-Final,1,0,150,1
cube,69,prefix_a,Simulator-Observed,1,0,150,5
cube,69,prefix_a,Simulator-Learned,1,0,150,7
cube,69,prefix_a,Displacement-Observed,1,0,150,3
cube,69,prefix_b,Direct,1,0,150,0
cube,69,prefix_b,Predictor-Final,1,0,150,0
cube,69,prefix_b,Predictor-Observed,1,0,150,4
cube,69,prefix_b,Predictor-Learned,1,0,150,4
cube,69,prefix_b,Simulator-Final,1,0,150,1
cube,69,prefix_b,Simulator-Observed,1,0,150,2
cube,69,prefix_b,Simulator-Learned,1,0,150,2
cube,69,prefix_b,Displacement-Observed,1,0,150,4
cube,70,clean,Direct,1,1,25,0
cube,70,clean,Predictor-Final,1,1,19,7
cube,70,clean,Predictor-Observed,1,1,26,6
cube,70,clean,Predictor-Learned,1,1,29,1
cube,70,clean,Simulator-Final,1,1,19,7
cube,70,clean,Simulator-Observed,1,1,25,0
cube,70,clean,Simulator-Learned,1,1,29,1
cube,70,clean,Displacement-Observed,1,1,25,0
cube,70,prefix_a,Direct,1,1,41,0
cube,70,prefix_a,Predictor-Final,1,1,40,5
cube,70,prefix_a,Predictor-Observed,1,1,32,2
cube,70,prefix_a,Predictor-Learned,1,1,42,1
cube,70,prefix_a,Simulator-Final,1,1,40,5
cube,70,prefix_a,Simulator-Observed,1,1,42,1
cube,70,prefix_a,Simulator-Learned,1,1,42,1
cube,70,prefix_a,Displacement-Observed,1,1,42,1
cube,70,prefix_b,Direct,1,0,150,0
cube,70,prefix_b,Predictor-Final,1,0,150,5
cube,70,prefix_b,Predictor-Observed,1,0,150,0
cube,70,prefix_b,Predictor-Learned,1,0,150,6
cube,70,prefix_b,Simulator-Final,1,0,150,1
cube,70,prefix_b,Simulator-Observed,1,0,150,0
cube,70,prefix_b,Simulator-Learned,1,0,150,6
cube,70,prefix_b,Displacement-Observed,1,0,150,0
cube,71,clean,Direct,1,1,20,0
cube,71,clean,Predictor-Final,1,1,24,2
cube,71,clean,Predictor-Observed,1,1,21,5
cube,71,clean,Predictor-Learned,1,1,23,1
cube,71,clean,Simulator-Final,1,1,24,2
cube,71,clean,Simulator-Observed,1,1,21,5
cube,71,clean,Simulator-Learned,1,1,19,4
cube,71,clean,Displacement-Observed,1,1,20,0
cube,71,prefix_a,Direct,1,0,150,0
cube,71,prefix_a,Predictor-Final,1,0,150,1
cube,71,prefix_a,Predictor-Observed,1,0,150,5
cube,71,prefix_a,Predictor-Learned,1,0,150,6
cube,71,prefix_a,Simulator-Final,1,0,150,5
cube,71,prefix_a,Simulator-Observed,1,0,150,5
cube,71,prefix_a,Simulator-Learned,1,0,150,7
cube,71,prefix_a,Displacement-Observed,1,0,150,1
cube,71,prefix_b,Direct,1,1,26,0
cube,71,prefix_b,Predictor-Final,1,1,26,6
cube,71,prefix_b,Predictor-Observed,1,1,26,0
cube,71,prefix_b,Predictor-Learned,1,1,24,3
cube,71,prefix_b,Simulator-Final,1,1,26,6
cube,71,prefix_b,Simulator-Observed,1,1,24,4
cube,71,prefix_b,Simulator-Learned,1,1,24,3
cube,71,prefix_b,Displacement-Observed,1,1,26,0
cube,72,clean,Direct,1,1,48,0
cube,72,clean,Predictor-Final,1,0,150,6
cube,72,clean,Predictor-Observed,1,1,47,7
cube,72,clean,Predictor-Learned,1,1,46,5
cube,72,clean,Simulator-Final,1,0,150,6
cube,72,clean,Simulator-Observed,1,1,47,7
cube,72,clean,Simulator-Learned,1,1,47,7
cube,72,clean,Displacement-Observed,1,1,47,7
cube,72,prefix_a,Direct,1,1,46,0
cube,72,prefix_a,Predictor-Final,1,0,150,7
cube,72,prefix_a,Predictor-Observed,1,1,46,5
cube,72,prefix_a,Predictor-Learned,1,1,43,1
cube,72,prefix_a,Simulator-Final,1,0,150,7
cube,72,prefix_a,Simulator-Observed,1,1,47,6
cube,72,prefix_a,Simulator-Learned,1,1,47,6
cube,72,prefix_a,Displacement-Observed,1,1,47,6
cube,72,prefix_b,Direct,1,1,48,0
cube,72,prefix_b,Predictor-Final,1,1,47,7
cube,72,prefix_b,Predictor-Observed,1,1,47,7
cube,72,prefix_b,Predictor-Learned,1,1,48,0
cube,72,prefix_b,Simulator-Final,1,1,47,7
cube,72,prefix_b,Simulator-Observed,1,1,47,7
cube,72,prefix_b,Simulator-Learned,1,1,48,0
cube,72,prefix_b,Displacement-Observed,1,1,48,0
cube,73,clean,Direct,1,1,42,0
cube,73,clean,Predictor-Final,1,1,43,4
cube,73,clean,Predictor-Observed,1,1,42,1
cube,73,clean,Predictor-Learned,1,1,42,6
cube,73,clean,Simulator-Final,1,1,42,5
cube,73,clean,Simulator-Observed,1,1,42,1
cube,73,clean,Simulator-Learned,1,1,42,0
cube,73,clean,Displacement-Observed,1,1,42,1
cube,73,prefix_a,Direct,1,0,150,0
cube,73,prefix_a,Predictor-Final,1,0,150,6
cube,73,prefix_a,Predictor-Observed,1,0,150,1
cube,73,prefix_a,Predictor-Learned,1,0,150,4
cube,73,prefix_a,Simulator-Final,1,0,150,1
cube,73,prefix_a,Simulator-Observed,1,0,150,4
cube,73,prefix_a,Simulator-Learned,1,0,150,7
cube,73,prefix_a,Displacement-Observed,1,0,150,1
cube,73,prefix_b,Direct,1,0,150,0
cube,73,prefix_b,Predictor-Final,1,0,150,3
cube,73,prefix_b,Predictor-Observed,1,0,150,5
cube,73,prefix_b,Predictor-Learned,1,0,150,5
cube,73,prefix_b,Simulator-Final,1,0,150,7
cube,73,prefix_b,Simulator-Observed,1,0,150,5
cube,73,prefix_b,Simulator-Learned,1,0,150,2
cube,73,prefix_b,Displacement-Observed,1,0,150,5
cube,74,clean,Direct,1,1,47,0
cube,74,clean,Predictor-Final,1,1,49,7
cube,74,clean,Predictor-Observed,1,1,49,7
cube,74,clean,Predictor-Learned,1,1,49,5
cube,74,clean,Simulator-Final,1,1,49,7
cube,74,clean,Simulator-Observed,1,1,49,7
cube,74,clean,Simulator-Learned,1,1,49,5
cube,74,clean,Displacement-Observed,1,1,47,0
cube,74,prefix_a,Direct,1,0,150,0
cube,74,prefix_a,Predictor-Final,1,0,150,5
cube,74,prefix_a,Predictor-Observed,1,0,150,4
cube,74,prefix_a,Predictor-Learned,1,0,150,3
cube,74,prefix_a,Simulator-Final,1,0,150,2
cube,74,prefix_a,Simulator-Observed,1,0,150,1
cube,74,prefix_a,Simulator-Learned,1,0,150,1
cube,74,prefix_a,Displacement-Observed,1,0,150,0
cube,74,prefix_b,Direct,1,0,150,0
cube,74,prefix_b,Predictor-Final,1,0,150,6
cube,74,prefix_b,Predictor-Observed,1,0,150,6
cube,74,prefix_b,Predictor-Learned,1,0,150,5
cube,74,prefix_b,Simulator-Final,1,0,150,6
cube,74,prefix_b,Simulator-Observed,1,0,150,5
cube,74,prefix_b,Simulator-Learned,1,0,150,5
cube,74,prefix_b,Displacement-Observed,1,0,150,5
cube,75,clean,Direct,1,1,38,0
cube,75,clean,Predictor-Final,1,1,34,5
cube,75,clean,Predictor-Observed,1,1,37,6
cube,75,clean,Predictor-Learned,1,1,39,2
cube,75,clean,Simulator-Final,1,1,34,5
cube,75,clean,Simulator-Observed,1,1,40,1
cube,75,clean,Simulator-Learned,1,1,39,2
cube,75,clean,Displacement-Observed,1,1,38,0
cube,75,prefix_a,Direct,1,1,42,0
cube,75,prefix_a,Predictor-Final,1,1,29,6
cube,75,prefix_a,Predictor-Observed,1,1,42,0
cube,75,prefix_a,Predictor-Learned,1,1,42,0
cube,75,prefix_a,Simulator-Final,1,1,29,6
cube,75,prefix_a,Simulator-Observed,1,1,28,1
cube,75,prefix_a,Simulator-Learned,1,1,42,0
cube,75,prefix_a,Displacement-Observed,1,1,42,0
cube,75,prefix_b,Direct,1,1,19,0
cube,75,prefix_b,Predictor-Final,1,1,28,5
cube,75,prefix_b,Predictor-Observed,1,1,19,1
cube,75,prefix_b,Predictor-Learned,1,1,26,6
cube,75,prefix_b,Simulator-Final,1,1,28,5
cube,75,prefix_b,Simulator-Observed,1,1,26,6
cube,75,prefix_b,Simulator-Learned,1,1,26,7
cube,75,prefix_b,Displacement-Observed,1,1,26,6
cube,76,clean,Direct,1,1,54,0
cube,76,clean,Predictor-Final,1,0,150,6
cube,76,clean,Predictor-Observed,1,0,150,6
cube,76,clean,Predictor-Learned,1,1,54,0
cube,76,clean,Simulator-Final,1,0,150,7
cube,76,clean,Simulator-Observed,1,0,150,6
cube,76,clean,Simulator-Learned,1,1,52,1
cube,76,clean,Displacement-Observed,1,1,47,4
cube,76,prefix_a,Direct,1,0,150,0
cube,76,prefix_a,Predictor-Final,1,0,150,0
cube,76,prefix_a,Predictor-Observed,1,0,150,3
cube,76,prefix_a,Predictor-Learned,1,0,150,1
cube,76,prefix_a,Simulator-Final,1,0,150,0
cube,76,prefix_a,Simulator-Observed,1,0,150,3
cube,76,prefix_a,Simulator-Learned,1,0,150,4
cube,76,prefix_a,Displacement-Observed,1,0,150,0
cube,76,prefix_b,Direct,1,0,150,0
cube,76,prefix_b,Predictor-Final,1,0,150,6
cube,76,prefix_b,Predictor-Observed,1,0,150,7
cube,76,prefix_b,Predictor-Learned,1,0,150,6
cube,76,prefix_b,Simulator-Final,1,0,150,7
cube,76,prefix_b,Simulator-Observed,1,0,150,7
cube,76,prefix_b,Simulator-Learned,1,0,150,1
cube,76,prefix_b,Displacement-Observed,1,0,150,5
cube,77,clean,Direct,1,1,30,0
cube,77,clean,Predictor-Final,1,1,42,6
cube,77,clean,Predictor-Observed,1,1,30,0
cube,77,clean,Predictor-Learned,1,1,27,4
cube,77,clean,Simulator-Final,1,1,42,6
cube,77,clean,Simulator-Observed,1,1,30,2
cube,77,clean,Simulator-Learned,1,1,27,4
cube,77,clean,Displacement-Observed,1,1,41,1
cube,77,prefix_a,Direct,1,0,150,0
cube,77,prefix_a,Predictor-Final,1,0,150,5
cube,77,prefix_a,Predictor-Observed,1,0,150,1
cube,77,prefix_a,Predictor-Learned,1,1,41,6
cube,77,prefix_a,Simulator-Final,1,0,150,0
cube,77,prefix_a,Simulator-Observed,1,0,150,0
cube,77,prefix_a,Simulator-Learned,1,0,150,1
cube,77,prefix_a,Displacement-Observed,1,0,150,0
cube,77,prefix_b,Direct,1,0,150,0
cube,77,prefix_b,Predictor-Final,1,0,150,5
cube,77,prefix_b,Predictor-Observed,1,0,150,5
cube,77,prefix_b,Predictor-Learned,1,0,150,3
cube,77,prefix_b,Simulator-Final,1,0,150,4
cube,77,prefix_b,Simulator-Observed,1,0,150,5
cube,77,prefix_b,Simulator-Learned,1,0,150,7
cube,77,prefix_b,Displacement-Observed,1,0,150,0
cube,78,clean,Direct,1,1,18,0
cube,78,clean,Predictor-Final,1,1,18,0
cube,78,clean,Predictor-Observed,1,1,15,3
cube,78,clean,Predictor-Learned,1,1,18,0
cube,78,clean,Simulator-Final,1,1,16,4
cube,78,clean,Simulator-Observed,1,1,15,3
cube,78,clean,Simulator-Learned,1,1,18,0
cube,78,clean,Displacement-Observed,1,1,18,0
cube,78,prefix_a,Direct,1,1,13,0
cube,78,prefix_a,Predictor-Final,1,1,13,0
cube,78,prefix_a,Predictor-Observed,1,1,13,0
cube,78,prefix_a,Predictor-Learned,1,1,15,6
cube,78,prefix_a,Simulator-Final,1,1,13,0
cube,78,prefix_a,Simulator-Observed,1,1,13,0
cube,78,prefix_a,Simulator-Learned,1,1,15,6
cube,78,prefix_a,Displacement-Observed,1,1,13,0
cube,78,prefix_b,Direct,1,0,150,0
cube,78,prefix_b,Predictor-Final,1,0,150,4
cube,78,prefix_b,Predictor-Observed,1,0,150,0
cube,78,prefix_b,Predictor-Learned,1,0,150,4
cube,78,prefix_b,Simulator-Final,1,0,150,1
cube,78,prefix_b,Simulator-Observed,1,0,150,1
cube,78,prefix_b,Simulator-Learned,1,0,150,3
cube,78,prefix_b,Displacement-Observed,1,0,150,0
cube,79,clean,Direct,1,1,49,0
cube,79,clean,Predictor-Final,1,1,50,2
cube,79,clean,Predictor-Observed,1,0,150,7
cube,79,clean,Predictor-Learned,1,1,50,4
cube,79,clean,Simulator-Final,1,1,50,4
cube,79,clean,Simulator-Observed,1,0,150,6
cube,79,clean,Simulator-Learned,1,1,50,4
cube,79,clean,Displacement-Observed,1,0,150,1
cube,79,prefix_a,Direct,1,0,150,0
cube,79,prefix_a,Predictor-Final,1,0,150,4
cube,79,prefix_a,Predictor-Observed,1,0,150,6
cube,79,prefix_a,Predictor-Learned,1,0,150,7
cube,79,prefix_a,Simulator-Final,1,0,150,7
cube,79,prefix_a,Simulator-Observed,1,0,150,5
cube,79,prefix_a,Simulator-Learned,1,0,150,7
cube,79,prefix_a,Displacement-Observed,1,0,150,1
cube,79,prefix_b,Direct,1,0,150,0
cube,79,prefix_b,Predictor-Final,1,0,150,2
cube,79,prefix_b,Predictor-Observed,1,0,150,7
cube,79,prefix_b,Predictor-Learned,1,0,150,0
cube,79,prefix_b,Simulator-Final,1,0,150,2
cube,79,prefix_b,Simulator-Observed,1,0,150,7
cube,79,prefix_b,Simulator-Learned,1,0,150,0
cube,79,prefix_b,Displacement-Observed,1,0,150,1
cube,80,clean,Direct,1,1,49,0
cube,80,clean,Predictor-Final,1,1,49,0
cube,80,clean,Predictor-Observed,1,1,49,0
cube,80,clean,Predictor-Learned,1,1,49,0
cube,80,clean,Simulator-Final,1,1,51,2
cube,80,clean,Simulator-Observed,1,1,51,2
cube,80,clean,Simulator-Learned,1,1,49,0
cube,80,clean,Displacement-Observed,1,1,51,2
cube,80,prefix_a,Direct,1,0,150,0
cube,80,prefix_a,Predictor-Final,1,0,150,0
cube,80,prefix_a,Predictor-Observed,1,0,150,0
cube,80,prefix_a,Predictor-Learned,1,0,150,1
cube,80,prefix_a,Simulator-Final,1,0,150,0
cube,80,prefix_a,Simulator-Observed,1,0,150,0
cube,80,prefix_a,Simulator-Learned,1,0,150,1
cube,80,prefix_a,Displacement-Observed,1,0,150,4
cube,80,prefix_b,Direct,1,0,150,0
cube,80,prefix_b,Predictor-Final,1,0,150,5
cube,80,prefix_b,Predictor-Observed,1,0,150,5
cube,80,prefix_b,Predictor-Learned,1,0,150,6
cube,80,prefix_b,Simulator-Final,1,0,150,5
cube,80,prefix_b,Simulator-Observed,1,0,150,5
cube,80,prefix_b,Simulator-Learned,1,0,150,6
cube,80,prefix_b,Displacement-Observed,1,0,150,1
cube,81,clean,Direct,1,1,56,0
cube,81,clean,Predictor-Final,1,1,56,0
cube,81,clean,Predictor-Observed,1,1,56,0
cube,81,clean,Predictor-Learned,1,1,59,5
cube,81,clean,Simulator-Final,1,1,59,7
cube,81,clean,Simulator-Observed,1,1,56,0
cube,81,clean,Simulator-Learned,1,1,59,5
cube,81,clean,Displacement-Observed,1,1,56,0
cube,81,prefix_a,Direct,1,0,150,0
cube,81,prefix_a,Predictor-Final,1,0,150,0
cube,81,prefix_a,Predictor-Observed,1,0,150,3
cube,81,prefix_a,Predictor-Learned,1,0,150,5
cube,81,prefix_a,Simulator-Final,1,0,150,7
cube,81,prefix_a,Simulator-Observed,1,0,150,5
cube,81,prefix_a,Simulator-Learned,1,0,150,5
cube,81,prefix_a,Displacement-Observed,1,0,150,4
cube,81,prefix_b,Direct,1,0,150,0
cube,81,prefix_b,Predictor-Final,1,0,150,5
cube,81,prefix_b,Predictor-Observed,1,0,150,1
cube,81,prefix_b,Predictor-Learned,1,0,150,1
cube,81,prefix_b,Simulator-Final,1,0,150,5
cube,81,prefix_b,Simulator-Observed,1,0,150,0
cube,81,prefix_b,Simulator-Learned,1,0,150,0
cube,81,prefix_b,Displacement-Observed,1,0,150,0
cube,82,clean,Direct,1,0,150,0
cube,82,clean,Predictor-Final,1,0,150,7
cube,82,clean,Predictor-Observed,1,0,150,2
cube,82,clean,Predictor-Learned,1,1,67,3
cube,82,clean,Simulator-Final,1,0,150,7
cube,82,clean,Simulator-Observed,1,0,150,4
cube,82,clean,Simulator-Learned,1,1,67,3
cube,82,clean,Displacement-Observed,1,0,150,1
cube,82,prefix_a,Direct,1,0,150,0
cube,82,prefix_a,Predictor-Final,1,0,150,7
cube,82,prefix_a,Predictor-Observed,1,0,150,7
cube,82,prefix_a,Predictor-Learned,1,0,150,6
cube,82,prefix_a,Simulator-Final,1,0,150,6
cube,82,prefix_a,Simulator-Observed,1,0,150,4
cube,82,prefix_a,Simulator-Learned,1,0,150,5
cube,82,prefix_a,Displacement-Observed,1,0,150,3
cube,82,prefix_b,Direct,1,0,150,0
cube,82,prefix_b,Predictor-Final,1,0,150,5
cube,82,prefix_b,Predictor-Observed,1,0,150,3
cube,82,prefix_b,Predictor-Learned,1,0,150,6
cube,82,prefix_b,Simulator-Final,1,0,150,6
cube,82,prefix_b,Simulator-Observed,1,0,150,3
cube,82,prefix_b,Simulator-Learned,1,0,150,4
cube,82,prefix_b,Displacement-Observed,1,0,150,3
cube,83,clean,Direct,1,1,30,0
cube,83,clean,Predictor-Final,1,1,28,5
cube,83,clean,Predictor-Observed,1,1,30,0
cube,83,clean,Predictor-Learned,1,1,44,3
cube,83,clean,Simulator-Final,1,1,28,5
cube,83,clean,Simulator-Observed,1,1,30,0
cube,83,clean,Simulator-Learned,1,1,44,3
cube,83,clean,Displacement-Observed,1,1,30,0
cube,83,prefix_a,Direct,1,1,31,0
cube,83,prefix_a,Predictor-Final,1,1,29,2
cube,83,prefix_a,Predictor-Observed,1,1,31,0
cube,83,prefix_a,Predictor-Learned,1,1,44,6
cube,83,prefix_a,Simulator-Final,1,1,29,2
cube,83,prefix_a,Simulator-Observed,1,1,31,0
cube,83,prefix_a,Simulator-Learned,1,1,44,6
cube,83,prefix_a,Displacement-Observed,1,1,44,6
cube,83,prefix_b,Direct,1,1,32,0
cube,83,prefix_b,Predictor-Final,1,1,32,2
cube,83,prefix_b,Predictor-Observed,1,1,32,0
cube,83,prefix_b,Predictor-Learned,1,1,45,6
cube,83,prefix_b,Simulator-Final,1,1,32,2
cube,83,prefix_b,Simulator-Observed,1,1,32,0
cube,83,prefix_b,Simulator-Learned,1,1,45,6
cube,83,prefix_b,Displacement-Observed,1,1,32,0
cube,84,clean,Direct,1,1,53,0
cube,84,clean,Predictor-Final,1,0,150,6
cube,84,clean,Predictor-Observed,1,0,150,6
cube,84,clean,Predictor-Learned,1,1,62,7
cube,84,clean,Simulator-Final,1,0,150,6
cube,84,clean,Simulator-Observed,1,0,150,6
cube,84,clean,Simulator-Learned,1,1,62,7
cube,84,clean,Displacement-Observed,1,1,62,7
cube,84,prefix_a,Direct,1,0,150,0
cube,84,prefix_a,Predictor-Final,1,0,150,6
cube,84,prefix_a,Predictor-Observed,1,0,150,6
cube,84,prefix_a,Predictor-Learned,1,0,150,3
cube,84,prefix_a,Simulator-Final,1,0,150,6
cube,84,prefix_a,Simulator-Observed,1,0,150,4
cube,84,prefix_a,Simulator-Learned,1,0,150,3
cube,84,prefix_a,Displacement-Observed,1,0,150,4
cube,84,prefix_b,Direct,1,0,150,0
cube,84,prefix_b,Predictor-Final,1,0,150,6
cube,84,prefix_b,Predictor-Observed,1,0,150,2
cube,84,prefix_b,Predictor-Learned,1,0,150,5
cube,84,prefix_b,Simulator-Final,1,0,150,6
cube,84,prefix_b,Simulator-Observed,1,0,150,5
cube,84,prefix_b,Simulator-Learned,1,0,150,7
cube,84,prefix_b,Displacement-Observed,1,0,150,2
cube,85,clean,Direct,1,0,150,0
cube,85,clean,Predictor-Final,1,0,150,3
cube,85,clean,Predictor-Observed,1,0,150,2
cube,85,clean,Predictor-Learned,1,1,51,4
cube,85,clean,Simulator-Final,1,0,150,7
cube,85,clean,Simulator-Observed,1,0,150,1
cube,85,clean,Simulator-Learned,1,1,51,4
cube,85,clean,Displacement-Observed,1,0,150,3
cube,85,prefix_a,Direct,1,0,150,0
cube,85,prefix_a,Predictor-Final,1,0,150,3
cube,85,prefix_a,Predictor-Observed,1,0,150,1
cube,85,prefix_a,Predictor-Learned,1,0,150,4
cube,85,prefix_a,Simulator-Final,1,1,47,5
cube,85,prefix_a,Simulator-Observed,1,0,150,1
cube,85,prefix_a,Simulator-Learned,1,0,150,4
cube,85,prefix_a,Displacement-Observed,1,0,150,4
cube,85,prefix_b,Direct,1,0,150,0
cube,85,prefix_b,Predictor-Final,1,0,150,6
cube,85,prefix_b,Predictor-Observed,1,0,150,4
cube,85,prefix_b,Predictor-Learned,1,0,150,1
cube,85,prefix_b,Simulator-Final,1,0,150,6
cube,85,prefix_b,Simulator-Observed,1,0,150,7
cube,85,prefix_b,Simulator-Learned,1,0,150,1
cube,85,prefix_b,Displacement-Observed,1,0,150,0
cube,86,clean,Direct,1,1,24,0
cube,86,clean,Predictor-Final,1,1,24,6
cube,86,clean,Predictor-Observed,1,1,24,0
cube,86,clean,Predictor-Learned,1,1,34,3
cube,86,clean,Simulator-Final,1,1,24,5
cube,86,clean,Simulator-Observed,1,1,24,0
cube,86,clean,Simulator-Learned,1,1,34,3
cube,86,clean,Displacement-Observed,1,1,24,0
cube,86,prefix_a,Direct,1,0,150,0
cube,86,prefix_a,Predictor-Final,1,0,150,6
cube,86,prefix_a,Predictor-Observed,1,0,150,4
cube,86,prefix_a,Predictor-Learned,1,0,150,4
cube,86,prefix_a,Simulator-Final,1,0,150,6
cube,86,prefix_a,Simulator-Observed,1,0,150,4
cube,86,prefix_a,Simulator-Learned,1,0,150,5
cube,86,prefix_a,Displacement-Observed,1,0,150,2
cube,86,prefix_b,Direct,1,1,40,0
cube,86,prefix_b,Predictor-Final,1,1,29,4
cube,86,prefix_b,Predictor-Observed,1,1,40,2
cube,86,prefix_b,Predictor-Learned,1,1,40,2
cube,86,prefix_b,Simulator-Final,1,1,29,4
cube,86,prefix_b,Simulator-Observed,1,1,40,0
cube,86,prefix_b,Simulator-Learned,1,1,40,2
cube,86,prefix_b,Displacement-Observed,1,1,40,2
cube,87,clean,Direct,1,0,150,0
cube,87,clean,Predictor-Final,1,0,150,5
cube,87,clean,Predictor-Observed,1,0,150,0
cube,87,clean,Predictor-Learned,1,0,150,1
cube,87,clean,Simulator-Final,1,0,150,7
cube,87,clean,Simulator-Observed,1,0,150,0
cube,87,clean,Simulator-Learned,1,0,150,7
cube,87,clean,Displacement-Observed,1,0,150,0
cube,87,prefix_a,Direct,1,0,150,0
cube,87,prefix_a,Predictor-Final,1,0,150,4
cube,87,prefix_a,Predictor-Observed,1,0,150,0
cube,87,prefix_a,Predictor-Learned,1,0,150,3
cube,87,prefix_a,Simulator-Final,1,0,150,7
cube,87,prefix_a,Simulator-Observed,1,0,150,0
cube,87,prefix_a,Simulator-Learned,1,0,150,0
cube,87,prefix_a,Displacement-Observed,1,0,150,0
cube,87,prefix_b,Direct,1,0,150,0
cube,87,prefix_b,Predictor-Final,1,0,150,7
cube,87,prefix_b,Predictor-Observed,1,0,150,2
cube,87,prefix_b,Predictor-Learned,1,0,150,1
cube,87,prefix_b,Simulator-Final,1,0,150,5
cube,87,prefix_b,Simulator-Observed,1,0,150,2
cube,87,prefix_b,Simulator-Learned,1,0,150,2
cube,87,prefix_b,Displacement-Observed,1,0,150,1
cube,88,clean,Direct,1,1,51,0
cube,88,clean,Predictor-Final,1,0,150,1
cube,88,clean,Predictor-Observed,1,0,150,1
cube,88,clean,Predictor-Learned,1,0,150,5
cube,88,clean,Simulator-Final,1,1,51,0
cube,88,clean,Simulator-Observed,1,0,150,4
cube,88,clean,Simulator-Learned,1,0,150,4
cube,88,clean,Displacement-Observed,1,0,150,3
cube,88,prefix_a,Direct,1,0,150,0
cube,88,prefix_a,Predictor-Final,1,0,150,1
cube,88,prefix_a,Predictor-Observed,1,0,150,7
cube,88,prefix_a,Predictor-Learned,1,0,150,5
cube,88,prefix_a,Simulator-Final,1,0,150,1
cube,88,prefix_a,Simulator-Observed,1,0,150,4
cube,88,prefix_a,Simulator-Learned,1,0,150,5
cube,88,prefix_a,Displacement-Observed,1,0,150,2
cube,88,prefix_b,Direct,1,1,50,0
cube,88,prefix_b,Predictor-Final,1,0,150,1
cube,88,prefix_b,Predictor-Observed,1,0,150,1
cube,88,prefix_b,Predictor-Learned,1,0,150,5
cube,88,prefix_b,Simulator-Final,1,1,50,0
cube,88,prefix_b,Simulator-Observed,1,1,59,4
cube,88,prefix_b,Simulator-Learned,1,1,59,4
cube,88,prefix_b,Displacement-Observed,1,0,150,3
cube,89,clean,Direct,1,1,16,0
cube,89,clean,Predictor-Final,1,1,12,5
cube,89,clean,Predictor-Observed,1,1,18,1
cube,89,clean,Predictor-Learned,1,1,15,2
cube,89,clean,Simulator-Final,1,1,12,5
cube,89,clean,Simulator-Observed,1,1,18,1
cube,89,clean,Simulator-Learned,1,1,15,2
cube,89,clean,Displacement-Observed,1,1,16,0
cube,89,prefix_a,Direct,1,0,150,0
cube,89,prefix_a,Predictor-Final,1,0,150,4
cube,89,prefix_a,Predictor-Observed,1,0,150,7
cube,89,prefix_a,Predictor-Learned,1,0,150,1
cube,89,prefix_a,Simulator-Final,1,0,150,4
cube,89,prefix_a,Simulator-Observed,1,0,150,7
cube,89,prefix_a,Simulator-Learned,1,0,150,1
cube,89,prefix_a,Displacement-Observed,1,0,150,1
cube,89,prefix_b,Direct,1,1,11,0
cube,89,prefix_b,Predictor-Final,1,1,11,0
cube,89,prefix_b,Predictor-Observed,1,1,11,0
cube,89,prefix_b,Predictor-Learned,1,1,11,0
cube,89,prefix_b,Simulator-Final,1,1,11,0
cube,89,prefix_b,Simulator-Observed,1,1,16,5
cube,89,prefix_b,Simulator-Learned,1,1,11,0
cube,89,prefix_b,Displacement-Observed,1,1,11,0
cube,90,clean,Direct,1,0,150,0
cube,90,clean,Predictor-Final,1,1,46,6
cube,90,clean,Predictor-Observed,1,0,150,3
cube,90,clean,Predictor-Learned,1,1,45,2
cube,90,clean,Simulator-Final,1,0,150,3
cube,90,clean,Simulator-Observed,1,1,29,7
cube,90,clean,Simulator-Learned,1,1,44,4
cube,90,clean,Displacement-Observed,1,1,29,7
cube,90,prefix_a,Direct,1,0,150,0
cube,90,prefix_a,Predictor-Final,1,0,150,3
cube,90,prefix_a,Predictor-Observed,1,0,150,3
cube,90,prefix_a,Predictor-Learned,1,1,44,2
cube,90,prefix_a,Simulator-Final,1,0,150,3
cube,90,prefix_a,Simulator-Observed,1,1,30,5
cube,90,prefix_a,Simulator-Learned,1,1,45,1
cube,90,prefix_a,Displacement-Observed,1,1,30,5
cube,90,prefix_b,Direct,1,1,120,0
cube,90,prefix_b,Predictor-Final,1,1,113,2
cube,90,prefix_b,Predictor-Observed,1,1,117,4
cube,90,prefix_b,Predictor-Learned,1,1,120,0
cube,90,prefix_b,Simulator-Final,1,1,117,7
cube,90,prefix_b,Simulator-Observed,1,1,117,4
cube,90,prefix_b,Simulator-Learned,1,1,113,6
cube,90,prefix_b,Displacement-Observed,1,1,117,4
cube,91,clean,Direct,1,1,34,0
cube,91,clean,Predictor-Final,1,1,35,7
cube,91,clean,Predictor-Observed,1,1,34,2
cube,91,clean,Predictor-Learned,1,1,33,5
cube,91,clean,Simulator-Final,1,1,34,1
cube,91,clean,Simulator-Observed,1,1,33,6
cube,91,clean,Simulator-Learned,1,1,34,4
cube,91,clean,Displacement-Observed,1,1,34,2
cube,91,prefix_a,Direct,1,1,37,0
cube,91,prefix_a,Predictor-Final,1,1,33,1
cube,91,prefix_a,Predictor-Observed,1,1,33,1
cube,91,prefix_a,Predictor-Learned,1,1,25,5
cube,91,prefix_a,Simulator-Final,1,1,33,1
cube,91,prefix_a,Simulator-Observed,1,1,33,1
cube,91,prefix_a,Simulator-Learned,1,1,25,5
cube,91,prefix_a,Displacement-Observed,1,1,37,0
cube,91,prefix_b,Direct,1,1,24,0
cube,91,prefix_b,Predictor-Final,1,1,24,0
cube,91,prefix_b,Predictor-Observed,1,1,24,3
cube,91,prefix_b,Predictor-Learned,1,1,28,4
cube,91,prefix_b,Simulator-Final,1,1,24,0
cube,91,prefix_b,Simulator-Observed,1,1,24,3
cube,91,prefix_b,Simulator-Learned,1,1,28,4
cube,91,prefix_b,Displacement-Observed,1,1,24,0
cube,92,clean,Direct,1,1,39,0
cube,92,clean,Predictor-Final,1,1,17,7
cube,92,clean,Predictor-Observed,1,1,26,2
cube,92,clean,Predictor-Learned,1,1,17,7
cube,92,clean,Simulator-Final,1,1,17,7
cube,92,clean,Simulator-Observed,1,1,27,3
cube,92,clean,Simulator-Learned,1,1,17,7
cube,92,clean,Displacement-Observed,1,1,39,0
cube,92,prefix_a,Direct,1,1,21,0
cube,92,prefix_a,Predictor-Final,1,1,23,6
cube,92,prefix_a,Predictor-Observed,1,1,21,0
cube,92,prefix_a,Predictor-Learned,1,1,32,3
cube,92,prefix_a,Simulator-Final,1,1,23,6
cube,92,prefix_a,Simulator-Observed,1,1,21,0
cube,92,prefix_a,Simulator-Learned,1,1,32,3
cube,92,prefix_a,Displacement-Observed,1,1,21,0
cube,92,prefix_b,Direct,1,1,23,0
cube,92,prefix_b,Predictor-Final,1,1,43,1
cube,92,prefix_b,Predictor-Observed,1,1,23,0
cube,92,prefix_b,Predictor-Learned,1,1,23,4
cube,92,prefix_b,Simulator-Final,1,1,37,2
cube,92,prefix_b,Simulator-Observed,1,1,23,0
cube,92,prefix_b,Simulator-Learned,1,1,23,4
cube,92,prefix_b,Displacement-Observed,1,1,23,0
cube,93,clean,Direct,1,0,150,0
cube,93,clean,Predictor-Final,1,0,150,5
cube,93,clean,Predictor-Observed,1,0,150,7
cube,93,clean,Predictor-Learned,1,0,150,4
cube,93,clean,Simulator-Final,1,0,150,5
cube,93,clean,Simulator-Observed,1,0,150,1
cube,93,clean,Simulator-Learned,1,0,150,4
cube,93,clean,Displacement-Observed,1,0,150,0
cube,93,prefix_a,Direct,1,0,150,0
cube,93,prefix_a,Predictor-Final,1,0,150,6
cube,93,prefix_a,Predictor-Observed,1,0,150,5
cube,93,prefix_a,Predictor-Learned,1,0,150,5
cube,93,prefix_a,Simulator-Final,1,0,150,6
cube,93,prefix_a,Simulator-Observed,1,0,150,5
cube,93,prefix_a,Simulator-Learned,1,0,150,5
cube,93,prefix_a,Displacement-Observed,1,0,150,0
cube,93,prefix_b,Direct,1,0,150,0
cube,93,prefix_b,Predictor-Final,1,0,150,5
cube,93,prefix_b,Predictor-Observed,1,0,150,7
cube,93,prefix_b,Predictor-Learned,1,0,150,7
cube,93,prefix_b,Simulator-Final,1,0,150,5
cube,93,prefix_b,Simulator-Observed,1,0,150,7
cube,93,prefix_b,Simulator-Learned,1,0,150,7
cube,93,prefix_b,Displacement-Observed,1,0,150,0
cube,94,clean,Direct,1,1,33,0
cube,94,clean,Predictor-Final,1,1,39,7
cube,94,clean,Predictor-Observed,1,1,33,1
cube,94,clean,Predictor-Learned,1,1,33,0
cube,94,clean,Simulator-Final,1,1,39,7
cube,94,clean,Simulator-Observed,1,1,33,5
cube,94,clean,Simulator-Learned,1,1,33,0
cube,94,clean,Displacement-Observed,1,1,33,1
cube,94,prefix_a,Direct,1,0,150,0
cube,94,prefix_a,Predictor-Final,1,0,150,5
cube,94,prefix_a,Predictor-Observed,1,0,150,0
cube,94,prefix_a,Predictor-Learned,1,0,150,2
cube,94,prefix_a,Simulator-Final,1,0,150,3
cube,94,prefix_a,Simulator-Observed,1,0,150,1
cube,94,prefix_a,Simulator-Learned,1,0,150,1
cube,94,prefix_a,Displacement-Observed,1,0,150,0
cube,94,prefix_b,Direct,1,1,35,0
cube,94,prefix_b,Predictor-Final,1,1,41,4
cube,94,prefix_b,Predictor-Observed,1,1,36,1
cube,94,prefix_b,Predictor-Learned,1,1,37,2
cube,94,prefix_b,Simulator-Final,1,1,41,4
cube,94,prefix_b,Simulator-Observed,1,1,36,1
cube,94,prefix_b,Simulator-Learned,1,1,37,2
cube,94,prefix_b,Displacement-Observed,1,1,35,0
cube,95,clean,Direct,1,1,53,0
cube,95,clean,Predictor-Final,1,0,150,2
cube,95,clean,Predictor-Observed,1,1,53,5
cube,95,clean,Predictor-Learned,1,1,47,7
cube,95,clean,Simulator-Final,1,0,150,2
cube,95,clean,Simulator-Observed,1,1,53,5
cube,95,clean,Simulator-Learned,1,1,47,7
cube,95,clean,Displacement-Observed,1,1,47,7
cube,95,prefix_a,Direct,1,1,49,0
cube,95,prefix_a,Predictor-Final,1,0,150,2
cube,95,prefix_a,Predictor-Observed,1,1,49,3
cube,95,prefix_a,Predictor-Learned,1,1,62,7
cube,95,prefix_a,Simulator-Final,1,0,150,2
cube,95,prefix_a,Simulator-Observed,1,1,49,5
cube,95,prefix_a,Simulator-Learned,1,1,62,7
cube,95,prefix_a,Displacement-Observed,1,1,62,7
cube,95,prefix_b,Direct,1,0,150,0
cube,95,prefix_b,Predictor-Final,1,0,150,2
cube,95,prefix_b,Predictor-Observed,1,0,150,5
cube,95,prefix_b,Predictor-Learned,1,0,150,7
cube,95,prefix_b,Simulator-Final,1,0,150,2
cube,95,prefix_b,Simulator-Observed,1,0,150,2
cube,95,prefix_b,Simulator-Learned,1,0,150,7
cube,95,prefix_b,Displacement-Observed,1,0,150,7
cube,96,clean,Direct,1,1,40,0
cube,96,clean,Predictor-Final,1,1,38,7
cube,96,clean,Predictor-Observed,1,1,39,4
cube,96,clean,Predictor-Learned,1,1,40,0
cube,96,clean,Simulator-Final,1,1,45,6
cube,96,clean,Simulator-Observed,1,1,39,4
cube,96,clean,Simulator-Learned,1,1,40,0
cube,96,clean,Displacement-Observed,1,1,40,2
cube,96,prefix_a,Direct,1,0,150,0
cube,96,prefix_a,Predictor-Final,1,0,150,7
cube,96,prefix_a,Predictor-Observed,1,0,150,4
cube,96,prefix_a,Predictor-Learned,1,0,150,4
cube,96,prefix_a,Simulator-Final,1,0,150,6
cube,96,prefix_a,Simulator-Observed,1,0,150,1
cube,96,prefix_a,Simulator-Learned,1,0,150,1
cube,96,prefix_a,Displacement-Observed,1,0,150,1
cube,96,prefix_b,Direct,1,1,41,0
cube,96,prefix_b,Predictor-Final,1,1,40,3
cube,96,prefix_b,Predictor-Observed,1,1,41,7
cube,96,prefix_b,Predictor-Learned,1,1,41,5
cube,96,prefix_b,Simulator-Final,1,1,41,5
cube,96,prefix_b,Simulator-Observed,1,1,41,7
cube,96,prefix_b,Simulator-Learned,1,1,40,3
cube,96,prefix_b,Displacement-Observed,1,1,40,3
cube,97,clean,Direct,1,1,23,0
cube,97,clean,Predictor-Final,1,1,25,5
cube,97,clean,Predictor-Observed,1,1,23,0
cube,97,clean,Predictor-Learned,1,1,35,6
cube,97,clean,Simulator-Final,1,1,25,5
cube,97,clean,Simulator-Observed,1,1,27,7
cube,97,clean,Simulator-Learned,1,1,35,6
cube,97,clean,Displacement-Observed,1,1,35,6
cube,97,prefix_a,Direct,1,1,38,0
cube,97,prefix_a,Predictor-Final,1,1,24,3
cube,97,prefix_a,Predictor-Observed,1,1,38,0
cube,97,prefix_a,Predictor-Learned,1,1,43,7
cube,97,prefix_a,Simulator-Final,1,1,24,3
cube,97,prefix_a,Simulator-Observed,1,1,38,0
cube,97,prefix_a,Simulator-Learned,1,1,43,7
cube,97,prefix_a,Displacement-Observed,1,1,38,0
cube,97,prefix_b,Direct,1,0,150,0
cube,97,prefix_b,Predictor-Final,1,0,150,6
cube,97,prefix_b,Predictor-Observed,1,0,150,6
cube,97,prefix_b,Predictor-Learned,1,0,150,3
cube,97,prefix_b,Simulator-Final,1,0,150,3
cube,97,prefix_b,Simulator-Observed,1,0,150,6
cube,97,prefix_b,Simulator-Learned,1,0,150,0
cube,97,prefix_b,Displacement-Observed,1,0,150,4
cube,98,clean,Direct,1,1,23,0
cube,98,clean,Predictor-Final,1,1,16,4
cube,98,clean,Predictor-Observed,1,1,19,3
cube,98,clean,Predictor-Learned,1,1,16,6
cube,98,clean,Simulator-Final,1,1,16,4
cube,98,clean,Simulator-Observed,1,1,19,3
cube,98,clean,Simulator-Learned,1,1,17,2
cube,98,clean,Displacement-Observed,1,1,23,0
cube,98,prefix_a,Direct,1,1,21,0
cube,98,prefix_a,Predictor-Final,1,1,12,6
cube,98,prefix_a,Predictor-Observed,1,1,21,0
cube,98,prefix_a,Predictor-Learned,1,1,19,1
cube,98,prefix_a,Simulator-Final,1,1,12,6
cube,98,prefix_a,Simulator-Observed,1,1,21,0
cube,98,prefix_a,Simulator-Learned,1,1,21,0
cube,98,prefix_a,Displacement-Observed,1,1,21,0
cube,98,prefix_b,Direct,1,0,150,0
cube,98,prefix_b,Predictor-Final,1,0,150,4
cube,98,prefix_b,Predictor-Observed,1,0,150,6
cube,98,prefix_b,Predictor-Learned,1,0,150,2
cube,98,prefix_b,Simulator-Final,1,0,150,4
cube,98,prefix_b,Simulator-Observed,1,0,150,1
cube,98,prefix_b,Simulator-Learned,1,0,150,1
cube,98,prefix_b,Displacement-Observed,1,0,150,0
cube,99,clean,Direct,1,1,32,0
cube,99,clean,Predictor-Final,1,1,28,5
cube,99,clean,Predictor-Observed,1,1,31,2
cube,99,clean,Predictor-Learned,1,1,29,7
cube,99,clean,Simulator-Final,1,1,28,3
cube,99,clean,Simulator-Observed,1,1,31,2
cube,99,clean,Simulator-Learned,1,1,29,7
cube,99,clean,Displacement-Observed,1,1,29,7
cube,99,prefix_a,Direct,1,0,150,0
cube,99,prefix_a,Predictor-Final,1,0,150,7
cube,99,prefix_a,Predictor-Observed,1,0,150,7
cube,99,prefix_a,Predictor-Learned,1,0,150,5
cube,99,prefix_a,Simulator-Final,1,0,150,5
cube,99,prefix_a,Simulator-Observed,1,0,150,6
cube,99,prefix_a,Simulator-Learned,1,0,150,5
cube,99,prefix_a,Displacement-Observed,1,0,150,2
cube,99,prefix_b,Direct,1,0,150,0
cube,99,prefix_b,Predictor-Final,1,0,150,6
cube,99,prefix_b,Predictor-Observed,1,0,150,1
cube,99,prefix_b,Predictor-Learned,1,0,150,7
cube,99,prefix_b,Simulator-Final,1,0,150,6
cube,99,prefix_b,Simulator-Observed,1,0,150,4
cube,99,prefix_b,Simulator-Learned,1,0,150,3
cube,99,prefix_b,Displacement-Observed,1,0,150,4
cube,100,clean,Direct,1,1,26,0
cube,100,clean,Predictor-Final,1,1,23,5
cube,100,clean,Predictor-Observed,1,1,25,2
cube,100,clean,Predictor-Learned,1,1,29,1
cube,100,clean,Simulator-Final,1,1,23,5
cube,100,clean,Simulator-Observed,1,1,25,2
cube,100,clean,Simulator-Learned,1,1,29,1
cube,100,clean,Displacement-Observed,1,1,26,0
cube,100,prefix_a,Direct,1,1,24,0
cube,100,prefix_a,Predictor-Final,1,1,24,0
cube,100,prefix_a,Predictor-Observed,1,1,24,0
cube,100,prefix_a,Predictor-Learned,1,1,25,6
cube,100,prefix_a,Simulator-Final,1,1,24,5
cube,100,prefix_a,Simulator-Observed,1,1,24,0
cube,100,prefix_a,Simulator-Learned,1,1,25,6
cube,100,prefix_a,Displacement-Observed,1,1,24,7
cube,100,prefix_b,Direct,1,1,23,0
cube,100,prefix_b,Predictor-Final,1,1,26,1
cube,100,prefix_b,Predictor-Observed,1,1,23,0
cube,100,prefix_b,Predictor-Learned,1,1,26,3
cube,100,prefix_b,Simulator-Final,1,1,26,1
cube,100,prefix_b,Simulator-Observed,1,1,22,4
cube,100,prefix_b,Simulator-Learned,1,1,26,3
cube,100,prefix_b,Displacement-Observed,1,1,23,0
cube,101,clean,Direct,1,1,40,0
cube,101,clean,Predictor-Final,1,0,150,7
cube,101,clean,Predictor-Observed,1,1,45,4
cube,101,clean,Predictor-Learned,1,1,45,1
cube,101,clean,Simulator-Final,1,0,150,7
cube,101,clean,Simulator-Observed,1,1,45,3
cube,101,clean,Simulator-Learned,1,1,45,1
cube,101,clean,Displacement-Observed,1,1,46,5
cube,101,prefix_a,Direct,1,1,30,0
cube,101,prefix_a,Predictor-Final,1,1,29,2
cube,101,prefix_a,Predictor-Observed,1,1,29,2
cube,101,prefix_a,Predictor-Learned,1,1,39,3
cube,101,prefix_a,Simulator-Final,1,1,30,0
cube,101,prefix_a,Simulator-Observed,1,1,30,0
cube,101,prefix_a,Simulator-Learned,1,1,32,7
cube,101,prefix_a,Displacement-Observed,1,1,30,0
cube,101,prefix_b,Direct,1,0,150,0
cube,101,prefix_b,Predictor-Final,1,0,150,5
cube,101,prefix_b,Predictor-Observed,1,0,150,6
cube,101,prefix_b,Predictor-Learned,1,0,150,1
cube,101,prefix_b,Simulator-Final,1,0,150,5
cube,101,prefix_b,Simulator-Observed,1,0,150,3
cube,101,prefix_b,Simulator-Learned,1,0,150,1
cube,101,prefix_b,Displacement-Observed,1,0,150,6
cube,102,clean,Direct,1,1,43,0
cube,102,clean,Predictor-Final,1,1,30,7
cube,102,clean,Predictor-Observed,1,1,43,0
cube,102,clean,Predictor-Learned,1,1,40,2
cube,102,clean,Simulator-Final,1,1,30,7
cube,102,clean,Simulator-Observed,1,1,43,0
cube,102,clean,Simulator-Learned,1,1,36,4
cube,102,clean,Displacement-Observed,1,1,43,0
cube,102,prefix_a,Direct,1,0,150,0
cube,102,prefix_a,Predictor-Final,1,0,150,6
cube,102,prefix_a,Predictor-Observed,1,0,150,6
cube,102,prefix_a,Predictor-Learned,1,0,150,3
cube,102,prefix_a,Simulator-Final,1,0,150,6
cube,102,prefix_a,Simulator-Observed,1,0,150,6
cube,102,prefix_a,Simulator-Learned,1,0,150,3
cube,102,prefix_a,Displacement-Observed,1,0,150,0
cube,102,prefix_b,Direct,1,1,29,0
cube,102,prefix_b,Predictor-Final,1,1,29,7
cube,102,prefix_b,Predictor-Observed,1,1,35,5
cube,102,prefix_b,Predictor-Learned,1,1,29,0
cube,102,prefix_b,Simulator-Final,1,1,32,3
cube,102,prefix_b,Simulator-Observed,1,1,35,5
cube,102,prefix_b,Simulator-Learned,1,1,29,0
cube,102,prefix_b,Displacement-Observed,1,1,32,3
cube,103,clean,Direct,1,1,48,0
cube,103,clean,Predictor-Final,1,0,150,7
cube,103,clean,Predictor-Observed,1,1,48,0
cube,103,clean,Predictor-Learned,1,1,48,4
cube,103,clean,Simulator-Final,1,1,48,1
cube,103,clean,Simulator-Observed,1,1,48,1
cube,103,clean,Simulator-Learned,1,1,49,2
cube,103,clean,Displacement-Observed,1,1,48,0
cube,103,prefix_a,Direct,1,0,150,0
cube,103,prefix_a,Predictor-Final,1,0,150,1
cube,103,prefix_a,Predictor-Observed,1,0,150,1
cube,103,prefix_a,Predictor-Learned,1,0,150,7
cube,103,prefix_a,Simulator-Final,1,0,150,7
cube,103,prefix_a,Simulator-Observed,1,0,150,4
cube,103,prefix_a,Simulator-Learned,1,0,150,4
cube,103,prefix_a,Displacement-Observed,1,0,150,2
cube,103,prefix_b,Direct,1,1,32,0
cube,103,prefix_b,Predictor-Final,1,1,30,3
cube,103,prefix_b,Predictor-Observed,1,1,30,3
cube,103,prefix_b,Predictor-Learned,1,1,32,7
cube,103,prefix_b,Simulator-Final,1,1,30,3
cube,103,prefix_b,Simulator-Observed,1,1,30,3
cube,103,prefix_b,Simulator-Learned,1,1,32,7
cube,103,prefix_b,Displacement-Observed,1,1,30,3
cube,104,clean,Direct,1,1,15,0
cube,104,clean,Predictor-Final,1,1,16,6
cube,104,clean,Predictor-Observed,1,1,15,0
cube,104,clean,Predictor-Learned,1,1,15,0
cube,104,clean,Simulator-Final,1,1,14,2
cube,104,clean,Simulator-Observed,1,1,15,0
cube,104,clean,Simulator-Learned,1,1,15,0
cube,104,clean,Displacement-Observed,1,1,15,0
cube,104,prefix_a,Direct,1,0,150,0
cube,104,prefix_a,Predictor-Final,1,0,150,0
cube,104,prefix_a,Predictor-Observed,1,0,150,0
cube,104,prefix_a,Predictor-Learned,1,0,150,0
cube,104,prefix_a,Simulator-Final,1,0,150,0
cube,104,prefix_a,Simulator-Observed,1,0,150,0
cube,104,prefix_a,Simulator-Learned,1,0,150,0
cube,104,prefix_a,Displacement-Observed,1,0,150,0
cube,104,prefix_b,Direct,1,0,150,0
cube,104,prefix_b,Predictor-Final,1,0,150,5
cube,104,prefix_b,Predictor-Observed,1,0,150,0
cube,104,prefix_b,Predictor-Learned,1,0,150,1
cube,104,prefix_b,Simulator-Final,1,0,150,3
cube,104,prefix_b,Simulator-Observed,1,0,150,2
cube,104,prefix_b,Simulator-Learned,1,0,150,2
cube,104,prefix_b,Displacement-Observed,1,0,150,0
cube,105,clean,Direct,1,0,150,0
cube,105,clean,Predictor-Final,1,0,150,1
cube,105,clean,Predictor-Observed,1,0,150,5
cube,105,clean,Predictor-Learned,1,0,150,4
cube,105,clean,Simulator-Final,1,0,150,0
cube,105,clean,Simulator-Observed,1,0,150,5
cube,105,clean,Simulator-Learned,1,0,150,4
cube,105,clean,Displacement-Observed,1,0,150,5
cube,105,prefix_a,Direct,1,0,150,0
cube,105,prefix_a,Predictor-Final,1,0,150,1
cube,105,prefix_a,Predictor-Observed,1,0,150,3
cube,105,prefix_a,Predictor-Learned,1,0,150,5
cube,105,prefix_a,Simulator-Final,1,0,150,7
cube,105,prefix_a,Simulator-Observed,1,0,150,7
cube,105,prefix_a,Simulator-Learned,1,0,150,5
cube,105,prefix_a,Displacement-Observed,1,0,150,7
cube,105,prefix_b,Direct,1,0,150,0
cube,105,prefix_b,Predictor-Final,1,0,150,1
cube,105,prefix_b,Predictor-Observed,1,0,150,7
cube,105,prefix_b,Predictor-Learned,1,0,150,4
cube,105,prefix_b,Simulator-Final,1,0,150,0
cube,105,prefix_b,Simulator-Observed,1,0,150,7
cube,105,prefix_b,Simulator-Learned,1,0,150,4
cube,105,prefix_b,Displacement-Observed,1,0,150,7
cube,106,clean,Direct,1,1,20,0
cube,106,clean,Predictor-Final,1,1,26,5
cube,106,clean,Predictor-Observed,1,1,24,1
cube,106,clean,Predictor-Learned,1,1,20,0
cube,106,clean,Simulator-Final,1,1,26,4
cube,106,clean,Simulator-Observed,1,1,24,1
cube,106,clean,Simulator-Learned,1,1,20,0
cube,106,clean,Displacement-Observed,1,1,24,1
cube,106,prefix_a,Direct,1,1,23,0
cube,106,prefix_a,Predictor-Final,1,1,24,2
cube,106,prefix_a,Predictor-Observed,1,1,23,1
cube,106,prefix_a,Predictor-Learned,1,1,23,1
cube,106,prefix_a,Simulator-Final,1,1,26,7
cube,106,prefix_a,Simulator-Observed,1,1,23,1
cube,106,prefix_a,Simulator-Learned,1,1,23,1
cube,106,prefix_a,Displacement-Observed,1,1,23,0
cube,106,prefix_b,Direct,1,1,28,0
cube,106,prefix_b,Predictor-Final,1,1,27,7
cube,106,prefix_b,Predictor-Observed,1,1,26,3
cube,106,prefix_b,Predictor-Learned,1,1,28,0
cube,106,prefix_b,Simulator-Final,1,1,27,7
cube,106,prefix_b,Simulator-Observed,1,1,26,3
cube,106,prefix_b,Simulator-Learned,1,1,28,0
cube,106,prefix_b,Displacement-Observed,1,1,28,0
cube,107,clean,Direct,1,1,18,0
cube,107,clean,Predictor-Final,1,1,14,2
cube,107,clean,Predictor-Observed,1,1,22,1
cube,107,clean,Predictor-Learned,1,1,18,0
cube,107,clean,Simulator-Final,1,1,14,2
cube,107,clean,Simulator-Observed,1,1,22,1
cube,107,clean,Simulator-Learned,1,1,22,1
cube,107,clean,Displacement-Observed,1,1,18,0
cube,107,prefix_a,Direct,1,0,150,0
cube,107,prefix_a,Predictor-Final,1,0,150,3
cube,107,prefix_a,Predictor-Observed,1,0,150,0
cube,107,prefix_a,Predictor-Learned,1,0,150,5
cube,107,prefix_a,Simulator-Final,1,0,150,7
cube,107,prefix_a,Simulator-Observed,1,0,150,5
cube,107,prefix_a,Simulator-Learned,1,0,150,5
cube,107,prefix_a,Displacement-Observed,1,0,150,0
cube,107,prefix_b,Direct,1,1,16,0
cube,107,prefix_b,Predictor-Final,1,1,12,3
cube,107,prefix_b,Predictor-Observed,1,1,16,0
cube,107,prefix_b,Predictor-Learned,1,1,12,3
cube,107,prefix_b,Simulator-Final,1,1,12,3
cube,107,prefix_b,Simulator-Observed,1,1,17,6
cube,107,prefix_b,Simulator-Learned,1,1,12,3
cube,107,prefix_b,Displacement-Observed,1,1,16,0
cube,108,clean,Direct,1,1,25,0
cube,108,clean,Predictor-Final,1,1,28,5
cube,108,clean,Predictor-Observed,1,1,28,5
cube,108,clean,Predictor-Learned,1,1,35,4
cube,108,clean,Simulator-Final,1,1,28,5
cube,108,clean,Simulator-Observed,1,1,28,5
cube,108,clean,Simulator-Learned,1,1,34,3
cube,108,clean,Displacement-Observed,1,1,25,0
cube,108,prefix_a,Direct,1,0,150,0
cube,108,prefix_a,Predictor-Final,1,0,150,3
cube,108,prefix_a,Predictor-Observed,1,0,150,3
cube,108,prefix_a,Predictor-Learned,1,0,150,5
cube,108,prefix_a,Simulator-Final,1,0,150,0
cube,108,prefix_a,Simulator-Observed,1,0,150,6
cube,108,prefix_a,Simulator-Learned,1,0,150,5
cube,108,prefix_a,Displacement-Observed,1,0,150,2
cube,108,prefix_b,Direct,1,1,30,0
cube,108,prefix_b,Predictor-Final,1,1,30,4
cube,108,prefix_b,Predictor-Observed,1,1,30,3
cube,108,prefix_b,Predictor-Learned,1,1,38,7
cube,108,prefix_b,Simulator-Final,1,1,30,4
cube,108,prefix_b,Simulator-Observed,1,1,30,3
cube,108,prefix_b,Simulator-Learned,1,1,30,5
cube,108,prefix_b,Displacement-Observed,1,1,30,0
cube,109,clean,Direct,1,1,17,0
cube,109,clean,Predictor-Final,1,1,20,5
cube,109,clean,Predictor-Observed,1,1,17,4
cube,109,clean,Predictor-Learned,1,1,26,7
cube,109,clean,Simulator-Final,1,1,20,5
cube,109,clean,Simulator-Observed,1,1,17,0
cube,109,clean,Simulator-Learned,1,1,26,7
cube,109,clean,Displacement-Observed,1,1,17,0
cube,109,prefix_a,Direct,1,0,150,0
cube,109,prefix_a,Predictor-Final,1,0,150,2
cube,109,prefix_a,Predictor-Observed,1,0,150,0
cube,109,prefix_a,Predictor-Learned,1,0,150,1
cube,109,prefix_a,Simulator-Final,1,0,150,4
cube,109,prefix_a,Simulator-Observed,1,0,150,4
cube,109,prefix_a,Simulator-Learned,1,0,150,4
cube,109,prefix_a,Displacement-Observed,1,0,150,0
cube,109,prefix_b,Direct,1,1,25,0
cube,109,prefix_b,Predictor-Final,1,1,20,5
cube,109,prefix_b,Predictor-Observed,1,1,22,1
cube,109,prefix_b,Predictor-Learned,1,1,22,7
cube,109,prefix_b,Simulator-Final,1,1,22,6
cube,109,prefix_b,Simulator-Observed,1,1,22,1
cube,109,prefix_b,Simulator-Learned,1,1,22,7
cube,109,prefix_b,Displacement-Observed,1,1,25,0
cube,110,clean,Direct,1,1,23,0
cube,110,clean,Predictor-Final,1,1,28,2
cube,110,clean,Predictor-Observed,1,1,23,0
cube,110,clean,Predictor-Learned,1,1,31,4
cube,110,clean,Simulator-Final,1,1,28,2
cube,110,clean,Simulator-Observed,1,1,23,0
cube,110,clean,Simulator-Learned,1,1,31,4
cube,110,clean,Displacement-Observed,1,1,23,0
cube,110,prefix_a,Direct,1,1,34,0
cube,110,prefix_a,Predictor-Final,1,1,24,2
cube,110,prefix_a,Predictor-Observed,1,1,34,0
cube,110,prefix_a,Predictor-Learned,1,1,24,2
cube,110,prefix_a,Simulator-Final,1,1,24,2
cube,110,prefix_a,Simulator-Observed,1,1,34,0
cube,110,prefix_a,Simulator-Learned,1,1,24,2
cube,110,prefix_a,Displacement-Observed,1,1,34,0
cube,110,prefix_b,Direct,1,1,29,0
cube,110,prefix_b,Predictor-Final,1,1,30,6
cube,110,prefix_b,Predictor-Observed,1,1,29,0
cube,110,prefix_b,Predictor-Learned,1,1,29,1
cube,110,prefix_b,Simulator-Final,1,1,38,3
cube,110,prefix_b,Simulator-Observed,1,1,29,0
cube,110,prefix_b,Simulator-Learned,1,1,39,4
cube,110,prefix_b,Displacement-Observed,1,1,29,1
cube,111,clean,Direct,1,1,39,0
cube,111,clean,Predictor-Final,1,1,38,3
cube,111,clean,Predictor-Observed,1,1,39,0
cube,111,clean,Predictor-Learned,1,1,35,4
cube,111,clean,Simulator-Final,1,1,38,3
cube,111,clean,Simulator-Observed,1,1,39,0
cube,111,clean,Simulator-Learned,1,1,35,4
cube,111,clean,Displacement-Observed,1,1,39,0
cube,111,prefix_a,Direct,1,1,35,0
cube,111,prefix_a,Predictor-Final,1,1,33,3
cube,111,prefix_a,Predictor-Observed,1,1,35,0
cube,111,prefix_a,Predictor-Learned,1,1,36,2
cube,111,prefix_a,Simulator-Final,1,1,33,3
cube,111,prefix_a,Simulator-Observed,1,1,35,0
cube,111,prefix_a,Simulator-Learned,1,1,36,2
cube,111,prefix_a,Displacement-Observed,1,1,35,0
cube,111,prefix_b,Direct,1,0,150,0
cube,111,prefix_b,Predictor-Final,1,0,150,7
cube,111,prefix_b,Predictor-Observed,1,0,150,7
cube,111,prefix_b,Predictor-Learned,1,0,150,1
cube,111,prefix_b,Simulator-Final,1,0,150,7
cube,111,prefix_b,Simulator-Observed,1,0,150,0
cube,111,prefix_b,Simulator-Learned,1,0,150,0
cube,111,prefix_b,Displacement-Observed,1,1,37,5
cube,112,clean,Direct,1,1,47,0
cube,112,clean,Predictor-Final,1,0,150,6
cube,112,clean,Predictor-Observed,1,0,150,6
cube,112,clean,Predictor-Learned,1,1,47,3
cube,112,clean,Simulator-Final,1,0,150,6
cube,112,clean,Simulator-Observed,1,1,47,0
cube,112,clean,Simulator-Learned,1,1,47,7
cube,112,clean,Displacement-Observed,1,1,47,0
cube,112,prefix_a,Direct,1,1,43,0
cube,112,prefix_a,Predictor-Final,1,1,46,7
cube,112,prefix_a,Predictor-Observed,1,1,38,3
cube,112,prefix_a,Predictor-Learned,1,1,48,5
cube,112,prefix_a,Simulator-Final,1,1,46,7
cube,112,prefix_a,Simulator-Observed,1,1,38,3
cube,112,prefix_a,Simulator-Learned,1,1,48,5
cube,112,prefix_a,Displacement-Observed,1,1,43,0
cube,112,prefix_b,Direct,1,0,150,0
cube,112,prefix_b,Predictor-Final,1,0,150,5
cube,112,prefix_b,Predictor-Observed,1,0,150,4
cube,112,prefix_b,Predictor-Learned,1,0,150,3
cube,112,prefix_b,Simulator-Final,1,0,150,6
cube,112,prefix_b,Simulator-Observed,1,0,150,4
cube,112,prefix_b,Simulator-Learned,1,0,150,2
cube,112,prefix_b,Displacement-Observed,1,0,150,2
cube,113,clean,Direct,1,0,150,0
cube,113,clean,Predictor-Final,1,0,150,2
cube,113,clean,Predictor-Observed,1,0,150,5
cube,113,clean,Predictor-Learned,1,0,150,6
cube,113,clean,Simulator-Final,1,0,150,2
cube,113,clean,Simulator-Observed,1,0,150,4
cube,113,clean,Simulator-Learned,1,0,150,1
cube,113,clean,Displacement-Observed,1,0,150,1
cube,113,prefix_a,Direct,1,0,150,0
cube,113,prefix_a,Predictor-Final,1,0,150,2
cube,113,prefix_a,Predictor-Observed,1,0,150,5
cube,113,prefix_a,Predictor-Learned,1,0,150,6
cube,113,prefix_a,Simulator-Final,1,0,150,2
cube,113,prefix_a,Simulator-Observed,1,0,150,4
cube,113,prefix_a,Simulator-Learned,1,0,150,1
cube,113,prefix_a,Displacement-Observed,1,0,150,6
cube,113,prefix_b,Direct,1,0,150,0
cube,113,prefix_b,Predictor-Final,1,0,150,2
cube,113,prefix_b,Predictor-Observed,1,0,150,3
cube,113,prefix_b,Predictor-Learned,1,0,150,6
cube,113,prefix_b,Simulator-Final,1,0,150,2
cube,113,prefix_b,Simulator-Observed,1,0,150,2
cube,113,prefix_b,Simulator-Learned,1,0,150,6
cube,113,prefix_b,Displacement-Observed,1,0,150,2
cube,114,clean,Direct,1,1,32,0
cube,114,clean,Predictor-Final,1,1,31,6
cube,114,clean,Predictor-Observed,1,1,42,1
cube,114,clean,Predictor-Learned,1,1,42,4
cube,114,clean,Simulator-Final,1,1,31,6
cube,114,clean,Simulator-Observed,1,1,42,1
cube,114,clean,Simulator-Learned,1,1,42,4
cube,114,clean,Displacement-Observed,1,1,42,1
cube,114,prefix_a,Direct,1,1,47,0
cube,114,prefix_a,Predictor-Final,1,1,30,7
cube,114,prefix_a,Predictor-Observed,1,1,43,5
cube,114,prefix_a,Predictor-Learned,1,1,47,0
cube,114,prefix_a,Simulator-Final,1,1,31,4
cube,114,prefix_a,Simulator-Observed,1,1,43,5
cube,114,prefix_a,Simulator-Learned,1,1,47,0
cube,114,prefix_a,Displacement-Observed,1,1,47,1
cube,114,prefix_b,Direct,1,1,47,0
cube,114,prefix_b,Predictor-Final,1,1,31,7
cube,114,prefix_b,Predictor-Observed,1,1,44,2
cube,114,prefix_b,Predictor-Learned,1,1,45,5
cube,114,prefix_b,Simulator-Final,1,1,31,7
cube,114,prefix_b,Simulator-Observed,1,1,44,2
cube,114,prefix_b,Simulator-Learned,1,1,44,2
cube,114,prefix_b,Displacement-Observed,1,1,44,2
cube,115,clean,Direct,1,1,65,0
cube,115,clean,Predictor-Final,1,1,61,6
cube,115,clean,Predictor-Observed,1,1,61,3
cube,115,clean,Predictor-Learned,1,1,65,5
cube,115,clean,Simulator-Final,1,1,61,6
cube,115,clean,Simulator-Observed,1,1,64,7
cube,115,clean,Simulator-Learned,1,1,65,1
cube,115,clean,Displacement-Observed,1,1,61,3
cube,115,prefix_a,Direct,1,0,150,0
cube,115,prefix_a,Predictor-Final,1,0,150,6
cube,115,prefix_a,Predictor-Observed,1,0,150,3
cube,115,prefix_a,Predictor-Learned,1,0,150,3
cube,115,prefix_a,Simulator-Final,1,0,150,6
cube,115,prefix_a,Simulator-Observed,1,0,150,3
cube,115,prefix_a,Simulator-Learned,1,0,150,3
cube,115,prefix_a,Displacement-Observed,1,0,150,3
cube,115,prefix_b,Direct,1,0,150,0
cube,115,prefix_b,Predictor-Final,1,0,150,7
cube,115,prefix_b,Predictor-Observed,1,0,150,6
cube,115,prefix_b,Predictor-Learned,1,0,150,6
cube,115,prefix_b,Simulator-Final,1,0,150,7
cube,115,prefix_b,Simulator-Observed,1,0,150,6
cube,115,prefix_b,Simulator-Learned,1,0,150,6
cube,115,prefix_b,Displacement-Observed,1,0,150,7
cube,116,clean,Direct,1,1,61,0
cube,116,clean,Predictor-Final,1,1,51,7
cube,116,clean,Predictor-Observed,1,1,38,3
cube,116,clean,Predictor-Learned,1,1,52,4
cube,116,clean,Simulator-Final,1,1,51,7
cube,116,clean,Simulator-Observed,1,1,38,3
cube,116,clean,Simulator-Learned,1,1,61,0
cube,116,clean,Displacement-Observed,1,0,150,1
cube,116,prefix_a,Direct,1,0,150,0
cube,116,prefix_a,Predictor-Final,1,0,150,4
cube,116,prefix_a,Predictor-Observed,1,0,150,4
cube,116,prefix_a,Predictor-Learned,1,0,150,6
cube,116,prefix_a,Simulator-Final,1,0,150,6
cube,116,prefix_a,Simulator-Observed,1,0,150,4
cube,116,prefix_a,Simulator-Learned,1,0,150,6
cube,116,prefix_a,Displacement-Observed,1,0,150,1
cube,116,prefix_b,Direct,1,0,150,0
cube,116,prefix_b,Predictor-Final,1,0,150,5
cube,116,prefix_b,Predictor-Observed,1,0,150,5
cube,116,prefix_b,Predictor-Learned,1,0,150,4
cube,116,prefix_b,Simulator-Final,1,0,150,7
cube,116,prefix_b,Simulator-Observed,1,0,150,7
cube,116,prefix_b,Simulator-Learned,1,0,150,3
cube,116,prefix_b,Displacement-Observed,1,0,150,0
cube,117,clean,Direct,1,1,26,0
cube,117,clean,Predictor-Final,1,1,25,1
cube,117,clean,Predictor-Observed,1,1,26,0
cube,117,clean,Predictor-Learned,1,1,25,6
cube,117,clean,Simulator-Final,1,1,25,1
cube,117,clean,Simulator-Observed,1,1,26,0
cube,117,clean,Simulator-Learned,1,1,25,6
cube,117,clean,Displacement-Observed,1,1,26,0
cube,117,prefix_a,Direct,1,1,31,0
cube,117,prefix_a,Predictor-Final,1,1,26,2
cube,117,prefix_a,Predictor-Observed,1,1,26,2
cube,117,prefix_a,Predictor-Learned,1,1,29,5
cube,117,prefix_a,Simulator-Final,1,1,26,2
cube,117,prefix_a,Simulator-Observed,1,1,29,5
cube,117,prefix_a,Simulator-Learned,1,1,29,5
cube,117,prefix_a,Displacement-Observed,1,1,31,0
cube,117,prefix_b,Direct,1,1,20,0
cube,117,prefix_b,Predictor-Final,1,1,24,7
cube,117,prefix_b,Predictor-Observed,1,1,20,0
cube,117,prefix_b,Predictor-Learned,1,1,24,7
cube,117,prefix_b,Simulator-Final,1,1,24,7
cube,117,prefix_b,Simulator-Observed,1,1,20,0
cube,117,prefix_b,Simulator-Learned,1,1,24,7
cube,117,prefix_b,Displacement-Observed,1,1,20,0
cube,118,clean,Direct,1,1,47,0
cube,118,clean,Predictor-Final,1,1,36,5
cube,118,clean,Predictor-Observed,1,1,45,3
cube,118,clean,Predictor-Learned,1,1,45,3
cube,118,clean,Simulator-Final,1,1,36,5
cube,118,clean,Simulator-Observed,1,1,45,3
cube,118,clean,Simulator-Learned,1,1,45,3
cube,118,clean,Displacement-Observed,1,1,45,3
cube,118,prefix_a,Direct,1,1,36,0
cube,118,prefix_a,Predictor-Final,1,1,26,5
cube,118,prefix_a,Predictor-Observed,1,1,36,0
cube,118,prefix_a,Predictor-Learned,1,1,34,4
cube,118,prefix_a,Simulator-Final,1,1,26,5
cube,118,prefix_a,Simulator-Observed,1,1,36,0
cube,118,prefix_a,Simulator-Learned,1,1,34,4
cube,118,prefix_a,Displacement-Observed,1,1,36,0
cube,118,prefix_b,Direct,1,1,30,0
cube,118,prefix_b,Predictor-Final,1,1,23,1
cube,118,prefix_b,Predictor-Observed,1,1,30,0
cube,118,prefix_b,Predictor-Learned,1,1,38,7
cube,118,prefix_b,Simulator-Final,1,1,23,1
cube,118,prefix_b,Simulator-Observed,1,1,30,0
cube,118,prefix_b,Simulator-Learned,1,1,34,5
cube,118,prefix_b,Displacement-Observed,1,1,30,0
cube,119,clean,Direct,1,1,41,0
cube,119,clean,Predictor-Final,1,0,150,7
cube,119,clean,Predictor-Observed,1,1,41,0
cube,119,clean,Predictor-Learned,1,1,41,2
cube,119,clean,Simulator-Final,1,0,150,7
cube,119,clean,Simulator-Observed,1,1,40,5
cube,119,clean,Simulator-Learned,1,1,41,2
cube,119,clean,Displacement-Observed,1,1,41,6
cube,119,prefix_a,Direct,1,1,41,0
cube,119,prefix_a,Predictor-Final,1,0,150,7
cube,119,prefix_a,Predictor-Observed,1,1,39,4
cube,119,prefix_a,Predictor-Learned,1,1,39,4
cube,119,prefix_a,Simulator-Final,1,1,39,6
cube,119,prefix_a,Simulator-Observed,1,1,39,4
cube,119,prefix_a,Simulator-Learned,1,1,39,1
cube,119,prefix_a,Displacement-Observed,1,1,39,4
cube,119,prefix_b,Direct,1,0,150,0
cube,119,prefix_b,Predictor-Final,1,0,150,5
cube,119,prefix_b,Predictor-Observed,1,0,150,5
cube,119,prefix_b,Predictor-Learned,1,0,150,1
cube,119,prefix_b,Simulator-Final,1,0,150,6
cube,119,prefix_b,Simulator-Observed,1,0,150,7
cube,119,prefix_b,Simulator-Learned,1,0,150,1
cube,119,prefix_b,Displacement-Observed,1,0,150,5
cube,120,clean,Direct,1,0,150,0
cube,120,clean,Predictor-Final,1,0,150,0
cube,120,clean,Predictor-Observed,1,0,150,0
cube,120,clean,Predictor-Learned,1,1,42,7
cube,120,clean,Simulator-Final,1,1,42,7
cube,120,clean,Simulator-Observed,1,1,34,4
cube,120,clean,Simulator-Learned,1,1,42,5
cube,120,clean,Displacement-Observed,1,0,150,0
cube,120,prefix_a,Direct,1,1,39,0
cube,120,prefix_a,Predictor-Final,1,0,150,7
cube,120,prefix_a,Predictor-Observed,1,1,39,0
cube,120,prefix_a,Predictor-Learned,1,1,40,1
cube,120,prefix_a,Simulator-Final,1,1,40,1
cube,120,prefix_a,Simulator-Observed,1,1,39,0
cube,120,prefix_a,Simulator-Learned,1,1,42,3
cube,120,prefix_a,Displacement-Observed,1,1,40,1
cube,120,prefix_b,Direct,1,0,150,0
cube,120,prefix_b,Predictor-Final,1,0,150,2
cube,120,prefix_b,Predictor-Observed,1,0,150,0
cube,120,prefix_b,Predictor-Learned,1,1,42,6
cube,120,prefix_b,Simulator-Final,1,1,32,3
cube,120,prefix_b,Simulator-Observed,1,1,32,3
cube,120,prefix_b,Simulator-Learned,1,1,42,6
cube,120,prefix_b,Displacement-Observed,1,0,150,0
cube,121,clean,Direct,1,0,150,0
cube,121,clean,Predictor-Final,1,1,60,7
cube,121,clean,Predictor-Observed,1,0,150,1
cube,121,clean,Predictor-Learned,1,1,56,4
cube,121,clean,Simulator-Final,1,1,60,7
cube,121,clean,Simulator-Observed,1,0,150,6
cube,121,clean,Simulator-Learned,1,1,56,4
cube,121,clean,Displacement-Observed,1,0,150,3
cube,121,prefix_a,Direct,1,0,150,0
cube,121,prefix_a,Predictor-Final,1,0,150,7
cube,121,prefix_a,Predictor-Observed,1,0,150,0
cube,121,prefix_a,Predictor-Learned,1,0,150,7
cube,121,prefix_a,Simulator-Final,1,0,150,3
cube,121,prefix_a,Simulator-Observed,1,0,150,0
cube,121,prefix_a,Simulator-Learned,1,0,150,3
cube,121,prefix_a,Displacement-Observed,1,0,150,0
cube,121,prefix_b,Direct,1,0,150,0
cube,121,prefix_b,Predictor-Final,1,0,150,4
cube,121,prefix_b,Predictor-Observed,1,0,150,2
cube,121,prefix_b,Predictor-Learned,1,0,150,4
cube,121,prefix_b,Simulator-Final,1,0,150,4
cube,121,prefix_b,Simulator-Observed,1,0,150,6
cube,121,prefix_b,Simulator-Learned,1,0,150,4
cube,121,prefix_b,Displacement-Observed,1,0,150,3
cube,122,clean,Direct,1,0,150,0
cube,122,clean,Predictor-Final,1,0,150,2
cube,122,clean,Predictor-Observed,1,1,57,4
cube,122,clean,Predictor-Learned,1,1,57,4
cube,122,clean,Simulator-Final,1,1,54,5
cube,122,clean,Simulator-Observed,1,1,57,4
cube,122,clean,Simulator-Learned,1,1,57,4
cube,122,clean,Displacement-Observed,1,1,52,1
cube,122,prefix_a,Direct,1,0,150,0
cube,122,prefix_a,Predictor-Final,1,0,150,5
cube,122,prefix_a,Predictor-Observed,1,0,150,6
cube,122,prefix_a,Predictor-Learned,1,0,150,4
cube,122,prefix_a,Simulator-Final,1,0,150,5
cube,122,prefix_a,Simulator-Observed,1,0,150,6
cube,122,prefix_a,Simulator-Learned,1,0,150,6
cube,122,prefix_a,Displacement-Observed,1,0,150,4
cube,122,prefix_b,Direct,1,0,150,0
cube,122,prefix_b,Predictor-Final,1,0,150,0
cube,122,prefix_b,Predictor-Observed,1,0,150,7
cube,122,prefix_b,Predictor-Learned,1,0,150,1
cube,122,prefix_b,Simulator-Final,1,0,150,4
cube,122,prefix_b,Simulator-Observed,1,0,150,7
cube,122,prefix_b,Simulator-Learned,1,0,150,4
cube,122,prefix_b,Displacement-Observed,1,0,150,7
cube,123,clean,Direct,1,1,38,0
cube,123,clean,Predictor-Final,1,1,37,7
cube,123,clean,Predictor-Observed,1,1,36,3
cube,123,clean,Predictor-Learned,1,1,38,1
cube,123,clean,Simulator-Final,1,1,38,6
cube,123,clean,Simulator-Observed,1,1,37,7
cube,123,clean,Simulator-Learned,1,1,38,1
cube,123,clean,Displacement-Observed,1,1,46,4
cube,123,prefix_a,Direct,1,0,150,0
cube,123,prefix_a,Predictor-Final,1,0,150,6
cube,123,prefix_a,Predictor-Observed,1,0,150,2
cube,123,prefix_a,Predictor-Learned,1,0,150,3
cube,123,prefix_a,Simulator-Final,1,0,150,3
cube,123,prefix_a,Simulator-Observed,1,0,150,2
cube,123,prefix_a,Simulator-Learned,1,0,150,3
cube,123,prefix_a,Displacement-Observed,1,0,150,2
cube,123,prefix_b,Direct,1,1,41,0
cube,123,prefix_b,Predictor-Final,1,1,33,5
cube,123,prefix_b,Predictor-Observed,1,1,41,4
cube,123,prefix_b,Predictor-Learned,1,1,42,1
cube,123,prefix_b,Simulator-Final,1,1,34,2
cube,123,prefix_b,Simulator-Observed,1,1,41,4
cube,123,prefix_b,Simulator-Learned,1,1,42,1
cube,123,prefix_b,Displacement-Observed,1,1,41,4
cube,124,clean,Direct,1,1,18,0
cube,124,clean,Predictor-Final,1,1,18,0
cube,124,clean,Predictor-Observed,1,1,18,0
cube,124,clean,Predictor-Learned,1,1,17,6
cube,124,clean,Simulator-Final,1,1,18,0
cube,124,clean,Simulator-Observed,1,1,18,0
cube,124,clean,Simulator-Learned,1,1,17,6
cube,124,clean,Displacement-Observed,1,1,18,0
cube,124,prefix_a,Direct,1,1,28,0
cube,124,prefix_a,Predictor-Final,1,1,29,6
cube,124,prefix_a,Predictor-Observed,1,1,28,0
cube,124,prefix_a,Predictor-Learned,1,1,24,5
cube,124,prefix_a,Simulator-Final,1,1,28,4
cube,124,prefix_a,Simulator-Observed,1,1,28,0
cube,124,prefix_a,Simulator-Learned,1,1,24,5
cube,124,prefix_a,Displacement-Observed,1,1,28,0
cube,124,prefix_b,Direct,1,1,28,0
cube,124,prefix_b,Predictor-Final,1,1,28,0
cube,124,prefix_b,Predictor-Observed,1,1,28,0
cube,124,prefix_b,Predictor-Learned,1,1,27,5
cube,124,prefix_b,Simulator-Final,1,1,28,0
cube,124,prefix_b,Simulator-Observed,1,1,28,0
cube,124,prefix_b,Simulator-Learned,1,1,27,5
cube,124,prefix_b,Displacement-Observed,1,1,28,1
cube,125,clean,Direct,1,1,31,0
cube,125,clean,Predictor-Final,1,1,32,1
cube,125,clean,Predictor-Observed,1,1,38,4
cube,125,clean,Predictor-Learned,1,1,30,2
cube,125,clean,Simulator-Final,1,1,32,1
cube,125,clean,Simulator-Observed,1,1,38,4
cube,125,clean,Simulator-Learned,1,1,30,2
cube,125,clean,Displacement-Observed,1,1,31,0
cube,125,prefix_a,Direct,1,1,44,0
cube,125,prefix_a,Predictor-Final,1,1,34,6
cube,125,prefix_a,Predictor-Observed,1,1,46,7
cube,125,prefix_a,Predictor-Learned,1,1,46,7
cube,125,prefix_a,Simulator-Final,1,1,34,6
cube,125,prefix_a,Simulator-Observed,1,1,46,7
cube,125,prefix_a,Simulator-Learned,1,1,46,7
cube,125,prefix_a,Displacement-Observed,1,1,44,1
cube,125,prefix_b,Direct,1,0,150,0
cube,125,prefix_b,Predictor-Final,1,0,150,1
cube,125,prefix_b,Predictor-Observed,1,0,150,0
cube,125,prefix_b,Predictor-Learned,1,0,150,5
cube,125,prefix_b,Simulator-Final,1,0,150,7
cube,125,prefix_b,Simulator-Observed,1,0,150,6
cube,125,prefix_b,Simulator-Learned,1,0,150,5
cube,125,prefix_b,Displacement-Observed,1,0,150,0
cube,126,clean,Direct,1,1,45,0
cube,126,clean,Predictor-Final,1,1,42,1
cube,126,clean,Predictor-Observed,1,0,150,2
cube,126,clean,Predictor-Learned,1,1,42,1
cube,126,clean,Simulator-Final,1,1,42,3
cube,126,clean,Simulator-Observed,1,0,150,2
cube,126,clean,Simulator-Learned,1,1,42,1
cube,126,clean,Displacement-Observed,1,0,150,2
cube,126,prefix_a,Direct,1,0,150,0
cube,126,prefix_a,Predictor-Final,1,0,150,6
cube,126,prefix_a,Predictor-Observed,1,0,150,2
cube,126,prefix_a,Predictor-Learned,1,0,150,0
cube,126,prefix_a,Simulator-Final,1,0,150,6
cube,126,prefix_a,Simulator-Observed,1,0,150,2
cube,126,prefix_a,Simulator-Learned,1,0,150,0
cube,126,prefix_a,Displacement-Observed,1,0,150,4
cube,126,prefix_b,Direct,1,0,150,0
cube,126,prefix_b,Predictor-Final,1,0,150,4
cube,126,prefix_b,Predictor-Observed,1,0,150,0
cube,126,prefix_b,Predictor-Learned,1,0,150,5
cube,126,prefix_b,Simulator-Final,1,0,150,2
cube,126,prefix_b,Simulator-Observed,1,0,150,6
cube,126,prefix_b,Simulator-Learned,1,0,150,2
cube,126,prefix_b,Displacement-Observed,1,0,150,0
cube,127,clean,Direct,1,1,30,0
cube,127,clean,Predictor-Final,1,1,30,7
cube,127,clean,Predictor-Observed,1,1,47,2
cube,127,clean,Predictor-Learned,1,1,46,6
cube,127,clean,Simulator-Final,1,1,30,7
cube,127,clean,Simulator-Observed,1,1,47,2
cube,127,clean,Simulator-Learned,1,1,40,4
cube,127,clean,Displacement-Observed,1,1,33,5
cube,127,prefix_a,Direct,1,1,35,0
cube,127,prefix_a,Predictor-Final,1,1,30,7
cube,127,prefix_a,Predictor-Observed,1,1,38,4
cube,127,prefix_a,Predictor-Learned,1,1,31,5
cube,127,prefix_a,Simulator-Final,1,1,30,7
cube,127,prefix_a,Simulator-Observed,1,1,40,1
cube,127,prefix_a,Simulator-Learned,1,1,38,3
cube,127,prefix_a,Displacement-Observed,1,1,35,0
cube,127,prefix_b,Direct,1,0,150,0
cube,127,prefix_b,Predictor-Final,1,1,38,7
cube,127,prefix_b,Predictor-Observed,1,1,38,7
cube,127,prefix_b,Predictor-Learned,1,1,38,7
cube,127,prefix_b,Simulator-Final,1,1,38,7
cube,127,prefix_b,Simulator-Observed,1,1,29,4
cube,127,prefix_b,Simulator-Learned,1,1,29,4
cube,127,prefix_b,Displacement-Observed,1,0,150,5
pusht,0,clean,Direct,1,0,280,0
pusht,0,clean,Predictor-Final,1,0,280,6
pusht,0,clean,Predictor-Observed,1,0,280,7
pusht,0,clean,Predictor-Learned,1,0,280,2
pusht,0,clean,Simulator-Final,1,0,280,6
pusht,0,clean,Simulator-Observed,1,0,280,3
pusht,0,clean,Simulator-Learned,1,0,280,0
pusht,0,clean,Displacement-Observed,1,0,280,7
pusht,0,prefix_a,Direct,1,0,280,0
pusht,0,prefix_a,Predictor-Final,1,0,280,6
pusht,0,prefix_a,Predictor-Observed,1,0,280,3
pusht,0,prefix_a,Predictor-Learned,1,0,280,1
pusht,0,prefix_a,Simulator-Final,1,0,280,6
pusht,0,prefix_a,Simulator-Observed,1,0,280,6
pusht,0,prefix_a,Simulator-Learned,1,0,280,1
pusht,0,prefix_a,Displacement-Observed,1,0,280,6
pusht,0,prefix_b,Direct,1,0,280,0
pusht,0,prefix_b,Predictor-Final,1,0,280,2
pusht,0,prefix_b,Predictor-Observed,1,0,280,2
pusht,0,prefix_b,Predictor-Learned,1,0,280,1
pusht,0,prefix_b,Simulator-Final,1,0,280,6
pusht,0,prefix_b,Simulator-Observed,1,0,280,2
pusht,0,prefix_b,Simulator-Learned,1,0,280,1
pusht,0,prefix_b,Displacement-Observed,1,0,280,2
pusht,1,clean,Direct,1,0,280,0
pusht,1,clean,Predictor-Final,1,0,280,7
pusht,1,clean,Predictor-Observed,1,1,165,2
pusht,1,clean,Predictor-Learned,1,0,280,7
pusht,1,clean,Simulator-Final,1,0,280,7
pusht,1,clean,Simulator-Observed,1,1,165,2
pusht,1,clean,Simulator-Learned,1,0,280,0
pusht,1,clean,Displacement-Observed,1,0,280,3
pusht,1,prefix_a,Direct,1,0,280,0
pusht,1,prefix_a,Predictor-Final,1,0,280,7
pusht,1,prefix_a,Predictor-Observed,1,0,280,0
pusht,1,prefix_a,Predictor-Learned,1,0,280,7
pusht,1,prefix_a,Simulator-Final,1,0,280,7
pusht,1,prefix_a,Simulator-Observed,1,1,164,3
pusht,1,prefix_a,Simulator-Learned,1,0,280,6
pusht,1,prefix_a,Displacement-Observed,1,1,164,3
pusht,1,prefix_b,Direct,1,0,280,0
pusht,1,prefix_b,Predictor-Final,1,0,280,7
pusht,1,prefix_b,Predictor-Observed,1,0,280,1
pusht,1,prefix_b,Predictor-Learned,1,0,280,7
pusht,1,prefix_b,Simulator-Final,1,0,280,7
pusht,1,prefix_b,Simulator-Observed,1,0,280,1
pusht,1,prefix_b,Simulator-Learned,1,0,280,6
pusht,1,prefix_b,Displacement-Observed,1,0,280,1
pusht,2,clean,Direct,1,1,139,0
pusht,2,clean,Predictor-Final,1,1,139,3
pusht,2,clean,Predictor-Observed,1,1,139,1
pusht,2,clean,Predictor-Learned,1,1,139,0
pusht,2,clean,Simulator-Final,1,1,139,3
pusht,2,clean,Simulator-Observed,1,1,139,0
pusht,2,clean,Simulator-Learned,1,1,139,0
pusht,2,clean,Displacement-Observed,1,1,139,4
pusht,2,prefix_a,Direct,1,0,280,0
pusht,2,prefix_a,Predictor-Final,1,0,280,3
pusht,2,prefix_a,Predictor-Observed,1,0,280,0
pusht,2,prefix_a,Predictor-Learned,1,0,280,3
pusht,2,prefix_a,Simulator-Final,1,0,280,0
pusht,2,prefix_a,Simulator-Observed,1,0,280,3
pusht,2,prefix_a,Simulator-Learned,1,0,280,3
pusht,2,prefix_a,Displacement-Observed,1,0,280,0
pusht,2,prefix_b,Direct,1,0,280,0
pusht,2,prefix_b,Predictor-Final,1,1,141,1
pusht,2,prefix_b,Predictor-Observed,1,1,141,5
pusht,2,prefix_b,Predictor-Learned,1,1,141,1
pusht,2,prefix_b,Simulator-Final,1,1,145,2
pusht,2,prefix_b,Simulator-Observed,1,1,141,1
pusht,2,prefix_b,Simulator-Learned,1,1,141,1
pusht,2,prefix_b,Displacement-Observed,1,0,280,4
pusht,3,clean,Direct,1,0,280,0
pusht,3,clean,Predictor-Final,1,0,280,7
pusht,3,clean,Predictor-Observed,1,1,133,1
pusht,3,clean,Predictor-Learned,1,1,133,1
pusht,3,clean,Simulator-Final,1,0,280,7
pusht,3,clean,Simulator-Observed,1,0,280,0
pusht,3,clean,Simulator-Learned,1,0,280,2
pusht,3,clean,Displacement-Observed,1,0,280,3
pusht,3,prefix_a,Direct,1,0,280,0
pusht,3,prefix_a,Predictor-Final,1,1,140,7
pusht,3,prefix_a,Predictor-Observed,1,1,135,1
pusht,3,prefix_a,Predictor-Learned,1,0,280,2
pusht,3,prefix_a,Simulator-Final,1,1,140,7
pusht,3,prefix_a,Simulator-Observed,1,0,280,0
pusht,3,prefix_a,Simulator-Learned,1,1,140,7
pusht,3,prefix_a,Displacement-Observed,1,0,280,2
pusht,3,prefix_b,Direct,1,1,131,0
pusht,3,prefix_b,Predictor-Final,1,0,280,5
pusht,3,prefix_b,Predictor-Observed,1,0,280,3
pusht,3,prefix_b,Predictor-Learned,1,0,280,1
pusht,3,prefix_b,Simulator-Final,1,1,138,2
pusht,3,prefix_b,Simulator-Observed,1,1,131,0
pusht,3,prefix_b,Simulator-Learned,1,0,280,1
pusht,3,prefix_b,Displacement-Observed,1,1,139,4
pusht,4,clean,Direct,1,1,136,0
pusht,4,clean,Predictor-Final,1,1,136,7
pusht,4,clean,Predictor-Observed,1,1,136,6
pusht,4,clean,Predictor-Learned,1,1,138,4
pusht,4,clean,Simulator-Final,1,1,136,0
pusht,4,clean,Simulator-Observed,1,1,136,0
pusht,4,clean,Simulator-Learned,1,1,138,4
pusht,4,clean,Displacement-Observed,1,1,136,3
pusht,4,prefix_a,Direct,1,0,280,0
pusht,4,prefix_a,Predictor-Final,1,0,280,3
pusht,4,prefix_a,Predictor-Observed,1,0,280,3
pusht,4,prefix_a,Predictor-Learned,1,0,280,4
pusht,4,prefix_a,Simulator-Final,1,0,280,4
pusht,4,prefix_a,Simulator-Observed,1,0,280,5
pusht,4,prefix_a,Simulator-Learned,1,0,280,4
pusht,4,prefix_a,Displacement-Observed,1,0,280,5
pusht,4,prefix_b,Direct,1,0,280,0
pusht,4,prefix_b,Predictor-Final,1,0,280,7
pusht,4,prefix_b,Predictor-Observed,1,0,280,7
pusht,4,prefix_b,Predictor-Learned,1,1,134,6
pusht,4,prefix_b,Simulator-Final,1,0,280,0
pusht,4,prefix_b,Simulator-Observed,1,1,138,4
pusht,4,prefix_b,Simulator-Learned,1,1,138,4
pusht,4,prefix_b,Displacement-Observed,1,1,134,6
pusht,5,clean,Direct,1,0,280,0
pusht,5,clean,Predictor-Final,1,0,280,5
pusht,5,clean,Predictor-Observed,1,0,280,1
pusht,5,clean,Predictor-Learned,1,0,280,5
pusht,5,clean,Simulator-Final,1,0,280,5
pusht,5,clean,Simulator-Observed,1,0,280,1
pusht,5,clean,Simulator-Learned,1,0,280,5
pusht,5,clean,Displacement-Observed,1,0,280,1
pusht,5,prefix_a,Direct,1,0,280,0
pusht,5,prefix_a,Predictor-Final,1,0,280,2
pusht,5,prefix_a,Predictor-Observed,1,0,280,1
pusht,5,prefix_a,Predictor-Learned,1,0,280,3
pusht,5,prefix_a,Simulator-Final,1,0,280,2
pusht,5,prefix_a,Simulator-Observed,1,0,280,0
pusht,5,prefix_a,Simulator-Learned,1,0,280,2
pusht,5,prefix_a,Displacement-Observed,1,0,280,1
pusht,5,prefix_b,Direct,1,1,147,0
pusht,5,prefix_b,Predictor-Final,1,0,280,7
pusht,5,prefix_b,Predictor-Observed,1,0,280,1
pusht,5,prefix_b,Predictor-Learned,1,0,280,6
pusht,5,prefix_b,Simulator-Final,1,0,280,7
pusht,5,prefix_b,Simulator-Observed,1,0,280,1
pusht,5,prefix_b,Simulator-Learned,1,0,280,6
pusht,5,prefix_b,Displacement-Observed,1,0,280,1
pusht,6,clean,Direct,1,1,140,0
pusht,6,clean,Predictor-Final,1,0,280,5
pusht,6,clean,Predictor-Observed,1,1,140,7
pusht,6,clean,Predictor-Learned,1,1,154,1
pusht,6,clean,Simulator-Final,1,0,280,5
pusht,6,clean,Simulator-Observed,1,1,140,7
pusht,6,clean,Simulator-Learned,1,1,154,1
pusht,6,clean,Displacement-Observed,1,1,140,7
pusht,6,prefix_a,Direct,1,0,280,0
pusht,6,prefix_a,Predictor-Final,1,1,142,5
pusht,6,prefix_a,Predictor-Observed,1,1,142,5
pusht,6,prefix_a,Predictor-Learned,1,0,280,0
pusht,6,prefix_a,Simulator-Final,1,0,280,6
pusht,6,prefix_a,Simulator-Observed,1,1,142,5
pusht,6,prefix_a,Simulator-Learned,1,0,280,6
pusht,6,prefix_a,Displacement-Observed,1,0,280,0
pusht,6,prefix_b,Direct,1,0,280,0
pusht,6,prefix_b,Predictor-Final,1,0,280,5
pusht,6,prefix_b,Predictor-Observed,1,0,280,7
pusht,6,prefix_b,Predictor-Learned,1,0,280,1
pusht,6,prefix_b,Simulator-Final,1,0,280,5
pusht,6,prefix_b,Simulator-Observed,1,0,280,7
pusht,6,prefix_b,Simulator-Learned,1,0,280,1
pusht,6,prefix_b,Displacement-Observed,1,0,280,6
pusht,7,clean,Direct,1,0,280,0
pusht,7,clean,Predictor-Final,1,0,280,3
pusht,7,clean,Predictor-Observed,1,0,280,5
pusht,7,clean,Predictor-Learned,1,0,280,6
pusht,7,clean,Simulator-Final,1,0,280,5
pusht,7,clean,Simulator-Observed,1,0,280,5
pusht,7,clean,Simulator-Learned,1,0,280,5
pusht,7,clean,Displacement-Observed,1,0,280,0
pusht,7,prefix_a,Direct,1,0,280,0
pusht,7,prefix_a,Predictor-Final,1,0,280,3
pusht,7,prefix_a,Predictor-Observed,1,0,280,5
pusht,7,prefix_a,Predictor-Learned,1,0,280,0
pusht,7,prefix_a,Simulator-Final,1,0,280,2
pusht,7,prefix_a,Simulator-Observed,1,0,280,2
pusht,7,prefix_a,Simulator-Learned,1,0,280,2
pusht,7,prefix_a,Displacement-Observed,1,0,280,1
pusht,7,prefix_b,Direct,1,0,280,0
pusht,7,prefix_b,Predictor-Final,1,0,280,4
pusht,7,prefix_b,Predictor-Observed,1,0,280,7
pusht,7,prefix_b,Predictor-Learned,1,0,280,0
pusht,7,prefix_b,Simulator-Final,1,0,280,0
pusht,7,prefix_b,Simulator-Observed,1,0,280,7
pusht,7,prefix_b,Simulator-Learned,1,0,280,7
pusht,7,prefix_b,Displacement-Observed,1,0,280,1
pusht,8,clean,Direct,1,1,148,0
pusht,8,clean,Predictor-Final,1,0,280,1
pusht,8,clean,Predictor-Observed,1,1,131,7
pusht,8,clean,Predictor-Learned,1,1,131,5
pusht,8,clean,Simulator-Final,1,1,131,7
pusht,8,clean,Simulator-Observed,1,1,131,7
pusht,8,clean,Simulator-Learned,1,0,280,1
pusht,8,clean,Displacement-Observed,1,1,139,3
pusht,8,prefix_a,Direct,1,0,280,0
pusht,8,prefix_a,Predictor-Final,1,1,145,3
pusht,8,prefix_a,Predictor-Observed,1,0,280,2
pusht,8,prefix_a,Predictor-Learned,1,0,280,6
pusht,8,prefix_a,Simulator-Final,1,0,280,1
pusht,8,prefix_a,Simulator-Observed,1,0,280,2
pusht,8,prefix_a,Simulator-Learned,1,0,280,2
pusht,8,prefix_a,Displacement-Observed,1,1,145,3
pusht,8,prefix_b,Direct,1,0,280,0
pusht,8,prefix_b,Predictor-Final,1,0,280,7
pusht,8,prefix_b,Predictor-Observed,1,0,280,0
pusht,8,prefix_b,Predictor-Learned,1,0,280,7
pusht,8,prefix_b,Simulator-Final,1,0,280,0
pusht,8,prefix_b,Simulator-Observed,1,1,133,1
pusht,8,prefix_b,Simulator-Learned,1,0,280,2
pusht,8,prefix_b,Displacement-Observed,1,1,145,4
pusht,9,clean,Direct,1,1,140,0
pusht,9,clean,Predictor-Final,1,0,280,1
pusht,9,clean,Predictor-Observed,1,1,139,3
pusht,9,clean,Predictor-Learned,1,1,139,3
pusht,9,clean,Simulator-Final,1,0,280,1
pusht,9,clean,Simulator-Observed,1,1,140,0
pusht,9,clean,Simulator-Learned,1,1,139,3
pusht,9,clean,Displacement-Observed,1,1,140,5
pusht,9,prefix_a,Direct,1,0,280,0
pusht,9,prefix_a,Predictor-Final,1,0,280,0
pusht,9,prefix_a,Predictor-Observed,1,0,280,6
pusht,9,prefix_a,Predictor-Learned,1,0,280,6
pusht,9,prefix_a,Simulator-Final,1,0,280,7
pusht,9,prefix_a,Simulator-Observed,1,0,280,6
pusht,9,prefix_a,Simulator-Learned,1,0,280,6
pusht,9,prefix_a,Displacement-Observed,1,0,280,5
pusht,9,prefix_b,Direct,1,0,280,0
pusht,9,prefix_b,Predictor-Final,1,0,280,0
pusht,9,prefix_b,Predictor-Observed,1,0,280,0
pusht,9,prefix_b,Predictor-Learned,1,0,280,6
pusht,9,prefix_b,Simulator-Final,1,0,280,0
pusht,9,prefix_b,Simulator-Observed,1,0,280,1
pusht,9,prefix_b,Simulator-Learned,1,0,280,7
pusht,9,prefix_b,Displacement-Observed,1,0,280,4
pusht,10,clean,Direct,1,1,139,0
pusht,10,clean,Predictor-Final,1,1,138,6
pusht,10,clean,Predictor-Observed,1,1,139,3
pusht,10,clean,Predictor-Learned,1,1,139,7
pusht,10,clean,Simulator-Final,1,1,139,0
pusht,10,clean,Simulator-Observed,1,1,139,4
pusht,10,clean,Simulator-Learned,1,1,139,0
pusht,10,clean,Displacement-Observed,1,1,138,6
pusht,10,prefix_a,Direct,1,0,280,0
pusht,10,prefix_a,Predictor-Final,1,0,280,6
pusht,10,prefix_a,Predictor-Observed,1,0,280,4
pusht,10,prefix_a,Predictor-Learned,1,0,280,6
pusht,10,prefix_a,Simulator-Final,1,0,280,0
pusht,10,prefix_a,Simulator-Observed,1,0,280,0
pusht,10,prefix_a,Simulator-Learned,1,0,280,0
pusht,10,prefix_a,Displacement-Observed,1,0,280,6
pusht,10,prefix_b,Direct,1,0,280,0
pusht,10,prefix_b,Predictor-Final,1,0,280,3
pusht,10,prefix_b,Predictor-Observed,1,0,280,4
pusht,10,prefix_b,Predictor-Learned,1,0,280,3
pusht,10,prefix_b,Simulator-Final,1,0,280,0
pusht,10,prefix_b,Simulator-Observed,1,0,280,0
pusht,10,prefix_b,Simulator-Learned,1,0,280,0
pusht,10,prefix_b,Displacement-Observed,1,0,280,2
pusht,11,clean,Direct,1,0,280,0
pusht,11,clean,Predictor-Final,1,0,280,6
pusht,11,clean,Predictor-Observed,1,0,280,5
pusht,11,clean,Predictor-Learned,1,0,280,5
pusht,11,clean,Simulator-Final,1,0,280,6
pusht,11,clean,Simulator-Observed,1,0,280,5
pusht,11,clean,Simulator-Learned,1,0,280,4
pusht,11,clean,Displacement-Observed,1,0,280,0
pusht,11,prefix_a,Direct,1,0,280,0
pusht,11,prefix_a,Predictor-Final,1,0,280,6
pusht,11,prefix_a,Predictor-Observed,1,0,280,7
pusht,11,prefix_a,Predictor-Learned,1,0,280,4
pusht,11,prefix_a,Simulator-Final,1,0,280,6
pusht,11,prefix_a,Simulator-Observed,1,0,280,4
pusht,11,prefix_a,Simulator-Learned,1,0,280,4
pusht,11,prefix_a,Displacement-Observed,1,0,280,3
pusht,11,prefix_b,Direct,1,0,280,0
pusht,11,prefix_b,Predictor-Final,1,0,280,4
pusht,11,prefix_b,Predictor-Observed,1,0,280,7
pusht,11,prefix_b,Predictor-Learned,1,0,280,7
pusht,11,prefix_b,Simulator-Final,1,0,280,6
pusht,11,prefix_b,Simulator-Observed,1,0,280,0
pusht,11,prefix_b,Simulator-Learned,1,0,280,0
pusht,11,prefix_b,Displacement-Observed,1,0,280,3
pusht,12,clean,Direct,1,0,280,0
pusht,12,clean,Predictor-Final,1,0,280,7
pusht,12,clean,Predictor-Observed,1,0,280,0
pusht,12,clean,Predictor-Learned,1,0,280,0
pusht,12,clean,Simulator-Final,1,0,280,7
pusht,12,clean,Simulator-Observed,1,0,280,2
pusht,12,clean,Simulator-Learned,1,0,280,0
pusht,12,clean,Displacement-Observed,1,0,280,0
pusht,12,prefix_a,Direct,1,0,280,0
pusht,12,prefix_a,Predictor-Final,1,0,280,2
pusht,12,prefix_a,Predictor-Observed,1,0,280,2
pusht,12,prefix_a,Predictor-Learned,1,0,280,3
pusht,12,prefix_a,Simulator-Final,1,0,280,2
pusht,12,prefix_a,Simulator-Observed,1,0,280,2
pusht,12,prefix_a,Simulator-Learned,1,0,280,3
pusht,12,prefix_a,Displacement-Observed,1,0,280,2
pusht,12,prefix_b,Direct,1,0,280,0
pusht,12,prefix_b,Predictor-Final,1,0,280,6
pusht,12,prefix_b,Predictor-Observed,1,0,280,5
pusht,12,prefix_b,Predictor-Learned,1,0,280,0
pusht,12,prefix_b,Simulator-Final,1,0,280,6
pusht,12,prefix_b,Simulator-Observed,1,0,280,5
pusht,12,prefix_b,Simulator-Learned,1,0,280,5
pusht,12,prefix_b,Displacement-Observed,1,0,280,5
pusht,13,clean,Direct,1,0,280,0
pusht,13,clean,Predictor-Final,1,0,280,6
pusht,13,clean,Predictor-Observed,1,0,280,0
pusht,13,clean,Predictor-Learned,1,0,280,0
pusht,13,clean,Simulator-Final,1,0,280,5
pusht,13,clean,Simulator-Observed,1,0,280,1
pusht,13,clean,Simulator-Learned,1,0,280,0
pusht,13,clean,Displacement-Observed,1,0,280,0
pusht,13,prefix_a,Direct,1,0,280,0
pusht,13,prefix_a,Predictor-Final,1,0,280,7
pusht,13,prefix_a,Predictor-Observed,1,0,280,0
pusht,13,prefix_a,Predictor-Learned,1,0,280,1
pusht,13,prefix_a,Simulator-Final,1,0,280,7
pusht,13,prefix_a,Simulator-Observed,1,0,280,0
pusht,13,prefix_a,Simulator-Learned,1,0,280,1
pusht,13,prefix_a,Displacement-Observed,1,0,280,2
pusht,13,prefix_b,Direct,1,0,280,0
pusht,13,prefix_b,Predictor-Final,1,0,280,7
pusht,13,prefix_b,Predictor-Observed,1,0,280,4
pusht,13,prefix_b,Predictor-Learned,1,0,280,0
pusht,13,prefix_b,Simulator-Final,1,0,280,7
pusht,13,prefix_b,Simulator-Observed,1,0,280,3
pusht,13,prefix_b,Simulator-Learned,1,1,143,2
pusht,13,prefix_b,Displacement-Observed,1,0,280,3
pusht,14,clean,Direct,1,0,280,0
pusht,14,clean,Predictor-Final,1,1,144,4
pusht,14,clean,Predictor-Observed,1,1,144,4
pusht,14,clean,Predictor-Learned,1,0,280,2
pusht,14,clean,Simulator-Final,1,1,144,4
pusht,14,clean,Simulator-Observed,1,1,144,4
pusht,14,clean,Simulator-Learned,1,0,280,2
pusht,14,clean,Displacement-Observed,1,0,280,0
pusht,14,prefix_a,Direct,1,1,141,0
pusht,14,prefix_a,Predictor-Final,1,0,280,3
pusht,14,prefix_a,Predictor-Observed,1,0,280,3
pusht,14,prefix_a,Predictor-Learned,1,0,280,3
pusht,14,prefix_a,Simulator-Final,1,0,280,3
pusht,14,prefix_a,Simulator-Observed,1,0,280,3
pusht,14,prefix_a,Simulator-Learned,1,0,280,3
pusht,14,prefix_a,Displacement-Observed,1,0,280,3
pusht,14,prefix_b,Direct,1,0,280,0
pusht,14,prefix_b,Predictor-Final,1,0,280,4
pusht,14,prefix_b,Predictor-Observed,1,0,280,4
pusht,14,prefix_b,Predictor-Learned,1,0,280,2
pusht,14,prefix_b,Simulator-Final,1,0,280,3
pusht,14,prefix_b,Simulator-Observed,1,0,280,4
pusht,14,prefix_b,Simulator-Learned,1,0,280,6
pusht,14,prefix_b,Displacement-Observed,1,0,280,0
pusht,15,clean,Direct,1,0,280,0
pusht,15,clean,Predictor-Final,1,0,280,1
pusht,15,clean,Predictor-Observed,1,0,280,6
pusht,15,clean,Predictor-Learned,1,0,280,0
pusht,15,clean,Simulator-Final,1,0,280,1
pusht,15,clean,Simulator-Observed,1,0,280,5
pusht,15,clean,Simulator-Learned,1,0,280,2
pusht,15,clean,Displacement-Observed,1,0,280,6
pusht,15,prefix_a,Direct,1,0,280,0
pusht,15,prefix_a,Predictor-Final,1,0,280,0
pusht,15,prefix_a,Predictor-Observed,1,0,280,0
pusht,15,prefix_a,Predictor-Learned,1,0,280,0
pusht,15,prefix_a,Simulator-Final,1,0,280,5
pusht,15,prefix_a,Simulator-Observed,1,0,280,0
pusht,15,prefix_a,Simulator-Learned,1,0,280,0
pusht,15,prefix_a,Displacement-Observed,1,0,280,0
pusht,15,prefix_b,Direct,1,0,280,0
pusht,15,prefix_b,Predictor-Final,1,0,280,1
pusht,15,prefix_b,Predictor-Observed,1,0,280,2
pusht,15,prefix_b,Predictor-Learned,1,0,280,1
pusht,15,prefix_b,Simulator-Final,1,0,280,1
pusht,15,prefix_b,Simulator-Observed,1,0,280,2
pusht,15,prefix_b,Simulator-Learned,1,0,280,0
pusht,15,prefix_b,Displacement-Observed,1,0,280,0
pusht,16,clean,Direct,1,1,132,0
pusht,16,clean,Predictor-Final,1,1,131,3
pusht,16,clean,Predictor-Observed,1,1,131,3
pusht,16,clean,Predictor-Learned,1,1,131,3
pusht,16,clean,Simulator-Final,1,1,131,3
pusht,16,clean,Simulator-Observed,1,1,132,6
pusht,16,clean,Simulator-Learned,1,1,139,5
pusht,16,clean,Displacement-Observed,1,1,132,0
pusht,16,prefix_a,Direct,1,1,133,0
pusht,16,prefix_a,Predictor-Final,1,0,280,5
pusht,16,prefix_a,Predictor-Observed,1,0,280,7
pusht,16,prefix_a,Predictor-Learned,1,1,132,2
pusht,16,prefix_a,Simulator-Final,1,0,280,5
pusht,16,prefix_a,Simulator-Observed,1,0,280,1
pusht,16,prefix_a,Simulator-Learned,1,0,280,1
pusht,16,prefix_a,Displacement-Observed,1,0,280,5
pusht,16,prefix_b,Direct,1,1,133,0
pusht,16,prefix_b,Predictor-Final,1,1,133,5
pusht,16,prefix_b,Predictor-Observed,1,1,133,0
pusht,16,prefix_b,Predictor-Learned,1,1,139,1
pusht,16,prefix_b,Simulator-Final,1,1,133,5
pusht,16,prefix_b,Simulator-Observed,1,1,133,0
pusht,16,prefix_b,Simulator-Learned,1,1,139,1
pusht,16,prefix_b,Displacement-Observed,1,1,139,1
pusht,17,clean,Direct,1,0,280,0
pusht,17,clean,Predictor-Final,1,0,280,4
pusht,17,clean,Predictor-Observed,1,0,280,1
pusht,17,clean,Predictor-Learned,1,0,280,4
pusht,17,clean,Simulator-Final,1,0,280,1
pusht,17,clean,Simulator-Observed,1,0,280,5
pusht,17,clean,Simulator-Learned,1,0,280,4
pusht,17,clean,Displacement-Observed,1,0,280,6
pusht,17,prefix_a,Direct,1,1,154,0
pusht,17,prefix_a,Predictor-Final,1,0,280,3
pusht,17,prefix_a,Predictor-Observed,1,1,146,1
pusht,17,prefix_a,Predictor-Learned,1,1,155,5
pusht,17,prefix_a,Simulator-Final,1,1,141,6
pusht,17,prefix_a,Simulator-Observed,1,1,152,2
pusht,17,prefix_a,Simulator-Learned,1,1,141,6
pusht,17,prefix_a,Displacement-Observed,1,1,146,1
pusht,17,prefix_b,Direct,1,0,280,0
pusht,17,prefix_b,Predictor-Final,1,0,280,4
pusht,17,prefix_b,Predictor-Observed,1,0,280,7
pusht,17,prefix_b,Predictor-Learned,1,0,280,1
pusht,17,prefix_b,Simulator-Final,1,0,280,5
pusht,17,prefix_b,Simulator-Observed,1,0,280,6
pusht,17,prefix_b,Simulator-Learned,1,0,280,6
pusht,17,prefix_b,Displacement-Observed,1,0,280,7
pusht,18,clean,Direct,1,1,101,0
pusht,18,clean,Predictor-Final,1,0,280,4
pusht,18,clean,Predictor-Observed,1,1,142,5
pusht,18,clean,Predictor-Learned,1,0,280,3
pusht,18,clean,Simulator-Final,1,0,280,3
pusht,18,clean,Simulator-Observed,1,1,101,1
pusht,18,clean,Simulator-Learned,1,0,280,3
pusht,18,clean,Displacement-Observed,1,1,101,2
pusht,18,prefix_a,Direct,1,0,280,0
pusht,18,prefix_a,Predictor-Final,1,0,280,6
pusht,18,prefix_a,Predictor-Observed,1,0,280,7
pusht,18,prefix_a,Predictor-Learned,1,0,280,6
pusht,18,prefix_a,Simulator-Final,1,0,280,6
pusht,18,prefix_a,Simulator-Observed,1,0,280,0
pusht,18,prefix_a,Simulator-Learned,1,0,280,0
pusht,18,prefix_a,Displacement-Observed,1,0,280,6
pusht,18,prefix_b,Direct,1,0,280,0
pusht,18,prefix_b,Predictor-Final,1,0,280,4
pusht,18,prefix_b,Predictor-Observed,1,0,280,3
pusht,18,prefix_b,Predictor-Learned,1,0,280,2
pusht,18,prefix_b,Simulator-Final,1,0,280,0
pusht,18,prefix_b,Simulator-Observed,1,0,280,0
pusht,18,prefix_b,Simulator-Learned,1,0,280,2
pusht,18,prefix_b,Displacement-Observed,1,0,280,3
pusht,19,clean,Direct,1,0,280,0
pusht,19,clean,Predictor-Final,1,0,280,3
pusht,19,clean,Predictor-Observed,1,0,280,1
pusht,19,clean,Predictor-Learned,1,0,280,0
pusht,19,clean,Simulator-Final,1,0,280,1
pusht,19,clean,Simulator-Observed,1,0,280,1
pusht,19,clean,Simulator-Learned,1,0,280,0
pusht,19,clean,Displacement-Observed,1,0,280,5
pusht,19,prefix_a,Direct,1,0,280,0
pusht,19,prefix_a,Predictor-Final,1,0,280,6
pusht,19,prefix_a,Predictor-Observed,1,0,280,2
pusht,19,prefix_a,Predictor-Learned,1,0,280,6
pusht,19,prefix_a,Simulator-Final,1,0,280,6
pusht,19,prefix_a,Simulator-Observed,1,0,280,1
pusht,19,prefix_a,Simulator-Learned,1,0,280,4
pusht,19,prefix_a,Displacement-Observed,1,0,280,6
pusht,19,prefix_b,Direct,1,0,280,0
pusht,19,prefix_b,Predictor-Final,1,0,280,6
pusht,19,prefix_b,Predictor-Observed,1,0,280,3
pusht,19,prefix_b,Predictor-Learned,1,0,280,0
pusht,19,prefix_b,Simulator-Final,1,0,280,6
pusht,19,prefix_b,Simulator-Observed,1,0,280,6
pusht,19,prefix_b,Simulator-Learned,1,0,280,6
pusht,19,prefix_b,Displacement-Observed,1,0,280,0
pusht,20,clean,Direct,1,0,280,0
pusht,20,clean,Predictor-Final,1,0,280,4
pusht,20,clean,Predictor-Observed,1,0,280,1
pusht,20,clean,Predictor-Learned,1,0,280,5
pusht,20,clean,Simulator-Final,1,0,280,3
pusht,20,clean,Simulator-Observed,1,0,280,5
pusht,20,clean,Simulator-Learned,1,0,280,7
pusht,20,clean,Displacement-Observed,1,0,280,5
pusht,20,prefix_a,Direct,1,0,280,0
pusht,20,prefix_a,Predictor-Final,1,0,280,4
pusht,20,prefix_a,Predictor-Observed,1,0,280,2
pusht,20,prefix_a,Predictor-Learned,1,1,230,5
pusht,20,prefix_a,Simulator-Final,1,0,280,6
pusht,20,prefix_a,Simulator-Observed,1,0,280,7
pusht,20,prefix_a,Simulator-Learned,1,0,280,1
pusht,20,prefix_a,Displacement-Observed,1,0,280,1
pusht,20,prefix_b,Direct,1,0,280,0
pusht,20,prefix_b,Predictor-Final,1,0,280,6
pusht,20,prefix_b,Predictor-Observed,1,0,280,5
pusht,20,prefix_b,Predictor-Learned,1,1,147,7
pusht,20,prefix_b,Simulator-Final,1,1,186,3
pusht,20,prefix_b,Simulator-Observed,1,1,147,7
pusht,20,prefix_b,Simulator-Learned,1,1,147,7
pusht,20,prefix_b,Displacement-Observed,1,1,147,7
pusht,21,clean,Direct,1,0,280,0
pusht,21,clean,Predictor-Final,1,0,280,1
pusht,21,clean,Predictor-Observed,1,0,280,0
pusht,21,clean,Predictor-Learned,1,0,280,6
pusht,21,clean,Simulator-Final,1,0,280,5
pusht,21,clean,Simulator-Observed,1,0,280,0
pusht,21,clean,Simulator-Learned,1,0,280,6
pusht,21,clean,Displacement-Observed,1,0,280,0
pusht,21,prefix_a,Direct,1,0,280,0
pusht,21,prefix_a,Predictor-Final,1,0,280,3
pusht,21,prefix_a,Predictor-Observed,1,0,280,1
pusht,21,prefix_a,Predictor-Learned,1,0,280,2
pusht,21,prefix_a,Simulator-Final,1,0,280,5
pusht,21,prefix_a,Simulator-Observed,1,0,280,1
pusht,21,prefix_a,Simulator-Learned,1,0,280,2
pusht,21,prefix_a,Displacement-Observed,1,0,280,1
pusht,21,prefix_b,Direct,1,0,280,0
pusht,21,prefix_b,Predictor-Final,1,0,280,4
pusht,21,prefix_b,Predictor-Observed,1,0,280,1
pusht,21,prefix_b,Predictor-Learned,1,0,280,4
pusht,21,prefix_b,Simulator-Final,1,0,280,4
pusht,21,prefix_b,Simulator-Observed,1,0,280,1
pusht,21,prefix_b,Simulator-Learned,1,0,280,4
pusht,21,prefix_b,Displacement-Observed,1,0,280,1
pusht,22,clean,Direct,1,1,156,0
pusht,22,clean,Predictor-Final,1,1,139,3
pusht,22,clean,Predictor-Observed,1,1,156,0
pusht,22,clean,Predictor-Learned,1,0,280,4
pusht,22,clean,Simulator-Final,1,0,280,6
pusht,22,clean,Simulator-Observed,1,1,156,0
pusht,22,clean,Simulator-Learned,1,0,280,6
pusht,22,clean,Displacement-Observed,1,1,156,0
pusht,22,prefix_a,Direct,1,0,280,0
pusht,22,prefix_a,Predictor-Final,1,1,137,2
pusht,22,prefix_a,Predictor-Observed,1,1,141,3
pusht,22,prefix_a,Predictor-Learned,1,1,141,3
pusht,22,prefix_a,Simulator-Final,1,1,137,2
pusht,22,prefix_a,Simulator-Observed,1,0,280,1
pusht,22,prefix_a,Simulator-Learned,1,0,280,5
pusht,22,prefix_a,Displacement-Observed,1,0,280,6
pusht,22,prefix_b,Direct,1,1,138,0
pusht,22,prefix_b,Predictor-Final,1,0,280,1
pusht,22,prefix_b,Predictor-Observed,1,0,280,1
pusht,22,prefix_b,Predictor-Learned,1,1,138,0
pusht,22,prefix_b,Simulator-Final,1,0,280,6
pusht,22,prefix_b,Simulator-Observed,1,0,280,3
pusht,22,prefix_b,Simulator-Learned,1,0,280,3
pusht,22,prefix_b,Displacement-Observed,1,1,137,2
pusht,23,clean,Direct,1,0,280,0
pusht,23,clean,Predictor-Final,1,0,280,2
pusht,23,clean,Predictor-Observed,1,0,280,6
pusht,23,clean,Predictor-Learned,1,0,280,4
pusht,23,clean,Simulator-Final,1,0,280,2
pusht,23,clean,Simulator-Observed,1,0,280,6
pusht,23,clean,Simulator-Learned,1,0,280,7
pusht,23,clean,Displacement-Observed,1,0,280,0
pusht,23,prefix_a,Direct,1,0,280,0
pusht,23,prefix_a,Predictor-Final,1,0,280,5
pusht,23,prefix_a,Predictor-Observed,1,0,280,1
pusht,23,prefix_a,Predictor-Learned,1,0,280,6
pusht,23,prefix_a,Simulator-Final,1,0,280,7
pusht,23,prefix_a,Simulator-Observed,1,0,280,5
pusht,23,prefix_a,Simulator-Learned,1,0,280,6
pusht,23,prefix_a,Displacement-Observed,1,0,280,0
pusht,23,prefix_b,Direct,1,0,280,0
pusht,23,prefix_b,Predictor-Final,1,0,280,6
pusht,23,prefix_b,Predictor-Observed,1,0,280,4
pusht,23,prefix_b,Predictor-Learned,1,0,280,4
pusht,23,prefix_b,Simulator-Final,1,0,280,6
pusht,23,prefix_b,Simulator-Observed,1,0,280,4
pusht,23,prefix_b,Simulator-Learned,1,0,280,4
pusht,23,prefix_b,Displacement-Observed,1,0,280,0
pusht,24,clean,Direct,1,1,142,0
pusht,24,clean,Predictor-Final,1,1,143,6
pusht,24,clean,Predictor-Observed,1,0,280,5
pusht,24,clean,Predictor-Learned,1,1,143,2
pusht,24,clean,Simulator-Final,1,1,143,2
pusht,24,clean,Simulator-Observed,1,1,144,3
pusht,24,clean,Simulator-Learned,1,1,143,2
pusht,24,clean,Displacement-Observed,1,1,142,1
pusht,24,prefix_a,Direct,1,0,280,0
pusht,24,prefix_a,Predictor-Final,1,1,144,4
pusht,24,prefix_a,Predictor-Observed,1,1,139,7
pusht,24,prefix_a,Predictor-Learned,1,1,144,5
pusht,24,prefix_a,Simulator-Final,1,1,142,3
pusht,24,prefix_a,Simulator-Observed,1,1,139,7
pusht,24,prefix_a,Simulator-Learned,1,1,148,1
pusht,24,prefix_a,Displacement-Observed,1,0,280,2
pusht,24,prefix_b,Direct,1,0,280,0
pusht,24,prefix_b,Predictor-Final,1,0,280,7
pusht,24,prefix_b,Predictor-Observed,1,0,280,7
pusht,24,prefix_b,Predictor-Learned,1,0,280,3
pusht,24,prefix_b,Simulator-Final,1,0,280,3
pusht,24,prefix_b,Simulator-Observed,1,0,280,6
pusht,24,prefix_b,Simulator-Learned,1,0,280,0
pusht,24,prefix_b,Displacement-Observed,1,0,280,4
pusht,25,clean,Direct,1,0,280,0
pusht,25,clean,Predictor-Final,1,0,280,4
pusht,25,clean,Predictor-Observed,1,1,146,1
pusht,25,clean,Predictor-Learned,1,0,280,2
pusht,25,clean,Simulator-Final,1,0,280,4
pusht,25,clean,Simulator-Observed,1,1,146,1
pusht,25,clean,Simulator-Learned,1,0,280,2
pusht,25,clean,Displacement-Observed,1,1,146,1
pusht,25,prefix_a,Direct,1,0,280,0
pusht,25,prefix_a,Predictor-Final,1,0,280,4
pusht,25,prefix_a,Predictor-Observed,1,0,280,1
pusht,25,prefix_a,Predictor-Learned,1,0,280,2
pusht,25,prefix_a,Simulator-Final,1,0,280,4
pusht,25,prefix_a,Simulator-Observed,1,0,280,1
pusht,25,prefix_a,Simulator-Learned,1,0,280,5
pusht,25,prefix_a,Displacement-Observed,1,0,280,1
pusht,25,prefix_b,Direct,1,0,280,0
pusht,25,prefix_b,Predictor-Final,1,0,280,3
pusht,25,prefix_b,Predictor-Observed,1,0,280,0
pusht,25,prefix_b,Predictor-Learned,1,0,280,5
pusht,25,prefix_b,Simulator-Final,1,0,280,3
pusht,25,prefix_b,Simulator-Observed,1,0,280,0
pusht,25,prefix_b,Simulator-Learned,1,0,280,5
pusht,25,prefix_b,Displacement-Observed,1,0,280,2
pusht,26,clean,Direct,1,1,139,0
pusht,26,clean,Predictor-Final,1,1,139,6
pusht,26,clean,Predictor-Observed,1,1,139,0
pusht,26,clean,Predictor-Learned,1,1,139,6
pusht,26,clean,Simulator-Final,1,1,139,2
pusht,26,clean,Simulator-Observed,1,1,139,7
pusht,26,clean,Simulator-Learned,1,1,139,6
pusht,26,clean,Displacement-Observed,1,1,139,1
pusht,26,prefix_a,Direct,1,0,280,0
pusht,26,prefix_a,Predictor-Final,1,0,280,6
pusht,26,prefix_a,Predictor-Observed,1,0,280,7
pusht,26,prefix_a,Predictor-Learned,1,0,280,2
pusht,26,prefix_a,Simulator-Final,1,0,280,7
pusht,26,prefix_a,Simulator-Observed,1,0,280,2
pusht,26,prefix_a,Simulator-Learned,1,0,280,2
pusht,26,prefix_a,Displacement-Observed,1,0,280,7
pusht,26,prefix_b,Direct,1,0,280,0
pusht,26,prefix_b,Predictor-Final,1,0,280,7
pusht,26,prefix_b,Predictor-Observed,1,0,280,0
pusht,26,prefix_b,Predictor-Learned,1,0,280,6
pusht,26,prefix_b,Simulator-Final,1,0,280,7
pusht,26,prefix_b,Simulator-Observed,1,0,280,2
pusht,26,prefix_b,Simulator-Learned,1,0,280,6
pusht,26,prefix_b,Displacement-Observed,1,0,280,1
pusht,27,clean,Direct,1,0,280,0
pusht,27,clean,Predictor-Final,1,1,128,6
pusht,27,clean,Predictor-Observed,1,1,128,6
pusht,27,clean,Predictor-Learned,1,0,280,2
pusht,27,clean,Simulator-Final,1,1,132,1
pusht,27,clean,Simulator-Observed,1,1,131,3
pusht,27,clean,Simulator-Learned,1,0,280,7
pusht,27,clean,Displacement-Observed,1,0,280,7
pusht,27,prefix_a,Direct,1,1,113,0
pusht,27,prefix_a,Predictor-Final,1,0,280,4
pusht,27,prefix_a,Predictor-Observed,1,1,113,0
pusht,27,prefix_a,Predictor-Learned,1,1,113,0
pusht,27,prefix_a,Simulator-Final,1,1,113,0
pusht,27,prefix_a,Simulator-Observed,1,0,280,1
pusht,27,prefix_a,Simulator-Learned,1,0,280,4
pusht,27,prefix_a,Displacement-Observed,1,1,113,0
pusht,27,prefix_b,Direct,1,1,130,0
pusht,27,prefix_b,Predictor-Final,1,1,130,5
pusht,27,prefix_b,Predictor-Observed,1,1,132,3
pusht,27,prefix_b,Predictor-Learned,1,1,132,3
pusht,27,prefix_b,Simulator-Final,1,1,130,5
pusht,27,prefix_b,Simulator-Observed,1,1,132,3
pusht,27,prefix_b,Simulator-Learned,1,1,112,4
pusht,27,prefix_b,Displacement-Observed,1,1,132,3
pusht,28,clean,Direct,1,0,280,0
pusht,28,clean,Predictor-Final,1,0,280,2
pusht,28,clean,Predictor-Observed,1,0,280,1
pusht,28,clean,Predictor-Learned,1,0,280,0
pusht,28,clean,Simulator-Final,1,0,280,2
pusht,28,clean,Simulator-Observed,1,0,280,1
pusht,28,clean,Simulator-Learned,1,0,280,0
pusht,28,clean,Displacement-Observed,1,0,280,0
pusht,28,prefix_a,Direct,1,0,280,0
pusht,28,prefix_a,Predictor-Final,1,0,280,2
pusht,28,prefix_a,Predictor-Observed,1,0,280,2
pusht,28,prefix_a,Predictor-Learned,1,0,280,0
pusht,28,prefix_a,Simulator-Final,1,0,280,2
pusht,28,prefix_a,Simulator-Observed,1,0,280,2
pusht,28,prefix_a,Simulator-Learned,1,0,280,2
pusht,28,prefix_a,Displacement-Observed,1,0,280,0
pusht,28,prefix_b,Direct,1,0,280,0
pusht,28,prefix_b,Predictor-Final,1,0,280,4
pusht,28,prefix_b,Predictor-Observed,1,0,280,0
pusht,28,prefix_b,Predictor-Learned,1,0,280,0
pusht,28,prefix_b,Simulator-Final,1,0,280,2
pusht,28,prefix_b,Simulator-Observed,1,0,280,4
pusht,28,prefix_b,Simulator-Learned,1,0,280,2
pusht,28,prefix_b,Displacement-Observed,1,0,280,0
pusht,29,clean,Direct,1,1,136,0
pusht,29,clean,Predictor-Final,1,1,136,4
pusht,29,clean,Predictor-Observed,1,1,136,1
pusht,29,clean,Predictor-Learned,1,1,136,2
pusht,29,clean,Simulator-Final,1,1,136,4
pusht,29,clean,Simulator-Observed,1,1,136,1
pusht,29,clean,Simulator-Learned,1,1,136,1
pusht,29,clean,Displacement-Observed,1,1,136,2
pusht,29,prefix_a,Direct,1,0,280,0
pusht,29,prefix_a,Predictor-Final,1,1,136,2
pusht,29,prefix_a,Predictor-Observed,1,0,280,0
pusht,29,prefix_a,Predictor-Learned,1,0,280,3
pusht,29,prefix_a,Simulator-Final,1,1,136,2
pusht,29,prefix_a,Simulator-Observed,1,1,136,2
pusht,29,prefix_a,Simulator-Learned,1,1,145,4
pusht,29,prefix_a,Displacement-Observed,1,0,280,0
pusht,29,prefix_b,Direct,1,0,280,0
pusht,29,prefix_b,Predictor-Final,1,1,213,4
pusht,29,prefix_b,Predictor-Observed,1,0,280,2
pusht,29,prefix_b,Predictor-Learned,1,1,213,4
pusht,29,prefix_b,Simulator-Final,1,1,213,4
pusht,29,prefix_b,Simulator-Observed,1,0,280,7
pusht,29,prefix_b,Simulator-Learned,1,0,280,0
pusht,29,prefix_b,Displacement-Observed,1,0,280,3
pusht,30,clean,Direct,1,1,141,0
pusht,30,clean,Predictor-Final,1,0,280,6
pusht,30,clean,Predictor-Observed,1,1,141,0
pusht,30,clean,Predictor-Learned,1,1,137,1
pusht,30,clean,Simulator-Final,1,0,280,6
pusht,30,clean,Simulator-Observed,1,1,141,3
pusht,30,clean,Simulator-Learned,1,1,137,1
pusht,30,clean,Displacement-Observed,1,1,141,0
pusht,30,prefix_a,Direct,1,0,280,0
pusht,30,prefix_a,Predictor-Final,1,0,280,7
pusht,30,prefix_a,Predictor-Observed,1,1,133,2
pusht,30,prefix_a,Predictor-Learned,1,0,280,0
pusht,30,prefix_a,Simulator-Final,1,0,280,7
pusht,30,prefix_a,Simulator-Observed,1,1,137,6
pusht,30,prefix_a,Simulator-Learned,1,1,133,2
pusht,30,prefix_a,Displacement-Observed,1,0,280,1
pusht,30,prefix_b,Direct,1,0,280,0
pusht,30,prefix_b,Predictor-Final,1,0,280,5
pusht,30,prefix_b,Predictor-Observed,1,1,141,7
pusht,30,prefix_b,Predictor-Learned,1,0,280,0
pusht,30,prefix_b,Simulator-Final,1,1,133,4
pusht,30,prefix_b,Simulator-Observed,1,1,141,7
pusht,30,prefix_b,Simulator-Learned,1,1,132,2
pusht,30,prefix_b,Displacement-Observed,1,0,280,0
pusht,31,clean,Direct,1,0,280,0
pusht,31,clean,Predictor-Final,1,0,280,7
pusht,31,clean,Predictor-Observed,1,0,280,6
pusht,31,clean,Predictor-Learned,1,0,280,1
pusht,31,clean,Simulator-Final,1,0,280,7
pusht,31,clean,Simulator-Observed,1,0,280,6
pusht,31,clean,Simulator-Learned,1,0,280,0
pusht,31,clean,Displacement-Observed,1,0,280,6
pusht,31,prefix_a,Direct,1,0,280,0
pusht,31,prefix_a,Predictor-Final,1,0,280,6
pusht,31,prefix_a,Predictor-Observed,1,0,280,5
pusht,31,prefix_a,Predictor-Learned,1,0,280,3
pusht,31,prefix_a,Simulator-Final,1,0,280,2
pusht,31,prefix_a,Simulator-Observed,1,0,280,5
pusht,31,prefix_a,Simulator-Learned,1,0,280,0
pusht,31,prefix_a,Displacement-Observed,1,0,280,5
pusht,31,prefix_b,Direct,1,0,280,0
pusht,31,prefix_b,Predictor-Final,1,0,280,7
pusht,31,prefix_b,Predictor-Observed,1,0,280,6
pusht,31,prefix_b,Predictor-Learned,1,0,280,7
pusht,31,prefix_b,Simulator-Final,1,0,280,7
pusht,31,prefix_b,Simulator-Observed,1,0,280,6
pusht,31,prefix_b,Simulator-Learned,1,0,280,7
pusht,31,prefix_b,Displacement-Observed,1,0,280,6
pusht,32,clean,Direct,1,0,280,0
pusht,32,clean,Predictor-Final,1,0,280,6
pusht,32,clean,Predictor-Observed,1,0,280,1
pusht,32,clean,Predictor-Learned,1,1,142,7
pusht,32,clean,Simulator-Final,1,1,142,7
pusht,32,clean,Simulator-Observed,1,1,142,7
pusht,32,clean,Simulator-Learned,1,0,280,6
pusht,32,clean,Displacement-Observed,1,1,142,7
pusht,32,prefix_a,Direct,1,0,280,0
pusht,32,prefix_a,Predictor-Final,1,0,280,5
pusht,32,prefix_a,Predictor-Observed,1,0,280,3
pusht,32,prefix_a,Predictor-Learned,1,0,280,6
pusht,32,prefix_a,Simulator-Final,1,0,280,5
pusht,32,prefix_a,Simulator-Observed,1,0,280,0
pusht,32,prefix_a,Simulator-Learned,1,1,141,1
pusht,32,prefix_a,Displacement-Observed,1,0,280,2
pusht,32,prefix_b,Direct,1,0,280,0
pusht,32,prefix_b,Predictor-Final,1,1,140,6
pusht,32,prefix_b,Predictor-Observed,1,0,280,0
pusht,32,prefix_b,Predictor-Learned,1,0,280,0
pusht,32,prefix_b,Simulator-Final,1,1,140,6
pusht,32,prefix_b,Simulator-Observed,1,1,137,7
pusht,32,prefix_b,Simulator-Learned,1,1,137,7
pusht,32,prefix_b,Displacement-Observed,1,1,150,1
pusht,33,clean,Direct,1,0,280,0
pusht,33,clean,Predictor-Final,1,0,280,5
pusht,33,clean,Predictor-Observed,1,0,280,5
pusht,33,clean,Predictor-Learned,1,0,280,6
pusht,33,clean,Simulator-Final,1,0,280,1
pusht,33,clean,Simulator-Observed,1,0,280,0
pusht,33,clean,Simulator-Learned,1,0,280,6
pusht,33,clean,Displacement-Observed,1,0,280,1
pusht,33,prefix_a,Direct,1,0,280,0
pusht,33,prefix_a,Predictor-Final,1,0,280,5
pusht,33,prefix_a,Predictor-Observed,1,0,280,6
pusht,33,prefix_a,Predictor-Learned,1,0,280,6
pusht,33,prefix_a,Simulator-Final,1,0,280,3
pusht,33,prefix_a,Simulator-Observed,1,0,280,4
pusht,33,prefix_a,Simulator-Learned,1,0,280,6
pusht,33,prefix_a,Displacement-Observed,1,0,280,6
pusht,33,prefix_b,Direct,1,0,280,0
pusht,33,prefix_b,Predictor-Final,1,0,280,6
pusht,33,prefix_b,Predictor-Observed,1,0,280,4
pusht,33,prefix_b,Predictor-Learned,1,0,280,5
pusht,33,prefix_b,Simulator-Final,1,0,280,1
pusht,33,prefix_b,Simulator-Observed,1,0,280,6
pusht,33,prefix_b,Simulator-Learned,1,0,280,5
pusht,33,prefix_b,Displacement-Observed,1,0,280,5
pusht,34,clean,Direct,1,1,137,0
pusht,34,clean,Predictor-Final,1,0,280,6
pusht,34,clean,Predictor-Observed,1,0,280,7
pusht,34,clean,Predictor-Learned,1,0,280,4
pusht,34,clean,Simulator-Final,1,0,280,6
pusht,34,clean,Simulator-Observed,1,0,280,7
pusht,34,clean,Simulator-Learned,1,1,147,3
pusht,34,clean,Displacement-Observed,1,1,137,0
pusht,34,prefix_a,Direct,1,0,280,0
pusht,34,prefix_a,Predictor-Final,1,0,280,3
pusht,34,prefix_a,Predictor-Observed,1,0,280,6
pusht,34,prefix_a,Predictor-Learned,1,0,280,7
pusht,34,prefix_a,Simulator-Final,1,1,140,2
pusht,34,prefix_a,Simulator-Observed,1,0,280,6
pusht,34,prefix_a,Simulator-Learned,1,0,280,7
pusht,34,prefix_a,Displacement-Observed,1,0,280,0
pusht,34,prefix_b,Direct,1,1,144,0
pusht,34,prefix_b,Predictor-Final,1,0,280,6
pusht,34,prefix_b,Predictor-Observed,1,0,280,7
pusht,34,prefix_b,Predictor-Learned,1,1,138,2
pusht,34,prefix_b,Simulator-Final,1,0,280,6
pusht,34,prefix_b,Simulator-Observed,1,1,138,5
pusht,34,prefix_b,Simulator-Learned,1,1,138,2
pusht,34,prefix_b,Displacement-Observed,1,1,144,0
pusht,35,clean,Direct,1,0,280,0
pusht,35,clean,Predictor-Final,1,1,115,3
pusht,35,clean,Predictor-Observed,1,0,280,2
pusht,35,clean,Predictor-Learned,1,0,280,2
pusht,35,clean,Simulator-Final,1,1,115,3
pusht,35,clean,Simulator-Observed,1,0,280,0
pusht,35,clean,Simulator-Learned,1,0,280,7
pusht,35,clean,Displacement-Observed,1,0,280,0
pusht,35,prefix_a,Direct,1,0,280,0
pusht,35,prefix_a,Predictor-Final,1,0,280,4
pusht,35,prefix_a,Predictor-Observed,1,0,280,6
pusht,35,prefix_a,Predictor-Learned,1,0,280,3
pusht,35,prefix_a,Simulator-Final,1,0,280,4
pusht,35,prefix_a,Simulator-Observed,1,0,280,6
pusht,35,prefix_a,Simulator-Learned,1,0,280,3
pusht,35,prefix_a,Displacement-Observed,1,0,280,4
pusht,35,prefix_b,Direct,1,0,280,0
pusht,35,prefix_b,Predictor-Final,1,0,280,2
pusht,35,prefix_b,Predictor-Observed,1,0,280,5
pusht,35,prefix_b,Predictor-Learned,1,0,280,2
pusht,35,prefix_b,Simulator-Final,1,0,280,6
pusht,35,prefix_b,Simulator-Observed,1,0,280,1
pusht,35,prefix_b,Simulator-Learned,1,0,280,3
pusht,35,prefix_b,Displacement-Observed,1,0,280,5
pusht,36,clean,Direct,1,0,280,0
pusht,36,clean,Predictor-Final,1,0,280,3
pusht,36,clean,Predictor-Observed,1,0,280,5
pusht,36,clean,Predictor-Learned,1,0,280,0
pusht,36,clean,Simulator-Final,1,0,280,3
pusht,36,clean,Simulator-Observed,1,0,280,1
pusht,36,clean,Simulator-Learned,1,0,280,1
pusht,36,clean,Displacement-Observed,1,0,280,0
pusht,36,prefix_a,Direct,1,0,280,0
pusht,36,prefix_a,Predictor-Final,1,0,280,3
pusht,36,prefix_a,Predictor-Observed,1,0,280,3
pusht,36,prefix_a,Predictor-Learned,1,0,280,1
pusht,36,prefix_a,Simulator-Final,1,0,280,3
pusht,36,prefix_a,Simulator-Observed,1,0,280,3
pusht,36,prefix_a,Simulator-Learned,1,0,280,3
pusht,36,prefix_a,Displacement-Observed,1,0,280,3
pusht,36,prefix_b,Direct,1,0,280,0
pusht,36,prefix_b,Predictor-Final,1,0,280,4
pusht,36,prefix_b,Predictor-Observed,1,0,280,4
pusht,36,prefix_b,Predictor-Learned,1,0,280,3
pusht,36,prefix_b,Simulator-Final,1,0,280,6
pusht,36,prefix_b,Simulator-Observed,1,0,280,7
pusht,36,prefix_b,Simulator-Learned,1,0,280,7
pusht,36,prefix_b,Displacement-Observed,1,0,280,4
pusht,37,clean,Direct,1,1,101,0
pusht,37,clean,Predictor-Final,1,1,102,1
pusht,37,clean,Predictor-Observed,1,1,172,7
pusht,37,clean,Predictor-Learned,1,1,172,7
pusht,37,clean,Simulator-Final,1,1,102,1
pusht,37,clean,Simulator-Observed,1,1,172,7
pusht,37,clean,Simulator-Learned,1,1,172,7
pusht,37,clean,Displacement-Observed,1,0,280,5
pusht,37,prefix_a,Direct,1,1,144,0
pusht,37,prefix_a,Predictor-Final,1,0,280,3
pusht,37,prefix_a,Predictor-Observed,1,1,144,0
pusht,37,prefix_a,Predictor-Learned,1,1,144,0
pusht,37,prefix_a,Simulator-Final,1,0,280,2
pusht,37,prefix_a,Simulator-Observed,1,1,144,0
pusht,37,prefix_a,Simulator-Learned,1,1,144,0
pusht,37,prefix_a,Displacement-Observed,1,1,144,0
pusht,37,prefix_b,Direct,1,0,280,0
pusht,37,prefix_b,Predictor-Final,1,0,280,7
pusht,37,prefix_b,Predictor-Observed,1,1,142,6
pusht,37,prefix_b,Predictor-Learned,1,0,280,3
pusht,37,prefix_b,Simulator-Final,1,0,280,7
pusht,37,prefix_b,Simulator-Observed,1,1,142,6
pusht,37,prefix_b,Simulator-Learned,1,0,280,3
pusht,37,prefix_b,Displacement-Observed,1,1,142,6
pusht,38,clean,Direct,1,0,280,0
pusht,38,clean,Predictor-Final,1,0,280,0
pusht,38,clean,Predictor-Observed,1,0,280,0
pusht,38,clean,Predictor-Learned,1,0,280,3
pusht,38,clean,Simulator-Final,1,0,280,6
pusht,38,clean,Simulator-Observed,1,0,280,0
pusht,38,clean,Simulator-Learned,1,0,280,2
pusht,38,clean,Displacement-Observed,1,0,280,0
pusht,38,prefix_a,Direct,1,0,280,0
pusht,38,prefix_a,Predictor-Final,1,0,280,5
pusht,38,prefix_a,Predictor-Observed,1,0,280,5
pusht,38,prefix_a,Predictor-Learned,1,0,280,3
pusht,38,prefix_a,Simulator-Final,1,0,280,5
pusht,38,prefix_a,Simulator-Observed,1,0,280,6
pusht,38,prefix_a,Simulator-Learned,1,0,280,7
pusht,38,prefix_a,Displacement-Observed,1,0,280,6
pusht,38,prefix_b,Direct,1,0,280,0
pusht,38,prefix_b,Predictor-Final,1,0,280,5
pusht,38,prefix_b,Predictor-Observed,1,0,280,5
pusht,38,prefix_b,Predictor-Learned,1,0,280,3
pusht,38,prefix_b,Simulator-Final,1,0,280,5
pusht,38,prefix_b,Simulator-Observed,1,0,280,5
pusht,38,prefix_b,Simulator-Learned,1,0,280,3
pusht,38,prefix_b,Displacement-Observed,1,0,280,0
pusht,39,clean,Direct,1,1,137,0
pusht,39,clean,Predictor-Final,1,1,135,2
pusht,39,clean,Predictor-Observed,1,1,135,6
pusht,39,clean,Predictor-Learned,1,1,137,0
pusht,39,clean,Simulator-Final,1,1,137,5
pusht,39,clean,Simulator-Observed,1,0,280,3
pusht,39,clean,Simulator-Learned,1,1,130,7
pusht,39,clean,Displacement-Observed,1,1,135,6
pusht,39,prefix_a,Direct,1,0,280,0
pusht,39,prefix_a,Predictor-Final,1,0,280,3
pusht,39,prefix_a,Predictor-Observed,1,1,141,6
pusht,39,prefix_a,Predictor-Learned,1,0,280,0
pusht,39,prefix_a,Simulator-Final,1,0,280,3
pusht,39,prefix_a,Simulator-Observed,1,0,280,3
pusht,39,prefix_a,Simulator-Learned,1,1,141,6
pusht,39,prefix_a,Displacement-Observed,1,1,135,2
pusht,39,prefix_b,Direct,1,0,280,0
pusht,39,prefix_b,Predictor-Final,1,0,280,3
pusht,39,prefix_b,Predictor-Observed,1,0,280,6
pusht,39,prefix_b,Predictor-Learned,1,0,280,0
pusht,39,prefix_b,Simulator-Final,1,0,280,2
pusht,39,prefix_b,Simulator-Observed,1,0,280,6
pusht,39,prefix_b,Simulator-Learned,1,0,280,2
pusht,39,prefix_b,Displacement-Observed,1,0,280,2
pusht,40,clean,Direct,1,1,139,0
pusht,40,clean,Predictor-Final,1,1,139,6
pusht,40,clean,Predictor-Observed,1,1,139,6
pusht,40,clean,Predictor-Learned,1,1,139,4
pusht,40,clean,Simulator-Final,1,1,139,6
pusht,40,clean,Simulator-Observed,1,1,139,6
pusht,40,clean,Simulator-Learned,1,1,139,0
pusht,40,clean,Displacement-Observed,1,1,139,4
pusht,40,prefix_a,Direct,1,0,280,0
pusht,40,prefix_a,Predictor-Final,1,0,280,6
pusht,40,prefix_a,Predictor-Observed,1,0,280,4
pusht,40,prefix_a,Predictor-Learned,1,0,280,6
pusht,40,prefix_a,Simulator-Final,1,0,280,3
pusht,40,prefix_a,Simulator-Observed,1,0,280,3
pusht,40,prefix_a,Simulator-Learned,1,0,280,3
pusht,40,prefix_a,Displacement-Observed,1,0,280,4
pusht,40,prefix_b,Direct,1,0,280,0
pusht,40,prefix_b,Predictor-Final,1,0,280,5
pusht,40,prefix_b,Predictor-Observed,1,0,280,7
pusht,40,prefix_b,Predictor-Learned,1,0,280,4
pusht,40,prefix_b,Simulator-Final,1,0,280,1
pusht,40,prefix_b,Simulator-Observed,1,0,280,0
pusht,40,prefix_b,Simulator-Learned,1,0,280,0
pusht,40,prefix_b,Displacement-Observed,1,0,280,0
pusht,41,clean,Direct,1,1,135,0
pusht,41,clean,Predictor-Final,1,0,280,4
pusht,41,clean,Predictor-Observed,1,1,135,0
pusht,41,clean,Predictor-Learned,1,0,280,4
pusht,41,clean,Simulator-Final,1,0,280,2
pusht,41,clean,Simulator-Observed,1,0,280,2
pusht,41,clean,Simulator-Learned,1,0,280,2
pusht,41,clean,Displacement-Observed,1,0,280,1
pusht,41,prefix_a,Direct,1,0,280,0
pusht,41,prefix_a,Predictor-Final,1,0,280,2
pusht,41,prefix_a,Predictor-Observed,1,0,280,0
pusht,41,prefix_a,Predictor-Learned,1,0,280,7
pusht,41,prefix_a,Simulator-Final,1,0,280,4
pusht,41,prefix_a,Simulator-Observed,1,0,280,7
pusht,41,prefix_a,Simulator-Learned,1,0,280,7
pusht,41,prefix_a,Displacement-Observed,1,0,280,0
pusht,41,prefix_b,Direct,1,0,280,0
pusht,41,prefix_b,Predictor-Final,1,0,280,3
pusht,41,prefix_b,Predictor-Observed,1,0,280,0
pusht,41,prefix_b,Predictor-Learned,1,0,280,0
pusht,41,prefix_b,Simulator-Final,1,1,140,5
pusht,41,prefix_b,Simulator-Observed,1,0,280,0
pusht,41,prefix_b,Simulator-Learned,1,0,280,7
pusht,41,prefix_b,Displacement-Observed,1,0,280,0
pusht,42,clean,Direct,1,0,280,0
pusht,42,clean,Predictor-Final,1,0,280,0
pusht,42,clean,Predictor-Observed,1,0,280,7
pusht,42,clean,Predictor-Learned,1,0,280,7
pusht,42,clean,Simulator-Final,1,0,280,4
pusht,42,clean,Simulator-Observed,1,0,280,2
pusht,42,clean,Simulator-Learned,1,0,280,2
pusht,42,clean,Displacement-Observed,1,0,280,3
pusht,42,prefix_a,Direct,1,0,280,0
pusht,42,prefix_a,Predictor-Final,1,0,280,0
pusht,42,prefix_a,Predictor-Observed,1,0,280,7
pusht,42,prefix_a,Predictor-Learned,1,0,280,4
pusht,42,prefix_a,Simulator-Final,1,0,280,1
pusht,42,prefix_a,Simulator-Observed,1,0,280,4
pusht,42,prefix_a,Simulator-Learned,1,0,280,0
pusht,42,prefix_a,Displacement-Observed,1,0,280,1
pusht,42,prefix_b,Direct,1,0,280,0
pusht,42,prefix_b,Predictor-Final,1,0,280,0
pusht,42,prefix_b,Predictor-Observed,1,0,280,2
pusht,42,prefix_b,Predictor-Learned,1,0,280,7
pusht,42,prefix_b,Simulator-Final,1,0,280,0
pusht,42,prefix_b,Simulator-Observed,1,0,280,2
pusht,42,prefix_b,Simulator-Learned,1,0,280,2
pusht,42,prefix_b,Displacement-Observed,1,0,280,3
pusht,43,clean,Direct,1,0,280,0
pusht,43,clean,Predictor-Final,1,0,280,5
pusht,43,clean,Predictor-Observed,1,0,280,0
pusht,43,clean,Predictor-Learned,1,1,144,6
pusht,43,clean,Simulator-Final,1,0,280,5
pusht,43,clean,Simulator-Observed,1,1,144,6
pusht,43,clean,Simulator-Learned,1,1,180,1
pusht,43,clean,Displacement-Observed,1,1,180,1
pusht,43,prefix_a,Direct,1,0,280,0
pusht,43,prefix_a,Predictor-Final,1,0,280,7
pusht,43,prefix_a,Predictor-Observed,1,0,280,2
pusht,43,prefix_a,Predictor-Learned,1,0,280,0
pusht,43,prefix_a,Simulator-Final,1,0,280,7
pusht,43,prefix_a,Simulator-Observed,1,0,280,5
pusht,43,prefix_a,Simulator-Learned,1,0,280,6
pusht,43,prefix_a,Displacement-Observed,1,0,280,1
pusht,43,prefix_b,Direct,1,0,280,0
pusht,43,prefix_b,Predictor-Final,1,0,280,4
pusht,43,prefix_b,Predictor-Observed,1,0,280,0
pusht,43,prefix_b,Predictor-Learned,1,0,280,1
pusht,43,prefix_b,Simulator-Final,1,0,280,1
pusht,43,prefix_b,Simulator-Observed,1,0,280,0
pusht,43,prefix_b,Simulator-Learned,1,0,280,2
pusht,43,prefix_b,Displacement-Observed,1,0,280,4
pusht,44,clean,Direct,1,1,137,0
pusht,44,clean,Predictor-Final,1,1,137,2
pusht,44,clean,Predictor-Observed,1,1,137,1
pusht,44,clean,Predictor-Learned,1,1,137,1
pusht,44,clean,Simulator-Final,1,1,137,0
pusht,44,clean,Simulator-Observed,1,1,137,0
pusht,44,clean,Simulator-Learned,1,1,137,0
pusht,44,clean,Displacement-Observed,1,1,137,6
pusht,44,prefix_a,Direct,1,0,280,0
pusht,44,prefix_a,Predictor-Final,1,0,280,7
pusht,44,prefix_a,Predictor-Observed,1,0,280,7
pusht,44,prefix_a,Predictor-Learned,1,0,280,6
pusht,44,prefix_a,Simulator-Final,1,0,280,4
pusht,44,prefix_a,Simulator-Observed,1,0,280,4
pusht,44,prefix_a,Simulator-Learned,1,0,280,6
pusht,44,prefix_a,Displacement-Observed,1,0,280,1
pusht,44,prefix_b,Direct,1,0,280,0
pusht,44,prefix_b,Predictor-Final,1,0,280,1
pusht,44,prefix_b,Predictor-Observed,1,0,280,7
pusht,44,prefix_b,Predictor-Learned,1,0,280,7
pusht,44,prefix_b,Simulator-Final,1,0,280,4
pusht,44,prefix_b,Simulator-Observed,1,0,280,7
pusht,44,prefix_b,Simulator-Learned,1,0,280,7
pusht,44,prefix_b,Displacement-Observed,1,0,280,7
pusht,45,clean,Direct,1,0,280,0
pusht,45,clean,Predictor-Final,1,0,280,4
pusht,45,clean,Predictor-Observed,1,0,280,0
pusht,45,clean,Predictor-Learned,1,0,280,3
pusht,45,clean,Simulator-Final,1,0,280,3
pusht,45,clean,Simulator-Observed,1,0,280,0
pusht,45,clean,Simulator-Learned,1,0,280,3
pusht,45,clean,Displacement-Observed,1,0,280,0
pusht,45,prefix_a,Direct,1,0,280,0
pusht,45,prefix_a,Predictor-Final,1,0,280,6
pusht,45,prefix_a,Predictor-Observed,1,0,280,5
pusht,45,prefix_a,Predictor-Learned,1,1,222,4
pusht,45,prefix_a,Simulator-Final,1,0,280,6
pusht,45,prefix_a,Simulator-Observed,1,0,280,3
pusht,45,prefix_a,Simulator-Learned,1,0,280,6
pusht,45,prefix_a,Displacement-Observed,1,0,280,0
pusht,45,prefix_b,Direct,1,0,280,0
pusht,45,prefix_b,Predictor-Final,1,0,280,1
pusht,45,prefix_b,Predictor-Observed,1,0,280,2
pusht,45,prefix_b,Predictor-Learned,1,0,280,3
pusht,45,prefix_b,Simulator-Final,1,0,280,3
pusht,45,prefix_b,Simulator-Observed,1,0,280,2
pusht,45,prefix_b,Simulator-Learned,1,0,280,3
pusht,45,prefix_b,Displacement-Observed,1,0,280,0
pusht,46,clean,Direct,1,1,139,0
pusht,46,clean,Predictor-Final,1,0,280,4
pusht,46,clean,Predictor-Observed,1,1,139,0
pusht,46,clean,Predictor-Learned,1,1,139,7
pusht,46,clean,Simulator-Final,1,0,280,3
pusht,46,clean,Simulator-Observed,1,1,139,0
pusht,46,clean,Simulator-Learned,1,0,280,5
pusht,46,clean,Displacement-Observed,1,1,139,7
pusht,46,prefix_a,Direct,1,0,280,0
pusht,46,prefix_a,Predictor-Final,1,0,280,3
pusht,46,prefix_a,Predictor-Observed,1,0,280,1
pusht,46,prefix_a,Predictor-Learned,1,0,280,0
pusht,46,prefix_a,Simulator-Final,1,0,280,4
pusht,46,prefix_a,Simulator-Observed,1,0,280,0
pusht,46,prefix_a,Simulator-Learned,1,0,280,5
pusht,46,prefix_a,Displacement-Observed,1,0,280,7
pusht,46,prefix_b,Direct,1,0,280,0
pusht,46,prefix_b,Predictor-Final,1,0,280,4
pusht,46,prefix_b,Predictor-Observed,1,0,280,3
pusht,46,prefix_b,Predictor-Learned,1,0,280,6
pusht,46,prefix_b,Simulator-Final,1,0,280,3
pusht,46,prefix_b,Simulator-Observed,1,0,280,3
pusht,46,prefix_b,Simulator-Learned,1,0,280,6
pusht,46,prefix_b,Displacement-Observed,1,0,280,2
pusht,47,clean,Direct,1,0,280,0
pusht,47,clean,Predictor-Final,1,0,280,7
pusht,47,clean,Predictor-Observed,1,0,280,6
pusht,47,clean,Predictor-Learned,1,0,280,3
pusht,47,clean,Simulator-Final,1,0,280,6
pusht,47,clean,Simulator-Observed,1,0,280,2
pusht,47,clean,Simulator-Learned,1,0,280,0
pusht,47,clean,Displacement-Observed,1,0,280,4
pusht,47,prefix_a,Direct,1,0,280,0
pusht,47,prefix_a,Predictor-Final,1,1,144,6
pusht,47,prefix_a,Predictor-Observed,1,1,144,6
pusht,47,prefix_a,Predictor-Learned,1,0,280,1
pusht,47,prefix_a,Simulator-Final,1,0,280,2
pusht,47,prefix_a,Simulator-Observed,1,1,144,6
pusht,47,prefix_a,Simulator-Learned,1,0,280,3
pusht,47,prefix_a,Displacement-Observed,1,0,280,0
pusht,47,prefix_b,Direct,1,0,280,0
pusht,47,prefix_b,Predictor-Final,1,0,280,6
pusht,47,prefix_b,Predictor-Observed,1,0,280,6
pusht,47,prefix_b,Predictor-Learned,1,0,280,5
pusht,47,prefix_b,Simulator-Final,1,0,280,7
pusht,47,prefix_b,Simulator-Observed,1,0,280,6
pusht,47,prefix_b,Simulator-Learned,1,0,280,5
pusht,47,prefix_b,Displacement-Observed,1,0,280,2
pusht,48,clean,Direct,1,1,137,0
pusht,48,clean,Predictor-Final,1,1,137,5
pusht,48,clean,Predictor-Observed,1,1,137,0
pusht,48,clean,Predictor-Learned,1,1,137,6
pusht,48,clean,Simulator-Final,1,1,137,6
pusht,48,clean,Simulator-Observed,1,1,137,0
pusht,48,clean,Simulator-Learned,1,1,137,6
pusht,48,clean,Displacement-Observed,1,1,137,6
pusht,48,prefix_a,Direct,1,0,280,0
pusht,48,prefix_a,Predictor-Final,1,0,280,4
pusht,48,prefix_a,Predictor-Observed,1,1,136,3
pusht,48,prefix_a,Predictor-Learned,1,0,280,5
pusht,48,prefix_a,Simulator-Final,1,0,280,4
pusht,48,prefix_a,Simulator-Observed,1,1,136,3
pusht,48,prefix_a,Simulator-Learned,1,0,280,4
pusht,48,prefix_a,Displacement-Observed,1,0,280,1
pusht,48,prefix_b,Direct,1,1,138,0
pusht,48,prefix_b,Predictor-Final,1,1,137,5
pusht,48,prefix_b,Predictor-Observed,1,1,140,6
pusht,48,prefix_b,Predictor-Learned,1,1,136,2
pusht,48,prefix_b,Simulator-Final,1,1,138,0
pusht,48,prefix_b,Simulator-Observed,1,1,138,0
pusht,48,prefix_b,Simulator-Learned,1,1,136,1
pusht,48,prefix_b,Displacement-Observed,1,1,138,0
pusht,49,clean,Direct,1,1,134,0
pusht,49,clean,Predictor-Final,1,0,280,3
pusht,49,clean,Predictor-Observed,1,1,133,1
pusht,49,clean,Predictor-Learned,1,1,135,5
pusht,49,clean,Simulator-Final,1,1,134,6
pusht,49,clean,Simulator-Observed,1,1,137,7
pusht,49,clean,Simulator-Learned,1,1,137,7
pusht,49,clean,Displacement-Observed,1,1,134,0
pusht,49,prefix_a,Direct,1,0,280,0
pusht,49,prefix_a,Predictor-Final,1,0,280,1
pusht,49,prefix_a,Predictor-Observed,1,0,280,0
pusht,49,prefix_a,Predictor-Learned,1,1,139,3
pusht,49,prefix_a,Simulator-Final,1,0,280,1
pusht,49,prefix_a,Simulator-Observed,1,0,280,1
pusht,49,prefix_a,Simulator-Learned,1,1,140,2
pusht,49,prefix_a,Displacement-Observed,1,0,280,0
pusht,49,prefix_b,Direct,1,0,280,0
pusht,49,prefix_b,Predictor-Final,1,0,280,3
pusht,49,prefix_b,Predictor-Observed,1,0,280,3
pusht,49,prefix_b,Predictor-Learned,1,0,280,6
pusht,49,prefix_b,Simulator-Final,1,0,280,0
pusht,49,prefix_b,Simulator-Observed,1,0,280,1
pusht,49,prefix_b,Simulator-Learned,1,0,280,7
pusht,49,prefix_b,Displacement-Observed,1,0,280,3
pusht,50,clean,Direct,1,1,126,0
pusht,50,clean,Predictor-Final,1,1,126,6
pusht,50,clean,Predictor-Observed,1,1,126,4
pusht,50,clean,Predictor-Learned,1,1,126,1
pusht,50,clean,Simulator-Final,1,1,126,0
pusht,50,clean,Simulator-Observed,1,1,126,4
pusht,50,clean,Simulator-Learned,1,1,126,4
pusht,50,clean,Displacement-Observed,1,1,126,4
pusht,50,prefix_a,Direct,1,1,268,0
pusht,50,prefix_a,Predictor-Final,1,1,140,2
pusht,50,prefix_a,Predictor-Observed,1,1,140,2
pusht,50,prefix_a,Predictor-Learned,1,1,223,5
pusht,50,prefix_a,Simulator-Final,1,1,140,2
pusht,50,prefix_a,Simulator-Observed,1,1,268,0
pusht,50,prefix_a,Simulator-Learned,1,1,140,2
pusht,50,prefix_a,Displacement-Observed,1,1,140,2
pusht,50,prefix_b,Direct,1,0,280,0
pusht,50,prefix_b,Predictor-Final,1,0,280,6
pusht,50,prefix_b,Predictor-Observed,1,0,280,5
pusht,50,prefix_b,Predictor-Learned,1,0,280,5
pusht,50,prefix_b,Simulator-Final,1,0,280,1
pusht,50,prefix_b,Simulator-Observed,1,0,280,5
pusht,50,prefix_b,Simulator-Learned,1,0,280,5
pusht,50,prefix_b,Displacement-Observed,1,0,280,5
pusht,51,clean,Direct,1,1,139,0
pusht,51,clean,Predictor-Final,1,1,140,7
pusht,51,clean,Predictor-Observed,1,1,140,2
pusht,51,clean,Predictor-Learned,1,1,140,2
pusht,51,clean,Simulator-Final,1,1,140,7
pusht,51,clean,Simulator-Observed,1,1,140,7
pusht,51,clean,Simulator-Learned,1,1,141,1
pusht,51,clean,Displacement-Observed,1,1,139,3
pusht,51,prefix_a,Direct,1,1,132,0
pusht,51,prefix_a,Predictor-Final,1,0,280,3
pusht,51,prefix_a,Predictor-Observed,1,1,144,5
pusht,51,prefix_a,Predictor-Learned,1,0,280,3
pusht,51,prefix_a,Simulator-Final,1,0,280,6
pusht,51,prefix_a,Simulator-Observed,1,1,134,4
pusht,51,prefix_a,Simulator-Learned,1,0,280,6
pusht,51,prefix_a,Displacement-Observed,1,1,144,5
pusht,51,prefix_b,Direct,1,1,137,0
pusht,51,prefix_b,Predictor-Final,1,0,280,3
pusht,51,prefix_b,Predictor-Observed,1,1,151,5
pusht,51,prefix_b,Predictor-Learned,1,0,280,7
pusht,51,prefix_b,Simulator-Final,1,0,280,4
pusht,51,prefix_b,Simulator-Observed,1,1,151,5
pusht,51,prefix_b,Simulator-Learned,1,1,137,0
pusht,51,prefix_b,Displacement-Observed,1,1,151,5
pusht,52,clean,Direct,1,1,181,0
pusht,52,clean,Predictor-Final,1,1,181,0
pusht,52,clean,Predictor-Observed,1,1,181,0
pusht,52,clean,Predictor-Learned,1,0,280,5
pusht,52,clean,Simulator-Final,1,1,181,0
pusht,52,clean,Simulator-Observed,1,1,181,0
pusht,52,clean,Simulator-Learned,1,0,280,5
pusht,52,clean,Displacement-Observed,1,1,181,0
pusht,52,prefix_a,Direct,1,1,138,0
pusht,52,prefix_a,Predictor-Final,1,0,280,1
pusht,52,prefix_a,Predictor-Observed,1,1,138,0
pusht,52,prefix_a,Predictor-Learned,1,0,280,6
pusht,52,prefix_a,Simulator-Final,1,0,280,1
pusht,52,prefix_a,Simulator-Observed,1,1,138,0
pusht,52,prefix_a,Simulator-Learned,1,1,147,4
pusht,52,prefix_a,Displacement-Observed,1,1,138,0
pusht,52,prefix_b,Direct,1,1,138,0
pusht,52,prefix_b,Predictor-Final,1,1,138,0
pusht,52,prefix_b,Predictor-Observed,1,1,138,0
pusht,52,prefix_b,Predictor-Learned,1,1,144,5
pusht,52,prefix_b,Simulator-Final,1,1,138,0
pusht,52,prefix_b,Simulator-Observed,1,1,138,0
pusht,52,prefix_b,Simulator-Learned,1,1,144,5
pusht,52,prefix_b,Displacement-Observed,1,1,138,0
pusht,53,clean,Direct,1,1,69,0
pusht,53,clean,Predictor-Final,1,1,69,3
pusht,53,clean,Predictor-Observed,1,1,69,0
pusht,53,clean,Predictor-Learned,1,0,280,4
pusht,53,clean,Simulator-Final,1,0,280,4
pusht,53,clean,Simulator-Observed,1,1,69,0
pusht,53,clean,Simulator-Learned,1,0,280,4
pusht,53,clean,Displacement-Observed,1,1,69,0
pusht,53,prefix_a,Direct,1,1,72,0
pusht,53,prefix_a,Predictor-Final,1,1,68,3
pusht,53,prefix_a,Predictor-Observed,1,1,72,4
pusht,53,prefix_a,Predictor-Learned,1,1,72,4
pusht,53,prefix_a,Simulator-Final,1,1,72,0
pusht,53,prefix_a,Simulator-Observed,1,1,72,4
pusht,53,prefix_a,Simulator-Learned,1,1,72,4
pusht,53,prefix_a,Displacement-Observed,1,1,72,4
pusht,53,prefix_b,Direct,1,0,280,0
pusht,53,prefix_b,Predictor-Final,1,1,140,1
pusht,53,prefix_b,Predictor-Observed,1,1,140,1
pusht,53,prefix_b,Predictor-Learned,1,0,280,7
pusht,53,prefix_b,Simulator-Final,1,0,280,6
pusht,53,prefix_b,Simulator-Observed,1,1,140,1
pusht,53,prefix_b,Simulator-Learned,1,0,280,7
pusht,53,prefix_b,Displacement-Observed,1,1,140,1
pusht,54,clean,Direct,1,1,139,0
pusht,54,clean,Predictor-Final,1,1,139,7
pusht,54,clean,Predictor-Observed,1,1,139,4
pusht,54,clean,Predictor-Learned,1,1,139,5
pusht,54,clean,Simulator-Final,1,1,139,0
pusht,54,clean,Simulator-Observed,1,1,139,0
pusht,54,clean,Simulator-Learned,1,1,139,0
pusht,54,clean,Displacement-Observed,1,1,139,4
pusht,54,prefix_a,Direct,1,0,280,0
pusht,54,prefix_a,Predictor-Final,1,0,280,6
pusht,54,prefix_a,Predictor-Observed,1,0,280,5
pusht,54,prefix_a,Predictor-Learned,1,0,280,0
pusht,54,prefix_a,Simulator-Final,1,0,280,4
pusht,54,prefix_a,Simulator-Observed,1,0,280,4
pusht,54,prefix_a,Simulator-Learned,1,0,280,0
pusht,54,prefix_a,Displacement-Observed,1,0,280,0
pusht,54,prefix_b,Direct,1,0,280,0
pusht,54,prefix_b,Predictor-Final,1,0,280,4
pusht,54,prefix_b,Predictor-Observed,1,0,280,4
pusht,54,prefix_b,Predictor-Learned,1,0,280,4
pusht,54,prefix_b,Simulator-Final,1,0,280,4
pusht,54,prefix_b,Simulator-Observed,1,0,280,4
pusht,54,prefix_b,Simulator-Learned,1,0,280,4
pusht,54,prefix_b,Displacement-Observed,1,0,280,6
pusht,55,clean,Direct,1,0,280,0
pusht,55,clean,Predictor-Final,1,0,280,0
pusht,55,clean,Predictor-Observed,1,0,280,1
pusht,55,clean,Predictor-Learned,1,0,280,7
pusht,55,clean,Simulator-Final,1,0,280,0
pusht,55,clean,Simulator-Observed,1,0,280,0
pusht,55,clean,Simulator-Learned,1,0,280,7
pusht,55,clean,Displacement-Observed,1,0,280,1
pusht,55,prefix_a,Direct,1,0,280,0
pusht,55,prefix_a,Predictor-Final,1,0,280,4
pusht,55,prefix_a,Predictor-Observed,1,0,280,7
pusht,55,prefix_a,Predictor-Learned,1,0,280,7
pusht,55,prefix_a,Simulator-Final,1,0,280,6
pusht,55,prefix_a,Simulator-Observed,1,0,280,6
pusht,55,prefix_a,Simulator-Learned,1,0,280,5
pusht,55,prefix_a,Displacement-Observed,1,0,280,0
pusht,55,prefix_b,Direct,1,0,280,0
pusht,55,prefix_b,Predictor-Final,1,0,280,3
pusht,55,prefix_b,Predictor-Observed,1,0,280,2
pusht,55,prefix_b,Predictor-Learned,1,0,280,7
pusht,55,prefix_b,Simulator-Final,1,0,280,1
pusht,55,prefix_b,Simulator-Observed,1,0,280,1
pusht,55,prefix_b,Simulator-Learned,1,0,280,7
pusht,55,prefix_b,Displacement-Observed,1,0,280,0
pusht,56,clean,Direct,1,0,280,0
pusht,56,clean,Predictor-Final,1,0,280,0
pusht,56,clean,Predictor-Observed,1,1,138,2
pusht,56,clean,Predictor-Learned,1,1,138,2
pusht,56,clean,Simulator-Final,1,0,280,0
pusht,56,clean,Simulator-Observed,1,1,136,7
pusht,56,clean,Simulator-Learned,1,1,137,3
pusht,56,clean,Displacement-Observed,1,0,280,1
pusht,56,prefix_a,Direct,1,0,280,0
pusht,56,prefix_a,Predictor-Final,1,0,280,0
pusht,56,prefix_a,Predictor-Observed,1,0,280,2
pusht,56,prefix_a,Predictor-Learned,1,0,280,2
pusht,56,prefix_a,Simulator-Final,1,0,280,6
pusht,56,prefix_a,Simulator-Observed,1,0,280,2
pusht,56,prefix_a,Simulator-Learned,1,0,280,2
pusht,56,prefix_a,Displacement-Observed,1,0,280,5
pusht,56,prefix_b,Direct,1,0,280,0
pusht,56,prefix_b,Predictor-Final,1,0,280,7
pusht,56,prefix_b,Predictor-Observed,1,0,280,1
pusht,56,prefix_b,Predictor-Learned,1,0,280,1
pusht,56,prefix_b,Simulator-Final,1,0,280,2
pusht,56,prefix_b,Simulator-Observed,1,0,280,1
pusht,56,prefix_b,Simulator-Learned,1,0,280,1
pusht,56,prefix_b,Displacement-Observed,1,0,280,1
pusht,57,clean,Direct,1,1,140,0
pusht,57,clean,Predictor-Final,1,1,140,0
pusht,57,clean,Predictor-Observed,1,1,142,2
pusht,57,clean,Predictor-Learned,1,1,160,5
pusht,57,clean,Simulator-Final,1,1,140,0
pusht,57,clean,Simulator-Observed,1,1,142,2
pusht,57,clean,Simulator-Learned,1,1,141,4
pusht,57,clean,Displacement-Observed,1,1,140,6
pusht,57,prefix_a,Direct,1,0,280,0
pusht,57,prefix_a,Predictor-Final,1,0,280,5
pusht,57,prefix_a,Predictor-Observed,1,0,280,6
pusht,57,prefix_a,Predictor-Learned,1,0,280,0
pusht,57,prefix_a,Simulator-Final,1,0,280,7
pusht,57,prefix_a,Simulator-Observed,1,0,280,3
pusht,57,prefix_a,Simulator-Learned,1,0,280,3
pusht,57,prefix_a,Displacement-Observed,1,0,280,4
pusht,57,prefix_b,Direct,1,0,280,0
pusht,57,prefix_b,Predictor-Final,1,0,280,1
pusht,57,prefix_b,Predictor-Observed,1,0,280,6
pusht,57,prefix_b,Predictor-Learned,1,0,280,6
pusht,57,prefix_b,Simulator-Final,1,0,280,4
pusht,57,prefix_b,Simulator-Observed,1,0,280,5
pusht,57,prefix_b,Simulator-Learned,1,0,280,2
pusht,57,prefix_b,Displacement-Observed,1,0,280,3
pusht,58,clean,Direct,1,1,139,0
pusht,58,clean,Predictor-Final,1,0,280,2
pusht,58,clean,Predictor-Observed,1,1,137,3
pusht,58,clean,Predictor-Learned,1,1,137,3
pusht,58,clean,Simulator-Final,1,0,280,7
pusht,58,clean,Simulator-Observed,1,1,137,3
pusht,58,clean,Simulator-Learned,1,1,137,3
pusht,58,clean,Displacement-Observed,1,1,139,0
pusht,58,prefix_a,Direct,1,0,280,0
pusht,58,prefix_a,Predictor-Final,1,0,280,2
pusht,58,prefix_a,Predictor-Observed,1,0,280,1
pusht,58,prefix_a,Predictor-Learned,1,1,142,7
pusht,58,prefix_a,Simulator-Final,1,0,280,4
pusht,58,prefix_a,Simulator-Observed,1,0,280,1
pusht,58,prefix_a,Simulator-Learned,1,1,142,7
pusht,58,prefix_a,Displacement-Observed,1,0,280,2
pusht,58,prefix_b,Direct,1,0,280,0
pusht,58,prefix_b,Predictor-Final,1,0,280,2
pusht,58,prefix_b,Predictor-Observed,1,0,280,1
pusht,58,prefix_b,Predictor-Learned,1,0,280,0
pusht,58,prefix_b,Simulator-Final,1,0,280,2
pusht,58,prefix_b,Simulator-Observed,1,0,280,7
pusht,58,prefix_b,Simulator-Learned,1,0,280,3
pusht,58,prefix_b,Displacement-Observed,1,0,280,4
pusht,59,clean,Direct,1,1,136,0
pusht,59,clean,Predictor-Final,1,0,280,2
pusht,59,clean,Predictor-Observed,1,0,280,2
pusht,59,clean,Predictor-Learned,1,0,280,6
pusht,59,clean,Simulator-Final,1,0,280,2
pusht,59,clean,Simulator-Observed,1,0,280,2
pusht,59,clean,Simulator-Learned,1,0,280,6
pusht,59,clean,Displacement-Observed,1,0,280,2
pusht,59,prefix_a,Direct,1,1,137,0
pusht,59,prefix_a,Predictor-Final,1,0,280,2
pusht,59,prefix_a,Predictor-Observed,1,1,137,0
pusht,59,prefix_a,Predictor-Learned,1,0,280,2
pusht,59,prefix_a,Simulator-Final,1,0,280,2
pusht,59,prefix_a,Simulator-Observed,1,0,280,3
pusht,59,prefix_a,Simulator-Learned,1,1,130,4
pusht,59,prefix_a,Displacement-Observed,1,1,137,0
pusht,59,prefix_b,Direct,1,1,135,0
pusht,59,prefix_b,Predictor-Final,1,1,137,2
pusht,59,prefix_b,Predictor-Observed,1,1,137,2
pusht,59,prefix_b,Predictor-Learned,1,1,140,6
pusht,59,prefix_b,Simulator-Final,1,1,137,2
pusht,59,prefix_b,Simulator-Observed,1,1,136,7
pusht,59,prefix_b,Simulator-Learned,1,1,140,6
pusht,59,prefix_b,Displacement-Observed,1,1,137,2
pusht,60,clean,Direct,1,1,138,0
pusht,60,clean,Predictor-Final,1,1,138,0
pusht,60,clean,Predictor-Observed,1,1,140,1
pusht,60,clean,Predictor-Learned,1,0,280,7
pusht,60,clean,Simulator-Final,1,0,280,3
pusht,60,clean,Simulator-Observed,1,1,140,1
pusht,60,clean,Simulator-Learned,1,0,280,7
pusht,60,clean,Displacement-Observed,1,0,280,3
pusht,60,prefix_a,Direct,1,1,139,0
pusht,60,prefix_a,Predictor-Final,1,1,139,0
pusht,60,prefix_a,Predictor-Observed,1,0,280,2
pusht,60,prefix_a,Predictor-Learned,1,1,138,7
pusht,60,prefix_a,Simulator-Final,1,0,280,2
pusht,60,prefix_a,Simulator-Observed,1,0,280,2
pusht,60,prefix_a,Simulator-Learned,1,1,139,0
pusht,60,prefix_a,Displacement-Observed,1,0,280,2
pusht,60,prefix_b,Direct,1,0,280,0
pusht,60,prefix_b,Predictor-Final,1,0,280,0
pusht,60,prefix_b,Predictor-Observed,1,1,138,4
pusht,60,prefix_b,Predictor-Learned,1,0,280,1
pusht,60,prefix_b,Simulator-Final,1,0,280,3
pusht,60,prefix_b,Simulator-Observed,1,1,138,4
pusht,60,prefix_b,Simulator-Learned,1,0,280,5
pusht,60,prefix_b,Displacement-Observed,1,0,280,0
pusht,61,clean,Direct,1,1,116,0
pusht,61,clean,Predictor-Final,1,0,280,3
pusht,61,clean,Predictor-Observed,1,1,138,4
pusht,61,clean,Predictor-Learned,1,1,113,7
pusht,61,clean,Simulator-Final,1,0,280,1
pusht,61,clean,Simulator-Observed,1,1,116,0
pusht,61,clean,Simulator-Learned,1,0,280,5
pusht,61,clean,Displacement-Observed,1,1,116,0
pusht,61,prefix_a,Direct,1,1,136,0
pusht,61,prefix_a,Predictor-Final,1,1,135,3
pusht,61,prefix_a,Predictor-Observed,1,1,137,4
pusht,61,prefix_a,Predictor-Learned,1,1,135,1
pusht,61,prefix_a,Simulator-Final,1,1,135,1
pusht,61,prefix_a,Simulator-Observed,1,1,137,4
pusht,61,prefix_a,Simulator-Learned,1,1,136,6
pusht,61,prefix_a,Displacement-Observed,1,1,136,0
pusht,61,prefix_b,Direct,1,0,280,0
pusht,61,prefix_b,Predictor-Final,1,0,280,3
pusht,61,prefix_b,Predictor-Observed,1,0,280,4
pusht,61,prefix_b,Predictor-Learned,1,1,145,7
pusht,61,prefix_b,Simulator-Final,1,0,280,5
pusht,61,prefix_b,Simulator-Observed,1,0,280,6
pusht,61,prefix_b,Simulator-Learned,1,0,280,0
pusht,61,prefix_b,Displacement-Observed,1,0,280,6
pusht,62,clean,Direct,1,1,137,0
pusht,62,clean,Predictor-Final,1,1,137,0
pusht,62,clean,Predictor-Observed,1,0,280,7
pusht,62,clean,Predictor-Learned,1,0,280,7
pusht,62,clean,Simulator-Final,1,1,133,6
pusht,62,clean,Simulator-Observed,1,0,280,4
pusht,62,clean,Simulator-Learned,1,0,280,3
pusht,62,clean,Displacement-Observed,1,1,133,6
pusht,62,prefix_a,Direct,1,0,280,0
pusht,62,prefix_a,Predictor-Final,1,0,280,0
pusht,62,prefix_a,Predictor-Observed,1,0,280,0
pusht,62,prefix_a,Predictor-Learned,1,0,280,1
pusht,62,prefix_a,Simulator-Final,1,0,280,0
pusht,62,prefix_a,Simulator-Observed,1,0,280,0
pusht,62,prefix_a,Simulator-Learned,1,0,280,0
pusht,62,prefix_a,Displacement-Observed,1,0,280,0
pusht,62,prefix_b,Direct,1,0,280,0
pusht,62,prefix_b,Predictor-Final,1,0,280,0
pusht,62,prefix_b,Predictor-Observed,1,0,280,0
pusht,62,prefix_b,Predictor-Learned,1,0,280,6
pusht,62,prefix_b,Simulator-Final,1,0,280,0
pusht,62,prefix_b,Simulator-Observed,1,0,280,0
pusht,62,prefix_b,Simulator-Learned,1,0,280,1
pusht,62,prefix_b,Displacement-Observed,1,0,280,0
pusht,63,clean,Direct,1,0,280,0
pusht,63,clean,Predictor-Final,1,0,280,7
pusht,63,clean,Predictor-Observed,1,0,280,6
pusht,63,clean,Predictor-Learned,1,0,280,7
pusht,63,clean,Simulator-Final,1,0,280,5
pusht,63,clean,Simulator-Observed,1,0,280,6
pusht,63,clean,Simulator-Learned,1,0,280,7
pusht,63,clean,Displacement-Observed,1,0,280,6
pusht,63,prefix_a,Direct,1,0,280,0
pusht,63,prefix_a,Predictor-Final,1,0,280,5
pusht,63,prefix_a,Predictor-Observed,1,0,280,6
pusht,63,prefix_a,Predictor-Learned,1,0,280,7
pusht,63,prefix_a,Simulator-Final,1,0,280,7
pusht,63,prefix_a,Simulator-Observed,1,0,280,6
pusht,63,prefix_a,Simulator-Learned,1,0,280,7
pusht,63,prefix_a,Displacement-Observed,1,0,280,6
pusht,63,prefix_b,Direct,1,0,280,0
pusht,63,prefix_b,Predictor-Final,1,0,280,5
pusht,63,prefix_b,Predictor-Observed,1,0,280,6
pusht,63,prefix_b,Predictor-Learned,1,0,280,7
pusht,63,prefix_b,Simulator-Final,1,0,280,1
pusht,63,prefix_b,Simulator-Observed,1,0,280,6
pusht,63,prefix_b,Simulator-Learned,1,0,280,5
pusht,63,prefix_b,Displacement-Observed,1,0,280,6
pusht,64,clean,Direct,1,0,280,0
pusht,64,clean,Predictor-Final,1,0,280,7
pusht,64,clean,Predictor-Observed,1,0,280,6
pusht,64,clean,Predictor-Learned,1,0,280,2
pusht,64,clean,Simulator-Final,1,0,280,3
pusht,64,clean,Simulator-Observed,1,0,280,6
pusht,64,clean,Simulator-Learned,1,0,280,2
pusht,64,clean,Displacement-Observed,1,0,280,0
pusht,64,prefix_a,Direct,1,1,115,0
pusht,64,prefix_a,Predictor-Final,1,1,190,7
pusht,64,prefix_a,Predictor-Observed,1,0,280,6
pusht,64,prefix_a,Predictor-Learned,1,0,280,4
pusht,64,prefix_a,Simulator-Final,1,1,190,7
pusht,64,prefix_a,Simulator-Observed,1,1,180,3
pusht,64,prefix_a,Simulator-Learned,1,1,115,0
pusht,64,prefix_a,Displacement-Observed,1,1,115,0
pusht,64,prefix_b,Direct,1,0,280,0
pusht,64,prefix_b,Predictor-Final,1,0,280,4
pusht,64,prefix_b,Predictor-Observed,1,0,280,7
pusht,64,prefix_b,Predictor-Learned,1,0,280,0
pusht,64,prefix_b,Simulator-Final,1,0,280,4
pusht,64,prefix_b,Simulator-Observed,1,0,280,7
pusht,64,prefix_b,Simulator-Learned,1,0,280,0
pusht,64,prefix_b,Displacement-Observed,1,0,280,7
pusht,65,clean,Direct,1,0,280,0
pusht,65,clean,Predictor-Final,1,0,280,7
pusht,65,clean,Predictor-Observed,1,0,280,1
pusht,65,clean,Predictor-Learned,1,0,280,6
pusht,65,clean,Simulator-Final,1,0,280,0
pusht,65,clean,Simulator-Observed,1,0,280,1
pusht,65,clean,Simulator-Learned,1,0,280,1
pusht,65,clean,Displacement-Observed,1,0,280,1
pusht,65,prefix_a,Direct,1,0,280,0
pusht,65,prefix_a,Predictor-Final,1,0,280,1
pusht,65,prefix_a,Predictor-Observed,1,0,280,0
pusht,65,prefix_a,Predictor-Learned,1,0,280,4
pusht,65,prefix_a,Simulator-Final,1,0,280,1
pusht,65,prefix_a,Simulator-Observed,1,0,280,2
pusht,65,prefix_a,Simulator-Learned,1,0,280,2
pusht,65,prefix_a,Displacement-Observed,1,0,280,3
pusht,65,prefix_b,Direct,1,0,280,0
pusht,65,prefix_b,Predictor-Final,1,0,280,7
pusht,65,prefix_b,Predictor-Observed,1,0,280,6
pusht,65,prefix_b,Predictor-Learned,1,0,280,6
pusht,65,prefix_b,Simulator-Final,1,0,280,7
pusht,65,prefix_b,Simulator-Observed,1,0,280,1
pusht,65,prefix_b,Simulator-Learned,1,0,280,1
pusht,65,prefix_b,Displacement-Observed,1,0,280,1
pusht,66,clean,Direct,1,0,280,0
pusht,66,clean,Predictor-Final,1,0,280,7
pusht,66,clean,Predictor-Observed,1,0,280,0
pusht,66,clean,Predictor-Learned,1,0,280,0
pusht,66,clean,Simulator-Final,1,0,280,7
pusht,66,clean,Simulator-Observed,1,0,280,0
pusht,66,clean,Simulator-Learned,1,0,280,0
pusht,66,clean,Displacement-Observed,1,0,280,0
pusht,66,prefix_a,Direct,1,1,139,0
pusht,66,prefix_a,Predictor-Final,1,1,139,0
pusht,66,prefix_a,Predictor-Observed,1,0,280,7
pusht,66,prefix_a,Predictor-Learned,1,0,280,2
pusht,66,prefix_a,Simulator-Final,1,0,280,7
pusht,66,prefix_a,Simulator-Observed,1,0,280,7
pusht,66,prefix_a,Simulator-Learned,1,0,280,3
pusht,66,prefix_a,Displacement-Observed,1,0,280,7
pusht,66,prefix_b,Direct,1,0,280,0
pusht,66,prefix_b,Predictor-Final,1,1,130,7
pusht,66,prefix_b,Predictor-Observed,1,0,280,0
pusht,66,prefix_b,Predictor-Learned,1,0,280,1
pusht,66,prefix_b,Simulator-Final,1,1,130,7
pusht,66,prefix_b,Simulator-Observed,1,0,280,0
pusht,66,prefix_b,Simulator-Learned,1,0,280,1
pusht,66,prefix_b,Displacement-Observed,1,0,280,0
pusht,67,clean,Direct,1,0,280,0
pusht,67,clean,Predictor-Final,1,1,140,4
pusht,67,clean,Predictor-Observed,1,0,280,5
pusht,67,clean,Predictor-Learned,1,1,140,6
pusht,67,clean,Simulator-Final,1,1,140,6
pusht,67,clean,Simulator-Observed,1,0,280,5
pusht,67,clean,Simulator-Learned,1,0,280,0
pusht,67,clean,Displacement-Observed,1,1,140,4
pusht,67,prefix_a,Direct,1,0,280,0
pusht,67,prefix_a,Predictor-Final,1,0,280,5
pusht,67,prefix_a,Predictor-Observed,1,0,280,4
pusht,67,prefix_a,Predictor-Learned,1,0,280,4
pusht,67,prefix_a,Simulator-Final,1,0,280,4
pusht,67,prefix_a,Simulator-Observed,1,0,280,2
pusht,67,prefix_a,Simulator-Learned,1,0,280,2
pusht,67,prefix_a,Displacement-Observed,1,0,280,4
pusht,67,prefix_b,Direct,1,0,280,0
pusht,67,prefix_b,Predictor-Final,1,0,280,4
pusht,67,prefix_b,Predictor-Observed,1,0,280,4
pusht,67,prefix_b,Predictor-Learned,1,0,280,4
pusht,67,prefix_b,Simulator-Final,1,0,280,1
pusht,67,prefix_b,Simulator-Observed,1,0,280,1
pusht,67,prefix_b,Simulator-Learned,1,0,280,1
pusht,67,prefix_b,Displacement-Observed,1,0,280,5
pusht,68,clean,Direct,1,1,72,0
pusht,68,clean,Predictor-Final,1,1,72,2
pusht,68,clean,Predictor-Observed,1,1,70,3
pusht,68,clean,Predictor-Learned,1,1,72,1
pusht,68,clean,Simulator-Final,1,1,72,0
pusht,68,clean,Simulator-Observed,1,1,72,0
pusht,68,clean,Simulator-Learned,1,1,72,1
pusht,68,clean,Displacement-Observed,1,1,72,0
pusht,68,prefix_a,Direct,1,1,75,0
pusht,68,prefix_a,Predictor-Final,1,1,75,1
pusht,68,prefix_a,Predictor-Observed,1,1,71,5
pusht,68,prefix_a,Predictor-Learned,1,1,78,2
pusht,68,prefix_a,Simulator-Final,1,1,75,1
pusht,68,prefix_a,Simulator-Observed,1,1,71,5
pusht,68,prefix_a,Simulator-Learned,1,1,78,2
pusht,68,prefix_a,Displacement-Observed,1,1,75,0
pusht,68,prefix_b,Direct,1,0,280,0
pusht,68,prefix_b,Predictor-Final,1,0,280,2
pusht,68,prefix_b,Predictor-Observed,1,1,138,3
pusht,68,prefix_b,Predictor-Learned,1,0,280,1
pusht,68,prefix_b,Simulator-Final,1,0,280,1
pusht,68,prefix_b,Simulator-Observed,1,0,280,1
pusht,68,prefix_b,Simulator-Learned,1,0,280,0
pusht,68,prefix_b,Displacement-Observed,1,1,138,3
pusht,69,clean,Direct,1,1,138,0
pusht,69,clean,Predictor-Final,1,1,138,7
pusht,69,clean,Predictor-Observed,1,1,138,0
pusht,69,clean,Predictor-Learned,1,1,138,0
pusht,69,clean,Simulator-Final,1,1,138,0
pusht,69,clean,Simulator-Observed,1,1,138,0
pusht,69,clean,Simulator-Learned,1,1,138,0
pusht,69,clean,Displacement-Observed,1,1,138,2
pusht,69,prefix_a,Direct,1,0,280,0
pusht,69,prefix_a,Predictor-Final,1,0,280,2
pusht,69,prefix_a,Predictor-Observed,1,0,280,6
pusht,69,prefix_a,Predictor-Learned,1,0,280,7
pusht,69,prefix_a,Simulator-Final,1,0,280,0
pusht,69,prefix_a,Simulator-Observed,1,0,280,0
pusht,69,prefix_a,Simulator-Learned,1,0,280,0
pusht,69,prefix_a,Displacement-Observed,1,0,280,0
pusht,69,prefix_b,Direct,1,0,280,0
pusht,69,prefix_b,Predictor-Final,1,0,280,7
pusht,69,prefix_b,Predictor-Observed,1,0,280,1
pusht,69,prefix_b,Predictor-Learned,1,0,280,7
pusht,69,prefix_b,Simulator-Final,1,0,280,7
pusht,69,prefix_b,Simulator-Observed,1,0,280,0
pusht,69,prefix_b,Simulator-Learned,1,0,280,7
pusht,69,prefix_b,Displacement-Observed,1,0,280,1
pusht,70,clean,Direct,1,0,280,0
pusht,70,clean,Predictor-Final,1,0,280,7
pusht,70,clean,Predictor-Observed,1,0,280,5
pusht,70,clean,Predictor-Learned,1,0,280,5
pusht,70,clean,Simulator-Final,1,0,280,7
pusht,70,clean,Simulator-Observed,1,0,280,5
pusht,70,clean,Simulator-Learned,1,0,280,7
pusht,70,clean,Displacement-Observed,1,0,280,5
pusht,70,prefix_a,Direct,1,0,280,0
pusht,70,prefix_a,Predictor-Final,1,0,280,7
pusht,70,prefix_a,Predictor-Observed,1,0,280,1
pusht,70,prefix_a,Predictor-Learned,1,0,280,7
pusht,70,prefix_a,Simulator-Final,1,0,280,7
pusht,70,prefix_a,Simulator-Observed,1,0,280,1
pusht,70,prefix_a,Simulator-Learned,1,0,280,7
pusht,70,prefix_a,Displacement-Observed,1,0,280,0
pusht,70,prefix_b,Direct,1,0,280,0
pusht,70,prefix_b,Predictor-Final,1,0,280,6
pusht,70,prefix_b,Predictor-Observed,1,0,280,5
pusht,70,prefix_b,Predictor-Learned,1,0,280,6
pusht,70,prefix_b,Simulator-Final,1,0,280,6
pusht,70,prefix_b,Simulator-Observed,1,0,280,3
pusht,70,prefix_b,Simulator-Learned,1,0,280,6
pusht,70,prefix_b,Displacement-Observed,1,0,280,0
pusht,71,clean,Direct,1,0,280,0
pusht,71,clean,Predictor-Final,1,0,280,5
pusht,71,clean,Predictor-Observed,1,0,280,3
pusht,71,clean,Predictor-Learned,1,0,280,4
pusht,71,clean,Simulator-Final,1,0,280,6
pusht,71,clean,Simulator-Observed,1,0,280,3
pusht,71,clean,Simulator-Learned,1,0,280,4
pusht,71,clean,Displacement-Observed,1,0,280,0
pusht,71,prefix_a,Direct,1,0,280,0
pusht,71,prefix_a,Predictor-Final,1,0,280,6
pusht,71,prefix_a,Predictor-Observed,1,0,280,2
pusht,71,prefix_a,Predictor-Learned,1,0,280,5
pusht,71,prefix_a,Simulator-Final,1,0,280,6
pusht,71,prefix_a,Simulator-Observed,1,0,280,2
pusht,71,prefix_a,Simulator-Learned,1,0,280,5
pusht,71,prefix_a,Displacement-Observed,1,0,280,0
pusht,71,prefix_b,Direct,1,0,280,0
pusht,71,prefix_b,Predictor-Final,1,0,280,7
pusht,71,prefix_b,Predictor-Observed,1,0,280,1
pusht,71,prefix_b,Predictor-Learned,1,0,280,1
pusht,71,prefix_b,Simulator-Final,1,0,280,7
pusht,71,prefix_b,Simulator-Observed,1,0,280,4
pusht,71,prefix_b,Simulator-Learned,1,0,280,1
pusht,71,prefix_b,Displacement-Observed,1,0,280,0
pusht,72,clean,Direct,1,0,280,0
pusht,72,clean,Predictor-Final,1,1,230,1
pusht,72,clean,Predictor-Observed,1,1,134,3
pusht,72,clean,Predictor-Learned,1,0,280,0
pusht,72,clean,Simulator-Final,1,0,280,7
pusht,72,clean,Simulator-Observed,1,1,134,3
pusht,72,clean,Simulator-Learned,1,1,150,6
pusht,72,clean,Displacement-Observed,1,0,280,7
pusht,72,prefix_a,Direct,1,1,181,0
pusht,72,prefix_a,Predictor-Final,1,0,280,5
pusht,72,prefix_a,Predictor-Observed,1,0,280,1
pusht,72,prefix_a,Predictor-Learned,1,1,254,3
pusht,72,prefix_a,Simulator-Final,1,0,280,2
pusht,72,prefix_a,Simulator-Observed,1,0,280,1
pusht,72,prefix_a,Simulator-Learned,1,0,280,1
pusht,72,prefix_a,Displacement-Observed,1,0,280,4
pusht,72,prefix_b,Direct,1,0,280,0
pusht,72,prefix_b,Predictor-Final,1,0,280,3
pusht,72,prefix_b,Predictor-Observed,1,0,280,7
pusht,72,prefix_b,Predictor-Learned,1,0,280,3
pusht,72,prefix_b,Simulator-Final,1,0,280,4
pusht,72,prefix_b,Simulator-Observed,1,0,280,7
pusht,72,prefix_b,Simulator-Learned,1,0,280,3
pusht,72,prefix_b,Displacement-Observed,1,0,280,0
pusht,73,clean,Direct,1,1,201,0
pusht,73,clean,Predictor-Final,1,0,280,5
pusht,73,clean,Predictor-Observed,1,1,201,0
pusht,73,clean,Predictor-Learned,1,1,149,3
pusht,73,clean,Simulator-Final,1,1,149,2
pusht,73,clean,Simulator-Observed,1,1,201,0
pusht,73,clean,Simulator-Learned,1,1,149,2
pusht,73,clean,Displacement-Observed,1,0,280,4
pusht,73,prefix_a,Direct,1,1,140,0
pusht,73,prefix_a,Predictor-Final,1,1,141,2
pusht,73,prefix_a,Predictor-Observed,1,1,140,0
pusht,73,prefix_a,Predictor-Learned,1,1,141,7
pusht,73,prefix_a,Simulator-Final,1,1,140,0
pusht,73,prefix_a,Simulator-Observed,1,1,140,0
pusht,73,prefix_a,Simulator-Learned,1,1,141,2
pusht,73,prefix_a,Displacement-Observed,1,1,139,4
pusht,73,prefix_b,Direct,1,1,152,0
pusht,73,prefix_b,Predictor-Final,1,1,139,2
pusht,73,prefix_b,Predictor-Observed,1,1,152,0
pusht,73,prefix_b,Predictor-Learned,1,1,139,7
pusht,73,prefix_b,Simulator-Final,1,1,139,2
pusht,73,prefix_b,Simulator-Observed,1,1,152,0
pusht,73,prefix_b,Simulator-Learned,1,1,139,3
pusht,73,prefix_b,Displacement-Observed,1,1,141,5
pusht,74,clean,Direct,1,0,280,0
pusht,74,clean,Predictor-Final,1,0,280,2
pusht,74,clean,Predictor-Observed,1,1,140,1
pusht,74,clean,Predictor-Learned,1,1,140,1
pusht,74,clean,Simulator-Final,1,0,280,2
pusht,74,clean,Simulator-Observed,1,0,280,0
pusht,74,clean,Simulator-Learned,1,1,140,1
pusht,74,clean,Displacement-Observed,1,0,280,0
pusht,74,prefix_a,Direct,1,1,144,0
pusht,74,prefix_a,Predictor-Final,1,0,280,7
pusht,74,prefix_a,Predictor-Observed,1,1,150,1
pusht,74,prefix_a,Predictor-Learned,1,1,144,0
pusht,74,prefix_a,Simulator-Final,1,0,280,7
pusht,74,prefix_a,Simulator-Observed,1,1,150,1
pusht,74,prefix_a,Simulator-Learned,1,1,144,0
pusht,74,prefix_a,Displacement-Observed,1,1,150,2
pusht,74,prefix_b,Direct,1,0,280,0
pusht,74,prefix_b,Predictor-Final,1,1,148,1
pusht,74,prefix_b,Predictor-Observed,1,1,148,1
pusht,74,prefix_b,Predictor-Learned,1,1,148,1
pusht,74,prefix_b,Simulator-Final,1,1,148,1
pusht,74,prefix_b,Simulator-Observed,1,1,148,1
pusht,74,prefix_b,Simulator-Learned,1,1,148,1
pusht,74,prefix_b,Displacement-Observed,1,0,280,0
pusht,75,clean,Direct,1,1,139,0
pusht,75,clean,Predictor-Final,1,1,138,7
pusht,75,clean,Predictor-Observed,1,1,138,4
pusht,75,clean,Predictor-Learned,1,1,138,6
pusht,75,clean,Simulator-Final,1,1,138,7
pusht,75,clean,Simulator-Observed,1,1,138,4
pusht,75,clean,Simulator-Learned,1,1,138,4
pusht,75,clean,Displacement-Observed,1,1,138,6
pusht,75,prefix_a,Direct,1,0,280,0
pusht,75,prefix_a,Predictor-Final,1,0,280,0
pusht,75,prefix_a,Predictor-Observed,1,0,280,0
pusht,75,prefix_a,Predictor-Learned,1,0,280,0
pusht,75,prefix_a,Simulator-Final,1,0,280,0
pusht,75,prefix_a,Simulator-Observed,1,0,280,0
pusht,75,prefix_a,Simulator-Learned,1,0,280,0
pusht,75,prefix_a,Displacement-Observed,1,0,280,0
pusht,75,prefix_b,Direct,1,1,142,0
pusht,75,prefix_b,Predictor-Final,1,1,142,6
pusht,75,prefix_b,Predictor-Observed,1,1,142,1
pusht,75,prefix_b,Predictor-Learned,1,1,143,7
pusht,75,prefix_b,Simulator-Final,1,1,142,1
pusht,75,prefix_b,Simulator-Observed,1,1,142,0
pusht,75,prefix_b,Simulator-Learned,1,1,142,6
pusht,75,prefix_b,Displacement-Observed,1,1,143,4
pusht,76,clean,Direct,1,0,280,0
pusht,76,clean,Predictor-Final,1,0,280,5
pusht,76,clean,Predictor-Observed,1,0,280,1
pusht,76,clean,Predictor-Learned,1,1,178,6
pusht,76,clean,Simulator-Final,1,1,178,6
pusht,76,clean,Simulator-Observed,1,0,280,1
pusht,76,clean,Simulator-Learned,1,1,178,6
pusht,76,clean,Displacement-Observed,1,0,280,1
pusht,76,prefix_a,Direct,1,0,280,0
pusht,76,prefix_a,Predictor-Final,1,0,280,5
pusht,76,prefix_a,Predictor-Observed,1,0,280,7
pusht,76,prefix_a,Predictor-Learned,1,0,280,7
pusht,76,prefix_a,Simulator-Final,1,0,280,7
pusht,76,prefix_a,Simulator-Observed,1,0,280,7
pusht,76,prefix_a,Simulator-Learned,1,0,280,0
pusht,76,prefix_a,Displacement-Observed,1,0,280,2
pusht,76,prefix_b,Direct,1,0,280,0
pusht,76,prefix_b,Predictor-Final,1,0,280,1
pusht,76,prefix_b,Predictor-Observed,1,0,280,5
pusht,76,prefix_b,Predictor-Learned,1,0,280,5
pusht,76,prefix_b,Simulator-Final,1,0,280,0
pusht,76,prefix_b,Simulator-Observed,1,0,280,5
pusht,76,prefix_b,Simulator-Learned,1,0,280,1
pusht,76,prefix_b,Displacement-Observed,1,0,280,1
pusht,77,clean,Direct,1,0,280,0
pusht,77,clean,Predictor-Final,1,0,280,5
pusht,77,clean,Predictor-Observed,1,0,280,2
pusht,77,clean,Predictor-Learned,1,0,280,7
pusht,77,clean,Simulator-Final,1,0,280,5
pusht,77,clean,Simulator-Observed,1,0,280,4
pusht,77,clean,Simulator-Learned,1,0,280,6
pusht,77,clean,Displacement-Observed,1,0,280,2
pusht,77,prefix_a,Direct,1,0,280,0
pusht,77,prefix_a,Predictor-Final,1,0,280,7
pusht,77,prefix_a,Predictor-Observed,1,0,280,1
pusht,77,prefix_a,Predictor-Learned,1,0,280,6
pusht,77,prefix_a,Simulator-Final,1,0,280,7
pusht,77,prefix_a,Simulator-Observed,1,0,280,1
pusht,77,prefix_a,Simulator-Learned,1,0,280,6
pusht,77,prefix_a,Displacement-Observed,1,0,280,0
pusht,77,prefix_b,Direct,1,0,280,0
pusht,77,prefix_b,Predictor-Final,1,0,280,7
pusht,77,prefix_b,Predictor-Observed,1,0,280,2
pusht,77,prefix_b,Predictor-Learned,1,0,280,5
pusht,77,prefix_b,Simulator-Final,1,0,280,7
pusht,77,prefix_b,Simulator-Observed,1,0,280,2
pusht,77,prefix_b,Simulator-Learned,1,0,280,5
pusht,77,prefix_b,Displacement-Observed,1,0,280,0
pusht,78,clean,Direct,1,1,143,0
pusht,78,clean,Predictor-Final,1,0,280,6
pusht,78,clean,Predictor-Observed,1,0,280,7
pusht,78,clean,Predictor-Learned,1,1,141,1
pusht,78,clean,Simulator-Final,1,0,280,6
pusht,78,clean,Simulator-Observed,1,0,280,7
pusht,78,clean,Simulator-Learned,1,1,143,0
pusht,78,clean,Displacement-Observed,1,1,143,0
pusht,78,prefix_a,Direct,1,0,280,0
pusht,78,prefix_a,Predictor-Final,1,0,280,4
pusht,78,prefix_a,Predictor-Observed,1,0,280,4
pusht,78,prefix_a,Predictor-Learned,1,0,280,5
pusht,78,prefix_a,Simulator-Final,1,0,280,6
pusht,78,prefix_a,Simulator-Observed,1,0,280,4
pusht,78,prefix_a,Simulator-Learned,1,0,280,2
pusht,78,prefix_a,Displacement-Observed,1,0,280,0
pusht,78,prefix_b,Direct,1,0,280,0
pusht,78,prefix_b,Predictor-Final,1,0,280,5
pusht,78,prefix_b,Predictor-Observed,1,0,280,6
pusht,78,prefix_b,Predictor-Learned,1,0,280,6
pusht,78,prefix_b,Simulator-Final,1,0,280,7
pusht,78,prefix_b,Simulator-Observed,1,0,280,6
pusht,78,prefix_b,Simulator-Learned,1,0,280,6
pusht,78,prefix_b,Displacement-Observed,1,0,280,5
pusht,79,clean,Direct,1,1,141,0
pusht,79,clean,Predictor-Final,1,0,280,7
pusht,79,clean,Predictor-Observed,1,0,280,7
pusht,79,clean,Predictor-Learned,1,0,280,6
pusht,79,clean,Simulator-Final,1,1,141,0
pusht,79,clean,Simulator-Observed,1,1,141,0
pusht,79,clean,Simulator-Learned,1,0,280,3
pusht,79,clean,Displacement-Observed,1,1,141,0
pusht,79,prefix_a,Direct,1,0,280,0
pusht,79,prefix_a,Predictor-Final,1,0,280,2
pusht,79,prefix_a,Predictor-Observed,1,0,280,1
pusht,79,prefix_a,Predictor-Learned,1,0,280,1
pusht,79,prefix_a,Simulator-Final,1,0,280,2
pusht,79,prefix_a,Simulator-Observed,1,0,280,4
pusht,79,prefix_a,Simulator-Learned,1,0,280,7
pusht,79,prefix_a,Displacement-Observed,1,0,280,4
pusht,79,prefix_b,Direct,1,0,280,0
pusht,79,prefix_b,Predictor-Final,1,0,280,0
pusht,79,prefix_b,Predictor-Observed,1,0,280,1
pusht,79,prefix_b,Predictor-Learned,1,0,280,4
pusht,79,prefix_b,Simulator-Final,1,0,280,6
pusht,79,prefix_b,Simulator-Observed,1,0,280,1
pusht,79,prefix_b,Simulator-Learned,1,0,280,4
pusht,79,prefix_b,Displacement-Observed,1,0,280,1
pusht,80,clean,Direct,1,0,280,0
pusht,80,clean,Predictor-Final,1,0,280,7
pusht,80,clean,Predictor-Observed,1,0,280,3
pusht,80,clean,Predictor-Learned,1,0,280,7
pusht,80,clean,Simulator-Final,1,0,280,7
pusht,80,clean,Simulator-Observed,1,0,280,3
pusht,80,clean,Simulator-Learned,1,0,280,7
pusht,80,clean,Displacement-Observed,1,0,280,3
pusht,80,prefix_a,Direct,1,0,280,0
pusht,80,prefix_a,Predictor-Final,1,0,280,7
pusht,80,prefix_a,Predictor-Observed,1,0,280,1
pusht,80,prefix_a,Predictor-Learned,1,0,280,7
pusht,80,prefix_a,Simulator-Final,1,0,280,7
pusht,80,prefix_a,Simulator-Observed,1,0,280,7
pusht,80,prefix_a,Simulator-Learned,1,0,280,7
pusht,80,prefix_a,Displacement-Observed,1,0,280,0
pusht,80,prefix_b,Direct,1,0,280,0
pusht,80,prefix_b,Predictor-Final,1,0,280,7
pusht,80,prefix_b,Predictor-Observed,1,0,280,1
pusht,80,prefix_b,Predictor-Learned,1,0,280,7
pusht,80,prefix_b,Simulator-Final,1,0,280,7
pusht,80,prefix_b,Simulator-Observed,1,0,280,1
pusht,80,prefix_b,Simulator-Learned,1,0,280,7
pusht,80,prefix_b,Displacement-Observed,1,0,280,0
pusht,81,clean,Direct,1,1,143,0
pusht,81,clean,Predictor-Final,1,0,280,7
pusht,81,clean,Predictor-Observed,1,1,143,0
pusht,81,clean,Predictor-Learned,1,1,143,5
pusht,81,clean,Simulator-Final,1,0,280,7
pusht,81,clean,Simulator-Observed,1,1,143,0
pusht,81,clean,Simulator-Learned,1,1,143,5
pusht,81,clean,Displacement-Observed,1,1,143,0
pusht,81,prefix_a,Direct,1,0,280,0
pusht,81,prefix_a,Predictor-Final,1,0,280,3
pusht,81,prefix_a,Predictor-Observed,1,0,280,3
pusht,81,prefix_a,Predictor-Learned,1,0,280,0
pusht,81,prefix_a,Simulator-Final,1,1,172,2
pusht,81,prefix_a,Simulator-Observed,1,0,280,5
pusht,81,prefix_a,Simulator-Learned,1,0,280,7
pusht,81,prefix_a,Displacement-Observed,1,0,280,4
pusht,81,prefix_b,Direct,1,0,280,0
pusht,81,prefix_b,Predictor-Final,1,0,280,3
pusht,81,prefix_b,Predictor-Observed,1,0,280,4
pusht,81,prefix_b,Predictor-Learned,1,0,280,4
pusht,81,prefix_b,Simulator-Final,1,0,280,3
pusht,81,prefix_b,Simulator-Observed,1,0,280,4
pusht,81,prefix_b,Simulator-Learned,1,0,280,4
pusht,81,prefix_b,Displacement-Observed,1,0,280,4
pusht,82,clean,Direct,1,0,280,0
pusht,82,clean,Predictor-Final,1,1,134,7
pusht,82,clean,Predictor-Observed,1,0,280,5
pusht,82,clean,Predictor-Learned,1,0,280,0
pusht,82,clean,Simulator-Final,1,1,134,7
pusht,82,clean,Simulator-Observed,1,1,135,1
pusht,82,clean,Simulator-Learned,1,1,135,1
pusht,82,clean,Displacement-Observed,1,0,280,5
pusht,82,prefix_a,Direct,1,0,280,0
pusht,82,prefix_a,Predictor-Final,1,0,280,7
pusht,82,prefix_a,Predictor-Observed,1,0,280,5
pusht,82,prefix_a,Predictor-Learned,1,0,280,3
pusht,82,prefix_a,Simulator-Final,1,0,280,0
pusht,82,prefix_a,Simulator-Observed,1,0,280,2
pusht,82,prefix_a,Simulator-Learned,1,0,280,2
pusht,82,prefix_a,Displacement-Observed,1,0,280,7
pusht,82,prefix_b,Direct,1,0,280,0
pusht,82,prefix_b,Predictor-Final,1,0,280,7
pusht,82,prefix_b,Predictor-Observed,1,0,280,1
pusht,82,prefix_b,Predictor-Learned,1,0,280,1
pusht,82,prefix_b,Simulator-Final,1,0,280,7
pusht,82,prefix_b,Simulator-Observed,1,0,280,3
pusht,82,prefix_b,Simulator-Learned,1,0,280,3
pusht,82,prefix_b,Displacement-Observed,1,0,280,0
pusht,83,clean,Direct,1,1,136,0
pusht,83,clean,Predictor-Final,1,1,136,6
pusht,83,clean,Predictor-Observed,1,1,136,2
pusht,83,clean,Predictor-Learned,1,1,136,2
pusht,83,clean,Simulator-Final,1,1,136,0
pusht,83,clean,Simulator-Observed,1,1,136,0
pusht,83,clean,Simulator-Learned,1,1,136,0
pusht,83,clean,Displacement-Observed,1,1,136,5
pusht,83,prefix_a,Direct,1,0,280,0
pusht,83,prefix_a,Predictor-Final,1,0,280,2
pusht,83,prefix_a,Predictor-Observed,1,1,136,4
pusht,83,prefix_a,Predictor-Learned,1,1,136,4
pusht,83,prefix_a,Simulator-Final,1,1,136,1
pusht,83,prefix_a,Simulator-Observed,1,0,280,0
pusht,83,prefix_a,Simulator-Learned,1,1,136,1
pusht,83,prefix_a,Displacement-Observed,1,1,134,7
pusht,83,prefix_b,Direct,1,1,135,0
pusht,83,prefix_b,Predictor-Final,1,1,135,6
pusht,83,prefix_b,Predictor-Observed,1,1,135,2
pusht,83,prefix_b,Predictor-Learned,1,1,135,6
pusht,83,prefix_b,Simulator-Final,1,1,135,0
pusht,83,prefix_b,Simulator-Observed,1,1,135,0
pusht,83,prefix_b,Simulator-Learned,1,1,135,0
pusht,83,prefix_b,Displacement-Observed,1,1,135,5
pusht,84,clean,Direct,1,0,280,0
pusht,84,clean,Predictor-Final,1,0,280,6
pusht,84,clean,Predictor-Observed,1,0,280,0
pusht,84,clean,Predictor-Learned,1,0,280,2
pusht,84,clean,Simulator-Final,1,0,280,6
pusht,84,clean,Simulator-Observed,1,0,280,0
pusht,84,clean,Simulator-Learned,1,0,280,2
pusht,84,clean,Displacement-Observed,1,0,280,0
pusht,84,prefix_a,Direct,1,1,134,0
pusht,84,prefix_a,Predictor-Final,1,0,280,6
pusht,84,prefix_a,Predictor-Observed,1,1,134,0
pusht,84,prefix_a,Predictor-Learned,1,0,280,2
pusht,84,prefix_a,Simulator-Final,1,0,280,6
pusht,84,prefix_a,Simulator-Observed,1,1,134,0
pusht,84,prefix_a,Simulator-Learned,1,0,280,2
pusht,84,prefix_a,Displacement-Observed,1,1,134,0
pusht,84,prefix_b,Direct,1,0,280,0
pusht,84,prefix_b,Predictor-Final,1,0,280,6
pusht,84,prefix_b,Predictor-Observed,1,0,280,0
pusht,84,prefix_b,Predictor-Learned,1,0,280,0
pusht,84,prefix_b,Simulator-Final,1,0,280,4
pusht,84,prefix_b,Simulator-Observed,1,0,280,0
pusht,84,prefix_b,Simulator-Learned,1,0,280,0
pusht,84,prefix_b,Displacement-Observed,1,0,280,1
pusht,85,clean,Direct,1,1,138,0
pusht,85,clean,Predictor-Final,1,1,146,5
pusht,85,clean,Predictor-Observed,1,1,137,1
pusht,85,clean,Predictor-Learned,1,1,135,4
pusht,85,clean,Simulator-Final,1,1,141,7
pusht,85,clean,Simulator-Observed,1,1,135,4
pusht,85,clean,Simulator-Learned,1,1,141,7
pusht,85,clean,Displacement-Observed,1,1,138,0
pusht,85,prefix_a,Direct,1,0,280,0
pusht,85,prefix_a,Predictor-Final,1,0,280,5
pusht,85,prefix_a,Predictor-Observed,1,0,280,1
pusht,85,prefix_a,Predictor-Learned,1,0,280,4
pusht,85,prefix_a,Simulator-Final,1,0,280,4
pusht,85,prefix_a,Simulator-Observed,1,0,280,5
pusht,85,prefix_a,Simulator-Learned,1,0,280,7
pusht,85,prefix_a,Displacement-Observed,1,0,280,1
pusht,85,prefix_b,Direct,1,0,280,0
pusht,85,prefix_b,Predictor-Final,1,0,280,4
pusht,85,prefix_b,Predictor-Observed,1,0,280,0
pusht,85,prefix_b,Predictor-Learned,1,0,280,4
pusht,85,prefix_b,Simulator-Final,1,0,280,7
pusht,85,prefix_b,Simulator-Observed,1,0,280,0
pusht,85,prefix_b,Simulator-Learned,1,0,280,4
pusht,85,prefix_b,Displacement-Observed,1,0,280,7
pusht,86,clean,Direct,1,0,280,0
pusht,86,clean,Predictor-Final,1,0,280,6
pusht,86,clean,Predictor-Observed,1,0,280,7
pusht,86,clean,Predictor-Learned,1,0,280,7
pusht,86,clean,Simulator-Final,1,0,280,6
pusht,86,clean,Simulator-Observed,1,0,280,7
pusht,86,clean,Simulator-Learned,1,0,280,7
pusht,86,clean,Displacement-Observed,1,0,280,0
pusht,86,prefix_a,Direct,1,0,280,0
pusht,86,prefix_a,Predictor-Final,1,0,280,6
pusht,86,prefix_a,Predictor-Observed,1,0,280,7
pusht,86,prefix_a,Predictor-Learned,1,0,280,5
pusht,86,prefix_a,Simulator-Final,1,0,280,6
pusht,86,prefix_a,Simulator-Observed,1,0,280,2
pusht,86,prefix_a,Simulator-Learned,1,0,280,5
pusht,86,prefix_a,Displacement-Observed,1,0,280,7
pusht,86,prefix_b,Direct,1,0,280,0
pusht,86,prefix_b,Predictor-Final,1,0,280,4
pusht,86,prefix_b,Predictor-Observed,1,0,280,7
pusht,86,prefix_b,Predictor-Learned,1,0,280,7
pusht,86,prefix_b,Simulator-Final,1,0,280,4
pusht,86,prefix_b,Simulator-Observed,1,0,280,7
pusht,86,prefix_b,Simulator-Learned,1,0,280,7
pusht,86,prefix_b,Displacement-Observed,1,0,280,0
pusht,87,clean,Direct,1,0,280,0
pusht,87,clean,Predictor-Final,1,0,280,4
pusht,87,clean,Predictor-Observed,1,0,280,0
pusht,87,clean,Predictor-Learned,1,0,280,0
pusht,87,clean,Simulator-Final,1,0,280,2
pusht,87,clean,Simulator-Observed,1,0,280,0
pusht,87,clean,Simulator-Learned,1,0,280,5
pusht,87,clean,Displacement-Observed,1,0,280,0
pusht,87,prefix_a,Direct,1,0,280,0
pusht,87,prefix_a,Predictor-Final,1,0,280,4
pusht,87,prefix_a,Predictor-Observed,1,0,280,5
pusht,87,prefix_a,Predictor-Learned,1,0,280,5
pusht,87,prefix_a,Simulator-Final,1,0,280,3
pusht,87,prefix_a,Simulator-Observed,1,0,280,5
pusht,87,prefix_a,Simulator-Learned,1,0,280,5
pusht,87,prefix_a,Displacement-Observed,1,0,280,0
pusht,87,prefix_b,Direct,1,0,280,0
pusht,87,prefix_b,Predictor-Final,1,0,280,7
pusht,87,prefix_b,Predictor-Observed,1,0,280,0
pusht,87,prefix_b,Predictor-Learned,1,0,280,0
pusht,87,prefix_b,Simulator-Final,1,0,280,5
pusht,87,prefix_b,Simulator-Observed,1,0,280,0
pusht,87,prefix_b,Simulator-Learned,1,0,280,0
pusht,87,prefix_b,Displacement-Observed,1,0,280,0
pusht,88,clean,Direct,1,1,137,0
pusht,88,clean,Predictor-Final,1,1,140,5
pusht,88,clean,Predictor-Observed,1,1,137,0
pusht,88,clean,Predictor-Learned,1,0,280,4
pusht,88,clean,Simulator-Final,1,1,140,5
pusht,88,clean,Simulator-Observed,1,1,137,0
pusht,88,clean,Simulator-Learned,1,1,137,0
pusht,88,clean,Displacement-Observed,1,1,138,1
pusht,88,prefix_a,Direct,1,0,280,0
pusht,88,prefix_a,Predictor-Final,1,0,280,2
pusht,88,prefix_a,Predictor-Observed,1,1,135,5
pusht,88,prefix_a,Predictor-Learned,1,0,280,2
pusht,88,prefix_a,Simulator-Final,1,0,280,2
pusht,88,prefix_a,Simulator-Observed,1,1,138,1
pusht,88,prefix_a,Simulator-Learned,1,0,280,2
pusht,88,prefix_a,Displacement-Observed,1,1,135,5
pusht,88,prefix_b,Direct,1,0,280,0
pusht,88,prefix_b,Predictor-Final,1,0,280,2
pusht,88,prefix_b,Predictor-Observed,1,1,138,3
pusht,88,prefix_b,Predictor-Learned,1,0,280,2
pusht,88,prefix_b,Simulator-Final,1,0,280,2
pusht,88,prefix_b,Simulator-Observed,1,0,280,0
pusht,88,prefix_b,Simulator-Learned,1,0,280,2
pusht,88,prefix_b,Displacement-Observed,1,1,138,3
pusht,89,clean,Direct,1,1,142,0
pusht,89,clean,Predictor-Final,1,1,142,5
pusht,89,clean,Predictor-Observed,1,1,142,6
pusht,89,clean,Predictor-Learned,1,1,142,7
pusht,89,clean,Simulator-Final,1,1,142,0
pusht,89,clean,Simulator-Observed,1,1,142,0
pusht,89,clean,Simulator-Learned,1,1,142,0
pusht,89,clean,Displacement-Observed,1,1,142,2
pusht,89,prefix_a,Direct,1,0,280,0
pusht,89,prefix_a,Predictor-Final,1,0,280,2
pusht,89,prefix_a,Predictor-Observed,1,0,280,7
pusht,89,prefix_a,Predictor-Learned,1,0,280,6
pusht,89,prefix_a,Simulator-Final,1,0,280,0
pusht,89,prefix_a,Simulator-Observed,1,0,280,2
pusht,89,prefix_a,Simulator-Learned,1,0,280,0
pusht,89,prefix_a,Displacement-Observed,1,0,280,6
pusht,89,prefix_b,Direct,1,1,141,0
pusht,89,prefix_b,Predictor-Final,1,1,141,6
pusht,89,prefix_b,Predictor-Observed,1,1,141,6
pusht,89,prefix_b,Predictor-Learned,1,0,280,1
pusht,89,prefix_b,Simulator-Final,1,1,139,2
pusht,89,prefix_b,Simulator-Observed,1,1,141,0
pusht,89,prefix_b,Simulator-Learned,1,1,141,0
pusht,89,prefix_b,Displacement-Observed,1,1,141,0
pusht,90,clean,Direct,1,0,280,0
pusht,90,clean,Predictor-Final,1,0,280,4
pusht,90,clean,Predictor-Observed,1,0,280,4
pusht,90,clean,Predictor-Learned,1,0,280,7
pusht,90,clean,Simulator-Final,1,0,280,5
pusht,90,clean,Simulator-Observed,1,0,280,5
pusht,90,clean,Simulator-Learned,1,0,280,4
pusht,90,clean,Displacement-Observed,1,0,280,6
pusht,90,prefix_a,Direct,1,0,280,0
pusht,90,prefix_a,Predictor-Final,1,0,280,4
pusht,90,prefix_a,Predictor-Observed,1,0,280,4
pusht,90,prefix_a,Predictor-Learned,1,0,280,7
pusht,90,prefix_a,Simulator-Final,1,0,280,5
pusht,90,prefix_a,Simulator-Observed,1,0,280,4
pusht,90,prefix_a,Simulator-Learned,1,0,280,0
pusht,90,prefix_a,Displacement-Observed,1,0,280,6
pusht,90,prefix_b,Direct,1,0,280,0
pusht,90,prefix_b,Predictor-Final,1,1,138,4
pusht,90,prefix_b,Predictor-Observed,1,1,138,4
pusht,90,prefix_b,Predictor-Learned,1,0,280,7
pusht,90,prefix_b,Simulator-Final,1,0,280,0
pusht,90,prefix_b,Simulator-Observed,1,1,138,4
pusht,90,prefix_b,Simulator-Learned,1,0,280,0
pusht,90,prefix_b,Displacement-Observed,1,1,138,4
pusht,91,clean,Direct,1,1,139,0
pusht,91,clean,Predictor-Final,1,1,138,4
pusht,91,clean,Predictor-Observed,1,1,139,7
pusht,91,clean,Predictor-Learned,1,1,139,6
pusht,91,clean,Simulator-Final,1,1,138,4
pusht,91,clean,Simulator-Observed,1,1,139,1
pusht,91,clean,Simulator-Learned,1,1,139,6
pusht,91,clean,Displacement-Observed,1,1,139,7
pusht,91,prefix_a,Direct,1,0,280,0
pusht,91,prefix_a,Predictor-Final,1,0,280,4
pusht,91,prefix_a,Predictor-Observed,1,0,280,3
pusht,91,prefix_a,Predictor-Learned,1,0,280,0
pusht,91,prefix_a,Simulator-Final,1,0,280,4
pusht,91,prefix_a,Simulator-Observed,1,0,280,2
pusht,91,prefix_a,Simulator-Learned,1,1,143,1
pusht,91,prefix_a,Displacement-Observed,1,0,280,3
pusht,91,prefix_b,Direct,1,1,74,0
pusht,91,prefix_b,Predictor-Final,1,1,74,4
pusht,91,prefix_b,Predictor-Observed,1,1,74,0
pusht,91,prefix_b,Predictor-Learned,1,1,142,3
pusht,91,prefix_b,Simulator-Final,1,1,74,5
pusht,91,prefix_b,Simulator-Observed,1,1,74,5
pusht,91,prefix_b,Simulator-Learned,1,1,139,6
pusht,91,prefix_b,Displacement-Observed,1,1,74,7
pusht,92,clean,Direct,1,0,280,0
pusht,92,clean,Predictor-Final,1,0,280,7
pusht,92,clean,Predictor-Observed,1,0,280,0
pusht,92,clean,Predictor-Learned,1,0,280,5
pusht,92,clean,Simulator-Final,1,0,280,3
pusht,92,clean,Simulator-Observed,1,0,280,4
pusht,92,clean,Simulator-Learned,1,0,280,5
pusht,92,clean,Displacement-Observed,1,0,280,0
pusht,92,prefix_a,Direct,1,0,280,0
pusht,92,prefix_a,Predictor-Final,1,1,149,7
pusht,92,prefix_a,Predictor-Observed,1,0,280,0
pusht,92,prefix_a,Predictor-Learned,1,0,280,2
pusht,92,prefix_a,Simulator-Final,1,1,149,7
pusht,92,prefix_a,Simulator-Observed,1,0,280,0
pusht,92,prefix_a,Simulator-Learned,1,0,280,2
pusht,92,prefix_a,Displacement-Observed,1,0,280,0
pusht,92,prefix_b,Direct,1,0,280,0
pusht,92,prefix_b,Predictor-Final,1,0,280,0
pusht,92,prefix_b,Predictor-Observed,1,0,280,0
pusht,92,prefix_b,Predictor-Learned,1,0,280,5
pusht,92,prefix_b,Simulator-Final,1,0,280,3
pusht,92,prefix_b,Simulator-Observed,1,0,280,0
pusht,92,prefix_b,Simulator-Learned,1,0,280,6
pusht,92,prefix_b,Displacement-Observed,1,0,280,0
pusht,93,clean,Direct,1,0,280,0
pusht,93,clean,Predictor-Final,1,0,280,6
pusht,93,clean,Predictor-Observed,1,0,280,2
pusht,93,clean,Predictor-Learned,1,1,137,4
pusht,93,clean,Simulator-Final,1,0,280,6
pusht,93,clean,Simulator-Observed,1,0,280,0
pusht,93,clean,Simulator-Learned,1,0,280,6
pusht,93,clean,Displacement-Observed,1,0,280,0
pusht,93,prefix_a,Direct,1,0,280,0
pusht,93,prefix_a,Predictor-Final,1,0,280,6
pusht,93,prefix_a,Predictor-Observed,1,0,280,1
pusht,93,prefix_a,Predictor-Learned,1,0,280,5
pusht,93,prefix_a,Simulator-Final,1,0,280,5
pusht,93,prefix_a,Simulator-Observed,1,0,280,0
pusht,93,prefix_a,Simulator-Learned,1,0,280,7
pusht,93,prefix_a,Displacement-Observed,1,0,280,0
pusht,93,prefix_b,Direct,1,0,280,0
pusht,93,prefix_b,Predictor-Final,1,0,280,7
pusht,93,prefix_b,Predictor-Observed,1,0,280,7
pusht,93,prefix_b,Predictor-Learned,1,0,280,7
pusht,93,prefix_b,Simulator-Final,1,0,280,7
pusht,93,prefix_b,Simulator-Observed,1,0,280,3
pusht,93,prefix_b,Simulator-Learned,1,0,280,2
pusht,93,prefix_b,Displacement-Observed,1,0,280,3
pusht,94,clean,Direct,1,0,280,0
pusht,94,clean,Predictor-Final,1,0,280,4
pusht,94,clean,Predictor-Observed,1,0,280,2
pusht,94,clean,Predictor-Learned,1,0,280,1
pusht,94,clean,Simulator-Final,1,0,280,4
pusht,94,clean,Simulator-Observed,1,0,280,2
pusht,94,clean,Simulator-Learned,1,0,280,1
pusht,94,clean,Displacement-Observed,1,0,280,0
pusht,94,prefix_a,Direct,1,0,280,0
pusht,94,prefix_a,Predictor-Final,1,0,280,7
pusht,94,prefix_a,Predictor-Observed,1,0,280,6
pusht,94,prefix_a,Predictor-Learned,1,0,280,2
pusht,94,prefix_a,Simulator-Final,1,0,280,5
pusht,94,prefix_a,Simulator-Observed,1,0,280,3
pusht,94,prefix_a,Simulator-Learned,1,0,280,2
pusht,94,prefix_a,Displacement-Observed,1,0,280,2
pusht,94,prefix_b,Direct,1,0,280,0
pusht,94,prefix_b,Predictor-Final,1,0,280,0
pusht,94,prefix_b,Predictor-Observed,1,0,280,6
pusht,94,prefix_b,Predictor-Learned,1,0,280,0
pusht,94,prefix_b,Simulator-Final,1,0,280,2
pusht,94,prefix_b,Simulator-Observed,1,0,280,4
pusht,94,prefix_b,Simulator-Learned,1,0,280,2
pusht,94,prefix_b,Displacement-Observed,1,0,280,5
pusht,95,clean,Direct,1,1,136,0
pusht,95,clean,Predictor-Final,1,1,137,5
pusht,95,clean,Predictor-Observed,1,1,136,1
pusht,95,clean,Predictor-Learned,1,0,280,3
pusht,95,clean,Simulator-Final,1,1,137,5
pusht,95,clean,Simulator-Observed,1,1,136,0
pusht,95,clean,Simulator-Learned,1,0,280,3
pusht,95,clean,Displacement-Observed,1,1,136,0
pusht,95,prefix_a,Direct,1,0,280,0
pusht,95,prefix_a,Predictor-Final,1,0,280,1
pusht,95,prefix_a,Predictor-Observed,1,0,280,1
pusht,95,prefix_a,Predictor-Learned,1,0,280,4
pusht,95,prefix_a,Simulator-Final,1,0,280,1
pusht,95,prefix_a,Simulator-Observed,1,0,280,1
pusht,95,prefix_a,Simulator-Learned,1,0,280,2
pusht,95,prefix_a,Displacement-Observed,1,0,280,1
pusht,95,prefix_b,Direct,1,0,280,0
pusht,95,prefix_b,Predictor-Final,1,0,280,5
pusht,95,prefix_b,Predictor-Observed,1,0,280,1
pusht,95,prefix_b,Predictor-Learned,1,0,280,4
pusht,95,prefix_b,Simulator-Final,1,0,280,5
pusht,95,prefix_b,Simulator-Observed,1,0,280,5
pusht,95,prefix_b,Simulator-Learned,1,0,280,4
pusht,95,prefix_b,Displacement-Observed,1,0,280,1
pusht,96,clean,Direct,1,0,280,0
pusht,96,clean,Predictor-Final,1,1,135,7
pusht,96,clean,Predictor-Observed,1,0,280,0
pusht,96,clean,Predictor-Learned,1,0,280,0
pusht,96,clean,Simulator-Final,1,1,135,7
pusht,96,clean,Simulator-Observed,1,0,280,0
pusht,96,clean,Simulator-Learned,1,0,280,0
pusht,96,clean,Displacement-Observed,1,0,280,0
pusht,96,prefix_a,Direct,1,0,280,0
pusht,96,prefix_a,Predictor-Final,1,0,280,5
pusht,96,prefix_a,Predictor-Observed,1,0,280,3
pusht,96,prefix_a,Predictor-Learned,1,0,280,5
pusht,96,prefix_a,Simulator-Final,1,0,280,5
pusht,96,prefix_a,Simulator-Observed,1,0,280,3
pusht,96,prefix_a,Simulator-Learned,1,0,280,5
pusht,96,prefix_a,Displacement-Observed,1,0,280,0
pusht,96,prefix_b,Direct,1,0,280,0
pusht,96,prefix_b,Predictor-Final,1,0,280,4
pusht,96,prefix_b,Predictor-Observed,1,1,138,7
pusht,96,prefix_b,Predictor-Learned,1,0,280,5
pusht,96,prefix_b,Simulator-Final,1,0,280,2
pusht,96,prefix_b,Simulator-Observed,1,1,138,7
pusht,96,prefix_b,Simulator-Learned,1,1,143,3
pusht,96,prefix_b,Displacement-Observed,1,1,138,7
pusht,97,clean,Direct,1,0,280,0
pusht,97,clean,Predictor-Final,1,0,280,3
pusht,97,clean,Predictor-Observed,1,0,280,0
pusht,97,clean,Predictor-Learned,1,0,280,5
pusht,97,clean,Simulator-Final,1,1,149,6
pusht,97,clean,Simulator-Observed,1,0,280,0
pusht,97,clean,Simulator-Learned,1,0,280,5
pusht,97,clean,Displacement-Observed,1,0,280,5
pusht,97,prefix_a,Direct,1,0,280,0
pusht,97,prefix_a,Predictor-Final,1,0,280,5
pusht,97,prefix_a,Predictor-Observed,1,0,280,4
pusht,97,prefix_a,Predictor-Learned,1,0,280,4
pusht,97,prefix_a,Simulator-Final,1,0,280,5
pusht,97,prefix_a,Simulator-Observed,1,0,280,4
pusht,97,prefix_a,Simulator-Learned,1,0,280,4
pusht,97,prefix_a,Displacement-Observed,1,0,280,0
pusht,97,prefix_b,Direct,1,1,145,0
pusht,97,prefix_b,Predictor-Final,1,0,280,7
pusht,97,prefix_b,Predictor-Observed,1,1,170,3
pusht,97,prefix_b,Predictor-Learned,1,0,280,6
pusht,97,prefix_b,Simulator-Final,1,1,170,3
pusht,97,prefix_b,Simulator-Observed,1,1,170,3
pusht,97,prefix_b,Simulator-Learned,1,0,280,6
pusht,97,prefix_b,Displacement-Observed,1,1,135,1
pusht,98,clean,Direct,1,0,280,0
pusht,98,clean,Predictor-Final,1,0,280,6
pusht,98,clean,Predictor-Observed,1,0,280,4
pusht,98,clean,Predictor-Learned,1,0,280,6
pusht,98,clean,Simulator-Final,1,0,280,6
pusht,98,clean,Simulator-Observed,1,0,280,2
pusht,98,clean,Simulator-Learned,1,0,280,0
pusht,98,clean,Displacement-Observed,1,0,280,2
pusht,98,prefix_a,Direct,1,0,280,0
pusht,98,prefix_a,Predictor-Final,1,0,280,5
pusht,98,prefix_a,Predictor-Observed,1,1,78,3
pusht,98,prefix_a,Predictor-Learned,1,0,280,5
pusht,98,prefix_a,Simulator-Final,1,0,280,5
pusht,98,prefix_a,Simulator-Observed,1,1,78,3
pusht,98,prefix_a,Simulator-Learned,1,0,280,5
pusht,98,prefix_a,Displacement-Observed,1,1,78,3
pusht,98,prefix_b,Direct,1,0,280,0
pusht,98,prefix_b,Predictor-Final,1,0,280,7
pusht,98,prefix_b,Predictor-Observed,1,0,280,5
pusht,98,prefix_b,Predictor-Learned,1,0,280,2
pusht,98,prefix_b,Simulator-Final,1,0,280,7
pusht,98,prefix_b,Simulator-Observed,1,0,280,5
pusht,98,prefix_b,Simulator-Learned,1,0,280,2
pusht,98,prefix_b,Displacement-Observed,1,0,280,4
pusht,99,clean,Direct,1,1,136,0
pusht,99,clean,Predictor-Final,1,1,136,7
pusht,99,clean,Predictor-Observed,1,1,136,1
pusht,99,clean,Predictor-Learned,1,1,136,1
pusht,99,clean,Simulator-Final,1,1,136,7
pusht,99,clean,Simulator-Observed,1,1,136,0
pusht,99,clean,Simulator-Learned,1,1,136,7
pusht,99,clean,Displacement-Observed,1,1,136,5
pusht,99,prefix_a,Direct,1,0,280,0
pusht,99,prefix_a,Predictor-Final,1,0,280,7
pusht,99,prefix_a,Predictor-Observed,1,0,280,2
pusht,99,prefix_a,Predictor-Learned,1,0,280,3
pusht,99,prefix_a,Simulator-Final,1,0,280,0
pusht,99,prefix_a,Simulator-Observed,1,0,280,0
pusht,99,prefix_a,Simulator-Learned,1,0,280,0
pusht,99,prefix_a,Displacement-Observed,1,0,280,4
pusht,99,prefix_b,Direct,1,1,138,0
pusht,99,prefix_b,Predictor-Final,1,1,144,3
pusht,99,prefix_b,Predictor-Observed,1,1,141,5
pusht,99,prefix_b,Predictor-Learned,1,1,142,6
pusht,99,prefix_b,Simulator-Final,1,1,142,6
pusht,99,prefix_b,Simulator-Observed,1,1,138,0
pusht,99,prefix_b,Simulator-Learned,1,1,138,0
pusht,99,prefix_b,Displacement-Observed,1,1,144,3
pusht,100,clean,Direct,1,0,280,0
pusht,100,clean,Predictor-Final,1,0,280,7
pusht,100,clean,Predictor-Observed,1,1,155,4
pusht,100,clean,Predictor-Learned,1,1,155,4
pusht,100,clean,Simulator-Final,1,0,280,7
pusht,100,clean,Simulator-Observed,1,0,280,0
pusht,100,clean,Simulator-Learned,1,0,280,0
pusht,100,clean,Displacement-Observed,1,1,155,4
pusht,100,prefix_a,Direct,1,0,280,0
pusht,100,prefix_a,Predictor-Final,1,0,280,3
pusht,100,prefix_a,Predictor-Observed,1,0,280,2
pusht,100,prefix_a,Predictor-Learned,1,0,280,4
pusht,100,prefix_a,Simulator-Final,1,0,280,3
pusht,100,prefix_a,Simulator-Observed,1,0,280,2
pusht,100,prefix_a,Simulator-Learned,1,0,280,0
pusht,100,prefix_a,Displacement-Observed,1,0,280,0
pusht,100,prefix_b,Direct,1,1,137,0
pusht,100,prefix_b,Predictor-Final,1,1,137,0
pusht,100,prefix_b,Predictor-Observed,1,0,280,4
pusht,100,prefix_b,Predictor-Learned,1,1,137,0
pusht,100,prefix_b,Simulator-Final,1,1,137,0
pusht,100,prefix_b,Simulator-Observed,1,0,280,4
pusht,100,prefix_b,Simulator-Learned,1,1,137,0
pusht,100,prefix_b,Displacement-Observed,1,0,280,4
pusht,101,clean,Direct,1,1,135,0
pusht,101,clean,Predictor-Final,1,1,140,6
pusht,101,clean,Predictor-Observed,1,1,135,5
pusht,101,clean,Predictor-Learned,1,1,135,7
pusht,101,clean,Simulator-Final,1,1,140,6
pusht,101,clean,Simulator-Observed,1,1,135,5
pusht,101,clean,Simulator-Learned,1,1,135,0
pusht,101,clean,Displacement-Observed,1,1,135,2
pusht,101,prefix_a,Direct,1,0,280,0
pusht,101,prefix_a,Predictor-Final,1,0,280,3
pusht,101,prefix_a,Predictor-Observed,1,0,280,6
pusht,101,prefix_a,Predictor-Learned,1,0,280,2
pusht,101,prefix_a,Simulator-Final,1,0,280,3
pusht,101,prefix_a,Simulator-Observed,1,0,280,2
pusht,101,prefix_a,Simulator-Learned,1,0,280,2
pusht,101,prefix_a,Displacement-Observed,1,0,280,2
pusht,101,prefix_b,Direct,1,0,280,0
pusht,101,prefix_b,Predictor-Final,1,0,280,7
pusht,101,prefix_b,Predictor-Observed,1,0,280,7
pusht,101,prefix_b,Predictor-Learned,1,0,280,1
pusht,101,prefix_b,Simulator-Final,1,0,280,5
pusht,101,prefix_b,Simulator-Observed,1,0,280,5
pusht,101,prefix_b,Simulator-Learned,1,0,280,1
pusht,101,prefix_b,Displacement-Observed,1,0,280,7
pusht,102,clean,Direct,1,1,137,0
pusht,102,clean,Predictor-Final,1,1,138,4
pusht,102,clean,Predictor-Observed,1,1,137,6
pusht,102,clean,Predictor-Learned,1,1,138,4
pusht,102,clean,Simulator-Final,1,1,138,4
pusht,102,clean,Simulator-Observed,1,1,127,5
pusht,102,clean,Simulator-Learned,1,1,138,4
pusht,102,clean,Displacement-Observed,1,1,137,7
pusht,102,prefix_a,Direct,1,1,178,0
pusht,102,prefix_a,Predictor-Final,1,0,280,5
pusht,102,prefix_a,Predictor-Observed,1,1,137,7
pusht,102,prefix_a,Predictor-Learned,1,0,280,6
pusht,102,prefix_a,Simulator-Final,1,1,137,4
pusht,102,prefix_a,Simulator-Observed,1,1,137,4
pusht,102,prefix_a,Simulator-Learned,1,0,280,6
pusht,102,prefix_a,Displacement-Observed,1,1,137,4
pusht,102,prefix_b,Direct,1,0,280,0
pusht,102,prefix_b,Predictor-Final,1,0,280,7
pusht,102,prefix_b,Predictor-Observed,1,0,280,3
pusht,102,prefix_b,Predictor-Learned,1,0,280,6
pusht,102,prefix_b,Simulator-Final,1,0,280,3
pusht,102,prefix_b,Simulator-Observed,1,0,280,3
pusht,102,prefix_b,Simulator-Learned,1,0,280,6
pusht,102,prefix_b,Displacement-Observed,1,0,280,3
pusht,103,clean,Direct,1,1,136,0
pusht,103,clean,Predictor-Final,1,0,280,3
pusht,103,clean,Predictor-Observed,1,1,136,7
pusht,103,clean,Predictor-Learned,1,0,280,3
pusht,103,clean,Simulator-Final,1,1,135,2
pusht,103,clean,Simulator-Observed,1,1,136,7
pusht,103,clean,Simulator-Learned,1,0,280,3
pusht,103,clean,Displacement-Observed,1,1,136,5
pusht,103,prefix_a,Direct,1,0,280,0
pusht,103,prefix_a,Predictor-Final,1,0,280,6
pusht,103,prefix_a,Predictor-Observed,1,0,280,5
pusht,103,prefix_a,Predictor-Learned,1,0,280,4
pusht,103,prefix_a,Simulator-Final,1,0,280,2
pusht,103,prefix_a,Simulator-Observed,1,0,280,5
pusht,103,prefix_a,Simulator-Learned,1,0,280,5
pusht,103,prefix_a,Displacement-Observed,1,0,280,5
pusht,103,prefix_b,Direct,1,0,280,0
pusht,103,prefix_b,Predictor-Final,1,0,280,6
pusht,103,prefix_b,Predictor-Observed,1,0,280,5
pusht,103,prefix_b,Predictor-Learned,1,0,280,3
pusht,103,prefix_b,Simulator-Final,1,0,280,0
pusht,103,prefix_b,Simulator-Observed,1,0,280,7
pusht,103,prefix_b,Simulator-Learned,1,0,280,5
pusht,103,prefix_b,Displacement-Observed,1,0,280,2
pusht,104,clean,Direct,1,0,280,0
pusht,104,clean,Predictor-Final,1,0,280,3
pusht,104,clean,Predictor-Observed,1,0,280,0
pusht,104,clean,Predictor-Learned,1,1,159,1
pusht,104,clean,Simulator-Final,1,0,280,3
pusht,104,clean,Simulator-Observed,1,0,280,0
pusht,104,clean,Simulator-Learned,1,0,280,2
pusht,104,clean,Displacement-Observed,1,0,280,0
pusht,104,prefix_a,Direct,1,1,145,0
pusht,104,prefix_a,Predictor-Final,1,1,168,3
pusht,104,prefix_a,Predictor-Observed,1,1,145,0
pusht,104,prefix_a,Predictor-Learned,1,0,280,2
pusht,104,prefix_a,Simulator-Final,1,1,168,3
pusht,104,prefix_a,Simulator-Observed,1,1,145,0
pusht,104,prefix_a,Simulator-Learned,1,0,280,2
pusht,104,prefix_a,Displacement-Observed,1,1,145,0
pusht,104,prefix_b,Direct,1,0,280,0
pusht,104,prefix_b,Predictor-Final,1,0,280,4
pusht,104,prefix_b,Predictor-Observed,1,0,280,0
pusht,104,prefix_b,Predictor-Learned,1,1,148,2
pusht,104,prefix_b,Simulator-Final,1,0,280,4
pusht,104,prefix_b,Simulator-Observed,1,0,280,0
pusht,104,prefix_b,Simulator-Learned,1,1,176,6
pusht,104,prefix_b,Displacement-Observed,1,0,280,0
pusht,105,clean,Direct,1,1,139,0
pusht,105,clean,Predictor-Final,1,0,280,7
pusht,105,clean,Predictor-Observed,1,1,139,0
pusht,105,clean,Predictor-Learned,1,0,280,5
pusht,105,clean,Simulator-Final,1,0,280,5
pusht,105,clean,Simulator-Observed,1,1,139,1
pusht,105,clean,Simulator-Learned,1,1,139,0
pusht,105,clean,Displacement-Observed,1,0,280,5
pusht,105,prefix_a,Direct,1,0,280,0
pusht,105,prefix_a,Predictor-Final,1,0,280,7
pusht,105,prefix_a,Predictor-Observed,1,0,280,0
pusht,105,prefix_a,Predictor-Learned,1,0,280,5
pusht,105,prefix_a,Simulator-Final,1,0,280,0
pusht,105,prefix_a,Simulator-Observed,1,0,280,0
pusht,105,prefix_a,Simulator-Learned,1,0,280,5
pusht,105,prefix_a,Displacement-Observed,1,0,280,1
pusht,105,prefix_b,Direct,1,0,280,0
pusht,105,prefix_b,Predictor-Final,1,0,280,1
pusht,105,prefix_b,Predictor-Observed,1,0,280,0
pusht,105,prefix_b,Predictor-Learned,1,0,280,0
pusht,105,prefix_b,Simulator-Final,1,0,280,2
pusht,105,prefix_b,Simulator-Observed,1,0,280,3
pusht,105,prefix_b,Simulator-Learned,1,0,280,3
pusht,105,prefix_b,Displacement-Observed,1,0,280,2
pusht,106,clean,Direct,1,1,139,0
pusht,106,clean,Predictor-Final,1,1,139,0
pusht,106,clean,Predictor-Observed,1,1,139,6
pusht,106,clean,Predictor-Learned,1,1,139,3
pusht,106,clean,Simulator-Final,1,1,139,0
pusht,106,clean,Simulator-Observed,1,1,139,0
pusht,106,clean,Simulator-Learned,1,1,139,0
pusht,106,clean,Displacement-Observed,1,1,139,4
pusht,106,prefix_a,Direct,1,1,139,0
pusht,106,prefix_a,Predictor-Final,1,1,139,0
pusht,106,prefix_a,Predictor-Observed,1,1,144,2
pusht,106,prefix_a,Predictor-Learned,1,0,280,4
pusht,106,prefix_a,Simulator-Final,1,1,139,0
pusht,106,prefix_a,Simulator-Observed,1,1,139,0
pusht,106,prefix_a,Simulator-Learned,1,1,139,0
pusht,106,prefix_a,Displacement-Observed,1,1,141,3
pusht,106,prefix_b,Direct,1,1,139,0
pusht,106,prefix_b,Predictor-Final,1,1,139,0
pusht,106,prefix_b,Predictor-Observed,1,1,139,6
pusht,106,prefix_b,Predictor-Learned,1,1,139,4
pusht,106,prefix_b,Simulator-Final,1,1,139,0
pusht,106,prefix_b,Simulator-Observed,1,1,139,0
pusht,106,prefix_b,Simulator-Learned,1,1,139,0
pusht,106,prefix_b,Displacement-Observed,1,1,139,3
pusht,107,clean,Direct,1,1,138,0
pusht,107,clean,Predictor-Final,1,1,138,1
pusht,107,clean,Predictor-Observed,1,1,138,4
pusht,107,clean,Predictor-Learned,1,1,138,6
pusht,107,clean,Simulator-Final,1,1,138,1
pusht,107,clean,Simulator-Observed,1,1,138,0
pusht,107,clean,Simulator-Learned,1,1,138,0
pusht,107,clean,Displacement-Observed,1,1,138,5
pusht,107,prefix_a,Direct,1,1,138,0
pusht,107,prefix_a,Predictor-Final,1,1,139,1
pusht,107,prefix_a,Predictor-Observed,1,1,141,6
pusht,107,prefix_a,Predictor-Learned,1,1,139,5
pusht,107,prefix_a,Simulator-Final,1,1,141,4
pusht,107,prefix_a,Simulator-Observed,1,1,138,0
pusht,107,prefix_a,Simulator-Learned,1,1,138,0
pusht,107,prefix_a,Displacement-Observed,1,1,138,2
pusht,107,prefix_b,Direct,1,0,280,0
pusht,107,prefix_b,Predictor-Final,1,0,280,7
pusht,107,prefix_b,Predictor-Observed,1,0,280,2
pusht,107,prefix_b,Predictor-Learned,1,0,280,2
pusht,107,prefix_b,Simulator-Final,1,0,280,0
pusht,107,prefix_b,Simulator-Observed,1,0,280,0
pusht,107,prefix_b,Simulator-Learned,1,0,280,0
pusht,107,prefix_b,Displacement-Observed,1,0,280,0
pusht,108,clean,Direct,1,0,280,0
pusht,108,clean,Predictor-Final,1,0,280,3
pusht,108,clean,Predictor-Observed,1,1,145,5
pusht,108,clean,Predictor-Learned,1,0,280,3
pusht,108,clean,Simulator-Final,1,1,145,5
pusht,108,clean,Simulator-Observed,1,0,280,7
pusht,108,clean,Simulator-Learned,1,1,145,5
pusht,108,clean,Displacement-Observed,1,0,280,0
pusht,108,prefix_a,Direct,1,0,280,0
pusht,108,prefix_a,Predictor-Final,1,1,132,6
pusht,108,prefix_a,Predictor-Observed,1,0,280,7
pusht,108,prefix_a,Predictor-Learned,1,1,132,4
pusht,108,prefix_a,Simulator-Final,1,0,280,1
pusht,108,prefix_a,Simulator-Observed,1,0,280,7
pusht,108,prefix_a,Simulator-Learned,1,0,280,7
pusht,108,prefix_a,Displacement-Observed,1,1,132,2
pusht,108,prefix_b,Direct,1,1,134,0
pusht,108,prefix_b,Predictor-Final,1,1,136,7
pusht,108,prefix_b,Predictor-Observed,1,0,280,2
pusht,108,prefix_b,Predictor-Learned,1,1,136,6
pusht,108,prefix_b,Simulator-Final,1,1,134,0
pusht,108,prefix_b,Simulator-Observed,1,1,132,1
pusht,108,prefix_b,Simulator-Learned,1,1,136,3
pusht,108,prefix_b,Displacement-Observed,1,1,136,3
pusht,109,clean,Direct,1,1,139,0
pusht,109,clean,Predictor-Final,1,1,139,5
pusht,109,clean,Predictor-Observed,1,1,139,7
pusht,109,clean,Predictor-Learned,1,1,139,1
pusht,109,clean,Simulator-Final,1,1,139,0
pusht,109,clean,Simulator-Observed,1,1,139,3
pusht,109,clean,Simulator-Learned,1,1,139,3
pusht,109,clean,Displacement-Observed,1,1,139,7
pusht,109,prefix_a,Direct,1,0,280,0
pusht,109,prefix_a,Predictor-Final,1,0,280,5
pusht,109,prefix_a,Predictor-Observed,1,0,280,1
pusht,109,prefix_a,Predictor-Learned,1,0,280,1
pusht,109,prefix_a,Simulator-Final,1,0,280,0
pusht,109,prefix_a,Simulator-Observed,1,0,280,0
pusht,109,prefix_a,Simulator-Learned,1,0,280,0
pusht,109,prefix_a,Displacement-Observed,1,0,280,5
pusht,109,prefix_b,Direct,1,0,280,0
pusht,109,prefix_b,Predictor-Final,1,0,280,5
pusht,109,prefix_b,Predictor-Observed,1,0,280,4
pusht,109,prefix_b,Predictor-Learned,1,0,280,5
pusht,109,prefix_b,Simulator-Final,1,0,280,0
pusht,109,prefix_b,Simulator-Observed,1,0,280,0
pusht,109,prefix_b,Simulator-Learned,1,0,280,0
pusht,109,prefix_b,Displacement-Observed,1,0,280,1
pusht,110,clean,Direct,1,1,139,0
pusht,110,clean,Predictor-Final,1,1,160,1
pusht,110,clean,Predictor-Observed,1,1,139,0
pusht,110,clean,Predictor-Learned,1,0,280,2
pusht,110,clean,Simulator-Final,1,1,140,5
pusht,110,clean,Simulator-Observed,1,1,139,0
pusht,110,clean,Simulator-Learned,1,0,280,2
pusht,110,clean,Displacement-Observed,1,1,139,0
pusht,110,prefix_a,Direct,1,1,139,0
pusht,110,prefix_a,Predictor-Final,1,1,140,2
pusht,110,prefix_a,Predictor-Observed,1,1,139,0
pusht,110,prefix_a,Predictor-Learned,1,1,139,7
pusht,110,prefix_a,Simulator-Final,1,1,140,2
pusht,110,prefix_a,Simulator-Observed,1,1,139,1
pusht,110,prefix_a,Simulator-Learned,1,1,139,1
pusht,110,prefix_a,Displacement-Observed,1,1,140,2
pusht,110,prefix_b,Direct,1,0,280,0
pusht,110,prefix_b,Predictor-Final,1,0,280,3
pusht,110,prefix_b,Predictor-Observed,1,0,280,3
pusht,110,prefix_b,Predictor-Learned,1,0,280,7
pusht,110,prefix_b,Simulator-Final,1,0,280,3
pusht,110,prefix_b,Simulator-Observed,1,0,280,3
pusht,110,prefix_b,Simulator-Learned,1,0,280,2
pusht,110,prefix_b,Displacement-Observed,1,0,280,5
pusht,111,clean,Direct,1,1,139,0
pusht,111,clean,Predictor-Final,1,1,139,2
pusht,111,clean,Predictor-Observed,1,1,139,4
pusht,111,clean,Predictor-Learned,1,1,139,4
pusht,111,clean,Simulator-Final,1,1,139,2
pusht,111,clean,Simulator-Observed,1,1,139,0
pusht,111,clean,Simulator-Learned,1,1,139,2
pusht,111,clean,Displacement-Observed,1,1,139,6
pusht,111,prefix_a,Direct,1,0,280,0
pusht,111,prefix_a,Predictor-Final,1,0,280,7
pusht,111,prefix_a,Predictor-Observed,1,0,280,6
pusht,111,prefix_a,Predictor-Learned,1,0,280,6
pusht,111,prefix_a,Simulator-Final,1,0,280,3
pusht,111,prefix_a,Simulator-Observed,1,0,280,6
pusht,111,prefix_a,Simulator-Learned,1,0,280,6
pusht,111,prefix_a,Displacement-Observed,1,1,154,2
pusht,111,prefix_b,Direct,1,0,280,0
pusht,111,prefix_b,Predictor-Final,1,0,280,2
pusht,111,prefix_b,Predictor-Observed,1,0,280,3
pusht,111,prefix_b,Predictor-Learned,1,0,280,3
pusht,111,prefix_b,Simulator-Final,1,0,280,0
pusht,111,prefix_b,Simulator-Observed,1,0,280,0
pusht,111,prefix_b,Simulator-Learned,1,0,280,0
pusht,111,prefix_b,Displacement-Observed,1,0,280,0
pusht,112,clean,Direct,1,1,138,0
pusht,112,clean,Predictor-Final,1,0,280,5
pusht,112,clean,Predictor-Observed,1,1,138,0
pusht,112,clean,Predictor-Learned,1,1,138,1
pusht,112,clean,Simulator-Final,1,0,280,5
pusht,112,clean,Simulator-Observed,1,0,280,2
pusht,112,clean,Simulator-Learned,1,0,280,5
pusht,112,clean,Displacement-Observed,1,0,280,2
pusht,112,prefix_a,Direct,1,1,137,0
pusht,112,prefix_a,Predictor-Final,1,0,280,5
pusht,112,prefix_a,Predictor-Observed,1,1,137,0
pusht,112,prefix_a,Predictor-Learned,1,0,280,5
pusht,112,prefix_a,Simulator-Final,1,0,280,5
pusht,112,prefix_a,Simulator-Observed,1,0,280,3
pusht,112,prefix_a,Simulator-Learned,1,1,137,0
pusht,112,prefix_a,Displacement-Observed,1,0,280,2
pusht,112,prefix_b,Direct,1,0,280,0
pusht,112,prefix_b,Predictor-Final,1,0,280,5
pusht,112,prefix_b,Predictor-Observed,1,0,280,5
pusht,112,prefix_b,Predictor-Learned,1,0,280,3
pusht,112,prefix_b,Simulator-Final,1,0,280,3
pusht,112,prefix_b,Simulator-Observed,1,0,280,5
pusht,112,prefix_b,Simulator-Learned,1,0,280,6
pusht,112,prefix_b,Displacement-Observed,1,0,280,5
pusht,113,clean,Direct,1,0,280,0
pusht,113,clean,Predictor-Final,1,0,280,5
pusht,113,clean,Predictor-Observed,1,0,280,0
pusht,113,clean,Predictor-Learned,1,0,280,1
pusht,113,clean,Simulator-Final,1,0,280,5
pusht,113,clean,Simulator-Observed,1,0,280,0
pusht,113,clean,Simulator-Learned,1,0,280,1
pusht,113,clean,Displacement-Observed,1,0,280,0
pusht,113,prefix_a,Direct,1,0,280,0
pusht,113,prefix_a,Predictor-Final,1,0,280,5
pusht,113,prefix_a,Predictor-Observed,1,0,280,2
pusht,113,prefix_a,Predictor-Learned,1,0,280,0
pusht,113,prefix_a,Simulator-Final,1,0,280,5
pusht,113,prefix_a,Simulator-Observed,1,0,280,2
pusht,113,prefix_a,Simulator-Learned,1,0,280,2
pusht,113,prefix_a,Displacement-Observed,1,0,280,1
pusht,113,prefix_b,Direct,1,0,280,0
pusht,113,prefix_b,Predictor-Final,1,0,280,5
pusht,113,prefix_b,Predictor-Observed,1,0,280,1
pusht,113,prefix_b,Predictor-Learned,1,0,280,3
pusht,113,prefix_b,Simulator-Final,1,0,280,5
pusht,113,prefix_b,Simulator-Observed,1,0,280,1
pusht,113,prefix_b,Simulator-Learned,1,0,280,2
pusht,113,prefix_b,Displacement-Observed,1,0,280,0
pusht,114,clean,Direct,1,1,131,0
pusht,114,clean,Predictor-Final,1,0,280,5
pusht,114,clean,Predictor-Observed,1,1,131,0
pusht,114,clean,Predictor-Learned,1,0,280,6
pusht,114,clean,Simulator-Final,1,0,280,5
pusht,114,clean,Simulator-Observed,1,1,131,0
pusht,114,clean,Simulator-Learned,1,0,280,6
pusht,114,clean,Displacement-Observed,1,1,131,0
pusht,114,prefix_a,Direct,1,0,280,0
pusht,114,prefix_a,Predictor-Final,1,0,280,6
pusht,114,prefix_a,Predictor-Observed,1,0,280,3
pusht,114,prefix_a,Predictor-Learned,1,0,280,3
pusht,114,prefix_a,Simulator-Final,1,0,280,4
pusht,114,prefix_a,Simulator-Observed,1,0,280,6
pusht,114,prefix_a,Simulator-Learned,1,0,280,6
pusht,114,prefix_a,Displacement-Observed,1,0,280,0
pusht,114,prefix_b,Direct,1,0,280,0
pusht,114,prefix_b,Predictor-Final,1,0,280,7
pusht,114,prefix_b,Predictor-Observed,1,0,280,4
pusht,114,prefix_b,Predictor-Learned,1,0,280,4
pusht,114,prefix_b,Simulator-Final,1,0,280,5
pusht,114,prefix_b,Simulator-Observed,1,0,280,0
pusht,114,prefix_b,Simulator-Learned,1,0,280,0
pusht,114,prefix_b,Displacement-Observed,1,0,280,3
pusht,115,clean,Direct,1,0,280,0
pusht,115,clean,Predictor-Final,1,0,280,6
pusht,115,clean,Predictor-Observed,1,0,280,0
pusht,115,clean,Predictor-Learned,1,0,280,6
pusht,115,clean,Simulator-Final,1,0,280,1
pusht,115,clean,Simulator-Observed,1,0,280,2
pusht,115,clean,Simulator-Learned,1,0,280,6
pusht,115,clean,Displacement-Observed,1,0,280,0
pusht,115,prefix_a,Direct,1,0,280,0
pusht,115,prefix_a,Predictor-Final,1,0,280,5
pusht,115,prefix_a,Predictor-Observed,1,0,280,0
pusht,115,prefix_a,Predictor-Learned,1,0,280,1
pusht,115,prefix_a,Simulator-Final,1,0,280,1
pusht,115,prefix_a,Simulator-Observed,1,0,280,3
pusht,115,prefix_a,Simulator-Learned,1,0,280,7
pusht,115,prefix_a,Displacement-Observed,1,0,280,0
pusht,115,prefix_b,Direct,1,0,280,0
pusht,115,prefix_b,Predictor-Final,1,0,280,1
pusht,115,prefix_b,Predictor-Observed,1,0,280,0
pusht,115,prefix_b,Predictor-Learned,1,0,280,1
pusht,115,prefix_b,Simulator-Final,1,0,280,7
pusht,115,prefix_b,Simulator-Observed,1,0,280,3
pusht,115,prefix_b,Simulator-Learned,1,0,280,7
pusht,115,prefix_b,Displacement-Observed,1,0,280,0
pusht,116,clean,Direct,1,1,140,0
pusht,116,clean,Predictor-Final,1,1,140,0
pusht,116,clean,Predictor-Observed,1,1,140,0
pusht,116,clean,Predictor-Learned,1,0,280,3
pusht,116,clean,Simulator-Final,1,1,140,0
pusht,116,clean,Simulator-Observed,1,1,140,0
pusht,116,clean,Simulator-Learned,1,0,280,7
pusht,116,clean,Displacement-Observed,1,1,140,0
pusht,116,prefix_a,Direct,1,0,280,0
pusht,116,prefix_a,Predictor-Final,1,0,280,6
pusht,116,prefix_a,Predictor-Observed,1,0,280,1
pusht,116,prefix_a,Predictor-Learned,1,0,280,6
pusht,116,prefix_a,Simulator-Final,1,0,280,6
pusht,116,prefix_a,Simulator-Observed,1,0,280,1
pusht,116,prefix_a,Simulator-Learned,1,0,280,6
pusht,116,prefix_a,Displacement-Observed,1,0,280,0
pusht,116,prefix_b,Direct,1,1,144,0
pusht,116,prefix_b,Predictor-Final,1,0,280,7
pusht,116,prefix_b,Predictor-Observed,1,1,144,0
pusht,116,prefix_b,Predictor-Learned,1,0,280,7
pusht,116,prefix_b,Simulator-Final,1,0,280,3
pusht,116,prefix_b,Simulator-Observed,1,0,280,2
pusht,116,prefix_b,Simulator-Learned,1,0,280,3
pusht,116,prefix_b,Displacement-Observed,1,0,280,2
pusht,117,clean,Direct,1,1,139,0
pusht,117,clean,Predictor-Final,1,1,139,2
pusht,117,clean,Predictor-Observed,1,1,139,3
pusht,117,clean,Predictor-Learned,1,1,139,2
pusht,117,clean,Simulator-Final,1,1,139,3
pusht,117,clean,Simulator-Observed,1,1,139,0
pusht,117,clean,Simulator-Learned,1,1,139,0
pusht,117,clean,Displacement-Observed,1,1,139,5
pusht,117,prefix_a,Direct,1,0,280,0
pusht,117,prefix_a,Predictor-Final,1,0,280,5
pusht,117,prefix_a,Predictor-Observed,1,0,280,5
pusht,117,prefix_a,Predictor-Learned,1,0,280,0
pusht,117,prefix_a,Simulator-Final,1,0,280,0
pusht,117,prefix_a,Simulator-Observed,1,0,280,0
pusht,117,prefix_a,Simulator-Learned,1,0,280,0
pusht,117,prefix_a,Displacement-Observed,1,0,280,6
pusht,117,prefix_b,Direct,1,0,280,0
pusht,117,prefix_b,Predictor-Final,1,0,280,2
pusht,117,prefix_b,Predictor-Observed,1,0,280,4
pusht,117,prefix_b,Predictor-Learned,1,0,280,1
pusht,117,prefix_b,Simulator-Final,1,0,280,0
pusht,117,prefix_b,Simulator-Observed,1,1,152,7
pusht,117,prefix_b,Simulator-Learned,1,1,152,7
pusht,117,prefix_b,Displacement-Observed,1,0,280,0
pusht,118,clean,Direct,1,0,280,0
pusht,118,clean,Predictor-Final,1,0,280,7
pusht,118,clean,Predictor-Observed,1,0,280,4
pusht,118,clean,Predictor-Learned,1,0,280,2
pusht,118,clean,Simulator-Final,1,0,280,7
pusht,118,clean,Simulator-Observed,1,0,280,0
pusht,118,clean,Simulator-Learned,1,0,280,0
pusht,118,clean,Displacement-Observed,1,0,280,2
pusht,118,prefix_a,Direct,1,0,280,0
pusht,118,prefix_a,Predictor-Final,1,0,280,4
pusht,118,prefix_a,Predictor-Observed,1,0,280,4
pusht,118,prefix_a,Predictor-Learned,1,0,280,5
pusht,118,prefix_a,Simulator-Final,1,0,280,4
pusht,118,prefix_a,Simulator-Observed,1,0,280,5
pusht,118,prefix_a,Simulator-Learned,1,0,280,5
pusht,118,prefix_a,Displacement-Observed,1,0,280,6
pusht,118,prefix_b,Direct,1,0,280,0
pusht,118,prefix_b,Predictor-Final,1,1,139,6
pusht,118,prefix_b,Predictor-Observed,1,0,280,0
pusht,118,prefix_b,Predictor-Learned,1,0,280,3
pusht,118,prefix_b,Simulator-Final,1,0,280,2
pusht,118,prefix_b,Simulator-Observed,1,0,280,1
pusht,118,prefix_b,Simulator-Learned,1,0,280,1
pusht,118,prefix_b,Displacement-Observed,1,0,280,0
pusht,119,clean,Direct,1,1,139,0
pusht,119,clean,Predictor-Final,1,0,280,4
pusht,119,clean,Predictor-Observed,1,0,280,2
pusht,119,clean,Predictor-Learned,1,1,139,6
pusht,119,clean,Simulator-Final,1,0,280,3
pusht,119,clean,Simulator-Observed,1,1,139,6
pusht,119,clean,Simulator-Learned,1,1,139,0
pusht,119,clean,Displacement-Observed,1,1,139,0
pusht,119,prefix_a,Direct,1,0,280,0
pusht,119,prefix_a,Predictor-Final,1,0,280,7
pusht,119,prefix_a,Predictor-Observed,1,0,280,5
pusht,119,prefix_a,Predictor-Learned,1,0,280,4
pusht,119,prefix_a,Simulator-Final,1,0,280,3
pusht,119,prefix_a,Simulator-Observed,1,0,280,4
pusht,119,prefix_a,Simulator-Learned,1,0,280,3
pusht,119,prefix_a,Displacement-Observed,1,0,280,1
pusht,119,prefix_b,Direct,1,0,280,0
pusht,119,prefix_b,Predictor-Final,1,0,280,7
pusht,119,prefix_b,Predictor-Observed,1,0,280,3
pusht,119,prefix_b,Predictor-Learned,1,0,280,6
pusht,119,prefix_b,Simulator-Final,1,0,280,7
pusht,119,prefix_b,Simulator-Observed,1,0,280,3
pusht,119,prefix_b,Simulator-Learned,1,0,280,2
pusht,119,prefix_b,Displacement-Observed,1,0,280,6
pusht,120,clean,Direct,1,1,139,0
pusht,120,clean,Predictor-Final,1,0,280,6
pusht,120,clean,Predictor-Observed,1,1,139,0
pusht,120,clean,Predictor-Learned,1,1,139,0
pusht,120,clean,Simulator-Final,1,0,280,6
pusht,120,clean,Simulator-Observed,1,1,139,0
pusht,120,clean,Simulator-Learned,1,1,139,0
pusht,120,clean,Displacement-Observed,1,1,139,1
pusht,120,prefix_a,Direct,1,0,280,0
pusht,120,prefix_a,Predictor-Final,1,0,280,6
pusht,120,prefix_a,Predictor-Observed,1,1,142,1
pusht,120,prefix_a,Predictor-Learned,1,1,142,1
pusht,120,prefix_a,Simulator-Final,1,0,280,6
pusht,120,prefix_a,Simulator-Observed,1,1,138,2
pusht,120,prefix_a,Simulator-Learned,1,0,280,3
pusht,120,prefix_a,Displacement-Observed,1,0,280,6
pusht,120,prefix_b,Direct,1,0,280,0
pusht,120,prefix_b,Predictor-Final,1,0,280,4
pusht,120,prefix_b,Predictor-Observed,1,0,280,3
pusht,120,prefix_b,Predictor-Learned,1,0,280,7
pusht,120,prefix_b,Simulator-Final,1,0,280,4
pusht,120,prefix_b,Simulator-Observed,1,0,280,3
pusht,120,prefix_b,Simulator-Learned,1,0,280,7
pusht,120,prefix_b,Displacement-Observed,1,0,280,5
pusht,121,clean,Direct,1,1,139,0
pusht,121,clean,Predictor-Final,1,1,139,5
pusht,121,clean,Predictor-Observed,1,1,139,2
pusht,121,clean,Predictor-Learned,1,1,139,4
pusht,121,clean,Simulator-Final,1,1,139,5
pusht,121,clean,Simulator-Observed,1,1,139,4
pusht,121,clean,Simulator-Learned,1,1,139,1
pusht,121,clean,Displacement-Observed,1,1,139,2
pusht,121,prefix_a,Direct,1,0,280,0
pusht,121,prefix_a,Predictor-Final,1,1,73,2
pusht,121,prefix_a,Predictor-Observed,1,0,280,4
pusht,121,prefix_a,Predictor-Learned,1,1,73,7
pusht,121,prefix_a,Simulator-Final,1,1,139,5
pusht,121,prefix_a,Simulator-Observed,1,0,280,1
pusht,121,prefix_a,Simulator-Learned,1,1,73,7
pusht,121,prefix_a,Displacement-Observed,1,1,139,5
pusht,121,prefix_b,Direct,1,0,280,0
pusht,121,prefix_b,Predictor-Final,1,0,280,0
pusht,121,prefix_b,Predictor-Observed,1,0,280,0
pusht,121,prefix_b,Predictor-Learned,1,1,140,2
pusht,121,prefix_b,Simulator-Final,1,1,140,2
pusht,121,prefix_b,Simulator-Observed,1,1,140,2
pusht,121,prefix_b,Simulator-Learned,1,0,280,1
pusht,121,prefix_b,Displacement-Observed,1,1,140,2
pusht,122,clean,Direct,1,0,280,0
pusht,122,clean,Predictor-Final,1,0,280,4
pusht,122,clean,Predictor-Observed,1,0,280,1
pusht,122,clean,Predictor-Learned,1,0,280,5
pusht,122,clean,Simulator-Final,1,0,280,0
pusht,122,clean,Simulator-Observed,1,0,280,1
pusht,122,clean,Simulator-Learned,1,0,280,2
pusht,122,clean,Displacement-Observed,1,0,280,2
pusht,122,prefix_a,Direct,1,0,280,0
pusht,122,prefix_a,Predictor-Final,1,0,280,3
pusht,122,prefix_a,Predictor-Observed,1,0,280,1
pusht,122,prefix_a,Predictor-Learned,1,0,280,2
pusht,122,prefix_a,Simulator-Final,1,0,280,3
pusht,122,prefix_a,Simulator-Observed,1,0,280,3
pusht,122,prefix_a,Simulator-Learned,1,1,136,6
pusht,122,prefix_a,Displacement-Observed,1,0,280,0
pusht,122,prefix_b,Direct,1,0,280,0
pusht,122,prefix_b,Predictor-Final,1,0,280,3
pusht,122,prefix_b,Predictor-Observed,1,0,280,3
pusht,122,prefix_b,Predictor-Learned,1,0,280,5
pusht,122,prefix_b,Simulator-Final,1,0,280,5
pusht,122,prefix_b,Simulator-Observed,1,0,280,5
pusht,122,prefix_b,Simulator-Learned,1,0,280,6
pusht,122,prefix_b,Displacement-Observed,1,0,280,6
pusht,123,clean,Direct,1,1,140,0
pusht,123,clean,Predictor-Final,1,0,280,7
pusht,123,clean,Predictor-Observed,1,0,280,6
pusht,123,clean,Predictor-Learned,1,1,139,2
pusht,123,clean,Simulator-Final,1,0,280,4
pusht,123,clean,Simulator-Observed,1,1,139,2
pusht,123,clean,Simulator-Learned,1,1,140,0
pusht,123,clean,Displacement-Observed,1,1,140,1
pusht,123,prefix_a,Direct,1,0,280,0
pusht,123,prefix_a,Predictor-Final,1,1,140,7
pusht,123,prefix_a,Predictor-Observed,1,0,280,6
pusht,123,prefix_a,Predictor-Learned,1,0,280,6
pusht,123,prefix_a,Simulator-Final,1,1,140,7
pusht,123,prefix_a,Simulator-Observed,1,1,140,4
pusht,123,prefix_a,Simulator-Learned,1,1,140,4
pusht,123,prefix_a,Displacement-Observed,1,1,140,2
pusht,123,prefix_b,Direct,1,0,280,0
pusht,123,prefix_b,Predictor-Final,1,0,280,5
pusht,123,prefix_b,Predictor-Observed,1,0,280,5
pusht,123,prefix_b,Predictor-Learned,1,0,280,5
pusht,123,prefix_b,Simulator-Final,1,0,280,5
pusht,123,prefix_b,Simulator-Observed,1,0,280,2
pusht,123,prefix_b,Simulator-Learned,1,0,280,0
pusht,123,prefix_b,Displacement-Observed,1,0,280,2
pusht,124,clean,Direct,1,1,137,0
pusht,124,clean,Predictor-Final,1,1,138,6
pusht,124,clean,Predictor-Observed,1,0,280,7
pusht,124,clean,Predictor-Learned,1,1,137,0
pusht,124,clean,Simulator-Final,1,1,138,6
pusht,124,clean,Simulator-Observed,1,1,137,1
pusht,124,clean,Simulator-Learned,1,1,137,0
pusht,124,clean,Displacement-Observed,1,1,137,2
pusht,124,prefix_a,Direct,1,0,280,0
pusht,124,prefix_a,Predictor-Final,1,0,280,0
pusht,124,prefix_a,Predictor-Observed,1,0,280,3
pusht,124,prefix_a,Predictor-Learned,1,0,280,7
pusht,124,prefix_a,Simulator-Final,1,0,280,4
pusht,124,prefix_a,Simulator-Observed,1,0,280,3
pusht,124,prefix_a,Simulator-Learned,1,0,280,7
pusht,124,prefix_a,Displacement-Observed,1,0,280,5
pusht,124,prefix_b,Direct,1,0,280,0
pusht,124,prefix_b,Predictor-Final,1,0,280,7
pusht,124,prefix_b,Predictor-Observed,1,1,140,4
pusht,124,prefix_b,Predictor-Learned,1,0,280,0
pusht,124,prefix_b,Simulator-Final,1,0,280,3
pusht,124,prefix_b,Simulator-Observed,1,1,140,4
pusht,124,prefix_b,Simulator-Learned,1,1,140,4
pusht,124,prefix_b,Displacement-Observed,1,1,140,2
pusht,125,clean,Direct,1,0,280,0
pusht,125,clean,Predictor-Final,1,0,280,5
pusht,125,clean,Predictor-Observed,1,1,166,3
pusht,125,clean,Predictor-Learned,1,0,280,2
pusht,125,clean,Simulator-Final,1,0,280,5
pusht,125,clean,Simulator-Observed,1,1,166,3
pusht,125,clean,Simulator-Learned,1,0,280,7
pusht,125,clean,Displacement-Observed,1,1,166,3
pusht,125,prefix_a,Direct,1,0,280,0
pusht,125,prefix_a,Predictor-Final,1,1,150,6
pusht,125,prefix_a,Predictor-Observed,1,0,280,4
pusht,125,prefix_a,Predictor-Learned,1,1,138,3
pusht,125,prefix_a,Simulator-Final,1,1,150,6
pusht,125,prefix_a,Simulator-Observed,1,0,280,2
pusht,125,prefix_a,Simulator-Learned,1,0,280,0
pusht,125,prefix_a,Displacement-Observed,1,0,280,1
pusht,125,prefix_b,Direct,1,0,280,0
pusht,125,prefix_b,Predictor-Final,1,0,280,2
pusht,125,prefix_b,Predictor-Observed,1,0,280,2
pusht,125,prefix_b,Predictor-Learned,1,0,280,2
pusht,125,prefix_b,Simulator-Final,1,0,280,0
pusht,125,prefix_b,Simulator-Observed,1,0,280,2
pusht,125,prefix_b,Simulator-Learned,1,1,140,6
pusht,125,prefix_b,Displacement-Observed,1,0,280,4
pusht,126,clean,Direct,1,0,280,0
pusht,126,clean,Predictor-Final,1,0,280,6
pusht,126,clean,Predictor-Observed,1,0,280,1
pusht,126,clean,Predictor-Learned,1,0,280,3
pusht,126,clean,Simulator-Final,1,0,280,6
pusht,126,clean,Simulator-Observed,1,0,280,2
pusht,126,clean,Simulator-Learned,1,0,280,3
pusht,126,clean,Displacement-Observed,1,0,280,0
pusht,126,prefix_a,Direct,1,0,280,0
pusht,126,prefix_a,Predictor-Final,1,0,280,5
pusht,126,prefix_a,Predictor-Observed,1,0,280,4
pusht,126,prefix_a,Predictor-Learned,1,0,280,1
pusht,126,prefix_a,Simulator-Final,1,0,280,6
pusht,126,prefix_a,Simulator-Observed,1,0,280,3
pusht,126,prefix_a,Simulator-Learned,1,0,280,1
pusht,126,prefix_a,Displacement-Observed,1,0,280,7
pusht,126,prefix_b,Direct,1,0,280,0
pusht,126,prefix_b,Predictor-Final,1,1,134,4
pusht,126,prefix_b,Predictor-Observed,1,0,280,3
pusht,126,prefix_b,Predictor-Learned,1,0,280,6
pusht,126,prefix_b,Simulator-Final,1,0,280,5
pusht,126,prefix_b,Simulator-Observed,1,0,280,3
pusht,126,prefix_b,Simulator-Learned,1,0,280,2
pusht,126,prefix_b,Displacement-Observed,1,0,280,3
pusht,127,clean,Direct,1,1,144,0
pusht,127,clean,Predictor-Final,1,1,144,0
pusht,127,clean,Predictor-Observed,1,1,144,0
pusht,127,clean,Predictor-Learned,1,0,280,4
pusht,127,clean,Simulator-Final,1,1,144,0
pusht,127,clean,Simulator-Observed,1,1,144,0
pusht,127,clean,Simulator-Learned,1,0,280,4
pusht,127,clean,Displacement-Observed,1,1,144,0
pusht,127,prefix_a,Direct,1,0,280,0
pusht,127,prefix_a,Predictor-Final,1,0,280,0
pusht,127,prefix_a,Predictor-Observed,1,0,280,4
pusht,127,prefix_a,Predictor-Learned,1,0,280,4
pusht,127,prefix_a,Simulator-Final,1,0,280,0
pusht,127,prefix_a,Simulator-Observed,1,0,280,4
pusht,127,prefix_a,Simulator-Learned,1,0,280,7
pusht,127,prefix_a,Displacement-Observed,1,0,280,4
pusht,127,prefix_b,Direct,1,0,280,0
pusht,127,prefix_b,Predictor-Final,1,0,280,0
pusht,127,prefix_b,Predictor-Observed,1,0,280,4
pusht,127,prefix_b,Predictor-Learned,1,0,280,4
pusht,127,prefix_b,Simulator-Final,1,0,280,0
pusht,127,prefix_b,Simulator-Observed,1,1,142,1
pusht,127,prefix_b,Simulator-Learned,1,0,280,4
pusht,127,prefix_b,Displacement-Observed,1,0,280,4
reacher,0,clean,Direct,1,1,154,0
reacher,0,clean,Predictor-Final,1,1,195,5
reacher,0,clean,Predictor-Observed,1,1,198,3
reacher,0,clean,Predictor-Learned,1,1,155,2
reacher,0,clean,Simulator-Final,1,1,195,5
reacher,0,clean,Simulator-Observed,1,1,198,3
reacher,0,clean,Simulator-Learned,1,1,155,2
reacher,0,clean,Displacement-Observed,1,1,55,4
reacher,0,prefix_a,Direct,1,1,163,0
reacher,0,prefix_a,Predictor-Final,1,1,148,6
reacher,0,prefix_a,Predictor-Observed,1,1,144,1
reacher,0,prefix_a,Predictor-Learned,1,1,178,7
reacher,0,prefix_a,Simulator-Final,1,1,178,7
reacher,0,prefix_a,Simulator-Observed,1,1,144,1
reacher,0,prefix_a,Simulator-Learned,1,1,148,6
reacher,0,prefix_a,Displacement-Observed,1,1,144,1
reacher,0,prefix_b,Direct,1,1,131,0
reacher,0,prefix_b,Predictor-Final,1,1,58,6
reacher,0,prefix_b,Predictor-Observed,1,1,131,0
reacher,0,prefix_b,Predictor-Learned,1,1,149,1
reacher,0,prefix_b,Simulator-Final,1,1,120,4
reacher,0,prefix_b,Simulator-Observed,1,1,149,1
reacher,0,prefix_b,Simulator-Learned,1,1,149,1
reacher,0,prefix_b,Displacement-Observed,1,1,131,0
reacher,1,clean,Direct,1,1,181,0
reacher,1,clean,Predictor-Final,1,1,197,2
reacher,1,clean,Predictor-Observed,1,1,181,0
reacher,1,clean,Predictor-Learned,1,1,102,4
reacher,1,clean,Simulator-Final,1,1,197,2
reacher,1,clean,Simulator-Observed,1,1,102,4
reacher,1,clean,Simulator-Learned,1,1,181,0
reacher,1,clean,Displacement-Observed,1,1,102,4
reacher,1,prefix_a,Direct,1,1,145,0
reacher,1,prefix_a,Predictor-Final,1,1,222,6
reacher,1,prefix_a,Predictor-Observed,1,1,222,6
reacher,1,prefix_a,Predictor-Learned,1,1,253,4
reacher,1,prefix_a,Simulator-Final,1,1,222,6
reacher,1,prefix_a,Simulator-Observed,1,1,145,0
reacher,1,prefix_a,Simulator-Learned,1,1,173,5
reacher,1,prefix_a,Displacement-Observed,1,1,145,0
reacher,1,prefix_b,Direct,1,1,159,0
reacher,1,prefix_b,Predictor-Final,1,1,171,2
reacher,1,prefix_b,Predictor-Observed,1,1,258,3
reacher,1,prefix_b,Predictor-Learned,1,1,258,3
reacher,1,prefix_b,Simulator-Final,1,1,171,2
reacher,1,prefix_b,Simulator-Observed,1,1,258,3
reacher,1,prefix_b,Simulator-Learned,1,1,258,3
reacher,1,prefix_b,Displacement-Observed,1,1,159,0
reacher,2,clean,Direct,1,1,169,0
reacher,2,clean,Predictor-Final,1,1,166,1
reacher,2,clean,Predictor-Observed,1,1,189,3
reacher,2,clean,Predictor-Learned,1,1,140,7
reacher,2,clean,Simulator-Final,1,1,189,3
reacher,2,clean,Simulator-Observed,1,1,170,4
reacher,2,clean,Simulator-Learned,1,1,140,7
reacher,2,clean,Displacement-Observed,1,1,169,0
reacher,2,prefix_a,Direct,1,1,142,0
reacher,2,prefix_a,Predictor-Final,1,1,157,5
reacher,2,prefix_a,Predictor-Observed,1,1,154,7
reacher,2,prefix_a,Predictor-Learned,1,1,151,1
reacher,2,prefix_a,Simulator-Final,1,1,157,5
reacher,2,prefix_a,Simulator-Observed,1,1,154,7
reacher,2,prefix_a,Simulator-Learned,1,1,151,1
reacher,2,prefix_a,Displacement-Observed,1,1,146,6
reacher,2,prefix_b,Direct,1,1,149,0
reacher,2,prefix_b,Predictor-Final,1,1,146,2
reacher,2,prefix_b,Predictor-Observed,1,1,149,0
reacher,2,prefix_b,Predictor-Learned,1,1,138,1
reacher,2,prefix_b,Simulator-Final,1,1,150,5
reacher,2,prefix_b,Simulator-Observed,1,1,149,0
reacher,2,prefix_b,Simulator-Learned,1,1,146,2
reacher,2,prefix_b,Displacement-Observed,1,1,149,0
reacher,3,clean,Direct,1,1,149,0
reacher,3,clean,Predictor-Final,1,1,151,7
reacher,3,clean,Predictor-Observed,1,1,149,0
reacher,3,clean,Predictor-Learned,1,1,181,5
reacher,3,clean,Simulator-Final,1,1,151,7
reacher,3,clean,Simulator-Observed,1,1,149,0
reacher,3,clean,Simulator-Learned,1,1,181,5
reacher,3,clean,Displacement-Observed,1,1,149,0
reacher,3,prefix_a,Direct,1,1,150,0
reacher,3,prefix_a,Predictor-Final,1,1,180,5
reacher,3,prefix_a,Predictor-Observed,1,1,150,0
reacher,3,prefix_a,Predictor-Learned,1,1,141,1
reacher,3,prefix_a,Simulator-Final,1,1,150,0
reacher,3,prefix_a,Simulator-Observed,1,1,150,0
reacher,3,prefix_a,Simulator-Learned,1,1,174,6
reacher,3,prefix_a,Displacement-Observed,1,1,150,0
reacher,3,prefix_b,Direct,1,1,160,0
reacher,3,prefix_b,Predictor-Final,1,1,160,0
reacher,3,prefix_b,Predictor-Observed,1,1,160,0
reacher,3,prefix_b,Predictor-Learned,1,1,176,2
reacher,3,prefix_b,Simulator-Final,1,1,154,1
reacher,3,prefix_b,Simulator-Observed,1,1,160,0
reacher,3,prefix_b,Simulator-Learned,1,1,179,3
reacher,3,prefix_b,Displacement-Observed,1,1,154,1
reacher,4,clean,Direct,1,1,138,0
reacher,4,clean,Predictor-Final,1,1,32,1
reacher,4,clean,Predictor-Observed,1,1,138,0
reacher,4,clean,Predictor-Learned,1,1,45,2
reacher,4,clean,Simulator-Final,1,1,32,1
reacher,4,clean,Simulator-Observed,1,1,138,0
reacher,4,clean,Simulator-Learned,1,1,203,4
reacher,4,clean,Displacement-Observed,1,1,138,0
reacher,4,prefix_a,Direct,1,1,150,0
reacher,4,prefix_a,Predictor-Final,1,1,124,6
reacher,4,prefix_a,Predictor-Observed,1,1,124,6
reacher,4,prefix_a,Predictor-Learned,1,1,93,3
reacher,4,prefix_a,Simulator-Final,1,1,124,6
reacher,4,prefix_a,Simulator-Observed,1,1,124,6
reacher,4,prefix_a,Simulator-Learned,1,1,93,3
reacher,4,prefix_a,Displacement-Observed,1,1,150,0
reacher,4,prefix_b,Direct,1,1,36,0
reacher,4,prefix_b,Predictor-Final,1,1,157,2
reacher,4,prefix_b,Predictor-Observed,1,1,36,0
reacher,4,prefix_b,Predictor-Learned,1,1,176,6
reacher,4,prefix_b,Simulator-Final,1,1,36,0
reacher,4,prefix_b,Simulator-Observed,1,1,162,5
reacher,4,prefix_b,Simulator-Learned,1,1,176,6
reacher,4,prefix_b,Displacement-Observed,1,1,36,0
reacher,5,clean,Direct,1,1,158,0
reacher,5,clean,Predictor-Final,1,1,162,4
reacher,5,clean,Predictor-Observed,1,1,111,7
reacher,5,clean,Predictor-Learned,1,1,168,5
reacher,5,clean,Simulator-Final,1,1,153,6
reacher,5,clean,Simulator-Observed,1,1,111,7
reacher,5,clean,Simulator-Learned,1,1,168,5
reacher,5,clean,Displacement-Observed,1,1,136,1
reacher,5,prefix_a,Direct,1,1,62,0
reacher,5,prefix_a,Predictor-Final,1,1,160,7
reacher,5,prefix_a,Predictor-Observed,1,1,151,4
reacher,5,prefix_a,Predictor-Learned,1,1,148,6
reacher,5,prefix_a,Simulator-Final,1,1,160,7
reacher,5,prefix_a,Simulator-Observed,1,1,158,5
reacher,5,prefix_a,Simulator-Learned,1,1,148,6
reacher,5,prefix_a,Displacement-Observed,1,1,62,0
reacher,5,prefix_b,Direct,1,1,129,0
reacher,5,prefix_b,Predictor-Final,1,1,158,7
reacher,5,prefix_b,Predictor-Observed,1,1,115,2
reacher,5,prefix_b,Predictor-Learned,1,1,115,2
reacher,5,prefix_b,Simulator-Final,1,1,158,7
reacher,5,prefix_b,Simulator-Observed,1,1,115,2
reacher,5,prefix_b,Simulator-Learned,1,1,148,3
reacher,5,prefix_b,Displacement-Observed,1,1,129,0
reacher,6,clean,Direct,1,1,2,0
reacher,6,clean,Predictor-Final,1,1,2,0
reacher,6,clean,Predictor-Observed,1,1,8,3
reacher,6,clean,Predictor-Learned,1,1,3,7
reacher,6,clean,Simulator-Final,1,1,2,0
reacher,6,clean,Simulator-Observed,1,1,8,3
reacher,6,clean,Simulator-Learned,1,1,151,1
reacher,6,clean,Displacement-Observed,1,1,2,0
reacher,6,prefix_a,Direct,0,1,0,
reacher,6,prefix_a,Predictor-Final,0,1,0,
reacher,6,prefix_a,Predictor-Observed,0,1,0,
reacher,6,prefix_a,Predictor-Learned,0,1,0,
reacher,6,prefix_a,Simulator-Final,0,1,0,
reacher,6,prefix_a,Simulator-Observed,0,1,0,
reacher,6,prefix_a,Simulator-Learned,0,1,0,
reacher,6,prefix_a,Displacement-Observed,0,1,0,
reacher,6,prefix_b,Direct,1,1,149,0
reacher,6,prefix_b,Predictor-Final,1,1,151,5
reacher,6,prefix_b,Predictor-Observed,1,1,149,0
reacher,6,prefix_b,Predictor-Learned,1,1,153,3
reacher,6,prefix_b,Simulator-Final,1,1,170,7
reacher,6,prefix_b,Simulator-Observed,1,1,142,2
reacher,6,prefix_b,Simulator-Learned,1,1,142,2
reacher,6,prefix_b,Displacement-Observed,1,1,149,0
reacher,7,clean,Direct,1,1,136,0
reacher,7,clean,Predictor-Final,1,1,112,3
reacher,7,clean,Predictor-Observed,1,1,156,2
reacher,7,clean,Predictor-Learned,1,1,148,5
reacher,7,clean,Simulator-Final,1,1,156,2
reacher,7,clean,Simulator-Observed,1,1,147,1
reacher,7,clean,Simulator-Learned,1,1,148,5
reacher,7,clean,Displacement-Observed,1,1,136,0
reacher,7,prefix_a,Direct,1,1,134,0
reacher,7,prefix_a,Predictor-Final,1,1,155,3
reacher,7,prefix_a,Predictor-Observed,1,1,155,3
reacher,7,prefix_a,Predictor-Learned,1,1,165,6
reacher,7,prefix_a,Simulator-Final,1,1,81,4
reacher,7,prefix_a,Simulator-Observed,1,1,140,2
reacher,7,prefix_a,Simulator-Learned,1,1,165,6
reacher,7,prefix_a,Displacement-Observed,1,1,81,4
reacher,7,prefix_b,Direct,1,1,162,0
reacher,7,prefix_b,Predictor-Final,1,1,160,7
reacher,7,prefix_b,Predictor-Observed,1,1,90,6
reacher,7,prefix_b,Predictor-Learned,1,1,171,3
reacher,7,prefix_b,Simulator-Final,1,1,90,6
reacher,7,prefix_b,Simulator-Observed,1,1,143,1
reacher,7,prefix_b,Simulator-Learned,1,1,171,3
reacher,7,prefix_b,Displacement-Observed,1,1,162,0
reacher,8,clean,Direct,1,1,151,0
reacher,8,clean,Predictor-Final,1,1,200,5
reacher,8,clean,Predictor-Observed,1,1,143,1
reacher,8,clean,Predictor-Learned,1,1,189,2
reacher,8,clean,Simulator-Final,1,1,143,1
reacher,8,clean,Simulator-Observed,1,1,151,0
reacher,8,clean,Simulator-Learned,1,1,189,2
reacher,8,clean,Displacement-Observed,1,1,151,0
reacher,8,prefix_a,Direct,1,1,157,0
reacher,8,prefix_a,Predictor-Final,1,1,82,6
reacher,8,prefix_a,Predictor-Observed,1,1,157,0
reacher,8,prefix_a,Predictor-Learned,1,1,157,0
reacher,8,prefix_a,Simulator-Final,1,1,149,2
reacher,8,prefix_a,Simulator-Observed,1,1,200,4
reacher,8,prefix_a,Simulator-Learned,1,1,157,0
reacher,8,prefix_a,Displacement-Observed,1,1,157,0
reacher,8,prefix_b,Direct,1,1,154,0
reacher,8,prefix_b,Predictor-Final,1,1,161,2
reacher,8,prefix_b,Predictor-Observed,1,1,192,1
reacher,8,prefix_b,Predictor-Learned,1,1,44,7
reacher,8,prefix_b,Simulator-Final,1,1,161,2
reacher,8,prefix_b,Simulator-Observed,1,1,192,1
reacher,8,prefix_b,Simulator-Learned,1,1,44,7
reacher,8,prefix_b,Displacement-Observed,1,1,192,1
reacher,9,clean,Direct,1,1,122,0
reacher,9,clean,Predictor-Final,1,1,147,4
reacher,9,clean,Predictor-Observed,1,1,167,1
reacher,9,clean,Predictor-Learned,1,1,150,6
reacher,9,clean,Simulator-Final,1,1,161,2
reacher,9,clean,Simulator-Observed,1,1,161,2
reacher,9,clean,Simulator-Learned,1,1,150,6
reacher,9,clean,Displacement-Observed,1,1,122,0
reacher,9,prefix_a,Direct,1,1,104,0
reacher,9,prefix_a,Predictor-Final,1,1,162,2
reacher,9,prefix_a,Predictor-Observed,1,1,144,4
reacher,9,prefix_a,Predictor-Learned,1,1,157,7
reacher,9,prefix_a,Simulator-Final,1,1,149,5
reacher,9,prefix_a,Simulator-Observed,1,1,104,0
reacher,9,prefix_a,Simulator-Learned,1,1,157,7
reacher,9,prefix_a,Displacement-Observed,1,1,104,0
reacher,9,prefix_b,Direct,1,1,148,0
reacher,9,prefix_b,Predictor-Final,1,1,102,7
reacher,9,prefix_b,Predictor-Observed,1,1,150,5
reacher,9,prefix_b,Predictor-Learned,1,1,148,2
reacher,9,prefix_b,Simulator-Final,1,1,126,6
reacher,9,prefix_b,Simulator-Observed,1,1,150,5
reacher,9,prefix_b,Simulator-Learned,1,1,148,2
reacher,9,prefix_b,Displacement-Observed,1,1,148,0
reacher,10,clean,Direct,1,1,155,0
reacher,10,clean,Predictor-Final,1,1,42,3
reacher,10,clean,Predictor-Observed,1,1,155,0
reacher,10,clean,Predictor-Learned,1,1,164,5
reacher,10,clean,Simulator-Final,1,1,152,4
reacher,10,clean,Simulator-Observed,1,1,155,0
reacher,10,clean,Simulator-Learned,1,1,164,5
reacher,10,clean,Displacement-Observed,1,1,187,1
reacher,10,prefix_a,Direct,1,1,148,0
reacher,10,prefix_a,Predictor-Final,1,1,155,2
reacher,10,prefix_a,Predictor-Observed,1,1,149,1
reacher,10,prefix_a,Predictor-Learned,1,1,206,6
reacher,10,prefix_a,Simulator-Final,1,1,155,2
reacher,10,prefix_a,Simulator-Observed,1,1,149,1
reacher,10,prefix_a,Simulator-Learned,1,1,142,7
reacher,10,prefix_a,Displacement-Observed,1,1,148,0
reacher,10,prefix_b,Direct,1,1,172,0
reacher,10,prefix_b,Predictor-Final,1,1,164,1
reacher,10,prefix_b,Predictor-Observed,1,1,155,2
reacher,10,prefix_b,Predictor-Learned,1,1,134,6
reacher,10,prefix_b,Simulator-Final,1,1,164,1
reacher,10,prefix_b,Simulator-Observed,1,1,172,0
reacher,10,prefix_b,Simulator-Learned,1,1,159,4
reacher,10,prefix_b,Displacement-Observed,1,1,172,0
reacher,11,clean,Direct,1,1,163,0
reacher,11,clean,Predictor-Final,1,1,163,0
reacher,11,clean,Predictor-Observed,1,1,184,5
reacher,11,clean,Predictor-Learned,1,1,163,0
reacher,11,clean,Simulator-Final,1,1,169,6
reacher,11,clean,Simulator-Observed,1,1,184,5
reacher,11,clean,Simulator-Learned,1,1,154,1
reacher,11,clean,Displacement-Observed,1,1,163,0
reacher,11,prefix_a,Direct,1,1,147,0
reacher,11,prefix_a,Predictor-Final,1,1,151,4
reacher,11,prefix_a,Predictor-Observed,1,1,147,0
reacher,11,prefix_a,Predictor-Learned,1,1,117,6
reacher,11,prefix_a,Simulator-Final,1,1,151,4
reacher,11,prefix_a,Simulator-Observed,1,1,139,5
reacher,11,prefix_a,Simulator-Learned,1,1,71,7
reacher,11,prefix_a,Displacement-Observed,1,1,161,3
reacher,11,prefix_b,Direct,1,1,156,0
reacher,11,prefix_b,Predictor-Final,1,1,156,0
reacher,11,prefix_b,Predictor-Observed,1,1,165,5
reacher,11,prefix_b,Predictor-Learned,1,1,165,5
reacher,11,prefix_b,Simulator-Final,1,1,142,1
reacher,11,prefix_b,Simulator-Observed,1,1,165,5
reacher,11,prefix_b,Simulator-Learned,1,1,180,7
reacher,11,prefix_b,Displacement-Observed,1,1,156,0
reacher,12,clean,Direct,1,1,4,0
reacher,12,clean,Predictor-Final,1,1,4,0
reacher,12,clean,Predictor-Observed,1,1,4,0
reacher,12,clean,Predictor-Learned,1,1,170,4
reacher,12,clean,Simulator-Final,1,1,4,0
reacher,12,clean,Simulator-Observed,1,1,118,1
reacher,12,clean,Simulator-Learned,1,1,195,7
reacher,12,clean,Displacement-Observed,1,1,4,0
reacher,12,prefix_a,Direct,1,1,124,0
reacher,12,prefix_a,Predictor-Final,1,1,174,5
reacher,12,prefix_a,Predictor-Observed,1,1,124,0
reacher,12,prefix_a,Predictor-Learned,1,1,163,7
reacher,12,prefix_a,Simulator-Final,1,1,174,5
reacher,12,prefix_a,Simulator-Observed,1,1,124,0
reacher,12,prefix_a,Simulator-Learned,1,1,163,7
reacher,12,prefix_a,Displacement-Observed,1,1,124,0
reacher,12,prefix_b,Direct,1,1,140,0
reacher,12,prefix_b,Predictor-Final,1,1,150,4
reacher,12,prefix_b,Predictor-Observed,1,1,135,5
reacher,12,prefix_b,Predictor-Learned,1,1,149,7
reacher,12,prefix_b,Simulator-Final,1,1,150,4
reacher,12,prefix_b,Simulator-Observed,1,1,59,1
reacher,12,prefix_b,Simulator-Learned,1,1,149,7
reacher,12,prefix_b,Displacement-Observed,1,1,140,0
reacher,13,clean,Direct,1,1,81,0
reacher,13,clean,Predictor-Final,1,1,136,2
reacher,13,clean,Predictor-Observed,1,1,81,0
reacher,13,clean,Predictor-Learned,1,1,156,6
reacher,13,clean,Simulator-Final,1,1,166,3
reacher,13,clean,Simulator-Observed,1,1,63,1
reacher,13,clean,Simulator-Learned,1,1,165,5
reacher,13,clean,Displacement-Observed,1,1,156,6
reacher,13,prefix_a,Direct,1,1,155,0
reacher,13,prefix_a,Predictor-Final,1,1,43,5
reacher,13,prefix_a,Predictor-Observed,1,1,155,0
reacher,13,prefix_a,Predictor-Learned,1,1,141,7
reacher,13,prefix_a,Simulator-Final,1,1,43,5
reacher,13,prefix_a,Simulator-Observed,1,1,155,0
reacher,13,prefix_a,Simulator-Learned,1,1,155,0
reacher,13,prefix_a,Displacement-Observed,1,1,155,0
reacher,13,prefix_b,Direct,1,1,125,0
reacher,13,prefix_b,Predictor-Final,1,1,56,5
reacher,13,prefix_b,Predictor-Observed,1,1,125,0
reacher,13,prefix_b,Predictor-Learned,1,1,56,5
reacher,13,prefix_b,Simulator-Final,1,1,142,2
reacher,13,prefix_b,Simulator-Observed,1,1,142,1
reacher,13,prefix_b,Simulator-Learned,1,1,164,6
reacher,13,prefix_b,Displacement-Observed,1,1,125,0
reacher,14,clean,Direct,1,1,159,0
reacher,14,clean,Predictor-Final,1,1,150,2
reacher,14,clean,Predictor-Observed,1,1,182,1
reacher,14,clean,Predictor-Learned,1,1,85,3
reacher,14,clean,Simulator-Final,1,1,150,2
reacher,14,clean,Simulator-Observed,1,1,159,0
reacher,14,clean,Simulator-Learned,1,1,187,5
reacher,14,clean,Displacement-Observed,1,1,182,1
reacher,14,prefix_a,Direct,1,1,147,0
reacher,14,prefix_a,Predictor-Final,1,1,11,6
reacher,14,prefix_a,Predictor-Observed,1,1,147,0
reacher,14,prefix_a,Predictor-Learned,1,1,53,7
reacher,14,prefix_a,Simulator-Final,1,1,153,3
reacher,14,prefix_a,Simulator-Observed,1,1,158,2
reacher,14,prefix_a,Simulator-Learned,1,1,53,7
reacher,14,prefix_a,Displacement-Observed,1,1,147,0
reacher,14,prefix_b,Direct,1,1,238,0
reacher,14,prefix_b,Predictor-Final,1,1,155,4
reacher,14,prefix_b,Predictor-Observed,1,1,157,7
reacher,14,prefix_b,Predictor-Learned,1,1,35,3
reacher,14,prefix_b,Simulator-Final,1,1,155,4
reacher,14,prefix_b,Simulator-Observed,1,1,157,7
reacher,14,prefix_b,Simulator-Learned,1,1,150,5
reacher,14,prefix_b,Displacement-Observed,1,1,157,7
reacher,15,clean,Direct,1,1,190,0
reacher,15,clean,Predictor-Final,1,1,146,2
reacher,15,clean,Predictor-Observed,1,1,190,0
reacher,15,clean,Predictor-Learned,1,1,132,6
reacher,15,clean,Simulator-Final,1,1,146,2
reacher,15,clean,Simulator-Observed,1,1,146,1
reacher,15,clean,Simulator-Learned,1,1,132,6
reacher,15,clean,Displacement-Observed,1,1,190,0
reacher,15,prefix_a,Direct,1,1,148,0
reacher,15,prefix_a,Predictor-Final,1,1,146,3
reacher,15,prefix_a,Predictor-Observed,1,1,155,7
reacher,15,prefix_a,Predictor-Learned,1,1,150,2
reacher,15,prefix_a,Simulator-Final,1,1,146,3
reacher,15,prefix_a,Simulator-Observed,1,1,150,5
reacher,15,prefix_a,Simulator-Learned,1,1,150,2
reacher,15,prefix_a,Displacement-Observed,1,1,148,0
reacher,15,prefix_b,Direct,1,1,149,0
reacher,15,prefix_b,Predictor-Final,1,1,136,5
reacher,15,prefix_b,Predictor-Observed,1,1,149,0
reacher,15,prefix_b,Predictor-Learned,1,1,149,0
reacher,15,prefix_b,Simulator-Final,1,1,136,5
reacher,15,prefix_b,Simulator-Observed,1,1,149,0
reacher,15,prefix_b,Simulator-Learned,1,1,149,0
reacher,15,prefix_b,Displacement-Observed,1,1,149,0
reacher,16,clean,Direct,1,1,149,0
reacher,16,clean,Predictor-Final,1,1,133,3
reacher,16,clean,Predictor-Observed,1,1,165,1
reacher,16,clean,Predictor-Learned,1,1,155,5
reacher,16,clean,Simulator-Final,1,1,165,1
reacher,16,clean,Simulator-Observed,1,1,165,1
reacher,16,clean,Simulator-Learned,1,1,147,4
reacher,16,clean,Displacement-Observed,1,1,149,0
reacher,16,prefix_a,Direct,1,1,150,0
reacher,16,prefix_a,Predictor-Final,1,1,167,5
reacher,16,prefix_a,Predictor-Observed,1,1,149,6
reacher,16,prefix_a,Predictor-Learned,1,1,156,3
reacher,16,prefix_a,Simulator-Final,1,1,167,5
reacher,16,prefix_a,Simulator-Observed,1,1,150,0
reacher,16,prefix_a,Simulator-Learned,1,1,156,3
reacher,16,prefix_a,Displacement-Observed,1,1,150,0
reacher,16,prefix_b,Direct,1,1,147,0
reacher,16,prefix_b,Predictor-Final,1,1,150,5
reacher,16,prefix_b,Predictor-Observed,1,1,147,0
reacher,16,prefix_b,Predictor-Learned,1,1,154,6
reacher,16,prefix_b,Simulator-Final,1,1,156,2
reacher,16,prefix_b,Simulator-Observed,1,1,147,0
reacher,16,prefix_b,Simulator-Learned,1,1,155,4
reacher,16,prefix_b,Displacement-Observed,1,1,147,0
reacher,17,clean,Direct,1,1,149,0
reacher,17,clean,Predictor-Final,1,1,193,7
reacher,17,clean,Predictor-Observed,1,1,133,4
reacher,17,clean,Predictor-Learned,1,1,243,3
reacher,17,clean,Simulator-Final,1,1,149,1
reacher,17,clean,Simulator-Observed,1,1,133,4
reacher,17,clean,Simulator-Learned,1,1,149,1
reacher,17,clean,Displacement-Observed,1,1,149,0
reacher,17,prefix_a,Direct,1,1,224,0
reacher,17,prefix_a,Predictor-Final,1,1,157,2
reacher,17,prefix_a,Predictor-Observed,1,1,224,0
reacher,17,prefix_a,Predictor-Learned,1,1,148,4
reacher,17,prefix_a,Simulator-Final,1,1,157,2
reacher,17,prefix_a,Simulator-Observed,1,1,224,0
reacher,17,prefix_a,Simulator-Learned,1,1,148,4
reacher,17,prefix_a,Displacement-Observed,1,1,224,0
reacher,17,prefix_b,Direct,1,1,223,0
reacher,17,prefix_b,Predictor-Final,1,1,82,7
reacher,17,prefix_b,Predictor-Observed,1,1,223,0
reacher,17,prefix_b,Predictor-Learned,1,1,164,1
reacher,17,prefix_b,Simulator-Final,1,1,82,7
reacher,17,prefix_b,Simulator-Observed,1,1,164,1
reacher,17,prefix_b,Simulator-Learned,1,1,164,1
reacher,17,prefix_b,Displacement-Observed,1,1,223,0
reacher,18,clean,Direct,1,1,117,0
reacher,18,clean,Predictor-Final,1,1,156,1
reacher,18,clean,Predictor-Observed,1,1,156,1
reacher,18,clean,Predictor-Learned,1,1,149,4
reacher,18,clean,Simulator-Final,1,1,201,2
reacher,18,clean,Simulator-Observed,1,1,117,0
reacher,18,clean,Simulator-Learned,1,1,73,6
reacher,18,clean,Displacement-Observed,1,1,156,1
reacher,18,prefix_a,Direct,1,1,231,0
reacher,18,prefix_a,Predictor-Final,1,1,149,3
reacher,18,prefix_a,Predictor-Observed,1,1,231,0
reacher,18,prefix_a,Predictor-Learned,1,1,205,5
reacher,18,prefix_a,Simulator-Final,1,1,149,3
reacher,18,prefix_a,Simulator-Observed,1,1,231,0
reacher,18,prefix_a,Simulator-Learned,1,1,205,5
reacher,18,prefix_a,Displacement-Observed,1,1,231,0
reacher,18,prefix_b,Direct,1,1,161,0
reacher,18,prefix_b,Predictor-Final,1,1,76,7
reacher,18,prefix_b,Predictor-Observed,1,1,149,2
reacher,18,prefix_b,Predictor-Learned,1,1,151,3
reacher,18,prefix_b,Simulator-Final,1,1,76,7
reacher,18,prefix_b,Simulator-Observed,1,1,149,2
reacher,18,prefix_b,Simulator-Learned,1,1,151,3
reacher,18,prefix_b,Displacement-Observed,1,1,161,0
reacher,19,clean,Direct,1,1,156,0
reacher,19,clean,Predictor-Final,1,1,196,4
reacher,19,clean,Predictor-Observed,1,1,149,5
reacher,19,clean,Predictor-Learned,1,1,206,6
reacher,19,clean,Simulator-Final,1,1,196,4
reacher,19,clean,Simulator-Observed,1,1,149,5
reacher,19,clean,Simulator-Learned,1,1,206,6
reacher,19,clean,Displacement-Observed,1,1,156,0
reacher,19,prefix_a,Direct,1,1,120,0
reacher,19,prefix_a,Predictor-Final,1,1,123,6
reacher,19,prefix_a,Predictor-Observed,1,1,158,7
reacher,19,prefix_a,Predictor-Learned,1,1,158,7
reacher,19,prefix_a,Simulator-Final,1,1,123,6
reacher,19,prefix_a,Simulator-Observed,1,1,153,5
reacher,19,prefix_a,Simulator-Learned,1,1,153,5
reacher,19,prefix_a,Displacement-Observed,1,1,158,7
reacher,19,prefix_b,Direct,1,1,261,0
reacher,19,prefix_b,Predictor-Final,1,1,150,2
reacher,19,prefix_b,Predictor-Observed,1,1,72,5
reacher,19,prefix_b,Predictor-Learned,1,1,72,5
reacher,19,prefix_b,Simulator-Final,1,1,150,2
reacher,19,prefix_b,Simulator-Observed,1,1,72,5
reacher,19,prefix_b,Simulator-Learned,1,1,72,5
reacher,19,prefix_b,Displacement-Observed,1,1,261,0
reacher,20,clean,Direct,1,1,188,0
reacher,20,clean,Predictor-Final,1,1,290,2
reacher,20,clean,Predictor-Observed,1,1,188,0
reacher,20,clean,Predictor-Learned,1,1,163,4
reacher,20,clean,Simulator-Final,1,1,188,0
reacher,20,clean,Simulator-Observed,1,1,188,0
reacher,20,clean,Simulator-Learned,1,1,163,4
reacher,20,clean,Displacement-Observed,1,1,188,0
reacher,20,prefix_a,Direct,1,1,188,0
reacher,20,prefix_a,Predictor-Final,1,1,153,6
reacher,20,prefix_a,Predictor-Observed,1,1,188,0
reacher,20,prefix_a,Predictor-Learned,1,1,110,1
reacher,20,prefix_a,Simulator-Final,1,1,155,2
reacher,20,prefix_a,Simulator-Observed,1,1,188,0
reacher,20,prefix_a,Simulator-Learned,1,1,110,1
reacher,20,prefix_a,Displacement-Observed,1,1,188,0
reacher,20,prefix_b,Direct,1,1,151,0
reacher,20,prefix_b,Predictor-Final,1,1,168,2
reacher,20,prefix_b,Predictor-Observed,1,1,151,0
reacher,20,prefix_b,Predictor-Learned,1,1,118,4
reacher,20,prefix_b,Simulator-Final,1,1,151,0
reacher,20,prefix_b,Simulator-Observed,1,1,151,0
reacher,20,prefix_b,Simulator-Learned,1,1,118,4
reacher,20,prefix_b,Displacement-Observed,1,1,151,0
reacher,21,clean,Direct,1,1,152,0
reacher,21,clean,Predictor-Final,1,1,152,0
reacher,21,clean,Predictor-Observed,1,1,163,1
reacher,21,clean,Predictor-Learned,1,1,163,1
reacher,21,clean,Simulator-Final,1,1,152,0
reacher,21,clean,Simulator-Observed,1,1,163,1
reacher,21,clean,Simulator-Learned,1,1,163,1
reacher,21,clean,Displacement-Observed,1,1,152,0
reacher,21,prefix_a,Direct,1,1,151,0
reacher,21,prefix_a,Predictor-Final,1,1,151,0
reacher,21,prefix_a,Predictor-Observed,1,1,131,2
reacher,21,prefix_a,Predictor-Learned,1,1,131,2
reacher,21,prefix_a,Simulator-Final,1,1,151,0
reacher,21,prefix_a,Simulator-Observed,1,1,151,0
reacher,21,prefix_a,Simulator-Learned,1,1,155,4
reacher,21,prefix_a,Displacement-Observed,1,1,158,7
reacher,21,prefix_b,Direct,1,1,160,0
reacher,21,prefix_b,Predictor-Final,1,1,160,0
reacher,21,prefix_b,Predictor-Observed,1,1,153,2
reacher,21,prefix_b,Predictor-Learned,1,1,153,2
reacher,21,prefix_b,Simulator-Final,1,1,160,0
reacher,21,prefix_b,Simulator-Observed,1,1,160,0
reacher,21,prefix_b,Simulator-Learned,1,1,151,1
reacher,21,prefix_b,Displacement-Observed,1,1,160,0
reacher,22,clean,Direct,1,1,148,0
reacher,22,clean,Predictor-Final,1,1,148,3
reacher,22,clean,Predictor-Observed,1,1,148,0
reacher,22,clean,Predictor-Learned,1,1,152,4
reacher,22,clean,Simulator-Final,1,1,148,3
reacher,22,clean,Simulator-Observed,1,1,148,0
reacher,22,clean,Simulator-Learned,1,1,152,4
reacher,22,clean,Displacement-Observed,1,1,148,0
reacher,22,prefix_a,Direct,1,1,73,0
reacher,22,prefix_a,Predictor-Final,1,1,149,5
reacher,22,prefix_a,Predictor-Observed,1,1,57,6
reacher,22,prefix_a,Predictor-Learned,1,1,142,7
reacher,22,prefix_a,Simulator-Final,1,1,149,5
reacher,22,prefix_a,Simulator-Observed,1,1,150,3
reacher,22,prefix_a,Simulator-Learned,1,1,160,1
reacher,22,prefix_a,Displacement-Observed,1,1,73,0
reacher,22,prefix_b,Direct,1,1,165,0
reacher,22,prefix_b,Predictor-Final,1,1,148,7
reacher,22,prefix_b,Predictor-Observed,1,1,148,3
reacher,22,prefix_b,Predictor-Learned,1,1,165,0
reacher,22,prefix_b,Simulator-Final,1,1,148,7
reacher,22,prefix_b,Simulator-Observed,1,1,164,2
reacher,22,prefix_b,Simulator-Learned,1,1,148,7
reacher,22,prefix_b,Displacement-Observed,1,1,164,2
reacher,23,clean,Direct,1,1,153,0
reacher,23,clean,Predictor-Final,1,1,91,5
reacher,23,clean,Predictor-Observed,1,1,91,5
reacher,23,clean,Predictor-Learned,1,1,150,7
reacher,23,clean,Simulator-Final,1,1,91,5
reacher,23,clean,Simulator-Observed,1,1,91,5
reacher,23,clean,Simulator-Learned,1,1,150,7
reacher,23,clean,Displacement-Observed,1,1,153,0
reacher,23,prefix_a,Direct,1,1,155,0
reacher,23,prefix_a,Predictor-Final,1,1,148,1
reacher,23,prefix_a,Predictor-Observed,1,1,38,2
reacher,23,prefix_a,Predictor-Learned,1,1,50,7
reacher,23,prefix_a,Simulator-Final,1,1,148,1
reacher,23,prefix_a,Simulator-Observed,1,1,119,4
reacher,23,prefix_a,Simulator-Learned,1,1,50,7
reacher,23,prefix_a,Displacement-Observed,1,1,155,3
reacher,23,prefix_b,Direct,1,1,160,0
reacher,23,prefix_b,Predictor-Final,1,1,58,2
reacher,23,prefix_b,Predictor-Observed,1,1,156,1
reacher,23,prefix_b,Predictor-Learned,1,1,150,5
reacher,23,prefix_b,Simulator-Final,1,1,58,2
reacher,23,prefix_b,Simulator-Observed,1,1,58,2
reacher,23,prefix_b,Simulator-Learned,1,1,150,5
reacher,23,prefix_b,Displacement-Observed,1,1,160,0
reacher,24,clean,Direct,1,1,163,0
reacher,24,clean,Predictor-Final,1,1,159,2
reacher,24,clean,Predictor-Observed,1,1,158,4
reacher,24,clean,Predictor-Learned,1,1,159,2
reacher,24,clean,Simulator-Final,1,1,150,7
reacher,24,clean,Simulator-Observed,1,1,158,4
reacher,24,clean,Simulator-Learned,1,1,159,2
reacher,24,clean,Displacement-Observed,1,1,163,0
reacher,24,prefix_a,Direct,1,1,173,0
reacher,24,prefix_a,Predictor-Final,1,1,138,7
reacher,24,prefix_a,Predictor-Observed,1,1,173,0
reacher,24,prefix_a,Predictor-Learned,1,1,138,7
reacher,24,prefix_a,Simulator-Final,1,1,138,7
reacher,24,prefix_a,Simulator-Observed,1,1,173,0
reacher,24,prefix_a,Simulator-Learned,1,1,138,7
reacher,24,prefix_a,Displacement-Observed,1,1,173,0
reacher,24,prefix_b,Direct,1,1,129,0
reacher,24,prefix_b,Predictor-Final,1,1,156,5
reacher,24,prefix_b,Predictor-Observed,1,1,129,0
reacher,24,prefix_b,Predictor-Learned,1,1,153,2
reacher,24,prefix_b,Simulator-Final,1,1,165,1
reacher,24,prefix_b,Simulator-Observed,1,1,153,2
reacher,24,prefix_b,Simulator-Learned,1,1,156,5
reacher,24,prefix_b,Displacement-Observed,1,1,129,0
reacher,25,clean,Direct,1,1,147,0
reacher,25,clean,Predictor-Final,1,1,156,7
reacher,25,clean,Predictor-Observed,1,1,158,4
reacher,25,clean,Predictor-Learned,1,1,156,7
reacher,25,clean,Simulator-Final,1,1,147,1
reacher,25,clean,Simulator-Observed,1,1,158,4
reacher,25,clean,Simulator-Learned,1,1,158,4
reacher,25,clean,Displacement-Observed,1,1,158,4
reacher,25,prefix_a,Direct,1,1,87,0
reacher,25,prefix_a,Predictor-Final,1,1,113,3
reacher,25,prefix_a,Predictor-Observed,1,1,87,0
reacher,25,prefix_a,Predictor-Learned,1,1,113,3
reacher,25,prefix_a,Simulator-Final,1,1,102,5
reacher,25,prefix_a,Simulator-Observed,1,1,157,2
reacher,25,prefix_a,Simulator-Learned,1,1,113,3
reacher,25,prefix_a,Displacement-Observed,1,1,157,2
reacher,25,prefix_b,Direct,1,1,153,0
reacher,25,prefix_b,Predictor-Final,1,1,154,4
reacher,25,prefix_b,Predictor-Observed,1,1,155,1
reacher,25,prefix_b,Predictor-Learned,1,1,143,2
reacher,25,prefix_b,Simulator-Final,1,1,154,4
reacher,25,prefix_b,Simulator-Observed,1,1,155,1
reacher,25,prefix_b,Simulator-Learned,1,1,143,2
reacher,25,prefix_b,Displacement-Observed,1,1,155,1
reacher,26,clean,Direct,1,1,155,0
reacher,26,clean,Predictor-Final,1,1,157,1
reacher,26,clean,Predictor-Observed,1,1,149,4
reacher,26,clean,Predictor-Learned,1,1,155,3
reacher,26,clean,Simulator-Final,1,1,174,5
reacher,26,clean,Simulator-Observed,1,1,157,1
reacher,26,clean,Simulator-Learned,1,1,153,7
reacher,26,clean,Displacement-Observed,1,1,155,0
reacher,26,prefix_a,Direct,1,1,148,0
reacher,26,prefix_a,Predictor-Final,1,1,134,7
reacher,26,prefix_a,Predictor-Observed,1,1,148,0
reacher,26,prefix_a,Predictor-Learned,1,1,141,2
reacher,26,prefix_a,Simulator-Final,1,1,150,3
reacher,26,prefix_a,Simulator-Observed,1,1,148,0
reacher,26,prefix_a,Simulator-Learned,1,1,134,7
reacher,26,prefix_a,Displacement-Observed,1,1,148,0
reacher,26,prefix_b,Direct,1,1,171,0
reacher,26,prefix_b,Predictor-Final,1,1,139,2
reacher,26,prefix_b,Predictor-Observed,1,1,171,0
reacher,26,prefix_b,Predictor-Learned,1,1,149,7
reacher,26,prefix_b,Simulator-Final,1,1,139,2
reacher,26,prefix_b,Simulator-Observed,1,1,155,4
reacher,26,prefix_b,Simulator-Learned,1,1,151,3
reacher,26,prefix_b,Displacement-Observed,1,1,171,0
reacher,27,clean,Direct,1,1,145,0
reacher,27,clean,Predictor-Final,1,1,171,6
reacher,27,clean,Predictor-Observed,1,1,182,4
reacher,27,clean,Predictor-Learned,1,1,62,1
reacher,27,clean,Simulator-Final,1,1,6,5
reacher,27,clean,Simulator-Observed,1,1,182,4
reacher,27,clean,Simulator-Learned,1,1,62,1
reacher,27,clean,Displacement-Observed,1,1,145,0
reacher,27,prefix_a,Direct,1,1,29,0
reacher,27,prefix_a,Predictor-Final,1,1,5,1
reacher,27,prefix_a,Predictor-Observed,1,1,42,3
reacher,27,prefix_a,Predictor-Learned,1,1,213,2
reacher,27,prefix_a,Simulator-Final,1,1,152,5
reacher,27,prefix_a,Simulator-Observed,1,1,42,3
reacher,27,prefix_a,Simulator-Learned,1,1,213,2
reacher,27,prefix_a,Displacement-Observed,1,1,29,0
reacher,27,prefix_b,Direct,1,1,7,0
reacher,27,prefix_b,Predictor-Final,1,1,167,7
reacher,27,prefix_b,Predictor-Observed,1,1,22,4
reacher,27,prefix_b,Predictor-Learned,1,1,94,1
reacher,27,prefix_b,Simulator-Final,1,1,167,7
reacher,27,prefix_b,Simulator-Observed,1,1,7,0
reacher,27,prefix_b,Simulator-Learned,1,1,22,4
reacher,27,prefix_b,Displacement-Observed,1,1,94,1
reacher,28,clean,Direct,1,1,175,0
reacher,28,clean,Predictor-Final,1,1,88,3
reacher,28,clean,Predictor-Observed,1,1,175,0
reacher,28,clean,Predictor-Learned,1,1,156,5
reacher,28,clean,Simulator-Final,1,1,88,3
reacher,28,clean,Simulator-Observed,1,1,144,1
reacher,28,clean,Simulator-Learned,1,1,88,3
reacher,28,clean,Displacement-Observed,1,1,175,0
reacher,28,prefix_a,Direct,1,1,164,0
reacher,28,prefix_a,Predictor-Final,1,1,147,4
reacher,28,prefix_a,Predictor-Observed,1,1,164,0
reacher,28,prefix_a,Predictor-Learned,1,1,116,3
reacher,28,prefix_a,Simulator-Final,1,1,116,3
reacher,28,prefix_a,Simulator-Observed,1,1,164,0
reacher,28,prefix_a,Simulator-Learned,1,1,116,3
reacher,28,prefix_a,Displacement-Observed,1,1,164,0
reacher,28,prefix_b,Direct,1,1,44,0
reacher,28,prefix_b,Predictor-Final,1,1,145,2
reacher,28,prefix_b,Predictor-Observed,1,1,145,2
reacher,28,prefix_b,Predictor-Learned,1,1,58,6
reacher,28,prefix_b,Simulator-Final,1,1,149,1
reacher,28,prefix_b,Simulator-Observed,1,1,145,2
reacher,28,prefix_b,Simulator-Learned,1,1,58,6
reacher,28,prefix_b,Displacement-Observed,1,1,44,0
reacher,29,clean,Direct,1,1,6,0
reacher,29,clean,Predictor-Final,1,1,35,1
reacher,29,clean,Predictor-Observed,1,1,6,0
reacher,29,clean,Predictor-Learned,1,1,123,4
reacher,29,clean,Simulator-Final,1,1,5,7
reacher,29,clean,Simulator-Observed,1,1,6,0
reacher,29,clean,Simulator-Learned,1,1,35,1
reacher,29,clean,Displacement-Observed,1,1,6,0
reacher,29,prefix_a,Direct,1,1,141,0
reacher,29,prefix_a,Predictor-Final,1,1,1,7
reacher,29,prefix_a,Predictor-Observed,1,1,141,0
reacher,29,prefix_a,Predictor-Learned,1,1,1,7
reacher,29,prefix_a,Simulator-Final,1,1,1,2
reacher,29,prefix_a,Simulator-Observed,1,1,6,6
reacher,29,prefix_a,Simulator-Learned,1,1,1,5
reacher,29,prefix_a,Displacement-Observed,1,1,141,0
reacher,29,prefix_b,Direct,1,1,16,0
reacher,29,prefix_b,Predictor-Final,1,1,22,2
reacher,29,prefix_b,Predictor-Observed,1,1,16,0
reacher,29,prefix_b,Predictor-Learned,1,1,53,6
reacher,29,prefix_b,Simulator-Final,1,1,5,5
reacher,29,prefix_b,Simulator-Observed,1,1,16,0
reacher,29,prefix_b,Simulator-Learned,1,1,53,6
reacher,29,prefix_b,Displacement-Observed,1,1,16,0
reacher,30,clean,Direct,1,1,147,0
reacher,30,clean,Predictor-Final,1,1,120,4
reacher,30,clean,Predictor-Observed,1,1,122,3
reacher,30,clean,Predictor-Learned,1,1,148,7
reacher,30,clean,Simulator-Final,1,1,154,5
reacher,30,clean,Simulator-Observed,1,1,136,1
reacher,30,clean,Simulator-Learned,1,1,148,7
reacher,30,clean,Displacement-Observed,1,1,147,0
reacher,30,prefix_a,Direct,1,1,187,0
reacher,30,prefix_a,Predictor-Final,1,1,148,2
reacher,30,prefix_a,Predictor-Observed,1,1,187,0
reacher,30,prefix_a,Predictor-Learned,1,1,187,0
reacher,30,prefix_a,Simulator-Final,1,1,150,7
reacher,30,prefix_a,Simulator-Observed,1,1,187,0
reacher,30,prefix_a,Simulator-Learned,1,1,187,0
reacher,30,prefix_a,Displacement-Observed,1,1,149,1
reacher,30,prefix_b,Direct,1,1,152,0
reacher,30,prefix_b,Predictor-Final,1,1,144,6
reacher,30,prefix_b,Predictor-Observed,1,1,152,0
reacher,30,prefix_b,Predictor-Learned,1,1,152,0
reacher,30,prefix_b,Simulator-Final,1,1,144,6
reacher,30,prefix_b,Simulator-Observed,1,1,165,5
reacher,30,prefix_b,Simulator-Learned,1,1,152,0
reacher,30,prefix_b,Displacement-Observed,1,1,152,0
reacher,31,clean,Direct,1,1,151,0
reacher,31,clean,Predictor-Final,1,1,151,0
reacher,31,clean,Predictor-Observed,1,1,151,0
reacher,31,clean,Predictor-Learned,1,1,149,6
reacher,31,clean,Simulator-Final,1,1,150,1
reacher,31,clean,Simulator-Observed,1,1,151,0
reacher,31,clean,Simulator-Learned,1,1,152,7
reacher,31,clean,Displacement-Observed,1,1,151,0
reacher,31,prefix_a,Direct,1,1,151,0
reacher,31,prefix_a,Predictor-Final,1,1,150,5
reacher,31,prefix_a,Predictor-Observed,1,1,150,7
reacher,31,prefix_a,Predictor-Learned,1,1,158,2
reacher,31,prefix_a,Simulator-Final,1,1,150,5
reacher,31,prefix_a,Simulator-Observed,1,1,150,7
reacher,31,prefix_a,Simulator-Learned,1,1,158,2
reacher,31,prefix_a,Displacement-Observed,1,1,151,0
reacher,31,prefix_b,Direct,1,1,185,0
reacher,31,prefix_b,Predictor-Final,1,1,150,4
reacher,31,prefix_b,Predictor-Observed,1,1,142,1
reacher,31,prefix_b,Predictor-Learned,1,1,160,3
reacher,31,prefix_b,Simulator-Final,1,1,170,5
reacher,31,prefix_b,Simulator-Observed,1,1,142,1
reacher,31,prefix_b,Simulator-Learned,1,1,160,3
reacher,31,prefix_b,Displacement-Observed,1,1,142,1
reacher,32,clean,Direct,1,1,151,0
reacher,32,clean,Predictor-Final,1,1,150,6
reacher,32,clean,Predictor-Observed,1,1,151,0
reacher,32,clean,Predictor-Learned,1,1,154,5
reacher,32,clean,Simulator-Final,1,1,160,4
reacher,32,clean,Simulator-Observed,1,1,160,4
reacher,32,clean,Simulator-Learned,1,1,148,2
reacher,32,clean,Displacement-Observed,1,1,151,0
reacher,32,prefix_a,Direct,1,1,132,0
reacher,32,prefix_a,Predictor-Final,1,1,155,2
reacher,32,prefix_a,Predictor-Observed,1,1,156,7
reacher,32,prefix_a,Predictor-Learned,1,1,151,6
reacher,32,prefix_a,Simulator-Final,1,1,155,2
reacher,32,prefix_a,Simulator-Observed,1,1,155,2
reacher,32,prefix_a,Simulator-Learned,1,1,156,4
reacher,32,prefix_a,Displacement-Observed,1,1,132,0
reacher,32,prefix_b,Direct,1,1,200,0
reacher,32,prefix_b,Predictor-Final,1,1,152,5
reacher,32,prefix_b,Predictor-Observed,1,1,200,0
reacher,32,prefix_b,Predictor-Learned,1,1,170,7
reacher,32,prefix_b,Simulator-Final,1,1,153,4
reacher,32,prefix_b,Simulator-Observed,1,1,153,4
reacher,32,prefix_b,Simulator-Learned,1,1,170,7
reacher,32,prefix_b,Displacement-Observed,1,1,200,0
reacher,33,clean,Direct,1,1,174,0
reacher,33,clean,Predictor-Final,1,1,265,5
reacher,33,clean,Predictor-Observed,1,1,174,0
reacher,33,clean,Predictor-Learned,1,1,147,4
reacher,33,clean,Simulator-Final,1,1,191,7
reacher,33,clean,Simulator-Observed,1,1,255,3
reacher,33,clean,Simulator-Learned,1,1,191,7
reacher,33,clean,Displacement-Observed,1,1,174,0
reacher,33,prefix_a,Direct,1,1,149,0
reacher,33,prefix_a,Predictor-Final,1,1,147,2
reacher,33,prefix_a,Predictor-Observed,1,1,149,0
reacher,33,prefix_a,Predictor-Learned,1,1,182,6
reacher,33,prefix_a,Simulator-Final,1,1,146,5
reacher,33,prefix_a,Simulator-Observed,1,1,149,0
reacher,33,prefix_a,Simulator-Learned,1,1,146,5
reacher,33,prefix_a,Displacement-Observed,1,1,159,7
reacher,33,prefix_b,Direct,1,1,148,0
reacher,33,prefix_b,Predictor-Final,1,1,159,6
reacher,33,prefix_b,Predictor-Observed,1,1,149,4
reacher,33,prefix_b,Predictor-Learned,1,1,159,6
reacher,33,prefix_b,Simulator-Final,1,1,150,5
reacher,33,prefix_b,Simulator-Observed,1,1,149,4
reacher,33,prefix_b,Simulator-Learned,1,1,159,6
reacher,33,prefix_b,Displacement-Observed,1,1,149,4
reacher,34,clean,Direct,1,1,180,0
reacher,34,clean,Predictor-Final,1,1,180,0
reacher,34,clean,Predictor-Observed,1,1,34,1
reacher,34,clean,Predictor-Learned,1,1,183,4
reacher,34,clean,Simulator-Final,1,1,180,0
reacher,34,clean,Simulator-Observed,1,1,180,0
reacher,34,clean,Simulator-Learned,1,1,183,4
reacher,34,clean,Displacement-Observed,1,1,34,1
reacher,34,prefix_a,Direct,1,1,150,0
reacher,34,prefix_a,Predictor-Final,1,1,143,1
reacher,34,prefix_a,Predictor-Observed,1,1,150,0
reacher,34,prefix_a,Predictor-Learned,1,1,161,6
reacher,34,prefix_a,Simulator-Final,1,1,76,7
reacher,34,prefix_a,Simulator-Observed,1,1,150,0
reacher,34,prefix_a,Simulator-Learned,1,1,161,6
reacher,34,prefix_a,Displacement-Observed,1,1,150,0
reacher,34,prefix_b,Direct,1,1,162,0
reacher,34,prefix_b,Predictor-Final,1,1,181,1
reacher,34,prefix_b,Predictor-Observed,1,1,159,2
reacher,34,prefix_b,Predictor-Learned,1,1,151,3
reacher,34,prefix_b,Simulator-Final,1,1,148,6
reacher,34,prefix_b,Simulator-Observed,1,1,159,2
reacher,34,prefix_b,Simulator-Learned,1,1,151,3
reacher,34,prefix_b,Displacement-Observed,1,1,162,0
reacher,35,clean,Direct,1,1,141,0
reacher,35,clean,Predictor-Final,1,1,174,2
reacher,35,clean,Predictor-Observed,1,1,150,5
reacher,35,clean,Predictor-Learned,1,1,141,0
reacher,35,clean,Simulator-Final,1,1,174,2
reacher,35,clean,Simulator-Observed,1,1,146,7
reacher,35,clean,Simulator-Learned,1,1,141,0
reacher,35,clean,Displacement-Observed,1,1,150,5
reacher,35,prefix_a,Direct,1,1,141,0
reacher,35,prefix_a,Predictor-Final,1,1,151,5
reacher,35,prefix_a,Predictor-Observed,1,1,141,0
reacher,35,prefix_a,Predictor-Learned,1,1,138,2
reacher,35,prefix_a,Simulator-Final,1,1,155,6
reacher,35,prefix_a,Simulator-Observed,1,1,138,2
reacher,35,prefix_a,Simulator-Learned,1,1,138,2
reacher,35,prefix_a,Displacement-Observed,1,1,141,0
reacher,35,prefix_b,Direct,1,1,149,0
reacher,35,prefix_b,Predictor-Final,1,1,147,2
reacher,35,prefix_b,Predictor-Observed,1,1,149,0
reacher,35,prefix_b,Predictor-Learned,1,1,150,3
reacher,35,prefix_b,Simulator-Final,1,1,147,2
reacher,35,prefix_b,Simulator-Observed,1,1,146,1
reacher,35,prefix_b,Simulator-Learned,1,1,164,7
reacher,35,prefix_b,Displacement-Observed,1,1,149,0
reacher,36,clean,Direct,1,1,153,0
reacher,36,clean,Predictor-Final,1,1,71,7
reacher,36,clean,Predictor-Observed,1,1,150,2
reacher,36,clean,Predictor-Learned,1,1,139,3
reacher,36,clean,Simulator-Final,1,1,72,4
reacher,36,clean,Simulator-Observed,1,1,150,2
reacher,36,clean,Simulator-Learned,1,1,71,7
reacher,36,clean,Displacement-Observed,1,1,153,0
reacher,36,prefix_a,Direct,1,1,195,0
reacher,36,prefix_a,Predictor-Final,1,1,180,1
reacher,36,prefix_a,Predictor-Observed,1,1,195,0
reacher,36,prefix_a,Predictor-Learned,1,1,174,5
reacher,36,prefix_a,Simulator-Final,1,1,180,1
reacher,36,prefix_a,Simulator-Observed,1,1,146,3
reacher,36,prefix_a,Simulator-Learned,1,1,174,5
reacher,36,prefix_a,Displacement-Observed,1,1,195,0
reacher,36,prefix_b,Direct,1,1,117,0
reacher,36,prefix_b,Predictor-Final,1,1,144,1
reacher,36,prefix_b,Predictor-Observed,1,1,34,3
reacher,36,prefix_b,Predictor-Learned,1,1,150,2
reacher,36,prefix_b,Simulator-Final,1,1,144,1
reacher,36,prefix_b,Simulator-Observed,1,1,34,3
reacher,36,prefix_b,Simulator-Learned,1,1,150,2
reacher,36,prefix_b,Displacement-Observed,1,1,117,0
reacher,37,clean,Direct,1,1,142,0
reacher,37,clean,Predictor-Final,1,1,152,1
reacher,37,clean,Predictor-Observed,1,1,152,1
reacher,37,clean,Predictor-Learned,1,1,226,3
reacher,37,clean,Simulator-Final,1,1,152,5
reacher,37,clean,Simulator-Observed,1,1,152,1
reacher,37,clean,Simulator-Learned,1,1,226,3
reacher,37,clean,Displacement-Observed,1,1,142,0
reacher,37,prefix_a,Direct,1,1,164,0
reacher,37,prefix_a,Predictor-Final,1,1,156,5
reacher,37,prefix_a,Predictor-Observed,1,1,164,0
reacher,37,prefix_a,Predictor-Learned,1,1,164,0
reacher,37,prefix_a,Simulator-Final,1,1,156,5
reacher,37,prefix_a,Simulator-Observed,1,1,152,3
reacher,37,prefix_a,Simulator-Learned,1,1,164,0
reacher,37,prefix_a,Displacement-Observed,1,1,164,0
reacher,37,prefix_b,Direct,1,1,164,0
reacher,37,prefix_b,Predictor-Final,1,1,164,0
reacher,37,prefix_b,Predictor-Observed,1,1,152,2
reacher,37,prefix_b,Predictor-Learned,1,1,164,0
reacher,37,prefix_b,Simulator-Final,1,1,164,0
reacher,37,prefix_b,Simulator-Observed,1,1,152,2
reacher,37,prefix_b,Simulator-Learned,1,1,164,0
reacher,37,prefix_b,Displacement-Observed,1,1,266,6
reacher,38,clean,Direct,1,1,203,0
reacher,38,clean,Predictor-Final,1,1,160,4
reacher,38,clean,Predictor-Observed,1,1,156,2
reacher,38,clean,Predictor-Learned,1,1,150,3
reacher,38,clean,Simulator-Final,1,1,203,0
reacher,38,clean,Simulator-Observed,1,1,156,2
reacher,38,clean,Simulator-Learned,1,1,144,7
reacher,38,clean,Displacement-Observed,1,1,203,0
reacher,38,prefix_a,Direct,1,1,150,0
reacher,38,prefix_a,Predictor-Final,1,1,144,1
reacher,38,prefix_a,Predictor-Observed,1,1,152,7
reacher,38,prefix_a,Predictor-Learned,1,1,135,3
reacher,38,prefix_a,Simulator-Final,1,1,148,6
reacher,38,prefix_a,Simulator-Observed,1,1,135,3
reacher,38,prefix_a,Simulator-Learned,1,1,150,0
reacher,38,prefix_a,Displacement-Observed,1,1,152,7
reacher,38,prefix_b,Direct,1,1,146,0
reacher,38,prefix_b,Predictor-Final,1,1,154,1
reacher,38,prefix_b,Predictor-Observed,1,1,146,0
reacher,38,prefix_b,Predictor-Learned,1,1,146,6
reacher,38,prefix_b,Simulator-Final,1,1,152,2
reacher,38,prefix_b,Simulator-Observed,1,1,140,5
reacher,38,prefix_b,Simulator-Learned,1,1,145,7
reacher,38,prefix_b,Displacement-Observed,1,1,146,0
reacher,39,clean,Direct,1,1,174,0
reacher,39,clean,Predictor-Final,1,1,201,6
reacher,39,clean,Predictor-Observed,1,1,174,0
reacher,39,clean,Predictor-Learned,1,1,156,5
reacher,39,clean,Simulator-Final,1,1,174,0
reacher,39,clean,Simulator-Observed,1,1,174,0
reacher,39,clean,Simulator-Learned,1,1,156,5
reacher,39,clean,Displacement-Observed,1,1,174,0
reacher,39,prefix_a,Direct,1,1,151,0
reacher,39,prefix_a,Predictor-Final,1,1,160,5
reacher,39,prefix_a,Predictor-Observed,1,1,151,0
reacher,39,prefix_a,Predictor-Learned,1,1,160,5
reacher,39,prefix_a,Simulator-Final,1,1,151,0
reacher,39,prefix_a,Simulator-Observed,1,1,151,0
reacher,39,prefix_a,Simulator-Learned,1,1,151,0
reacher,39,prefix_a,Displacement-Observed,1,1,151,0
reacher,39,prefix_b,Direct,1,1,150,0
reacher,39,prefix_b,Predictor-Final,1,1,158,4
reacher,39,prefix_b,Predictor-Observed,1,1,161,7
reacher,39,prefix_b,Predictor-Learned,1,1,161,7
reacher,39,prefix_b,Simulator-Final,1,1,152,1
reacher,39,prefix_b,Simulator-Observed,1,1,150,0
reacher,39,prefix_b,Simulator-Learned,1,1,158,4
reacher,39,prefix_b,Displacement-Observed,1,1,161,7
reacher,40,clean,Direct,1,1,161,0
reacher,40,clean,Predictor-Final,1,1,175,3
reacher,40,clean,Predictor-Observed,1,1,151,4
reacher,40,clean,Predictor-Learned,1,1,161,0
reacher,40,clean,Simulator-Final,1,1,175,3
reacher,40,clean,Simulator-Observed,1,1,151,4
reacher,40,clean,Simulator-Learned,1,1,195,5
reacher,40,clean,Displacement-Observed,1,1,151,4
reacher,40,prefix_a,Direct,1,1,173,0
reacher,40,prefix_a,Predictor-Final,1,1,138,1
reacher,40,prefix_a,Predictor-Observed,1,1,173,0
reacher,40,prefix_a,Predictor-Learned,1,1,156,3
reacher,40,prefix_a,Simulator-Final,1,1,138,1
reacher,40,prefix_a,Simulator-Observed,1,1,141,5
reacher,40,prefix_a,Simulator-Learned,1,1,156,3
reacher,40,prefix_a,Displacement-Observed,1,1,173,0
reacher,40,prefix_b,Direct,1,1,159,0
reacher,40,prefix_b,Predictor-Final,1,1,196,4
reacher,40,prefix_b,Predictor-Observed,1,1,118,7
reacher,40,prefix_b,Predictor-Learned,1,1,196,4
reacher,40,prefix_b,Simulator-Final,1,1,196,4
reacher,40,prefix_b,Simulator-Observed,1,1,118,7
reacher,40,prefix_b,Simulator-Learned,1,1,196,4
reacher,40,prefix_b,Displacement-Observed,1,1,198,1
reacher,41,clean,Direct,1,1,153,0
reacher,41,clean,Predictor-Final,1,1,145,3
reacher,41,clean,Predictor-Observed,1,1,153,0
reacher,41,clean,Predictor-Learned,1,1,101,1
reacher,41,clean,Simulator-Final,1,1,153,0
reacher,41,clean,Simulator-Observed,1,1,153,0
reacher,41,clean,Simulator-Learned,1,1,147,2
reacher,41,clean,Displacement-Observed,1,1,153,0
reacher,41,prefix_a,Direct,1,1,121,0
reacher,41,prefix_a,Predictor-Final,1,1,121,0
reacher,41,prefix_a,Predictor-Observed,1,1,163,1
reacher,41,prefix_a,Predictor-Learned,1,1,155,5
reacher,41,prefix_a,Simulator-Final,1,1,121,0
reacher,41,prefix_a,Simulator-Observed,1,1,121,0
reacher,41,prefix_a,Simulator-Learned,1,1,155,5
reacher,41,prefix_a,Displacement-Observed,1,1,121,0
reacher,41,prefix_b,Direct,1,1,107,0
reacher,41,prefix_b,Predictor-Final,1,1,165,1
reacher,41,prefix_b,Predictor-Observed,1,1,165,1
reacher,41,prefix_b,Predictor-Learned,1,1,139,6
reacher,41,prefix_b,Simulator-Final,1,1,165,1
reacher,41,prefix_b,Simulator-Observed,1,1,137,2
reacher,41,prefix_b,Simulator-Learned,1,1,161,4
reacher,41,prefix_b,Displacement-Observed,1,1,107,0
reacher,42,clean,Direct,1,1,161,0
reacher,42,clean,Predictor-Final,1,1,129,6
reacher,42,clean,Predictor-Observed,1,1,161,0
reacher,42,clean,Predictor-Learned,1,1,157,1
reacher,42,clean,Simulator-Final,1,1,157,1
reacher,42,clean,Simulator-Observed,1,1,149,3
reacher,42,clean,Simulator-Learned,1,1,129,6
reacher,42,clean,Displacement-Observed,1,1,161,0
reacher,42,prefix_a,Direct,1,1,91,0
reacher,42,prefix_a,Predictor-Final,1,1,139,7
reacher,42,prefix_a,Predictor-Observed,1,1,146,4
reacher,42,prefix_a,Predictor-Learned,1,1,151,6
reacher,42,prefix_a,Simulator-Final,1,1,139,7
reacher,42,prefix_a,Simulator-Observed,1,1,232,3
reacher,42,prefix_a,Simulator-Learned,1,1,151,6
reacher,42,prefix_a,Displacement-Observed,1,1,91,0
reacher,42,prefix_b,Direct,1,1,138,0
reacher,42,prefix_b,Predictor-Final,1,1,205,3
reacher,42,prefix_b,Predictor-Observed,1,1,138,0
reacher,42,prefix_b,Predictor-Learned,1,1,246,4
reacher,42,prefix_b,Simulator-Final,1,1,127,5
reacher,42,prefix_b,Simulator-Observed,1,1,138,0
reacher,42,prefix_b,Simulator-Learned,1,1,203,6
reacher,42,prefix_b,Displacement-Observed,1,1,138,0
reacher,43,clean,Direct,1,0,300,0
reacher,43,clean,Predictor-Final,1,0,300,2
reacher,43,clean,Predictor-Observed,1,0,300,0
reacher,43,clean,Predictor-Learned,1,0,300,6
reacher,43,clean,Simulator-Final,1,0,300,1
reacher,43,clean,Simulator-Observed,1,0,300,0
reacher,43,clean,Simulator-Learned,1,0,300,3
reacher,43,clean,Displacement-Observed,1,0,300,0
reacher,43,prefix_a,Direct,1,0,300,0
reacher,43,prefix_a,Predictor-Final,1,0,300,5
reacher,43,prefix_a,Predictor-Observed,1,0,300,0
reacher,43,prefix_a,Predictor-Learned,1,0,300,2
reacher,43,prefix_a,Simulator-Final,1,0,300,5
reacher,43,prefix_a,Simulator-Observed,1,0,300,0
reacher,43,prefix_a,Simulator-Learned,1,0,300,0
reacher,43,prefix_a,Displacement-Observed,1,0,300,0
reacher,43,prefix_b,Direct,1,0,300,0
reacher,43,prefix_b,Predictor-Final,1,0,300,1
reacher,43,prefix_b,Predictor-Observed,1,0,300,0
reacher,43,prefix_b,Predictor-Learned,1,0,300,4
reacher,43,prefix_b,Simulator-Final,1,0,300,5
reacher,43,prefix_b,Simulator-Observed,1,0,300,0
reacher,43,prefix_b,Simulator-Learned,1,0,300,3
reacher,43,prefix_b,Displacement-Observed,1,0,300,0
reacher,44,clean,Direct,1,1,149,0
reacher,44,clean,Predictor-Final,1,1,164,1
reacher,44,clean,Predictor-Observed,1,1,149,0
reacher,44,clean,Predictor-Learned,1,1,156,2
reacher,44,clean,Simulator-Final,1,1,149,0
reacher,44,clean,Simulator-Observed,1,1,149,0
reacher,44,clean,Simulator-Learned,1,1,176,4
reacher,44,clean,Displacement-Observed,1,1,156,2
reacher,44,prefix_a,Direct,1,1,149,0
reacher,44,prefix_a,Predictor-Final,1,1,152,6
reacher,44,prefix_a,Predictor-Observed,1,1,151,1
reacher,44,prefix_a,Predictor-Learned,1,1,152,6
reacher,44,prefix_a,Simulator-Final,1,1,152,6
reacher,44,prefix_a,Simulator-Observed,1,1,151,1
reacher,44,prefix_a,Simulator-Learned,1,1,64,4
reacher,44,prefix_a,Displacement-Observed,1,1,149,0
reacher,44,prefix_b,Direct,1,1,156,0
reacher,44,prefix_b,Predictor-Final,1,1,145,3
reacher,44,prefix_b,Predictor-Observed,1,1,156,0
reacher,44,prefix_b,Predictor-Learned,1,1,129,7
reacher,44,prefix_b,Simulator-Final,1,1,145,3
reacher,44,prefix_b,Simulator-Observed,1,1,164,2
reacher,44,prefix_b,Simulator-Learned,1,1,129,7
reacher,44,prefix_b,Displacement-Observed,1,1,156,0
reacher,45,clean,Direct,1,1,161,0
reacher,45,clean,Predictor-Final,1,1,141,3
reacher,45,clean,Predictor-Observed,1,1,150,7
reacher,45,clean,Predictor-Learned,1,1,144,2
reacher,45,clean,Simulator-Final,1,1,149,4
reacher,45,clean,Simulator-Observed,1,1,141,3
reacher,45,clean,Simulator-Learned,1,1,144,2
reacher,45,clean,Displacement-Observed,1,1,88,1
reacher,45,prefix_a,Direct,1,1,166,0
reacher,45,prefix_a,Predictor-Final,1,1,156,3
reacher,45,prefix_a,Predictor-Observed,1,1,149,2
reacher,45,prefix_a,Predictor-Learned,1,1,150,6
reacher,45,prefix_a,Simulator-Final,1,1,156,3
reacher,45,prefix_a,Simulator-Observed,1,1,149,2
reacher,45,prefix_a,Simulator-Learned,1,1,150,6
reacher,45,prefix_a,Displacement-Observed,1,1,149,2
reacher,45,prefix_b,Direct,1,1,169,0
reacher,45,prefix_b,Predictor-Final,1,1,161,5
reacher,45,prefix_b,Predictor-Observed,1,1,151,6
reacher,45,prefix_b,Predictor-Learned,1,1,169,0
reacher,45,prefix_b,Simulator-Final,1,1,161,5
reacher,45,prefix_b,Simulator-Observed,1,1,151,6
reacher,45,prefix_b,Simulator-Learned,1,1,164,4
reacher,45,prefix_b,Displacement-Observed,1,1,151,6
reacher,46,clean,Direct,1,1,132,0
reacher,46,clean,Predictor-Final,1,1,147,1
reacher,46,clean,Predictor-Observed,1,1,171,4
reacher,46,clean,Predictor-Learned,1,1,172,7
reacher,46,clean,Simulator-Final,1,1,133,5
reacher,46,clean,Simulator-Observed,1,1,171,4
reacher,46,clean,Simulator-Learned,1,1,133,5
reacher,46,clean,Displacement-Observed,1,1,132,0
reacher,46,prefix_a,Direct,1,1,163,0
reacher,46,prefix_a,Predictor-Final,1,1,163,0
reacher,46,prefix_a,Predictor-Observed,1,1,153,1
reacher,46,prefix_a,Predictor-Learned,1,1,156,7
reacher,46,prefix_a,Simulator-Final,1,1,140,4
reacher,46,prefix_a,Simulator-Observed,1,1,163,0
reacher,46,prefix_a,Simulator-Learned,1,1,156,7
reacher,46,prefix_a,Displacement-Observed,1,1,163,0
reacher,46,prefix_b,Direct,1,1,142,0
reacher,46,prefix_b,Predictor-Final,1,1,152,4
reacher,46,prefix_b,Predictor-Observed,1,1,142,0
reacher,46,prefix_b,Predictor-Learned,1,1,142,0
reacher,46,prefix_b,Simulator-Final,1,1,59,1
reacher,46,prefix_b,Simulator-Observed,1,1,142,0
reacher,46,prefix_b,Simulator-Learned,1,1,151,3
reacher,46,prefix_b,Displacement-Observed,1,1,142,0
reacher,47,clean,Direct,1,1,148,0
reacher,47,clean,Predictor-Final,1,1,148,5
reacher,47,clean,Predictor-Observed,1,1,148,5
reacher,47,clean,Predictor-Learned,1,1,147,6
reacher,47,clean,Simulator-Final,1,1,148,5
reacher,47,clean,Simulator-Observed,1,1,148,5
reacher,47,clean,Simulator-Learned,1,1,147,6
reacher,47,clean,Displacement-Observed,1,1,148,0
reacher,47,prefix_a,Direct,1,1,168,0
reacher,47,prefix_a,Predictor-Final,1,1,104,2
reacher,47,prefix_a,Predictor-Observed,1,1,167,3
reacher,47,prefix_a,Predictor-Learned,1,1,161,4
reacher,47,prefix_a,Simulator-Final,1,1,104,2
reacher,47,prefix_a,Simulator-Observed,1,1,167,3
reacher,47,prefix_a,Simulator-Learned,1,1,156,6
reacher,47,prefix_a,Displacement-Observed,1,1,167,3
reacher,47,prefix_b,Direct,1,1,17,0
reacher,47,prefix_b,Predictor-Final,1,1,87,1
reacher,47,prefix_b,Predictor-Observed,1,1,152,2
reacher,47,prefix_b,Predictor-Learned,1,1,152,2
reacher,47,prefix_b,Simulator-Final,1,1,142,7
reacher,47,prefix_b,Simulator-Observed,1,1,152,2
reacher,47,prefix_b,Simulator-Learned,1,1,152,2
reacher,47,prefix_b,Displacement-Observed,1,1,152,2
reacher,48,clean,Direct,1,1,148,0
reacher,48,clean,Predictor-Final,1,1,149,1
reacher,48,clean,Predictor-Observed,1,1,148,0
reacher,48,clean,Predictor-Learned,1,1,140,7
reacher,48,clean,Simulator-Final,1,1,157,3
reacher,48,clean,Simulator-Observed,1,1,148,0
reacher,48,clean,Simulator-Learned,1,1,140,7
reacher,48,clean,Displacement-Observed,1,1,148,0
reacher,48,prefix_a,Direct,1,1,101,0
reacher,48,prefix_a,Predictor-Final,1,1,101,0
reacher,48,prefix_a,Predictor-Observed,1,1,101,0
reacher,48,prefix_a,Predictor-Learned,1,1,149,4
reacher,48,prefix_a,Simulator-Final,1,1,154,1
reacher,48,prefix_a,Simulator-Observed,1,1,154,1
reacher,48,prefix_a,Simulator-Learned,1,1,159,3
reacher,48,prefix_a,Displacement-Observed,1,1,149,4
reacher,48,prefix_b,Direct,1,1,135,0
reacher,48,prefix_b,Predictor-Final,1,1,154,3
reacher,48,prefix_b,Predictor-Observed,1,1,155,2
reacher,48,prefix_b,Predictor-Learned,1,1,154,6
reacher,48,prefix_b,Simulator-Final,1,1,118,1
reacher,48,prefix_b,Simulator-Observed,1,1,155,2
reacher,48,prefix_b,Simulator-Learned,1,1,154,6
reacher,48,prefix_b,Displacement-Observed,1,1,135,0
reacher,49,clean,Direct,1,1,154,0
reacher,49,clean,Predictor-Final,1,1,145,2
reacher,49,clean,Predictor-Observed,1,1,171,1
reacher,49,clean,Predictor-Learned,1,1,120,3
reacher,49,clean,Simulator-Final,1,1,145,2
reacher,49,clean,Simulator-Observed,1,1,171,1
reacher,49,clean,Simulator-Learned,1,1,120,3
reacher,49,clean,Displacement-Observed,1,1,171,1
reacher,49,prefix_a,Direct,1,1,147,0
reacher,49,prefix_a,Predictor-Final,1,1,147,0
reacher,49,prefix_a,Predictor-Observed,1,1,147,0
reacher,49,prefix_a,Predictor-Learned,1,1,150,1
reacher,49,prefix_a,Simulator-Final,1,1,187,2
reacher,49,prefix_a,Simulator-Observed,1,1,147,0
reacher,49,prefix_a,Simulator-Learned,1,1,150,1
reacher,49,prefix_a,Displacement-Observed,1,1,147,0
reacher,49,prefix_b,Direct,1,1,298,0
reacher,49,prefix_b,Predictor-Final,1,1,148,1
reacher,49,prefix_b,Predictor-Observed,1,1,148,1
reacher,49,prefix_b,Predictor-Learned,1,1,298,0
reacher,49,prefix_b,Simulator-Final,1,1,148,1
reacher,49,prefix_b,Simulator-Observed,1,1,298,0
reacher,49,prefix_b,Simulator-Learned,1,1,156,4
reacher,49,prefix_b,Displacement-Observed,1,1,298,0
reacher,50,clean,Direct,1,1,170,0
reacher,50,clean,Predictor-Final,1,1,147,2
reacher,50,clean,Predictor-Observed,1,1,151,1
reacher,50,clean,Predictor-Learned,1,1,152,7
reacher,50,clean,Simulator-Final,1,1,147,2
reacher,50,clean,Simulator-Observed,1,1,151,1
reacher,50,clean,Simulator-Learned,1,1,152,7
reacher,50,clean,Displacement-Observed,1,1,170,0
reacher,50,prefix_a,Direct,1,1,94,0
reacher,50,prefix_a,Predictor-Final,1,1,162,4
reacher,50,prefix_a,Predictor-Observed,1,1,94,0
reacher,50,prefix_a,Predictor-Learned,1,1,155,7
reacher,50,prefix_a,Simulator-Final,1,1,94,0
reacher,50,prefix_a,Simulator-Observed,1,1,94,0
reacher,50,prefix_a,Simulator-Learned,1,1,155,7
reacher,50,prefix_a,Displacement-Observed,1,1,94,0
reacher,50,prefix_b,Direct,1,1,155,0
reacher,50,prefix_b,Predictor-Final,1,1,115,3
reacher,50,prefix_b,Predictor-Observed,1,1,145,4
reacher,50,prefix_b,Predictor-Learned,1,1,177,5
reacher,50,prefix_b,Simulator-Final,1,1,159,2
reacher,50,prefix_b,Simulator-Observed,1,1,145,4
reacher,50,prefix_b,Simulator-Learned,1,1,115,3
reacher,50,prefix_b,Displacement-Observed,1,1,155,0
reacher,51,clean,Direct,1,1,173,0
reacher,51,clean,Predictor-Final,1,1,156,5
reacher,51,clean,Predictor-Observed,1,1,143,7
reacher,51,clean,Predictor-Learned,1,1,149,3
reacher,51,clean,Simulator-Final,1,1,156,5
reacher,51,clean,Simulator-Observed,1,1,173,0
reacher,51,clean,Simulator-Learned,1,1,149,3
reacher,51,clean,Displacement-Observed,1,1,173,0
reacher,51,prefix_a,Direct,1,1,144,0
reacher,51,prefix_a,Predictor-Final,1,1,144,0
reacher,51,prefix_a,Predictor-Observed,1,1,144,0
reacher,51,prefix_a,Predictor-Learned,1,1,144,5
reacher,51,prefix_a,Simulator-Final,1,1,120,4
reacher,51,prefix_a,Simulator-Observed,1,1,151,7
reacher,51,prefix_a,Simulator-Learned,1,1,157,1
reacher,51,prefix_a,Displacement-Observed,1,1,144,0
reacher,51,prefix_b,Direct,1,1,150,0
reacher,51,prefix_b,Predictor-Final,1,1,139,2
reacher,51,prefix_b,Predictor-Observed,1,1,137,6
reacher,51,prefix_b,Predictor-Learned,1,1,137,6
reacher,51,prefix_b,Simulator-Final,1,1,139,2
reacher,51,prefix_b,Simulator-Observed,1,1,141,4
reacher,51,prefix_b,Simulator-Learned,1,1,141,4
reacher,51,prefix_b,Displacement-Observed,1,1,137,6
reacher,52,clean,Direct,1,1,137,0
reacher,52,clean,Predictor-Final,1,1,137,0
reacher,52,clean,Predictor-Observed,1,1,137,0
reacher,52,clean,Predictor-Learned,1,1,91,7
reacher,52,clean,Simulator-Final,1,1,137,0
reacher,52,clean,Simulator-Observed,1,1,137,0
reacher,52,clean,Simulator-Learned,1,1,91,7
reacher,52,clean,Displacement-Observed,1,1,137,0
reacher,52,prefix_a,Direct,1,1,20,0
reacher,52,prefix_a,Predictor-Final,1,1,27,4
reacher,52,prefix_a,Predictor-Observed,1,1,133,7
reacher,52,prefix_a,Predictor-Learned,1,1,175,5
reacher,52,prefix_a,Simulator-Final,1,1,27,4
reacher,52,prefix_a,Simulator-Observed,1,1,133,7
reacher,52,prefix_a,Simulator-Learned,1,1,20,0
reacher,52,prefix_a,Displacement-Observed,1,1,175,5
reacher,52,prefix_b,Direct,1,1,16,0
reacher,52,prefix_b,Predictor-Final,1,1,16,0
reacher,52,prefix_b,Predictor-Observed,1,1,16,0
reacher,52,prefix_b,Predictor-Learned,1,1,130,6
reacher,52,prefix_b,Simulator-Final,1,1,16,0
reacher,52,prefix_b,Simulator-Observed,1,1,16,0
reacher,52,prefix_b,Simulator-Learned,1,1,130,6
reacher,52,prefix_b,Displacement-Observed,1,1,16,0
reacher,53,clean,Direct,1,1,151,0
reacher,53,clean,Predictor-Final,1,1,10,6
reacher,53,clean,Predictor-Observed,1,1,27,1
reacher,53,clean,Predictor-Learned,1,1,20,4
reacher,53,clean,Simulator-Final,1,1,10,6
reacher,53,clean,Simulator-Observed,1,1,151,0
reacher,53,clean,Simulator-Learned,1,1,20,4
reacher,53,clean,Displacement-Observed,1,1,151,0
reacher,53,prefix_a,Direct,1,1,154,0
reacher,53,prefix_a,Predictor-Final,1,1,154,0
reacher,53,prefix_a,Predictor-Observed,1,1,131,1
reacher,53,prefix_a,Predictor-Learned,1,1,150,5
reacher,53,prefix_a,Simulator-Final,1,1,154,0
reacher,53,prefix_a,Simulator-Observed,1,1,154,0
reacher,53,prefix_a,Simulator-Learned,1,1,150,5
reacher,53,prefix_a,Displacement-Observed,1,1,154,0
reacher,53,prefix_b,Direct,1,1,66,0
reacher,53,prefix_b,Predictor-Final,1,1,148,1
reacher,53,prefix_b,Predictor-Observed,1,1,150,7
reacher,53,prefix_b,Predictor-Learned,1,1,66,0
reacher,53,prefix_b,Simulator-Final,1,1,148,1
reacher,53,prefix_b,Simulator-Observed,1,1,150,7
reacher,53,prefix_b,Simulator-Learned,1,1,148,1
reacher,53,prefix_b,Displacement-Observed,1,1,150,7
reacher,54,clean,Direct,1,1,157,0
reacher,54,clean,Predictor-Final,1,1,146,2
reacher,54,clean,Predictor-Observed,1,1,157,0
reacher,54,clean,Predictor-Learned,1,1,157,0
reacher,54,clean,Simulator-Final,1,1,146,2
reacher,54,clean,Simulator-Observed,1,1,157,0
reacher,54,clean,Simulator-Learned,1,1,29,4
reacher,54,clean,Displacement-Observed,1,1,157,0
reacher,54,prefix_a,Direct,1,1,21,0
reacher,54,prefix_a,Predictor-Final,1,1,154,1
reacher,54,prefix_a,Predictor-Observed,1,1,39,5
reacher,54,prefix_a,Predictor-Learned,1,1,23,4
reacher,54,prefix_a,Simulator-Final,1,1,154,1
reacher,54,prefix_a,Simulator-Observed,1,1,21,0
reacher,54,prefix_a,Simulator-Learned,1,1,23,4
reacher,54,prefix_a,Displacement-Observed,1,1,21,0
reacher,54,prefix_b,Direct,1,1,80,0
reacher,54,prefix_b,Predictor-Final,1,1,80,0
reacher,54,prefix_b,Predictor-Observed,1,1,171,2
reacher,54,prefix_b,Predictor-Learned,1,1,41,3
reacher,54,prefix_b,Simulator-Final,1,1,17,4
reacher,54,prefix_b,Simulator-Observed,1,1,171,2
reacher,54,prefix_b,Simulator-Learned,1,1,32,7
reacher,54,prefix_b,Displacement-Observed,1,1,80,0
reacher,55,clean,Direct,1,1,134,0
reacher,55,clean,Predictor-Final,1,1,151,7
reacher,55,clean,Predictor-Observed,1,1,134,0
reacher,55,clean,Predictor-Learned,1,1,167,1
reacher,55,clean,Simulator-Final,1,1,217,5
reacher,55,clean,Simulator-Observed,1,1,167,1
reacher,55,clean,Simulator-Learned,1,1,175,3
reacher,55,clean,Displacement-Observed,1,1,137,6
reacher,55,prefix_a,Direct,1,1,186,0
reacher,55,prefix_a,Predictor-Final,1,1,173,6
reacher,55,prefix_a,Predictor-Observed,1,1,169,3
reacher,55,prefix_a,Predictor-Learned,1,1,186,0
reacher,55,prefix_a,Simulator-Final,1,1,173,6
reacher,55,prefix_a,Simulator-Observed,1,1,132,1
reacher,55,prefix_a,Simulator-Learned,1,1,186,0
reacher,55,prefix_a,Displacement-Observed,1,1,186,0
reacher,55,prefix_b,Direct,1,1,65,0
reacher,55,prefix_b,Predictor-Final,1,1,166,2
reacher,55,prefix_b,Predictor-Observed,1,1,143,4
reacher,55,prefix_b,Predictor-Learned,1,1,212,1
reacher,55,prefix_b,Simulator-Final,1,1,166,2
reacher,55,prefix_b,Simulator-Observed,1,1,143,4
reacher,55,prefix_b,Simulator-Learned,1,1,212,1
reacher,55,prefix_b,Displacement-Observed,1,1,65,0
reacher,56,clean,Direct,1,1,140,0
reacher,56,clean,Predictor-Final,1,1,155,3
reacher,56,clean,Predictor-Observed,1,1,140,0
reacher,56,clean,Predictor-Learned,1,1,149,7
reacher,56,clean,Simulator-Final,1,1,177,4
reacher,56,clean,Simulator-Observed,1,1,140,0
reacher,56,clean,Simulator-Learned,1,1,149,7
reacher,56,clean,Displacement-Observed,1,1,140,0
reacher,56,prefix_a,Direct,1,1,112,0
reacher,56,prefix_a,Predictor-Final,1,1,54,7
reacher,56,prefix_a,Predictor-Observed,1,1,112,0
reacher,56,prefix_a,Predictor-Learned,1,1,82,6
reacher,56,prefix_a,Simulator-Final,1,1,82,6
reacher,56,prefix_a,Simulator-Observed,1,1,112,0
reacher,56,prefix_a,Simulator-Learned,1,1,54,7
reacher,56,prefix_a,Displacement-Observed,1,1,112,0
reacher,56,prefix_b,Direct,1,1,146,0
reacher,56,prefix_b,Predictor-Final,1,1,163,4
reacher,56,prefix_b,Predictor-Observed,1,1,221,3
reacher,56,prefix_b,Predictor-Learned,1,1,163,4
reacher,56,prefix_b,Simulator-Final,1,1,163,4
reacher,56,prefix_b,Simulator-Observed,1,1,149,1
reacher,56,prefix_b,Simulator-Learned,1,1,163,4
reacher,56,prefix_b,Displacement-Observed,1,1,146,0
reacher,57,clean,Direct,1,1,179,0
reacher,57,clean,Predictor-Final,1,1,154,2
reacher,57,clean,Predictor-Observed,1,1,179,0
reacher,57,clean,Predictor-Learned,1,1,168,6
reacher,57,clean,Simulator-Final,1,1,154,2
reacher,57,clean,Simulator-Observed,1,1,158,7
reacher,57,clean,Simulator-Learned,1,1,168,6
reacher,57,clean,Displacement-Observed,1,1,179,0
reacher,57,prefix_a,Direct,1,1,182,0
reacher,57,prefix_a,Predictor-Final,1,1,187,6
reacher,57,prefix_a,Predictor-Observed,1,1,182,0
reacher,57,prefix_a,Predictor-Learned,1,1,137,3
reacher,57,prefix_a,Simulator-Final,1,1,187,6
reacher,57,prefix_a,Simulator-Observed,1,1,182,0
reacher,57,prefix_a,Simulator-Learned,1,1,137,3
reacher,57,prefix_a,Displacement-Observed,1,0,300,5
reacher,57,prefix_b,Direct,1,1,137,0
reacher,57,prefix_b,Predictor-Final,1,0,300,2
reacher,57,prefix_b,Predictor-Observed,1,1,73,1
reacher,57,prefix_b,Predictor-Learned,1,1,137,0
reacher,57,prefix_b,Simulator-Final,1,1,170,4
reacher,57,prefix_b,Simulator-Observed,1,1,137,0
reacher,57,prefix_b,Simulator-Learned,1,1,157,3
reacher,57,prefix_b,Displacement-Observed,1,1,137,0
reacher,58,clean,Direct,1,1,154,0
reacher,58,clean,Predictor-Final,1,1,165,2
reacher,58,clean,Predictor-Observed,1,1,149,7
reacher,58,clean,Predictor-Learned,1,1,154,5
reacher,58,clean,Simulator-Final,1,1,165,2
reacher,58,clean,Simulator-Observed,1,1,149,7
reacher,58,clean,Simulator-Learned,1,1,162,3
reacher,58,clean,Displacement-Observed,1,1,154,0
reacher,58,prefix_a,Direct,1,1,148,0
reacher,58,prefix_a,Predictor-Final,1,1,167,1
reacher,58,prefix_a,Predictor-Observed,1,1,167,1
reacher,58,prefix_a,Predictor-Learned,1,1,180,6
reacher,58,prefix_a,Simulator-Final,1,1,167,1
reacher,58,prefix_a,Simulator-Observed,1,1,148,0
reacher,58,prefix_a,Simulator-Learned,1,1,180,6
reacher,58,prefix_a,Displacement-Observed,1,1,146,3
reacher,58,prefix_b,Direct,1,1,151,0
reacher,58,prefix_b,Predictor-Final,1,1,172,2
reacher,58,prefix_b,Predictor-Observed,1,1,155,1
reacher,58,prefix_b,Predictor-Learned,1,1,155,3
reacher,58,prefix_b,Simulator-Final,1,1,155,1
reacher,58,prefix_b,Simulator-Observed,1,1,148,4
reacher,58,prefix_b,Simulator-Learned,1,1,148,4
reacher,58,prefix_b,Displacement-Observed,1,1,151,0
reacher,59,clean,Direct,1,1,154,0
reacher,59,clean,Predictor-Final,1,0,300,6
reacher,59,clean,Predictor-Observed,1,0,300,2
reacher,59,clean,Predictor-Learned,1,1,154,0
reacher,59,clean,Simulator-Final,1,0,300,6
reacher,59,clean,Simulator-Observed,1,0,300,2
reacher,59,clean,Simulator-Learned,1,1,154,0
reacher,59,clean,Displacement-Observed,1,1,154,0
reacher,59,prefix_a,Direct,1,0,300,0
reacher,59,prefix_a,Predictor-Final,1,0,300,7
reacher,59,prefix_a,Predictor-Observed,1,0,300,3
reacher,59,prefix_a,Predictor-Learned,1,0,300,0
reacher,59,prefix_a,Simulator-Final,1,0,300,4
reacher,59,prefix_a,Simulator-Observed,1,0,300,3
reacher,59,prefix_a,Simulator-Learned,1,0,300,4
reacher,59,prefix_a,Displacement-Observed,1,0,300,5
reacher,59,prefix_b,Direct,1,0,300,0
reacher,59,prefix_b,Predictor-Final,1,0,300,1
reacher,59,prefix_b,Predictor-Observed,1,0,300,0
reacher,59,prefix_b,Predictor-Learned,1,0,300,0
reacher,59,prefix_b,Simulator-Final,1,0,300,1
reacher,59,prefix_b,Simulator-Observed,1,0,300,0
reacher,59,prefix_b,Simulator-Learned,1,0,300,1
reacher,59,prefix_b,Displacement-Observed,1,0,300,0
reacher,60,clean,Direct,1,1,162,0
reacher,60,clean,Predictor-Final,1,1,162,0
reacher,60,clean,Predictor-Observed,1,1,162,0
reacher,60,clean,Predictor-Learned,1,1,25,2
reacher,60,clean,Simulator-Final,1,1,162,0
reacher,60,clean,Simulator-Observed,1,1,162,0
reacher,60,clean,Simulator-Learned,1,1,18,7
reacher,60,clean,Displacement-Observed,1,1,162,0
reacher,60,prefix_a,Direct,1,1,150,0
reacher,60,prefix_a,Predictor-Final,1,1,7,1
reacher,60,prefix_a,Predictor-Observed,1,1,151,7
reacher,60,prefix_a,Predictor-Learned,1,1,151,7
reacher,60,prefix_a,Simulator-Final,1,1,7,1
reacher,60,prefix_a,Simulator-Observed,1,1,151,7
reacher,60,prefix_a,Simulator-Learned,1,1,167,2
reacher,60,prefix_a,Displacement-Observed,1,1,167,2
reacher,60,prefix_b,Direct,1,1,165,0
reacher,60,prefix_b,Predictor-Final,1,1,149,6
reacher,60,prefix_b,Predictor-Observed,1,1,165,0
reacher,60,prefix_b,Predictor-Learned,1,1,149,6
reacher,60,prefix_b,Simulator-Final,1,1,156,2
reacher,60,prefix_b,Simulator-Observed,1,1,162,3
reacher,60,prefix_b,Simulator-Learned,1,1,149,6
reacher,60,prefix_b,Displacement-Observed,1,1,165,0
reacher,61,clean,Direct,1,1,142,0
reacher,61,clean,Predictor-Final,1,1,153,3
reacher,61,clean,Predictor-Observed,1,1,155,2
reacher,61,clean,Predictor-Learned,1,1,115,6
reacher,61,clean,Simulator-Final,1,1,153,3
reacher,61,clean,Simulator-Observed,1,1,155,2
reacher,61,clean,Simulator-Learned,1,1,115,6
reacher,61,clean,Displacement-Observed,1,1,155,2
reacher,61,prefix_a,Direct,1,1,144,0
reacher,61,prefix_a,Predictor-Final,1,1,154,1
reacher,61,prefix_a,Predictor-Observed,1,1,144,0
reacher,61,prefix_a,Predictor-Learned,1,1,160,6
reacher,61,prefix_a,Simulator-Final,1,1,154,1
reacher,61,prefix_a,Simulator-Observed,1,1,144,0
reacher,61,prefix_a,Simulator-Learned,1,1,160,6
reacher,61,prefix_a,Displacement-Observed,1,1,144,0
reacher,61,prefix_b,Direct,1,1,176,0
reacher,61,prefix_b,Predictor-Final,1,1,165,7
reacher,61,prefix_b,Predictor-Observed,1,1,129,5
reacher,61,prefix_b,Predictor-Learned,1,1,176,6
reacher,61,prefix_b,Simulator-Final,1,1,165,7
reacher,61,prefix_b,Simulator-Observed,1,1,176,0
reacher,61,prefix_b,Simulator-Learned,1,1,176,6
reacher,61,prefix_b,Displacement-Observed,1,1,176,0
reacher,62,clean,Direct,1,1,147,0
reacher,62,clean,Predictor-Final,1,1,147,0
reacher,62,clean,Predictor-Observed,1,0,300,2
reacher,62,clean,Predictor-Learned,1,0,300,2
reacher,62,clean,Simulator-Final,1,1,213,3
reacher,62,clean,Simulator-Observed,1,0,300,2
reacher,62,clean,Simulator-Learned,1,1,147,0
reacher,62,clean,Displacement-Observed,1,0,300,2
reacher,62,prefix_a,Direct,1,1,189,0
reacher,62,prefix_a,Predictor-Final,1,1,172,3
reacher,62,prefix_a,Predictor-Observed,1,1,171,5
reacher,62,prefix_a,Predictor-Learned,1,1,83,2
reacher,62,prefix_a,Simulator-Final,1,1,163,7
reacher,62,prefix_a,Simulator-Observed,1,1,171,5
reacher,62,prefix_a,Simulator-Learned,1,1,83,2
reacher,62,prefix_a,Displacement-Observed,1,1,171,5
reacher,62,prefix_b,Direct,1,1,148,0
reacher,62,prefix_b,Predictor-Final,1,1,148,0
reacher,62,prefix_b,Predictor-Observed,1,1,148,0
reacher,62,prefix_b,Predictor-Learned,1,1,134,2
reacher,62,prefix_b,Simulator-Final,1,1,148,1
reacher,62,prefix_b,Simulator-Observed,1,1,144,3
reacher,62,prefix_b,Simulator-Learned,1,1,148,0
reacher,62,prefix_b,Displacement-Observed,1,1,144,3
reacher,63,clean,Direct,1,1,127,0
reacher,63,clean,Predictor-Final,1,1,149,5
reacher,63,clean,Predictor-Observed,1,1,113,6
reacher,63,clean,Predictor-Learned,1,1,151,1
reacher,63,clean,Simulator-Final,1,1,151,1
reacher,63,clean,Simulator-Observed,1,1,113,6
reacher,63,clean,Simulator-Learned,1,1,151,1
reacher,63,clean,Displacement-Observed,1,1,127,0
reacher,63,prefix_a,Direct,1,1,163,0
reacher,63,prefix_a,Predictor-Final,1,1,170,7
reacher,63,prefix_a,Predictor-Observed,1,1,160,3
reacher,63,prefix_a,Predictor-Learned,1,1,150,1
reacher,63,prefix_a,Simulator-Final,1,1,170,7
reacher,63,prefix_a,Simulator-Observed,1,1,160,3
reacher,63,prefix_a,Simulator-Learned,1,1,150,1
reacher,63,prefix_a,Displacement-Observed,1,1,163,0
reacher,63,prefix_b,Direct,1,1,158,0
reacher,63,prefix_b,Predictor-Final,1,1,160,5
reacher,63,prefix_b,Predictor-Observed,1,1,155,1
reacher,63,prefix_b,Predictor-Learned,1,1,161,3
reacher,63,prefix_b,Simulator-Final,1,1,160,5
reacher,63,prefix_b,Simulator-Observed,1,1,155,1
reacher,63,prefix_b,Simulator-Learned,1,1,161,3
reacher,63,prefix_b,Displacement-Observed,1,1,155,1
reacher,64,clean,Direct,1,1,156,0
reacher,64,clean,Predictor-Final,1,1,68,3
reacher,64,clean,Predictor-Observed,1,1,156,0
reacher,64,clean,Predictor-Learned,1,1,116,1
reacher,64,clean,Simulator-Final,1,1,68,3
reacher,64,clean,Simulator-Observed,1,1,156,0
reacher,64,clean,Simulator-Learned,1,1,150,4
reacher,64,clean,Displacement-Observed,1,1,156,0
reacher,64,prefix_a,Direct,1,1,184,0
reacher,64,prefix_a,Predictor-Final,1,1,176,1
reacher,64,prefix_a,Predictor-Observed,1,1,150,3
reacher,64,prefix_a,Predictor-Learned,1,1,151,2
reacher,64,prefix_a,Simulator-Final,1,1,176,1
reacher,64,prefix_a,Simulator-Observed,1,1,150,3
reacher,64,prefix_a,Simulator-Learned,1,1,151,2
reacher,64,prefix_a,Displacement-Observed,1,1,184,0
reacher,64,prefix_b,Direct,1,1,189,0
reacher,64,prefix_b,Predictor-Final,1,1,151,1
reacher,64,prefix_b,Predictor-Observed,1,1,151,1
reacher,64,prefix_b,Predictor-Learned,1,1,77,2
reacher,64,prefix_b,Simulator-Final,1,1,151,1
reacher,64,prefix_b,Simulator-Observed,1,1,151,1
reacher,64,prefix_b,Simulator-Learned,1,1,189,0
reacher,64,prefix_b,Displacement-Observed,1,1,150,6
reacher,65,clean,Direct,1,1,102,0
reacher,65,clean,Predictor-Final,1,1,175,2
reacher,65,clean,Predictor-Observed,1,1,102,0
reacher,65,clean,Predictor-Learned,1,1,154,4
reacher,65,clean,Simulator-Final,1,1,165,6
reacher,65,clean,Simulator-Observed,1,1,165,6
reacher,65,clean,Simulator-Learned,1,1,154,4
reacher,65,clean,Displacement-Observed,1,1,102,0
reacher,65,prefix_a,Direct,1,1,156,0
reacher,65,prefix_a,Predictor-Final,1,1,156,0
reacher,65,prefix_a,Predictor-Observed,1,1,156,0
reacher,65,prefix_a,Predictor-Learned,1,1,151,2
reacher,65,prefix_a,Simulator-Final,1,1,167,1
reacher,65,prefix_a,Simulator-Observed,1,1,156,0
reacher,65,prefix_a,Simulator-Learned,1,1,151,2
reacher,65,prefix_a,Displacement-Observed,1,1,156,0
reacher,65,prefix_b,Direct,1,1,152,0
reacher,65,prefix_b,Predictor-Final,1,1,146,7
reacher,65,prefix_b,Predictor-Observed,1,1,152,2
reacher,65,prefix_b,Predictor-Learned,1,1,174,1
reacher,65,prefix_b,Simulator-Final,1,1,151,4
reacher,65,prefix_b,Simulator-Observed,1,1,152,2
reacher,65,prefix_b,Simulator-Learned,1,1,152,2
reacher,65,prefix_b,Displacement-Observed,1,1,152,0
reacher,66,clean,Direct,1,1,163,0
reacher,66,clean,Predictor-Final,1,1,149,7
reacher,66,clean,Predictor-Observed,1,1,149,7
reacher,66,clean,Predictor-Learned,1,1,143,6
reacher,66,clean,Simulator-Final,1,1,149,7
reacher,66,clean,Simulator-Observed,1,1,163,0
reacher,66,clean,Simulator-Learned,1,1,150,4
reacher,66,clean,Displacement-Observed,1,1,149,7
reacher,66,prefix_a,Direct,1,1,111,0
reacher,66,prefix_a,Predictor-Final,1,1,148,7
reacher,66,prefix_a,Predictor-Observed,1,1,148,7
reacher,66,prefix_a,Predictor-Learned,1,1,152,2
reacher,66,prefix_a,Simulator-Final,1,1,148,7
reacher,66,prefix_a,Simulator-Observed,1,1,148,7
reacher,66,prefix_a,Simulator-Learned,1,1,202,5
reacher,66,prefix_a,Displacement-Observed,1,1,148,7
reacher,66,prefix_b,Direct,1,1,205,0
reacher,66,prefix_b,Predictor-Final,1,1,186,1
reacher,66,prefix_b,Predictor-Observed,1,1,186,1
reacher,66,prefix_b,Predictor-Learned,1,1,50,5
reacher,66,prefix_b,Simulator-Final,1,1,205,0
reacher,66,prefix_b,Simulator-Observed,1,1,186,1
reacher,66,prefix_b,Simulator-Learned,1,1,167,7
reacher,66,prefix_b,Displacement-Observed,1,1,205,0
reacher,67,clean,Direct,1,1,150,0
reacher,67,clean,Predictor-Final,1,1,124,1
reacher,67,clean,Predictor-Observed,1,0,300,7
reacher,67,clean,Predictor-Learned,1,0,300,4
reacher,67,clean,Simulator-Final,1,1,124,1
reacher,67,clean,Simulator-Observed,1,1,150,0
reacher,67,clean,Simulator-Learned,1,0,300,4
reacher,67,clean,Displacement-Observed,1,1,150,0
reacher,67,prefix_a,Direct,1,1,155,0
reacher,67,prefix_a,Predictor-Final,1,1,147,7
reacher,67,prefix_a,Predictor-Observed,1,1,155,0
reacher,67,prefix_a,Predictor-Learned,1,1,177,5
reacher,67,prefix_a,Simulator-Final,1,1,147,7
reacher,67,prefix_a,Simulator-Observed,1,1,146,2
reacher,67,prefix_a,Simulator-Learned,1,1,181,4
reacher,67,prefix_a,Displacement-Observed,1,1,146,2
reacher,67,prefix_b,Direct,1,0,300,0
reacher,67,prefix_b,Predictor-Final,1,1,109,2
reacher,67,prefix_b,Predictor-Observed,1,0,300,0
reacher,67,prefix_b,Predictor-Learned,1,1,151,3
reacher,67,prefix_b,Simulator-Final,1,1,109,2
reacher,67,prefix_b,Simulator-Observed,1,0,300,0
reacher,67,prefix_b,Simulator-Learned,1,1,151,3
reacher,67,prefix_b,Displacement-Observed,1,0,300,4
reacher,68,clean,Direct,1,1,156,0
reacher,68,clean,Predictor-Final,1,1,150,5
reacher,68,clean,Predictor-Observed,1,1,156,0
reacher,68,clean,Predictor-Learned,1,1,113,6
reacher,68,clean,Simulator-Final,1,1,150,5
reacher,68,clean,Simulator-Observed,1,1,156,0
reacher,68,clean,Simulator-Learned,1,1,113,6
reacher,68,clean,Displacement-Observed,1,1,156,0
reacher,68,prefix_a,Direct,1,1,149,0
reacher,68,prefix_a,Predictor-Final,1,1,165,5
reacher,68,prefix_a,Predictor-Observed,1,1,149,0
reacher,68,prefix_a,Predictor-Learned,1,1,157,7
reacher,68,prefix_a,Simulator-Final,1,1,165,5
reacher,68,prefix_a,Simulator-Observed,1,1,149,0
reacher,68,prefix_a,Simulator-Learned,1,1,151,6
reacher,68,prefix_a,Displacement-Observed,1,1,149,0
reacher,68,prefix_b,Direct,1,1,154,0
reacher,68,prefix_b,Predictor-Final,1,1,154,3
reacher,68,prefix_b,Predictor-Observed,1,1,80,1
reacher,68,prefix_b,Predictor-Learned,1,1,150,5
reacher,68,prefix_b,Simulator-Final,1,1,149,7
reacher,68,prefix_b,Simulator-Observed,1,1,80,1
reacher,68,prefix_b,Simulator-Learned,1,1,157,2
reacher,68,prefix_b,Displacement-Observed,1,1,154,0
reacher,69,clean,Direct,1,1,102,0
reacher,69,clean,Predictor-Final,1,1,111,4
reacher,69,clean,Predictor-Observed,1,1,149,2
reacher,69,clean,Predictor-Learned,1,1,149,2
reacher,69,clean,Simulator-Final,1,1,143,1
reacher,69,clean,Simulator-Observed,1,1,170,6
reacher,69,clean,Simulator-Learned,1,1,170,6
reacher,69,clean,Displacement-Observed,1,1,102,0
reacher,69,prefix_a,Direct,1,1,41,0
reacher,69,prefix_a,Predictor-Final,1,1,175,3
reacher,69,prefix_a,Predictor-Observed,1,1,74,4
reacher,69,prefix_a,Predictor-Learned,1,1,74,4
reacher,69,prefix_a,Simulator-Final,1,1,157,2
reacher,69,prefix_a,Simulator-Observed,1,1,74,4
reacher,69,prefix_a,Simulator-Learned,1,1,157,2
reacher,69,prefix_a,Displacement-Observed,1,1,41,0
reacher,69,prefix_b,Direct,1,1,49,0
reacher,69,prefix_b,Predictor-Final,1,1,170,6
reacher,69,prefix_b,Predictor-Observed,1,1,49,0
reacher,69,prefix_b,Predictor-Learned,1,1,49,0
reacher,69,prefix_b,Simulator-Final,1,1,170,6
reacher,69,prefix_b,Simulator-Observed,1,1,161,2
reacher,69,prefix_b,Simulator-Learned,1,1,161,2
reacher,69,prefix_b,Displacement-Observed,1,1,49,0
reacher,70,clean,Direct,1,1,67,0
reacher,70,clean,Predictor-Final,1,1,144,6
reacher,70,clean,Predictor-Observed,1,1,67,0
reacher,70,clean,Predictor-Learned,1,1,67,0
reacher,70,clean,Simulator-Final,1,1,144,6
reacher,70,clean,Simulator-Observed,1,1,151,5
reacher,70,clean,Simulator-Learned,1,1,151,5
reacher,70,clean,Displacement-Observed,1,1,151,5
reacher,70,prefix_a,Direct,1,1,56,0
reacher,70,prefix_a,Predictor-Final,1,1,9,5
reacher,70,prefix_a,Predictor-Observed,1,1,121,3
reacher,70,prefix_a,Predictor-Learned,1,1,166,7
reacher,70,prefix_a,Simulator-Final,1,1,124,6
reacher,70,prefix_a,Simulator-Observed,1,1,136,4
reacher,70,prefix_a,Simulator-Learned,1,1,166,7
reacher,70,prefix_a,Displacement-Observed,1,1,56,0
reacher,70,prefix_b,Direct,1,1,166,0
reacher,70,prefix_b,Predictor-Final,1,1,76,1
reacher,70,prefix_b,Predictor-Observed,1,1,166,0
reacher,70,prefix_b,Predictor-Learned,1,1,107,5
reacher,70,prefix_b,Simulator-Final,1,1,76,1
reacher,70,prefix_b,Simulator-Observed,1,1,107,5
reacher,70,prefix_b,Simulator-Learned,1,1,107,5
reacher,70,prefix_b,Displacement-Observed,1,1,73,6
reacher,71,clean,Direct,1,1,150,0
reacher,71,clean,Predictor-Final,1,1,159,6
reacher,71,clean,Predictor-Observed,1,1,150,0
reacher,71,clean,Predictor-Learned,1,1,149,1
reacher,71,clean,Simulator-Final,1,1,177,2
reacher,71,clean,Simulator-Observed,1,1,150,0
reacher,71,clean,Simulator-Learned,1,1,149,1
reacher,71,clean,Displacement-Observed,1,1,177,2
reacher,71,prefix_a,Direct,1,1,137,0
reacher,71,prefix_a,Predictor-Final,1,1,239,2
reacher,71,prefix_a,Predictor-Observed,1,1,137,0
reacher,71,prefix_a,Predictor-Learned,1,1,137,0
reacher,71,prefix_a,Simulator-Final,1,1,177,5
reacher,71,prefix_a,Simulator-Observed,1,1,177,5
reacher,71,prefix_a,Simulator-Learned,1,1,137,0
reacher,71,prefix_a,Displacement-Observed,1,1,177,5
reacher,71,prefix_b,Direct,1,1,150,0
reacher,71,prefix_b,Predictor-Final,1,1,176,6
reacher,71,prefix_b,Predictor-Observed,1,1,135,4
reacher,71,prefix_b,Predictor-Learned,1,1,150,0
reacher,71,prefix_b,Simulator-Final,1,1,168,7
reacher,71,prefix_b,Simulator-Observed,1,1,135,4
reacher,71,prefix_b,Simulator-Learned,1,1,150,0
reacher,71,prefix_b,Displacement-Observed,1,1,168,7
reacher,72,clean,Direct,1,1,173,0
reacher,72,clean,Predictor-Final,1,1,34,3
reacher,72,clean,Predictor-Observed,1,1,165,5
reacher,72,clean,Predictor-Learned,1,1,206,7
reacher,72,clean,Simulator-Final,1,1,34,3
reacher,72,clean,Simulator-Observed,1,1,173,0
reacher,72,clean,Simulator-Learned,1,1,34,3
reacher,72,clean,Displacement-Observed,1,1,173,0
reacher,72,prefix_a,Direct,1,1,3,0
reacher,72,prefix_a,Predictor-Final,1,1,144,7
reacher,72,prefix_a,Predictor-Observed,1,1,2,5
reacher,72,prefix_a,Predictor-Learned,1,1,144,7
reacher,72,prefix_a,Simulator-Final,1,1,2,3
reacher,72,prefix_a,Simulator-Observed,1,1,186,4
reacher,72,prefix_a,Simulator-Learned,1,1,2,3
reacher,72,prefix_a,Displacement-Observed,1,1,3,0
reacher,72,prefix_b,Direct,1,1,156,0
reacher,72,prefix_b,Predictor-Final,1,1,3,7
reacher,72,prefix_b,Predictor-Observed,1,1,160,4
reacher,72,prefix_b,Predictor-Learned,1,1,164,6
reacher,72,prefix_b,Simulator-Final,1,1,156,0
reacher,72,prefix_b,Simulator-Observed,1,1,160,4
reacher,72,prefix_b,Simulator-Learned,1,1,164,6
reacher,72,prefix_b,Displacement-Observed,1,1,156,0
reacher,73,clean,Direct,1,1,160,0
reacher,73,clean,Predictor-Final,1,1,155,1
reacher,73,clean,Predictor-Observed,1,1,160,0
reacher,73,clean,Predictor-Learned,1,1,150,2
reacher,73,clean,Simulator-Final,1,1,150,2
reacher,73,clean,Simulator-Observed,1,1,150,2
reacher,73,clean,Simulator-Learned,1,1,150,6
reacher,73,clean,Displacement-Observed,1,1,155,1
reacher,73,prefix_a,Direct,1,1,149,0
reacher,73,prefix_a,Predictor-Final,1,1,156,2
reacher,73,prefix_a,Predictor-Observed,1,1,151,3
reacher,73,prefix_a,Predictor-Learned,1,1,142,6
reacher,73,prefix_a,Simulator-Final,1,1,149,0
reacher,73,prefix_a,Simulator-Observed,1,1,149,0
reacher,73,prefix_a,Simulator-Learned,1,1,156,2
reacher,73,prefix_a,Displacement-Observed,1,1,149,0
reacher,73,prefix_b,Direct,1,1,165,0
reacher,73,prefix_b,Predictor-Final,1,1,176,7
reacher,73,prefix_b,Predictor-Observed,1,1,165,0
reacher,73,prefix_b,Predictor-Learned,1,1,165,0
reacher,73,prefix_b,Simulator-Final,1,1,160,6
reacher,73,prefix_b,Simulator-Observed,1,1,165,0
reacher,73,prefix_b,Simulator-Learned,1,1,155,5
reacher,73,prefix_b,Displacement-Observed,1,1,165,0
reacher,74,clean,Direct,1,1,176,0
reacher,74,clean,Predictor-Final,1,1,166,2
reacher,74,clean,Predictor-Observed,1,1,176,0
reacher,74,clean,Predictor-Learned,1,1,164,7
reacher,74,clean,Simulator-Final,1,1,166,2
reacher,74,clean,Simulator-Observed,1,1,176,0
reacher,74,clean,Simulator-Learned,1,1,176,0
reacher,74,clean,Displacement-Observed,1,1,176,0
reacher,74,prefix_a,Direct,1,1,151,0
reacher,74,prefix_a,Predictor-Final,1,1,182,7
reacher,74,prefix_a,Predictor-Observed,1,1,151,0
reacher,74,prefix_a,Predictor-Learned,1,1,149,6
reacher,74,prefix_a,Simulator-Final,1,1,182,7
reacher,74,prefix_a,Simulator-Observed,1,1,151,0
reacher,74,prefix_a,Simulator-Learned,1,1,149,6
reacher,74,prefix_a,Displacement-Observed,1,1,151,0
reacher,74,prefix_b,Direct,1,1,80,0
reacher,74,prefix_b,Predictor-Final,1,1,184,7
reacher,74,prefix_b,Predictor-Observed,1,1,175,1
reacher,74,prefix_b,Predictor-Learned,1,1,168,4
reacher,74,prefix_b,Simulator-Final,1,1,184,7
reacher,74,prefix_b,Simulator-Observed,1,1,80,0
reacher,74,prefix_b,Simulator-Learned,1,1,80,0
reacher,74,prefix_b,Displacement-Observed,1,1,80,0
reacher,75,clean,Direct,1,1,137,0
reacher,75,clean,Predictor-Final,1,1,159,1
reacher,75,clean,Predictor-Observed,1,1,163,2
reacher,75,clean,Predictor-Learned,1,1,153,6
reacher,75,clean,Simulator-Final,1,1,159,1
reacher,75,clean,Simulator-Observed,1,1,153,4
reacher,75,clean,Simulator-Learned,1,1,153,6
reacher,75,clean,Displacement-Observed,1,1,137,0
reacher,75,prefix_a,Direct,1,1,178,0
reacher,75,prefix_a,Predictor-Final,1,1,149,6
reacher,75,prefix_a,Predictor-Observed,1,1,178,0
reacher,75,prefix_a,Predictor-Learned,1,1,169,5
reacher,75,prefix_a,Simulator-Final,1,1,169,5
reacher,75,prefix_a,Simulator-Observed,1,1,149,6
reacher,75,prefix_a,Simulator-Learned,1,1,163,2
reacher,75,prefix_a,Displacement-Observed,1,1,178,0
reacher,75,prefix_b,Direct,1,1,172,0
reacher,75,prefix_b,Predictor-Final,1,1,180,4
reacher,75,prefix_b,Predictor-Observed,1,1,172,0
reacher,75,prefix_b,Predictor-Learned,1,1,154,5
reacher,75,prefix_b,Simulator-Final,1,1,164,1
reacher,75,prefix_b,Simulator-Observed,1,1,156,6
reacher,75,prefix_b,Simulator-Learned,1,1,180,4
reacher,75,prefix_b,Displacement-Observed,1,1,172,0
reacher,76,clean,Direct,1,1,84,0
reacher,76,clean,Predictor-Final,1,1,166,2
reacher,76,clean,Predictor-Observed,1,1,148,7
reacher,76,clean,Predictor-Learned,1,1,148,4
reacher,76,clean,Simulator-Final,1,1,82,1
reacher,76,clean,Simulator-Observed,1,1,148,7
reacher,76,clean,Simulator-Learned,1,1,148,4
reacher,76,clean,Displacement-Observed,1,1,84,0
reacher,76,prefix_a,Direct,1,1,148,0
reacher,76,prefix_a,Predictor-Final,1,1,150,3
reacher,76,prefix_a,Predictor-Observed,1,1,148,0
reacher,76,prefix_a,Predictor-Learned,1,1,163,7
reacher,76,prefix_a,Simulator-Final,1,1,150,3
reacher,76,prefix_a,Simulator-Observed,1,1,163,7
reacher,76,prefix_a,Simulator-Learned,1,1,163,7
reacher,76,prefix_a,Displacement-Observed,1,1,148,4
reacher,76,prefix_b,Direct,1,1,131,0
reacher,76,prefix_b,Predictor-Final,1,1,82,6
reacher,76,prefix_b,Predictor-Observed,1,1,131,0
reacher,76,prefix_b,Predictor-Learned,1,1,82,6
reacher,76,prefix_b,Simulator-Final,1,1,104,5
reacher,76,prefix_b,Simulator-Observed,1,1,131,0
reacher,76,prefix_b,Simulator-Learned,1,1,104,5
reacher,76,prefix_b,Displacement-Observed,1,1,131,0
reacher,77,clean,Direct,1,1,174,0
reacher,77,clean,Predictor-Final,1,1,156,5
reacher,77,clean,Predictor-Observed,1,1,174,0
reacher,77,clean,Predictor-Learned,1,1,163,7
reacher,77,clean,Simulator-Final,1,1,144,4
reacher,77,clean,Simulator-Observed,1,1,174,0
reacher,77,clean,Simulator-Learned,1,1,163,7
reacher,77,clean,Displacement-Observed,1,1,174,0
reacher,77,prefix_a,Direct,1,1,169,0
reacher,77,prefix_a,Predictor-Final,1,1,154,3
reacher,77,prefix_a,Predictor-Observed,1,1,169,0
reacher,77,prefix_a,Predictor-Learned,1,1,154,5
reacher,77,prefix_a,Simulator-Final,1,1,142,1
reacher,77,prefix_a,Simulator-Observed,1,1,169,0
reacher,77,prefix_a,Simulator-Learned,1,1,154,5
reacher,77,prefix_a,Displacement-Observed,1,1,169,0
reacher,77,prefix_b,Direct,1,1,169,0
reacher,77,prefix_b,Predictor-Final,1,1,145,4
reacher,77,prefix_b,Predictor-Observed,1,1,169,0
reacher,77,prefix_b,Predictor-Learned,1,1,183,3
reacher,77,prefix_b,Simulator-Final,1,1,122,1
reacher,77,prefix_b,Simulator-Observed,1,1,169,0
reacher,77,prefix_b,Simulator-Learned,1,1,145,4
reacher,77,prefix_b,Displacement-Observed,1,1,169,0
reacher,78,clean,Direct,1,1,164,0
reacher,78,clean,Predictor-Final,1,1,164,0
reacher,78,clean,Predictor-Observed,1,1,149,4
reacher,78,clean,Predictor-Learned,1,1,149,2
reacher,78,clean,Simulator-Final,1,0,300,3
reacher,78,clean,Simulator-Observed,1,1,149,4
reacher,78,clean,Simulator-Learned,1,0,300,3
reacher,78,clean,Displacement-Observed,1,1,164,0
reacher,78,prefix_a,Direct,1,1,149,0
reacher,78,prefix_a,Predictor-Final,1,1,169,4
reacher,78,prefix_a,Predictor-Observed,1,1,140,5
reacher,78,prefix_a,Predictor-Learned,1,1,153,1
reacher,78,prefix_a,Simulator-Final,1,1,169,4
reacher,78,prefix_a,Simulator-Observed,1,1,143,7
reacher,78,prefix_a,Simulator-Learned,1,1,143,7
reacher,78,prefix_a,Displacement-Observed,1,1,143,7
reacher,78,prefix_b,Direct,1,1,149,0
reacher,78,prefix_b,Predictor-Final,1,1,156,1
reacher,78,prefix_b,Predictor-Observed,1,1,149,0
reacher,78,prefix_b,Predictor-Learned,1,1,160,4
reacher,78,prefix_b,Simulator-Final,1,1,247,6
reacher,78,prefix_b,Simulator-Observed,1,1,149,0
reacher,78,prefix_b,Simulator-Learned,1,1,160,4
reacher,78,prefix_b,Displacement-Observed,1,1,149,0
reacher,79,clean,Direct,1,1,143,0
reacher,79,clean,Predictor-Final,1,1,154,2
reacher,79,clean,Predictor-Observed,1,1,143,0
reacher,79,clean,Predictor-Learned,1,1,158,4
reacher,79,clean,Simulator-Final,1,1,122,3
reacher,79,clean,Simulator-Observed,1,1,143,0
reacher,79,clean,Simulator-Learned,1,1,149,7
reacher,79,clean,Displacement-Observed,1,1,143,0
reacher,79,prefix_a,Direct,1,1,73,0
reacher,79,prefix_a,Predictor-Final,1,1,124,3
reacher,79,prefix_a,Predictor-Observed,1,1,73,0
reacher,79,prefix_a,Predictor-Learned,1,1,149,4
reacher,79,prefix_a,Simulator-Final,1,0,300,7
reacher,79,prefix_a,Simulator-Observed,1,1,73,0
reacher,79,prefix_a,Simulator-Learned,1,1,149,4
reacher,79,prefix_a,Displacement-Observed,1,1,73,0
reacher,79,prefix_b,Direct,1,1,148,0
reacher,79,prefix_b,Predictor-Final,1,1,139,6
reacher,79,prefix_b,Predictor-Observed,1,1,142,7
reacher,79,prefix_b,Predictor-Learned,1,1,142,7
reacher,79,prefix_b,Simulator-Final,1,1,139,6
reacher,79,prefix_b,Simulator-Observed,1,1,142,7
reacher,79,prefix_b,Simulator-Learned,1,1,151,5
reacher,79,prefix_b,Displacement-Observed,1,1,148,0
reacher,80,clean,Direct,1,1,211,0
reacher,80,clean,Predictor-Final,1,1,148,5
reacher,80,clean,Predictor-Observed,1,1,155,7
reacher,80,clean,Predictor-Learned,1,1,148,6
reacher,80,clean,Simulator-Final,1,1,153,3
reacher,80,clean,Simulator-Observed,1,1,155,7
reacher,80,clean,Simulator-Learned,1,1,148,6
reacher,80,clean,Displacement-Observed,1,1,211,0
reacher,80,prefix_a,Direct,1,1,135,0
reacher,80,prefix_a,Predictor-Final,1,1,122,1
reacher,80,prefix_a,Predictor-Observed,1,1,122,1
reacher,80,prefix_a,Predictor-Learned,1,1,149,6
reacher,80,prefix_a,Simulator-Final,1,1,122,1
reacher,80,prefix_a,Simulator-Observed,1,1,135,0
reacher,80,prefix_a,Simulator-Learned,1,1,157,5
reacher,80,prefix_a,Displacement-Observed,1,1,135,0
reacher,80,prefix_b,Direct,1,1,155,0
reacher,80,prefix_b,Predictor-Final,1,1,159,7
reacher,80,prefix_b,Predictor-Observed,1,1,169,4
reacher,80,prefix_b,Predictor-Learned,1,1,155,0
reacher,80,prefix_b,Simulator-Final,1,1,159,7
reacher,80,prefix_b,Simulator-Observed,1,1,169,4
reacher,80,prefix_b,Simulator-Learned,1,1,155,0
reacher,80,prefix_b,Displacement-Observed,1,1,155,0
reacher,81,clean,Direct,1,1,154,0
reacher,81,clean,Predictor-Final,1,1,150,7
reacher,81,clean,Predictor-Observed,1,1,157,2
reacher,81,clean,Predictor-Learned,1,1,154,1
reacher,81,clean,Simulator-Final,1,1,150,7
reacher,81,clean,Simulator-Observed,1,1,157,2
reacher,81,clean,Simulator-Learned,1,1,154,1
reacher,81,clean,Displacement-Observed,1,1,157,2
reacher,81,prefix_a,Direct,1,1,148,0
reacher,81,prefix_a,Predictor-Final,1,1,165,2
reacher,81,prefix_a,Predictor-Observed,1,1,148,0
reacher,81,prefix_a,Predictor-Learned,1,1,165,2
reacher,81,prefix_a,Simulator-Final,1,1,165,7
reacher,81,prefix_a,Simulator-Observed,1,1,148,0
reacher,81,prefix_a,Simulator-Learned,1,1,165,2
reacher,81,prefix_a,Displacement-Observed,1,1,148,0
reacher,81,prefix_b,Direct,1,1,155,0
reacher,81,prefix_b,Predictor-Final,1,1,144,3
reacher,81,prefix_b,Predictor-Observed,1,1,158,4
reacher,81,prefix_b,Predictor-Learned,1,1,144,3
reacher,81,prefix_b,Simulator-Final,1,1,190,1
reacher,81,prefix_b,Simulator-Observed,1,1,158,4
reacher,81,prefix_b,Simulator-Learned,1,1,190,1
reacher,81,prefix_b,Displacement-Observed,1,1,190,1
reacher,82,clean,Direct,1,1,154,0
reacher,82,clean,Predictor-Final,1,1,165,4
reacher,82,clean,Predictor-Observed,1,1,154,0
reacher,82,clean,Predictor-Learned,1,1,171,2
reacher,82,clean,Simulator-Final,1,1,154,0
reacher,82,clean,Simulator-Observed,1,1,154,0
reacher,82,clean,Simulator-Learned,1,1,171,2
reacher,82,clean,Displacement-Observed,1,1,154,0
reacher,82,prefix_a,Direct,1,1,194,0
reacher,82,prefix_a,Predictor-Final,1,1,156,2
reacher,82,prefix_a,Predictor-Observed,1,1,194,0
reacher,82,prefix_a,Predictor-Learned,1,1,168,5
reacher,82,prefix_a,Simulator-Final,1,1,147,3
reacher,82,prefix_a,Simulator-Observed,1,1,194,0
reacher,82,prefix_a,Simulator-Learned,1,1,168,5
reacher,82,prefix_a,Displacement-Observed,1,1,194,0
reacher,82,prefix_b,Direct,1,1,160,0
reacher,82,prefix_b,Predictor-Final,1,1,165,2
reacher,82,prefix_b,Predictor-Observed,1,1,136,4
reacher,82,prefix_b,Predictor-Learned,1,1,160,0
reacher,82,prefix_b,Simulator-Final,1,1,153,7
reacher,82,prefix_b,Simulator-Observed,1,1,136,4
reacher,82,prefix_b,Simulator-Learned,1,1,160,0
reacher,82,prefix_b,Displacement-Observed,1,1,154,1
reacher,83,clean,Direct,1,1,161,0
reacher,83,clean,Predictor-Final,1,1,264,7
reacher,83,clean,Predictor-Observed,1,1,164,5
reacher,83,clean,Predictor-Learned,1,1,189,2
reacher,83,clean,Simulator-Final,1,1,161,4
reacher,83,clean,Simulator-Observed,1,1,164,5
reacher,83,clean,Simulator-Learned,1,1,189,2
reacher,83,clean,Displacement-Observed,1,1,161,0
reacher,83,prefix_a,Direct,1,1,166,0
reacher,83,prefix_a,Predictor-Final,1,1,147,4
reacher,83,prefix_a,Predictor-Observed,1,1,166,0
reacher,83,prefix_a,Predictor-Learned,1,1,142,1
reacher,83,prefix_a,Simulator-Final,1,1,166,0
reacher,83,prefix_a,Simulator-Observed,1,1,166,0
reacher,83,prefix_a,Simulator-Learned,1,1,142,1
reacher,83,prefix_a,Displacement-Observed,1,1,166,0
reacher,83,prefix_b,Direct,1,1,149,0
reacher,83,prefix_b,Predictor-Final,1,1,149,0
reacher,83,prefix_b,Predictor-Observed,1,1,149,0
reacher,83,prefix_b,Predictor-Learned,1,1,178,4
reacher,83,prefix_b,Simulator-Final,1,1,73,1
reacher,83,prefix_b,Simulator-Observed,1,1,149,0
reacher,83,prefix_b,Simulator-Learned,1,1,178,4
reacher,83,prefix_b,Displacement-Observed,1,1,149,0
reacher,84,clean,Direct,1,1,215,0
reacher,84,clean,Predictor-Final,1,1,134,5
reacher,84,clean,Predictor-Observed,1,1,215,0
reacher,84,clean,Predictor-Learned,1,1,141,7
reacher,84,clean,Simulator-Final,1,1,134,5
reacher,84,clean,Simulator-Observed,1,1,145,4
reacher,84,clean,Simulator-Learned,1,1,141,7
reacher,84,clean,Displacement-Observed,1,1,215,0
reacher,84,prefix_a,Direct,1,1,150,0
reacher,84,prefix_a,Predictor-Final,1,1,71,1
reacher,84,prefix_a,Predictor-Observed,1,1,35,2
reacher,84,prefix_a,Predictor-Learned,1,1,150,0
reacher,84,prefix_a,Simulator-Final,1,1,71,1
reacher,84,prefix_a,Simulator-Observed,1,1,169,5
reacher,84,prefix_a,Simulator-Learned,1,1,169,5
reacher,84,prefix_a,Displacement-Observed,1,1,150,0
reacher,84,prefix_b,Direct,1,1,77,0
reacher,84,prefix_b,Predictor-Final,1,1,146,7
reacher,84,prefix_b,Predictor-Observed,1,1,184,2
reacher,84,prefix_b,Predictor-Learned,1,1,164,5
reacher,84,prefix_b,Simulator-Final,1,1,165,4
reacher,84,prefix_b,Simulator-Observed,1,1,286,6
reacher,84,prefix_b,Simulator-Learned,1,1,165,4
reacher,84,prefix_b,Displacement-Observed,1,1,77,0
reacher,85,clean,Direct,1,1,148,0
reacher,85,clean,Predictor-Final,1,1,13,5
reacher,85,clean,Predictor-Observed,1,1,148,0
reacher,85,clean,Predictor-Learned,1,1,140,3
reacher,85,clean,Simulator-Final,1,1,13,5
reacher,85,clean,Simulator-Observed,1,1,148,0
reacher,85,clean,Simulator-Learned,1,1,148,0
reacher,85,clean,Displacement-Observed,1,1,148,0
reacher,85,prefix_a,Direct,1,1,73,0
reacher,85,prefix_a,Predictor-Final,1,1,171,1
reacher,85,prefix_a,Predictor-Observed,1,1,73,0
reacher,85,prefix_a,Predictor-Learned,1,1,67,4
reacher,85,prefix_a,Simulator-Final,1,1,171,1
reacher,85,prefix_a,Simulator-Observed,1,1,73,0
reacher,85,prefix_a,Simulator-Learned,1,1,67,4
reacher,85,prefix_a,Displacement-Observed,1,1,73,0
reacher,85,prefix_b,Direct,1,1,155,0
reacher,85,prefix_b,Predictor-Final,1,1,148,6
reacher,85,prefix_b,Predictor-Observed,1,1,155,0
reacher,85,prefix_b,Predictor-Learned,1,1,153,2
reacher,85,prefix_b,Simulator-Final,1,1,148,6
reacher,85,prefix_b,Simulator-Observed,1,1,156,4
reacher,85,prefix_b,Simulator-Learned,1,1,153,2
reacher,85,prefix_b,Displacement-Observed,1,1,155,0
reacher,86,clean,Direct,1,1,148,0
reacher,86,clean,Predictor-Final,1,1,143,1
reacher,86,clean,Predictor-Observed,1,1,148,3
reacher,86,clean,Predictor-Learned,1,1,151,4
reacher,86,clean,Simulator-Final,1,1,159,5
reacher,86,clean,Simulator-Observed,1,1,148,0
reacher,86,clean,Simulator-Learned,1,1,151,4
reacher,86,clean,Displacement-Observed,1,1,148,0
reacher,86,prefix_a,Direct,1,1,160,0
reacher,86,prefix_a,Predictor-Final,1,1,160,3
reacher,86,prefix_a,Predictor-Observed,1,1,153,7
reacher,86,prefix_a,Predictor-Learned,1,1,160,3
reacher,86,prefix_a,Simulator-Final,1,1,156,2
reacher,86,prefix_a,Simulator-Observed,1,1,156,2
reacher,86,prefix_a,Simulator-Learned,1,1,160,0
reacher,86,prefix_a,Displacement-Observed,1,1,160,0
reacher,86,prefix_b,Direct,1,1,157,0
reacher,86,prefix_b,Predictor-Final,1,1,163,5
reacher,86,prefix_b,Predictor-Observed,1,1,96,1
reacher,86,prefix_b,Predictor-Learned,1,1,138,7
reacher,86,prefix_b,Simulator-Final,1,1,163,5
reacher,86,prefix_b,Simulator-Observed,1,1,151,3
reacher,86,prefix_b,Simulator-Learned,1,1,160,4
reacher,86,prefix_b,Displacement-Observed,1,1,157,0
reacher,87,clean,Direct,1,1,144,0
reacher,87,clean,Predictor-Final,1,0,300,4
reacher,87,clean,Predictor-Observed,1,1,144,0
reacher,87,clean,Predictor-Learned,1,0,300,4
reacher,87,clean,Simulator-Final,1,0,300,4
reacher,87,clean,Simulator-Observed,1,1,144,0
reacher,87,clean,Simulator-Learned,1,0,300,4
reacher,87,clean,Displacement-Observed,1,1,144,0
reacher,87,prefix_a,Direct,1,0,300,0
reacher,87,prefix_a,Predictor-Final,1,1,180,7
reacher,87,prefix_a,Predictor-Observed,1,0,300,5
reacher,87,prefix_a,Predictor-Learned,1,0,300,4
reacher,87,prefix_a,Simulator-Final,1,0,300,2
reacher,87,prefix_a,Simulator-Observed,1,0,300,3
reacher,87,prefix_a,Simulator-Learned,1,1,180,7
reacher,87,prefix_a,Displacement-Observed,1,0,300,0
reacher,87,prefix_b,Direct,1,1,108,0
reacher,87,prefix_b,Predictor-Final,1,1,150,7
reacher,87,prefix_b,Predictor-Observed,1,1,102,5
reacher,87,prefix_b,Predictor-Learned,1,1,150,7
reacher,87,prefix_b,Simulator-Final,1,1,150,7
reacher,87,prefix_b,Simulator-Observed,1,1,102,5
reacher,87,prefix_b,Simulator-Learned,1,1,150,7
reacher,87,prefix_b,Displacement-Observed,1,1,150,7
reacher,88,clean,Direct,1,1,150,0
reacher,88,clean,Predictor-Final,1,1,152,6
reacher,88,clean,Predictor-Observed,1,1,152,6
reacher,88,clean,Predictor-Learned,1,1,149,3
reacher,88,clean,Simulator-Final,1,1,160,7
reacher,88,clean,Simulator-Observed,1,1,152,6
reacher,88,clean,Simulator-Learned,1,1,149,3
reacher,88,clean,Displacement-Observed,1,1,150,0
reacher,88,prefix_a,Direct,1,1,160,0
reacher,88,prefix_a,Predictor-Final,1,1,178,3
reacher,88,prefix_a,Predictor-Observed,1,1,160,0
reacher,88,prefix_a,Predictor-Learned,1,1,149,2
reacher,88,prefix_a,Simulator-Final,1,1,178,3
reacher,88,prefix_a,Simulator-Observed,1,1,124,5
reacher,88,prefix_a,Simulator-Learned,1,0,300,7
reacher,88,prefix_a,Displacement-Observed,1,1,160,0
reacher,88,prefix_b,Direct,1,0,300,0
reacher,88,prefix_b,Predictor-Final,1,0,300,2
reacher,88,prefix_b,Predictor-Observed,1,0,300,2
reacher,88,prefix_b,Predictor-Learned,1,0,300,2
reacher,88,prefix_b,Simulator-Final,1,1,182,1
reacher,88,prefix_b,Simulator-Observed,1,0,300,0
reacher,88,prefix_b,Simulator-Learned,1,0,300,2
reacher,88,prefix_b,Displacement-Observed,1,0,300,0
reacher,89,clean,Direct,1,1,168,0
reacher,89,clean,Predictor-Final,1,1,145,4
reacher,89,clean,Predictor-Observed,1,1,145,4
reacher,89,clean,Predictor-Learned,1,1,148,1
reacher,89,clean,Simulator-Final,1,1,145,4
reacher,89,clean,Simulator-Observed,1,1,145,4
reacher,89,clean,Simulator-Learned,1,1,165,7
reacher,89,clean,Displacement-Observed,1,1,168,0
reacher,89,prefix_a,Direct,1,1,10,0
reacher,89,prefix_a,Predictor-Final,1,1,10,0
reacher,89,prefix_a,Predictor-Observed,1,1,17,2
reacher,89,prefix_a,Predictor-Learned,1,1,17,2
reacher,89,prefix_a,Simulator-Final,1,1,10,0
reacher,89,prefix_a,Simulator-Observed,1,1,190,3
reacher,89,prefix_a,Simulator-Learned,1,1,190,3
reacher,89,prefix_a,Displacement-Observed,1,1,17,2
reacher,89,prefix_b,Direct,1,1,154,0
reacher,89,prefix_b,Predictor-Final,1,1,166,1
reacher,89,prefix_b,Predictor-Observed,1,1,154,0
reacher,89,prefix_b,Predictor-Learned,1,1,169,6
reacher,89,prefix_b,Simulator-Final,1,1,166,1
reacher,89,prefix_b,Simulator-Observed,1,1,154,0
reacher,89,prefix_b,Simulator-Learned,1,1,147,5
reacher,89,prefix_b,Displacement-Observed,1,1,154,0
reacher,90,clean,Direct,1,1,150,0
reacher,90,clean,Predictor-Final,1,1,157,6
reacher,90,clean,Predictor-Observed,1,1,150,0
reacher,90,clean,Predictor-Learned,1,1,157,7
reacher,90,clean,Simulator-Final,1,1,149,2
reacher,90,clean,Simulator-Observed,1,1,150,0
reacher,90,clean,Simulator-Learned,1,1,157,7
reacher,90,clean,Displacement-Observed,1,1,150,0
reacher,90,prefix_a,Direct,1,1,174,0
reacher,90,prefix_a,Predictor-Final,1,1,153,3
reacher,90,prefix_a,Predictor-Observed,1,1,174,0
reacher,90,prefix_a,Predictor-Learned,1,1,36,7
reacher,90,prefix_a,Simulator-Final,1,1,153,3
reacher,90,prefix_a,Simulator-Observed,1,1,174,0
reacher,90,prefix_a,Simulator-Learned,1,1,36,7
reacher,90,prefix_a,Displacement-Observed,1,1,174,0
reacher,90,prefix_b,Direct,1,1,52,0
reacher,90,prefix_b,Predictor-Final,1,1,92,4
reacher,90,prefix_b,Predictor-Observed,1,1,52,0
reacher,90,prefix_b,Predictor-Learned,1,1,151,7
reacher,90,prefix_b,Simulator-Final,1,1,92,4
reacher,90,prefix_b,Simulator-Observed,1,1,117,6
reacher,90,prefix_b,Simulator-Learned,1,1,151,7
reacher,90,prefix_b,Displacement-Observed,1,1,52,0
reacher,91,clean,Direct,1,1,168,0
reacher,91,clean,Predictor-Final,1,1,168,0
reacher,91,clean,Predictor-Observed,1,1,100,7
reacher,91,clean,Predictor-Learned,1,1,168,0
reacher,91,clean,Simulator-Final,1,1,168,0
reacher,91,clean,Simulator-Observed,1,1,100,7
reacher,91,clean,Simulator-Learned,1,1,100,7
reacher,91,clean,Displacement-Observed,1,1,100,7
reacher,91,prefix_a,Direct,1,1,112,0
reacher,91,prefix_a,Predictor-Final,1,1,147,1
reacher,91,prefix_a,Predictor-Observed,1,1,151,6
reacher,91,prefix_a,Predictor-Learned,1,1,149,4
reacher,91,prefix_a,Simulator-Final,1,1,147,1
reacher,91,prefix_a,Simulator-Observed,1,1,151,6
reacher,91,prefix_a,Simulator-Learned,1,1,149,4
reacher,91,prefix_a,Displacement-Observed,1,1,153,3
reacher,91,prefix_b,Direct,1,1,165,0
reacher,91,prefix_b,Predictor-Final,1,1,140,2
reacher,91,prefix_b,Predictor-Observed,1,1,155,1
reacher,91,prefix_b,Predictor-Learned,1,1,123,3
reacher,91,prefix_b,Simulator-Final,1,1,158,5
reacher,91,prefix_b,Simulator-Observed,1,1,155,1
reacher,91,prefix_b,Simulator-Learned,1,1,123,3
reacher,91,prefix_b,Displacement-Observed,1,1,155,1
reacher,92,clean,Direct,1,1,96,0
reacher,92,clean,Predictor-Final,1,1,145,3
reacher,92,clean,Predictor-Observed,1,1,96,0
reacher,92,clean,Predictor-Learned,1,1,158,5
reacher,92,clean,Simulator-Final,1,1,145,3
reacher,92,clean,Simulator-Observed,1,1,96,0
reacher,92,clean,Simulator-Learned,1,1,158,5
reacher,92,clean,Displacement-Observed,1,1,96,0
reacher,92,prefix_a,Direct,1,1,141,0
reacher,92,prefix_a,Predictor-Final,1,1,150,1
reacher,92,prefix_a,Predictor-Observed,1,1,156,5
reacher,92,prefix_a,Predictor-Learned,1,1,162,7
reacher,92,prefix_a,Simulator-Final,1,1,141,0
reacher,92,prefix_a,Simulator-Observed,1,1,141,0
reacher,92,prefix_a,Simulator-Learned,1,1,141,0
reacher,92,prefix_a,Displacement-Observed,1,1,141,0
reacher,92,prefix_b,Direct,1,1,142,0
reacher,92,prefix_b,Predictor-Final,1,1,157,7
reacher,92,prefix_b,Predictor-Observed,1,1,142,0
reacher,92,prefix_b,Predictor-Learned,1,1,158,2
reacher,92,prefix_b,Simulator-Final,1,1,157,7
reacher,92,prefix_b,Simulator-Observed,1,1,142,0
reacher,92,prefix_b,Simulator-Learned,1,1,167,5
reacher,92,prefix_b,Displacement-Observed,1,1,142,0
reacher,93,clean,Direct,1,1,176,0
reacher,93,clean,Predictor-Final,1,1,12,1
reacher,93,clean,Predictor-Observed,1,1,176,0
reacher,93,clean,Predictor-Learned,1,1,152,2
reacher,93,clean,Simulator-Final,1,1,146,6
reacher,93,clean,Simulator-Observed,1,1,160,5
reacher,93,clean,Simulator-Learned,1,1,160,5
reacher,93,clean,Displacement-Observed,1,1,176,0
reacher,93,prefix_a,Direct,1,1,154,0
reacher,93,prefix_a,Predictor-Final,1,1,12,5
reacher,93,prefix_a,Predictor-Observed,1,1,165,2
reacher,93,prefix_a,Predictor-Learned,1,1,191,7
reacher,93,prefix_a,Simulator-Final,1,1,12,5
reacher,93,prefix_a,Simulator-Observed,1,1,165,2
reacher,93,prefix_a,Simulator-Learned,1,1,191,7
reacher,93,prefix_a,Displacement-Observed,1,1,154,0
reacher,93,prefix_b,Direct,0,1,0,
reacher,93,prefix_b,Predictor-Final,0,1,0,
reacher,93,prefix_b,Predictor-Observed,0,1,0,
reacher,93,prefix_b,Predictor-Learned,0,1,0,
reacher,93,prefix_b,Simulator-Final,0,1,0,
reacher,93,prefix_b,Simulator-Observed,0,1,0,
reacher,93,prefix_b,Simulator-Learned,0,1,0,
reacher,93,prefix_b,Displacement-Observed,0,1,0,
reacher,94,clean,Direct,1,1,158,0
reacher,94,clean,Predictor-Final,1,1,26,6
reacher,94,clean,Predictor-Observed,1,1,149,4
reacher,94,clean,Predictor-Learned,1,1,149,4
reacher,94,clean,Simulator-Final,1,1,26,6
reacher,94,clean,Simulator-Observed,1,1,158,0
reacher,94,clean,Simulator-Learned,1,1,26,6
reacher,94,clean,Displacement-Observed,1,1,158,0
reacher,94,prefix_a,Direct,1,1,153,0
reacher,94,prefix_a,Predictor-Final,1,1,154,6
reacher,94,prefix_a,Predictor-Observed,1,1,153,0
reacher,94,prefix_a,Predictor-Learned,1,1,153,0
reacher,94,prefix_a,Simulator-Final,1,1,154,6
reacher,94,prefix_a,Simulator-Observed,1,1,153,0
reacher,94,prefix_a,Simulator-Learned,1,1,155,7
reacher,94,prefix_a,Displacement-Observed,1,1,153,0
reacher,94,prefix_b,Direct,1,1,147,0
reacher,94,prefix_b,Predictor-Final,1,1,152,5
reacher,94,prefix_b,Predictor-Observed,1,1,147,0
reacher,94,prefix_b,Predictor-Learned,1,1,135,2
reacher,94,prefix_b,Simulator-Final,1,1,152,5
reacher,94,prefix_b,Simulator-Observed,1,1,147,0
reacher,94,prefix_b,Simulator-Learned,1,1,135,2
reacher,94,prefix_b,Displacement-Observed,1,1,147,0
reacher,95,clean,Direct,1,1,102,0
reacher,95,clean,Predictor-Final,1,1,140,5
reacher,95,clean,Predictor-Observed,1,1,102,0
reacher,95,clean,Predictor-Learned,1,1,188,2
reacher,95,clean,Simulator-Final,1,1,206,6
reacher,95,clean,Simulator-Observed,1,1,102,0
reacher,95,clean,Simulator-Learned,1,1,188,2
reacher,95,clean,Displacement-Observed,1,1,102,0
reacher,95,prefix_a,Direct,1,1,150,0
reacher,95,prefix_a,Predictor-Final,1,1,63,6
reacher,95,prefix_a,Predictor-Observed,1,1,123,5
reacher,95,prefix_a,Predictor-Learned,1,1,150,0
reacher,95,prefix_a,Simulator-Final,1,1,63,6
reacher,95,prefix_a,Simulator-Observed,1,1,123,5
reacher,95,prefix_a,Simulator-Learned,1,1,150,0
reacher,95,prefix_a,Displacement-Observed,1,1,123,5
reacher,95,prefix_b,Direct,1,1,147,0
reacher,95,prefix_b,Predictor-Final,1,1,139,5
reacher,95,prefix_b,Predictor-Observed,1,1,161,6
reacher,95,prefix_b,Predictor-Learned,1,1,139,5
reacher,95,prefix_b,Simulator-Final,1,1,58,1
reacher,95,prefix_b,Simulator-Observed,1,1,161,6
reacher,95,prefix_b,Simulator-Learned,1,1,58,1
reacher,95,prefix_b,Displacement-Observed,1,1,147,0
reacher,96,clean,Direct,1,1,202,0
reacher,96,clean,Predictor-Final,1,1,163,1
reacher,96,clean,Predictor-Observed,1,1,202,0
reacher,96,clean,Predictor-Learned,1,1,149,3
reacher,96,clean,Simulator-Final,1,1,163,1
reacher,96,clean,Simulator-Observed,1,1,202,0
reacher,96,clean,Simulator-Learned,1,1,137,2
reacher,96,clean,Displacement-Observed,1,1,202,0
reacher,96,prefix_a,Direct,1,1,145,0
reacher,96,prefix_a,Predictor-Final,1,1,41,3
reacher,96,prefix_a,Predictor-Observed,1,1,41,3
reacher,96,prefix_a,Predictor-Learned,1,1,117,4
reacher,96,prefix_a,Simulator-Final,1,1,142,5
reacher,96,prefix_a,Simulator-Observed,1,1,145,0
reacher,96,prefix_a,Simulator-Learned,1,1,145,0
reacher,96,prefix_a,Displacement-Observed,1,1,117,4
reacher,96,prefix_b,Direct,1,1,177,0
reacher,96,prefix_b,Predictor-Final,1,1,177,0
reacher,96,prefix_b,Predictor-Observed,1,1,177,1
reacher,96,prefix_b,Predictor-Learned,1,1,166,6
reacher,96,prefix_b,Simulator-Final,1,1,177,0
reacher,96,prefix_b,Simulator-Observed,1,1,177,1
reacher,96,prefix_b,Simulator-Learned,1,1,169,2
reacher,96,prefix_b,Displacement-Observed,1,1,177,0
reacher,97,clean,Direct,1,1,150,0
reacher,97,clean,Predictor-Final,1,1,146,2
reacher,97,clean,Predictor-Observed,1,1,150,0
reacher,97,clean,Predictor-Learned,1,1,149,4
reacher,97,clean,Simulator-Final,1,1,153,7
reacher,97,clean,Simulator-Observed,1,1,149,4
reacher,97,clean,Simulator-Learned,1,1,149,4
reacher,97,clean,Displacement-Observed,1,1,150,0
reacher,97,prefix_a,Direct,1,1,129,0
reacher,97,prefix_a,Predictor-Final,1,1,169,6
reacher,97,prefix_a,Predictor-Observed,1,1,129,0
reacher,97,prefix_a,Predictor-Learned,1,1,151,4
reacher,97,prefix_a,Simulator-Final,1,1,155,2
reacher,97,prefix_a,Simulator-Observed,1,1,129,0
reacher,97,prefix_a,Simulator-Learned,1,1,146,5
reacher,97,prefix_a,Displacement-Observed,1,1,129,0
reacher,97,prefix_b,Direct,1,1,190,0
reacher,97,prefix_b,Predictor-Final,1,1,121,4
reacher,97,prefix_b,Predictor-Observed,1,1,145,1
reacher,97,prefix_b,Predictor-Learned,1,1,145,1
reacher,97,prefix_b,Simulator-Final,1,1,179,2
reacher,97,prefix_b,Simulator-Observed,1,1,145,1
reacher,97,prefix_b,Simulator-Learned,1,1,145,1
reacher,97,prefix_b,Displacement-Observed,1,1,145,1
reacher,98,clean,Direct,1,1,153,0
reacher,98,clean,Predictor-Final,1,0,300,7
reacher,98,clean,Predictor-Observed,1,1,153,0
reacher,98,clean,Predictor-Learned,1,1,162,5
reacher,98,clean,Simulator-Final,1,1,214,6
reacher,98,clean,Simulator-Observed,1,1,53,1
reacher,98,clean,Simulator-Learned,1,1,186,2
reacher,98,clean,Displacement-Observed,1,1,53,1
reacher,98,prefix_a,Direct,1,1,156,0
reacher,98,prefix_a,Predictor-Final,1,1,156,0
reacher,98,prefix_a,Predictor-Observed,1,1,177,5
reacher,98,prefix_a,Predictor-Learned,1,1,196,3
reacher,98,prefix_a,Simulator-Final,1,1,177,5
reacher,98,prefix_a,Simulator-Observed,1,1,177,5
reacher,98,prefix_a,Simulator-Learned,1,1,195,6
reacher,98,prefix_a,Displacement-Observed,1,1,156,0
reacher,98,prefix_b,Direct,1,1,156,0
reacher,98,prefix_b,Predictor-Final,1,1,216,4
reacher,98,prefix_b,Predictor-Observed,1,1,156,0
reacher,98,prefix_b,Predictor-Learned,1,1,150,2
reacher,98,prefix_b,Simulator-Final,1,1,119,7
reacher,98,prefix_b,Simulator-Observed,1,1,156,0
reacher,98,prefix_b,Simulator-Learned,1,1,216,4
reacher,98,prefix_b,Displacement-Observed,1,1,156,1
reacher,99,clean,Direct,1,1,163,0
reacher,99,clean,Predictor-Final,1,1,149,5
reacher,99,clean,Predictor-Observed,1,1,149,5
reacher,99,clean,Predictor-Learned,1,1,149,4
reacher,99,clean,Simulator-Final,1,0,300,3
reacher,99,clean,Simulator-Observed,1,1,149,5
reacher,99,clean,Simulator-Learned,1,1,149,5
reacher,99,clean,Displacement-Observed,1,1,149,5
reacher,99,prefix_a,Direct,1,0,300,0
reacher,99,prefix_a,Predictor-Final,1,1,150,2
reacher,99,prefix_a,Predictor-Observed,1,0,300,0
reacher,99,prefix_a,Predictor-Learned,1,1,149,5
reacher,99,prefix_a,Simulator-Final,1,1,150,2
reacher,99,prefix_a,Simulator-Observed,1,0,300,0
reacher,99,prefix_a,Simulator-Learned,1,1,150,2
reacher,99,prefix_a,Displacement-Observed,1,0,300,0
reacher,99,prefix_b,Direct,1,1,151,0
reacher,99,prefix_b,Predictor-Final,1,1,146,4
reacher,99,prefix_b,Predictor-Observed,1,1,214,3
reacher,99,prefix_b,Predictor-Learned,1,1,140,7
reacher,99,prefix_b,Simulator-Final,1,1,146,4
reacher,99,prefix_b,Simulator-Observed,1,1,214,3
reacher,99,prefix_b,Simulator-Learned,1,1,140,7
reacher,99,prefix_b,Displacement-Observed,1,0,300,1
reacher,100,clean,Direct,1,1,148,0
reacher,100,clean,Predictor-Final,1,1,162,5
reacher,100,clean,Predictor-Observed,1,1,148,0
reacher,100,clean,Predictor-Learned,1,1,149,7
reacher,100,clean,Simulator-Final,1,1,146,3
reacher,100,clean,Simulator-Observed,1,1,148,0
reacher,100,clean,Simulator-Learned,1,1,149,7
reacher,100,clean,Displacement-Observed,1,1,148,0
reacher,100,prefix_a,Direct,1,1,156,0
reacher,100,prefix_a,Predictor-Final,1,1,160,2
reacher,100,prefix_a,Predictor-Observed,1,1,160,2
reacher,100,prefix_a,Predictor-Learned,1,1,160,2
reacher,100,prefix_a,Simulator-Final,1,1,151,4
reacher,100,prefix_a,Simulator-Observed,1,1,160,2
reacher,100,prefix_a,Simulator-Learned,1,1,151,4
reacher,100,prefix_a,Displacement-Observed,1,1,160,2
reacher,100,prefix_b,Direct,1,1,152,0
reacher,100,prefix_b,Predictor-Final,1,1,123,1
reacher,100,prefix_b,Predictor-Observed,1,1,152,0
reacher,100,prefix_b,Predictor-Learned,1,1,149,7
reacher,100,prefix_b,Simulator-Final,1,1,130,3
reacher,100,prefix_b,Simulator-Observed,1,1,168,2
reacher,100,prefix_b,Simulator-Learned,1,1,136,5
reacher,100,prefix_b,Displacement-Observed,1,1,152,0
reacher,101,clean,Direct,1,1,73,0
reacher,101,clean,Predictor-Final,1,1,124,4
reacher,101,clean,Predictor-Observed,1,1,162,2
reacher,101,clean,Predictor-Learned,1,1,73,7
reacher,101,clean,Simulator-Final,1,1,124,4
reacher,101,clean,Simulator-Observed,1,1,162,2
reacher,101,clean,Simulator-Learned,1,1,141,6
reacher,101,clean,Displacement-Observed,1,1,73,0
reacher,101,prefix_a,Direct,1,1,182,0
reacher,101,prefix_a,Predictor-Final,1,1,157,3
reacher,101,prefix_a,Predictor-Observed,1,1,182,0
reacher,101,prefix_a,Predictor-Learned,1,1,144,4
reacher,101,prefix_a,Simulator-Final,1,1,157,3
reacher,101,prefix_a,Simulator-Observed,1,1,144,4
reacher,101,prefix_a,Simulator-Learned,1,1,151,6
reacher,101,prefix_a,Displacement-Observed,1,1,157,3
reacher,101,prefix_b,Direct,1,1,148,0
reacher,101,prefix_b,Predictor-Final,1,1,239,4
reacher,101,prefix_b,Predictor-Observed,1,1,164,2
reacher,101,prefix_b,Predictor-Learned,1,1,154,6
reacher,101,prefix_b,Simulator-Final,1,1,239,4
reacher,101,prefix_b,Simulator-Observed,1,1,148,0
reacher,101,prefix_b,Simulator-Learned,1,1,154,6
reacher,101,prefix_b,Displacement-Observed,1,1,148,0
reacher,102,clean,Direct,1,1,246,0
reacher,102,clean,Predictor-Final,1,1,146,6
reacher,102,clean,Predictor-Observed,1,0,300,1
reacher,102,clean,Predictor-Learned,1,1,146,6
reacher,102,clean,Simulator-Final,1,1,246,0
reacher,102,clean,Simulator-Observed,1,1,146,6
reacher,102,clean,Simulator-Learned,1,1,146,6
reacher,102,clean,Displacement-Observed,1,1,146,6
reacher,102,prefix_a,Direct,1,1,293,0
reacher,102,prefix_a,Predictor-Final,1,1,158,3
reacher,102,prefix_a,Predictor-Observed,1,1,189,5
reacher,102,prefix_a,Predictor-Learned,1,1,189,5
reacher,102,prefix_a,Simulator-Final,1,1,158,3
reacher,102,prefix_a,Simulator-Observed,1,1,189,5
reacher,102,prefix_a,Simulator-Learned,1,1,293,0
reacher,102,prefix_a,Displacement-Observed,1,1,293,0
reacher,102,prefix_b,Direct,1,1,204,0
reacher,102,prefix_b,Predictor-Final,1,1,146,1
reacher,102,prefix_b,Predictor-Observed,1,0,300,4
reacher,102,prefix_b,Predictor-Learned,1,1,233,7
reacher,102,prefix_b,Simulator-Final,1,1,146,1
reacher,102,prefix_b,Simulator-Observed,1,0,300,6
reacher,102,prefix_b,Simulator-Learned,1,1,233,7
reacher,102,prefix_b,Displacement-Observed,1,0,300,4
reacher,103,clean,Direct,1,1,192,0
reacher,103,clean,Predictor-Final,1,0,300,6
reacher,103,clean,Predictor-Observed,1,0,300,6
reacher,103,clean,Predictor-Learned,1,1,148,5
reacher,103,clean,Simulator-Final,1,1,138,2
reacher,103,clean,Simulator-Observed,1,0,300,6
reacher,103,clean,Simulator-Learned,1,1,147,7
reacher,103,clean,Displacement-Observed,1,1,294,1
reacher,103,prefix_a,Direct,1,1,256,0
reacher,103,prefix_a,Predictor-Final,1,1,147,1
reacher,103,prefix_a,Predictor-Observed,1,1,254,3
reacher,103,prefix_a,Predictor-Learned,1,1,248,6
reacher,103,prefix_a,Simulator-Final,1,1,147,1
reacher,103,prefix_a,Simulator-Observed,1,1,254,3
reacher,103,prefix_a,Simulator-Learned,1,1,145,5
reacher,103,prefix_a,Displacement-Observed,1,1,254,3
reacher,103,prefix_b,Direct,1,1,150,0
reacher,103,prefix_b,Predictor-Final,1,0,300,2
reacher,103,prefix_b,Predictor-Observed,1,0,300,2
reacher,103,prefix_b,Predictor-Learned,1,1,101,7
reacher,103,prefix_b,Simulator-Final,1,0,300,1
reacher,103,prefix_b,Simulator-Observed,1,0,300,2
reacher,103,prefix_b,Simulator-Learned,1,1,192,5
reacher,103,prefix_b,Displacement-Observed,1,1,150,0
reacher,104,clean,Direct,1,1,149,0
reacher,104,clean,Predictor-Final,1,1,170,2
reacher,104,clean,Predictor-Observed,1,1,170,2
reacher,104,clean,Predictor-Learned,1,1,159,5
reacher,104,clean,Simulator-Final,1,1,170,2
reacher,104,clean,Simulator-Observed,1,1,170,2
reacher,104,clean,Simulator-Learned,1,1,159,5
reacher,104,clean,Displacement-Observed,1,1,149,0
reacher,104,prefix_a,Direct,1,1,150,0
reacher,104,prefix_a,Predictor-Final,1,1,150,2
reacher,104,prefix_a,Predictor-Observed,1,1,151,1
reacher,104,prefix_a,Predictor-Learned,1,1,176,6
reacher,104,prefix_a,Simulator-Final,1,1,151,1
reacher,104,prefix_a,Simulator-Observed,1,1,152,3
reacher,104,prefix_a,Simulator-Learned,1,1,152,3
reacher,104,prefix_a,Displacement-Observed,1,1,150,0
reacher,104,prefix_b,Direct,1,1,72,0
reacher,104,prefix_b,Predictor-Final,1,1,168,1
reacher,104,prefix_b,Predictor-Observed,1,1,126,2
reacher,104,prefix_b,Predictor-Learned,1,1,154,4
reacher,104,prefix_b,Simulator-Final,1,1,168,1
reacher,104,prefix_b,Simulator-Observed,1,1,114,3
reacher,104,prefix_b,Simulator-Learned,1,1,126,2
reacher,104,prefix_b,Displacement-Observed,1,1,126,2
reacher,105,clean,Direct,1,1,144,0
reacher,105,clean,Predictor-Final,1,1,115,6
reacher,105,clean,Predictor-Observed,1,1,157,4
reacher,105,clean,Predictor-Learned,1,1,145,5
reacher,105,clean,Simulator-Final,1,1,115,6
reacher,105,clean,Simulator-Observed,1,1,144,0
reacher,105,clean,Simulator-Learned,1,1,145,5
reacher,105,clean,Displacement-Observed,1,1,144,0
reacher,105,prefix_a,Direct,1,1,152,0
reacher,105,prefix_a,Predictor-Final,1,1,161,7
reacher,105,prefix_a,Predictor-Observed,1,1,114,1
reacher,105,prefix_a,Predictor-Learned,1,1,157,6
reacher,105,prefix_a,Simulator-Final,1,1,161,7
reacher,105,prefix_a,Simulator-Observed,1,1,114,1
reacher,105,prefix_a,Simulator-Learned,1,1,157,6
reacher,105,prefix_a,Displacement-Observed,1,1,152,0
reacher,105,prefix_b,Direct,1,1,166,0
reacher,105,prefix_b,Predictor-Final,1,1,168,7
reacher,105,prefix_b,Predictor-Observed,1,1,152,4
reacher,105,prefix_b,Predictor-Learned,1,1,151,2
reacher,105,prefix_b,Simulator-Final,1,1,168,7
reacher,105,prefix_b,Simulator-Observed,1,1,109,3
reacher,105,prefix_b,Simulator-Learned,1,1,168,7
reacher,105,prefix_b,Displacement-Observed,1,1,166,0
reacher,106,clean,Direct,1,1,143,0
reacher,106,clean,Predictor-Final,1,1,139,5
reacher,106,clean,Predictor-Observed,1,1,143,0
reacher,106,clean,Predictor-Learned,1,1,56,7
reacher,106,clean,Simulator-Final,1,1,139,5
reacher,106,clean,Simulator-Observed,1,1,143,0
reacher,106,clean,Simulator-Learned,1,1,28,1
reacher,106,clean,Displacement-Observed,1,1,143,0
reacher,106,prefix_a,Direct,1,1,85,0
reacher,106,prefix_a,Predictor-Final,1,1,150,1
reacher,106,prefix_a,Predictor-Observed,1,1,85,0
reacher,106,prefix_a,Predictor-Learned,1,1,154,7
reacher,106,prefix_a,Simulator-Final,1,1,150,1
reacher,106,prefix_a,Simulator-Observed,1,1,85,0
reacher,106,prefix_a,Simulator-Learned,1,1,155,6
reacher,106,prefix_a,Displacement-Observed,1,1,85,0
reacher,106,prefix_b,Direct,1,1,150,0
reacher,106,prefix_b,Predictor-Final,1,1,169,7
reacher,106,prefix_b,Predictor-Observed,1,1,150,0
reacher,106,prefix_b,Predictor-Learned,1,1,169,7
reacher,106,prefix_b,Simulator-Final,1,1,169,7
reacher,106,prefix_b,Simulator-Observed,1,1,150,0
reacher,106,prefix_b,Simulator-Learned,1,1,169,7
reacher,106,prefix_b,Displacement-Observed,1,1,150,0
reacher,107,clean,Direct,1,1,108,0
reacher,107,clean,Predictor-Final,1,1,108,0
reacher,107,clean,Predictor-Observed,1,1,108,0
reacher,107,clean,Predictor-Learned,1,1,145,7
reacher,107,clean,Simulator-Final,1,1,145,7
reacher,107,clean,Simulator-Observed,1,1,108,0
reacher,107,clean,Simulator-Learned,1,1,180,5
reacher,107,clean,Displacement-Observed,1,1,108,0
reacher,107,prefix_a,Direct,1,1,160,0
reacher,107,prefix_a,Predictor-Final,1,1,168,4
reacher,107,prefix_a,Predictor-Observed,1,1,160,0
reacher,107,prefix_a,Predictor-Learned,1,1,150,7
reacher,107,prefix_a,Simulator-Final,1,1,168,4
reacher,107,prefix_a,Simulator-Observed,1,1,160,0
reacher,107,prefix_a,Simulator-Learned,1,1,150,7
reacher,107,prefix_a,Displacement-Observed,1,1,150,7
reacher,107,prefix_b,Direct,1,1,138,0
reacher,107,prefix_b,Predictor-Final,1,1,165,6
reacher,107,prefix_b,Predictor-Observed,1,1,171,3
reacher,107,prefix_b,Predictor-Learned,1,1,151,5
reacher,107,prefix_b,Simulator-Final,1,1,165,6
reacher,107,prefix_b,Simulator-Observed,1,1,171,3
reacher,107,prefix_b,Simulator-Learned,1,1,151,5
reacher,107,prefix_b,Displacement-Observed,1,1,171,3
reacher,108,clean,Direct,1,1,164,0
reacher,108,clean,Predictor-Final,1,1,154,5
reacher,108,clean,Predictor-Observed,1,1,154,2
reacher,108,clean,Predictor-Learned,1,1,153,6
reacher,108,clean,Simulator-Final,1,1,153,6
reacher,108,clean,Simulator-Observed,1,1,154,2
reacher,108,clean,Simulator-Learned,1,1,153,6
reacher,108,clean,Displacement-Observed,1,1,164,0
reacher,108,prefix_a,Direct,1,1,167,0
reacher,108,prefix_a,Predictor-Final,1,1,106,4
reacher,108,prefix_a,Predictor-Observed,1,1,167,0
reacher,108,prefix_a,Predictor-Learned,1,1,148,7
reacher,108,prefix_a,Simulator-Final,1,1,52,6
reacher,108,prefix_a,Simulator-Observed,1,1,167,0
reacher,108,prefix_a,Simulator-Learned,1,1,148,7
reacher,108,prefix_a,Displacement-Observed,1,1,167,0
reacher,108,prefix_b,Direct,1,1,174,0
reacher,108,prefix_b,Predictor-Final,1,1,179,5
reacher,108,prefix_b,Predictor-Observed,1,1,174,0
reacher,108,prefix_b,Predictor-Learned,1,1,80,4
reacher,108,prefix_b,Simulator-Final,1,1,150,6
reacher,108,prefix_b,Simulator-Observed,1,1,174,0
reacher,108,prefix_b,Simulator-Learned,1,1,145,2
reacher,108,prefix_b,Displacement-Observed,1,1,174,0
reacher,109,clean,Direct,1,1,159,0
reacher,109,clean,Predictor-Final,1,1,11,7
reacher,109,clean,Predictor-Observed,1,1,159,0
reacher,109,clean,Predictor-Learned,1,1,151,1
reacher,109,clean,Simulator-Final,1,1,11,7
reacher,109,clean,Simulator-Observed,1,1,164,5
reacher,109,clean,Simulator-Learned,1,1,159,0
reacher,109,clean,Displacement-Observed,1,1,159,0
reacher,109,prefix_a,Direct,1,1,175,0
reacher,109,prefix_a,Predictor-Final,1,1,156,2
reacher,109,prefix_a,Predictor-Observed,1,1,175,0
reacher,109,prefix_a,Predictor-Learned,1,1,143,3
reacher,109,prefix_a,Simulator-Final,1,1,156,2
reacher,109,prefix_a,Simulator-Observed,1,1,175,0
reacher,109,prefix_a,Simulator-Learned,1,1,143,3
reacher,109,prefix_a,Displacement-Observed,1,1,175,0
reacher,109,prefix_b,Direct,1,1,132,0
reacher,109,prefix_b,Predictor-Final,1,1,132,0
reacher,109,prefix_b,Predictor-Observed,1,1,150,1
reacher,109,prefix_b,Predictor-Learned,1,1,148,5
reacher,109,prefix_b,Simulator-Final,1,1,132,0
reacher,109,prefix_b,Simulator-Observed,1,1,150,1
reacher,109,prefix_b,Simulator-Learned,1,1,148,5
reacher,109,prefix_b,Displacement-Observed,1,1,152,3
reacher,110,clean,Direct,1,1,165,0
reacher,110,clean,Predictor-Final,1,1,167,4
reacher,110,clean,Predictor-Observed,1,1,165,0
reacher,110,clean,Predictor-Learned,1,1,156,3
reacher,110,clean,Simulator-Final,1,1,167,4
reacher,110,clean,Simulator-Observed,1,1,156,3
reacher,110,clean,Simulator-Learned,1,1,156,3
reacher,110,clean,Displacement-Observed,1,1,165,0
reacher,110,prefix_a,Direct,1,1,141,0
reacher,110,prefix_a,Predictor-Final,1,1,131,2
reacher,110,prefix_a,Predictor-Observed,1,1,131,2
reacher,110,prefix_a,Predictor-Learned,1,1,142,1
reacher,110,prefix_a,Simulator-Final,1,1,131,2
reacher,110,prefix_a,Simulator-Observed,1,1,131,2
reacher,110,prefix_a,Simulator-Learned,1,1,142,1
reacher,110,prefix_a,Displacement-Observed,1,1,131,2
reacher,110,prefix_b,Direct,1,1,151,0
reacher,110,prefix_b,Predictor-Final,1,1,171,6
reacher,110,prefix_b,Predictor-Observed,1,1,151,0
reacher,110,prefix_b,Predictor-Learned,1,1,166,1
reacher,110,prefix_b,Simulator-Final,1,1,151,0
reacher,110,prefix_b,Simulator-Observed,1,1,166,1
reacher,110,prefix_b,Simulator-Learned,1,1,164,7
reacher,110,prefix_b,Displacement-Observed,1,1,151,0
reacher,111,clean,Direct,1,1,167,0
reacher,111,clean,Predictor-Final,1,1,142,7
reacher,111,clean,Predictor-Observed,1,1,156,4
reacher,111,clean,Predictor-Learned,1,1,105,1
reacher,111,clean,Simulator-Final,1,1,142,7
reacher,111,clean,Simulator-Observed,1,1,156,4
reacher,111,clean,Simulator-Learned,1,1,96,2
reacher,111,clean,Displacement-Observed,1,1,167,0
reacher,111,prefix_a,Direct,1,1,213,0
reacher,111,prefix_a,Predictor-Final,1,1,23,3
reacher,111,prefix_a,Predictor-Observed,1,1,179,4
reacher,111,prefix_a,Predictor-Learned,1,1,188,7
reacher,111,prefix_a,Simulator-Final,1,1,23,3
reacher,111,prefix_a,Simulator-Observed,1,1,213,0
reacher,111,prefix_a,Simulator-Learned,1,1,188,7
reacher,111,prefix_a,Displacement-Observed,1,1,179,4
reacher,111,prefix_b,Direct,1,1,144,0
reacher,111,prefix_b,Predictor-Final,1,1,167,1
reacher,111,prefix_b,Predictor-Observed,1,1,125,7
reacher,111,prefix_b,Predictor-Learned,1,1,125,7
reacher,111,prefix_b,Simulator-Final,1,1,141,3
reacher,111,prefix_b,Simulator-Observed,1,1,167,1
reacher,111,prefix_b,Simulator-Learned,1,1,167,1
reacher,111,prefix_b,Displacement-Observed,1,1,144,0
reacher,112,clean,Direct,1,1,118,0
reacher,112,clean,Predictor-Final,1,1,59,2
reacher,112,clean,Predictor-Observed,1,1,188,5
reacher,112,clean,Predictor-Learned,1,1,118,0
reacher,112,clean,Simulator-Final,1,1,59,2
reacher,112,clean,Simulator-Observed,1,1,188,5
reacher,112,clean,Simulator-Learned,1,1,118,0
reacher,112,clean,Displacement-Observed,1,1,118,0
reacher,112,prefix_a,Direct,1,1,149,0
reacher,112,prefix_a,Predictor-Final,1,1,239,2
reacher,112,prefix_a,Predictor-Observed,1,1,162,6
reacher,112,prefix_a,Predictor-Learned,1,1,149,0
reacher,112,prefix_a,Simulator-Final,1,1,239,2
reacher,112,prefix_a,Simulator-Observed,1,1,162,6
reacher,112,prefix_a,Simulator-Learned,1,1,239,2
reacher,112,prefix_a,Displacement-Observed,1,1,149,0
reacher,112,prefix_b,Direct,1,1,141,0
reacher,112,prefix_b,Predictor-Final,1,1,150,2
reacher,112,prefix_b,Predictor-Observed,1,1,141,5
reacher,112,prefix_b,Predictor-Learned,1,1,141,5
reacher,112,prefix_b,Simulator-Final,1,1,150,2
reacher,112,prefix_b,Simulator-Observed,1,1,132,6
reacher,112,prefix_b,Simulator-Learned,1,1,141,5
reacher,112,prefix_b,Displacement-Observed,1,1,141,5
reacher,113,clean,Direct,1,1,160,0
reacher,113,clean,Predictor-Final,1,1,160,0
reacher,113,clean,Predictor-Observed,1,1,185,1
reacher,113,clean,Predictor-Learned,1,1,158,3
reacher,113,clean,Simulator-Final,1,1,153,7
reacher,113,clean,Simulator-Observed,1,1,154,2
reacher,113,clean,Simulator-Learned,1,1,160,0
reacher,113,clean,Displacement-Observed,1,1,160,0
reacher,113,prefix_a,Direct,1,1,170,0
reacher,113,prefix_a,Predictor-Final,1,1,152,6
reacher,113,prefix_a,Predictor-Observed,1,1,150,1
reacher,113,prefix_a,Predictor-Learned,1,1,155,3
reacher,113,prefix_a,Simulator-Final,1,1,152,6
reacher,113,prefix_a,Simulator-Observed,1,1,151,2
reacher,113,prefix_a,Simulator-Learned,1,1,155,3
reacher,113,prefix_a,Displacement-Observed,1,1,151,2
reacher,113,prefix_b,Direct,1,1,140,0
reacher,113,prefix_b,Predictor-Final,1,1,159,1
reacher,113,prefix_b,Predictor-Observed,1,1,161,4
reacher,113,prefix_b,Predictor-Learned,1,1,159,1
reacher,113,prefix_b,Simulator-Final,1,1,159,1
reacher,113,prefix_b,Simulator-Observed,1,1,140,0
reacher,113,prefix_b,Simulator-Learned,1,1,159,1
reacher,113,prefix_b,Displacement-Observed,1,1,140,0
reacher,114,clean,Direct,1,1,147,0
reacher,114,clean,Predictor-Final,1,1,41,6
reacher,114,clean,Predictor-Observed,1,1,147,0
reacher,114,clean,Predictor-Learned,1,1,88,4
reacher,114,clean,Simulator-Final,1,1,143,1
reacher,114,clean,Simulator-Observed,1,1,147,0
reacher,114,clean,Simulator-Learned,1,1,143,1
reacher,114,clean,Displacement-Observed,1,1,147,0
reacher,114,prefix_a,Direct,1,1,173,0
reacher,114,prefix_a,Predictor-Final,1,1,233,7
reacher,114,prefix_a,Predictor-Observed,1,1,173,0
reacher,114,prefix_a,Predictor-Learned,1,1,181,1
reacher,114,prefix_a,Simulator-Final,1,1,142,5
reacher,114,prefix_a,Simulator-Observed,1,1,173,0
reacher,114,prefix_a,Simulator-Learned,1,1,173,0
reacher,114,prefix_a,Displacement-Observed,1,1,173,0
reacher,114,prefix_b,Direct,1,1,108,0
reacher,114,prefix_b,Predictor-Final,1,1,134,3
reacher,114,prefix_b,Predictor-Observed,1,1,108,0
reacher,114,prefix_b,Predictor-Learned,1,1,184,5
reacher,114,prefix_b,Simulator-Final,1,1,197,4
reacher,114,prefix_b,Simulator-Observed,1,1,184,5
reacher,114,prefix_b,Simulator-Learned,1,1,197,4
reacher,114,prefix_b,Displacement-Observed,1,1,108,0
reacher,115,clean,Direct,1,1,127,0
reacher,115,clean,Predictor-Final,1,1,2,7
reacher,115,clean,Predictor-Observed,1,1,1,5
reacher,115,clean,Predictor-Learned,1,1,127,0
reacher,115,clean,Simulator-Final,1,1,1,5
reacher,115,clean,Simulator-Observed,1,1,2,1
reacher,115,clean,Simulator-Learned,1,1,2,6
reacher,115,clean,Displacement-Observed,1,1,1,5
reacher,115,prefix_a,Direct,1,1,145,0
reacher,115,prefix_a,Predictor-Final,1,1,5,2
reacher,115,prefix_a,Predictor-Observed,1,1,145,0
reacher,115,prefix_a,Predictor-Learned,1,1,156,5
reacher,115,prefix_a,Simulator-Final,1,1,5,2
reacher,115,prefix_a,Simulator-Observed,1,1,145,0
reacher,115,prefix_a,Simulator-Learned,1,1,156,5
reacher,115,prefix_a,Displacement-Observed,1,1,145,0
reacher,115,prefix_b,Direct,0,1,0,
reacher,115,prefix_b,Predictor-Final,0,1,0,
reacher,115,prefix_b,Predictor-Observed,0,1,0,
reacher,115,prefix_b,Predictor-Learned,0,1,0,
reacher,115,prefix_b,Simulator-Final,0,1,0,
reacher,115,prefix_b,Simulator-Observed,0,1,0,
reacher,115,prefix_b,Simulator-Learned,0,1,0,
reacher,115,prefix_b,Displacement-Observed,0,1,0,
reacher,116,clean,Direct,1,1,137,0
reacher,116,clean,Predictor-Final,1,1,137,0
reacher,116,clean,Predictor-Observed,1,1,160,2
reacher,116,clean,Predictor-Learned,1,1,160,2
reacher,116,clean,Simulator-Final,1,1,137,0
reacher,116,clean,Simulator-Observed,1,1,137,0
reacher,116,clean,Simulator-Learned,1,1,137,0
reacher,116,clean,Displacement-Observed,1,1,137,0
reacher,116,prefix_a,Direct,1,1,182,0
reacher,116,prefix_a,Predictor-Final,1,1,182,0
reacher,116,prefix_a,Predictor-Observed,1,1,99,2
reacher,116,prefix_a,Predictor-Learned,1,1,99,2
reacher,116,prefix_a,Simulator-Final,1,1,182,0
reacher,116,prefix_a,Simulator-Observed,1,1,99,2
reacher,116,prefix_a,Simulator-Learned,1,1,99,2
reacher,116,prefix_a,Displacement-Observed,1,1,182,0
reacher,116,prefix_b,Direct,1,1,149,0
reacher,116,prefix_b,Predictor-Final,1,1,13,6
reacher,116,prefix_b,Predictor-Observed,1,1,149,0
reacher,116,prefix_b,Predictor-Learned,1,1,151,2
reacher,116,prefix_b,Simulator-Final,1,1,13,6
reacher,116,prefix_b,Simulator-Observed,1,1,149,0
reacher,116,prefix_b,Simulator-Learned,1,1,151,2
reacher,116,prefix_b,Displacement-Observed,1,1,149,0
reacher,117,clean,Direct,1,1,151,0
reacher,117,clean,Predictor-Final,1,1,116,7
reacher,117,clean,Predictor-Observed,1,1,144,4
reacher,117,clean,Predictor-Learned,1,1,146,2
reacher,117,clean,Simulator-Final,1,1,116,7
reacher,117,clean,Simulator-Observed,1,1,144,4
reacher,117,clean,Simulator-Learned,1,1,155,3
reacher,117,clean,Displacement-Observed,1,1,156,1
reacher,117,prefix_a,Direct,1,1,170,0
reacher,117,prefix_a,Predictor-Final,1,1,161,1
reacher,117,prefix_a,Predictor-Observed,1,1,170,0
reacher,117,prefix_a,Predictor-Learned,1,1,158,5
reacher,117,prefix_a,Simulator-Final,1,1,161,1
reacher,117,prefix_a,Simulator-Observed,1,1,170,0
reacher,117,prefix_a,Simulator-Learned,1,1,158,5
reacher,117,prefix_a,Displacement-Observed,1,1,170,0
reacher,117,prefix_b,Direct,1,1,156,0
reacher,117,prefix_b,Predictor-Final,1,1,159,5
reacher,117,prefix_b,Predictor-Observed,1,1,165,2
reacher,117,prefix_b,Predictor-Learned,1,1,165,2
reacher,117,prefix_b,Simulator-Final,1,1,159,5
reacher,117,prefix_b,Simulator-Observed,1,1,152,4
reacher,117,prefix_b,Simulator-Learned,1,1,165,2
reacher,117,prefix_b,Displacement-Observed,1,1,165,2
reacher,118,clean,Direct,1,1,152,0
reacher,118,clean,Predictor-Final,1,1,159,4
reacher,118,clean,Predictor-Observed,1,1,152,0
reacher,118,clean,Predictor-Learned,1,1,151,1
reacher,118,clean,Simulator-Final,1,1,19,7
reacher,118,clean,Simulator-Observed,1,1,19,7
reacher,118,clean,Simulator-Learned,1,1,172,2
reacher,118,clean,Displacement-Observed,1,1,152,0
reacher,118,prefix_a,Direct,1,1,151,0
reacher,118,prefix_a,Predictor-Final,1,1,176,4
reacher,118,prefix_a,Predictor-Observed,1,1,107,6
reacher,118,prefix_a,Predictor-Learned,1,1,16,1
reacher,118,prefix_a,Simulator-Final,1,1,176,4
reacher,118,prefix_a,Simulator-Observed,1,1,152,2
reacher,118,prefix_a,Simulator-Learned,1,1,176,3
reacher,118,prefix_a,Displacement-Observed,1,1,151,0
reacher,118,prefix_b,Direct,1,1,142,0
reacher,118,prefix_b,Predictor-Final,1,1,155,4
reacher,118,prefix_b,Predictor-Observed,1,1,142,0
reacher,118,prefix_b,Predictor-Learned,1,1,157,7
reacher,118,prefix_b,Simulator-Final,1,1,176,6
reacher,118,prefix_b,Simulator-Observed,1,1,176,6
reacher,118,prefix_b,Simulator-Learned,1,1,156,5
reacher,118,prefix_b,Displacement-Observed,1,1,142,0
reacher,119,clean,Direct,1,1,158,0
reacher,119,clean,Predictor-Final,1,1,127,7
reacher,119,clean,Predictor-Observed,1,1,158,0
reacher,119,clean,Predictor-Learned,1,1,153,6
reacher,119,clean,Simulator-Final,1,1,127,7
reacher,119,clean,Simulator-Observed,1,1,158,0
reacher,119,clean,Simulator-Learned,1,1,153,6
reacher,119,clean,Displacement-Observed,1,1,158,0
reacher,119,prefix_a,Direct,1,1,227,0
reacher,119,prefix_a,Predictor-Final,1,1,141,3
reacher,119,prefix_a,Predictor-Observed,1,1,134,1
reacher,119,prefix_a,Predictor-Learned,1,1,227,0
reacher,119,prefix_a,Simulator-Final,1,1,47,6
reacher,119,prefix_a,Simulator-Observed,1,1,134,1
reacher,119,prefix_a,Simulator-Learned,1,1,227,0
reacher,119,prefix_a,Displacement-Observed,1,1,98,7
reacher,119,prefix_b,Direct,1,1,92,0
reacher,119,prefix_b,Predictor-Final,1,1,92,0
reacher,119,prefix_b,Predictor-Observed,1,1,92,0
reacher,119,prefix_b,Predictor-Learned,1,1,165,2
reacher,119,prefix_b,Simulator-Final,1,1,92,0
reacher,119,prefix_b,Simulator-Observed,1,1,92,0
reacher,119,prefix_b,Simulator-Learned,1,1,165,2
reacher,119,prefix_b,Displacement-Observed,1,1,92,0
reacher,120,clean,Direct,1,1,151,0
reacher,120,clean,Predictor-Final,1,1,148,5
reacher,120,clean,Predictor-Observed,1,1,148,5
reacher,120,clean,Predictor-Learned,1,1,178,7
reacher,120,clean,Simulator-Final,1,1,148,5
reacher,120,clean,Simulator-Observed,1,1,148,5
reacher,120,clean,Simulator-Learned,1,1,178,7
reacher,120,clean,Displacement-Observed,1,1,151,0
reacher,120,prefix_a,Direct,1,1,154,0
reacher,120,prefix_a,Predictor-Final,1,1,142,6
reacher,120,prefix_a,Predictor-Observed,1,1,151,1
reacher,120,prefix_a,Predictor-Learned,1,1,156,2
reacher,120,prefix_a,Simulator-Final,1,1,142,6
reacher,120,prefix_a,Simulator-Observed,1,1,151,1
reacher,120,prefix_a,Simulator-Learned,1,1,156,2
reacher,120,prefix_a,Displacement-Observed,1,1,151,1
reacher,120,prefix_b,Direct,1,1,230,0
reacher,120,prefix_b,Predictor-Final,1,1,169,3
reacher,120,prefix_b,Predictor-Observed,1,1,230,0
reacher,120,prefix_b,Predictor-Learned,1,1,211,4
reacher,120,prefix_b,Simulator-Final,1,1,230,0
reacher,120,prefix_b,Simulator-Observed,1,1,230,0
reacher,120,prefix_b,Simulator-Learned,1,1,211,4
reacher,120,prefix_b,Displacement-Observed,1,1,230,0
reacher,121,clean,Direct,1,1,133,0
reacher,121,clean,Predictor-Final,1,1,16,4
reacher,121,clean,Predictor-Observed,1,1,133,0
reacher,121,clean,Predictor-Learned,1,1,149,7
reacher,121,clean,Simulator-Final,1,1,16,4
reacher,121,clean,Simulator-Observed,1,1,156,1
reacher,121,clean,Simulator-Learned,1,1,159,3
reacher,121,clean,Displacement-Observed,1,1,133,0
reacher,121,prefix_a,Direct,1,1,150,0
reacher,121,prefix_a,Predictor-Final,1,1,149,5
reacher,121,prefix_a,Predictor-Observed,1,1,188,3
reacher,121,prefix_a,Predictor-Learned,1,1,108,2
reacher,121,prefix_a,Simulator-Final,1,1,149,5
reacher,121,prefix_a,Simulator-Observed,1,1,108,2
reacher,121,prefix_a,Simulator-Learned,1,1,150,0
reacher,121,prefix_a,Displacement-Observed,1,1,157,4
reacher,121,prefix_b,Direct,1,1,125,0
reacher,121,prefix_b,Predictor-Final,1,1,125,0
reacher,121,prefix_b,Predictor-Observed,1,1,125,0
reacher,121,prefix_b,Predictor-Learned,1,1,159,7
reacher,121,prefix_b,Simulator-Final,1,1,125,0
reacher,121,prefix_b,Simulator-Observed,1,1,153,6
reacher,121,prefix_b,Simulator-Learned,1,1,159,7
reacher,121,prefix_b,Displacement-Observed,1,1,125,0
reacher,122,clean,Direct,1,1,293,0
reacher,122,clean,Predictor-Final,1,1,293,0
reacher,122,clean,Predictor-Observed,1,1,293,0
reacher,122,clean,Predictor-Learned,1,1,149,2
reacher,122,clean,Simulator-Final,1,1,293,0
reacher,122,clean,Simulator-Observed,1,1,293,0
reacher,122,clean,Simulator-Learned,1,1,168,6
reacher,122,clean,Displacement-Observed,1,1,293,0
reacher,122,prefix_a,Direct,1,1,173,0
reacher,122,prefix_a,Predictor-Final,1,1,173,0
reacher,122,prefix_a,Predictor-Observed,1,1,173,0
reacher,122,prefix_a,Predictor-Learned,1,1,243,4
reacher,122,prefix_a,Simulator-Final,1,1,173,0
reacher,122,prefix_a,Simulator-Observed,1,1,173,0
reacher,122,prefix_a,Simulator-Learned,1,1,243,4
reacher,122,prefix_a,Displacement-Observed,1,1,173,0
reacher,122,prefix_b,Direct,1,1,114,0
reacher,122,prefix_b,Predictor-Final,1,1,143,5
reacher,122,prefix_b,Predictor-Observed,1,1,156,1
reacher,122,prefix_b,Predictor-Learned,1,1,149,4
reacher,122,prefix_b,Simulator-Final,1,1,143,5
reacher,122,prefix_b,Simulator-Observed,1,1,114,0
reacher,122,prefix_b,Simulator-Learned,1,1,179,7
reacher,122,prefix_b,Displacement-Observed,1,1,114,0
reacher,123,clean,Direct,1,1,168,0
reacher,123,clean,Predictor-Final,1,1,154,7
reacher,123,clean,Predictor-Observed,1,1,138,3
reacher,123,clean,Predictor-Learned,1,1,155,5
reacher,123,clean,Simulator-Final,1,1,149,2
reacher,123,clean,Simulator-Observed,1,1,73,4
reacher,123,clean,Simulator-Learned,1,1,138,3
reacher,123,clean,Displacement-Observed,1,1,138,3
reacher,123,prefix_a,Direct,1,1,100,0
reacher,123,prefix_a,Predictor-Final,1,1,140,6
reacher,123,prefix_a,Predictor-Observed,1,1,100,0
reacher,123,prefix_a,Predictor-Learned,1,1,147,1
reacher,123,prefix_a,Simulator-Final,1,1,148,4
reacher,123,prefix_a,Simulator-Observed,1,1,100,0
reacher,123,prefix_a,Simulator-Learned,1,1,147,1
reacher,123,prefix_a,Displacement-Observed,1,1,100,0
reacher,123,prefix_b,Direct,1,1,21,0
reacher,123,prefix_b,Predictor-Final,1,1,24,3
reacher,123,prefix_b,Predictor-Observed,1,1,144,2
reacher,123,prefix_b,Predictor-Learned,1,1,151,4
reacher,123,prefix_b,Simulator-Final,1,1,151,7
reacher,123,prefix_b,Simulator-Observed,1,1,151,7
reacher,123,prefix_b,Simulator-Learned,1,1,151,4
reacher,123,prefix_b,Displacement-Observed,1,1,24,3
reacher,124,clean,Direct,1,1,151,0
reacher,124,clean,Predictor-Final,1,1,151,0
reacher,124,clean,Predictor-Observed,1,1,45,1
reacher,124,clean,Predictor-Learned,1,1,161,4
reacher,124,clean,Simulator-Final,1,1,151,0
reacher,124,clean,Simulator-Observed,1,1,45,1
reacher,124,clean,Simulator-Learned,1,1,161,4
reacher,124,clean,Displacement-Observed,1,1,45,1
reacher,124,prefix_a,Direct,1,1,104,0
reacher,124,prefix_a,Predictor-Final,1,1,163,4
reacher,124,prefix_a,Predictor-Observed,1,1,104,0
reacher,124,prefix_a,Predictor-Learned,1,1,156,7
reacher,124,prefix_a,Simulator-Final,1,1,163,4
reacher,124,prefix_a,Simulator-Observed,1,1,104,0
reacher,124,prefix_a,Simulator-Learned,1,1,49,2
reacher,124,prefix_a,Displacement-Observed,1,1,104,0
reacher,124,prefix_b,Direct,1,1,147,0
reacher,124,prefix_b,Predictor-Final,1,1,81,7
reacher,124,prefix_b,Predictor-Observed,1,1,17,3
reacher,124,prefix_b,Predictor-Learned,1,1,147,0
reacher,124,prefix_b,Simulator-Final,1,1,81,7
reacher,124,prefix_b,Simulator-Observed,1,1,17,3
reacher,124,prefix_b,Simulator-Learned,1,1,147,0
reacher,124,prefix_b,Displacement-Observed,1,1,147,0
reacher,125,clean,Direct,1,1,154,0
reacher,125,clean,Predictor-Final,1,1,53,7
reacher,125,clean,Predictor-Observed,1,1,53,7
reacher,125,clean,Predictor-Learned,1,1,175,4
reacher,125,clean,Simulator-Final,1,1,53,7
reacher,125,clean,Simulator-Observed,1,1,53,7
reacher,125,clean,Simulator-Learned,1,1,175,4
reacher,125,clean,Displacement-Observed,1,1,154,0
reacher,125,prefix_a,Direct,1,1,146,0
reacher,125,prefix_a,Predictor-Final,1,1,136,7
reacher,125,prefix_a,Predictor-Observed,1,1,146,0
reacher,125,prefix_a,Predictor-Learned,1,1,75,2
reacher,125,prefix_a,Simulator-Final,1,1,150,5
reacher,125,prefix_a,Simulator-Observed,1,1,146,0
reacher,125,prefix_a,Simulator-Learned,1,1,75,2
reacher,125,prefix_a,Displacement-Observed,1,1,146,0
reacher,125,prefix_b,Direct,1,1,9,0
reacher,125,prefix_b,Predictor-Final,1,1,9,0
reacher,125,prefix_b,Predictor-Observed,1,1,152,5
reacher,125,prefix_b,Predictor-Learned,1,1,241,2
reacher,125,prefix_b,Simulator-Final,1,1,9,0
reacher,125,prefix_b,Simulator-Observed,1,1,188,7
reacher,125,prefix_b,Simulator-Learned,1,1,112,6
reacher,125,prefix_b,Displacement-Observed,1,1,9,0
reacher,126,clean,Direct,1,1,174,0
reacher,126,clean,Predictor-Final,1,1,150,1
reacher,126,clean,Predictor-Observed,1,1,174,0
reacher,126,clean,Predictor-Learned,1,1,157,3
reacher,126,clean,Simulator-Final,1,1,145,4
reacher,126,clean,Simulator-Observed,1,1,174,0
reacher,126,clean,Simulator-Learned,1,1,157,3
reacher,126,clean,Displacement-Observed,1,1,149,2
reacher,126,prefix_a,Direct,1,1,154,0
reacher,126,prefix_a,Predictor-Final,1,1,164,6
reacher,126,prefix_a,Predictor-Observed,1,1,154,0
reacher,126,prefix_a,Predictor-Learned,1,1,130,4
reacher,126,prefix_a,Simulator-Final,1,1,150,3
reacher,126,prefix_a,Simulator-Observed,1,1,132,1
reacher,126,prefix_a,Simulator-Learned,1,1,132,1
reacher,126,prefix_a,Displacement-Observed,1,1,145,5
reacher,126,prefix_b,Direct,1,1,150,0
reacher,126,prefix_b,Predictor-Final,1,1,169,5
reacher,126,prefix_b,Predictor-Observed,1,1,169,5
reacher,126,prefix_b,Predictor-Learned,1,1,102,6
reacher,126,prefix_b,Simulator-Final,1,1,123,1
reacher,126,prefix_b,Simulator-Observed,1,1,169,5
reacher,126,prefix_b,Simulator-Learned,1,1,160,3
reacher,126,prefix_b,Displacement-Observed,1,1,160,3
reacher,127,clean,Direct,1,1,155,0
reacher,127,clean,Predictor-Final,1,1,155,0
reacher,127,clean,Predictor-Observed,1,1,155,0
reacher,127,clean,Predictor-Learned,1,1,153,2
reacher,127,clean,Simulator-Final,1,1,155,0
reacher,127,clean,Simulator-Observed,1,1,155,0
reacher,127,clean,Simulator-Learned,1,1,153,2
reacher,127,clean,Displacement-Observed,1,1,155,0
reacher,127,prefix_a,Direct,1,1,148,0
reacher,127,prefix_a,Predictor-Final,1,1,148,0
reacher,127,prefix_a,Predictor-Observed,1,1,148,0
reacher,127,prefix_a,Predictor-Learned,1,1,145,1
reacher,127,prefix_a,Simulator-Final,1,1,148,0
reacher,127,prefix_a,Simulator-Observed,1,1,148,0
reacher,127,prefix_a,Simulator-Learned,1,1,145,1
reacher,127,prefix_a,Displacement-Observed,1,1,148,0
reacher,127,prefix_b,Direct,1,1,147,0
reacher,127,prefix_b,Predictor-Final,1,1,157,4
reacher,127,prefix_b,Predictor-Observed,1,1,147,0
reacher,127,prefix_b,Predictor-Learned,1,1,160,1
reacher,127,prefix_b,Simulator-Final,1,1,162,3
reacher,127,prefix_b,Simulator-Observed,1,1,147,0
reacher,127,prefix_b,Simulator-Learned,1,1,160,1
reacher,127,prefix_b,Displacement-Observed,1,1,147,0
tworoom,0,clean,Direct,1,1,96,0
tworoom,0,clean,Predictor-Final,1,1,92,3
tworoom,0,clean,Predictor-Observed,1,1,95,4
tworoom,0,clean,Predictor-Learned,1,1,96,0
tworoom,0,clean,Simulator-Final,1,1,92,3
tworoom,0,clean,Simulator-Observed,1,1,95,4
tworoom,0,clean,Simulator-Learned,1,1,96,0
tworoom,0,clean,Displacement-Observed,1,1,95,4
tworoom,0,prefix_a,Direct,1,1,83,0
tworoom,0,prefix_a,Predictor-Final,1,1,98,4
tworoom,0,prefix_a,Predictor-Observed,1,1,98,1
tworoom,0,prefix_a,Predictor-Learned,1,1,98,1
tworoom,0,prefix_a,Simulator-Final,1,1,97,2
tworoom,0,prefix_a,Simulator-Observed,1,1,98,1
tworoom,0,prefix_a,Simulator-Learned,1,1,83,0
tworoom,0,prefix_a,Displacement-Observed,1,1,98,4
tworoom,0,prefix_b,Direct,1,1,95,0
tworoom,0,prefix_b,Predictor-Final,1,1,83,1
tworoom,0,prefix_b,Predictor-Observed,1,1,93,6
tworoom,0,prefix_b,Predictor-Learned,1,1,95,2
tworoom,0,prefix_b,Simulator-Final,1,1,83,1
tworoom,0,prefix_b,Simulator-Observed,1,1,93,6
tworoom,0,prefix_b,Simulator-Learned,1,1,95,0
tworoom,0,prefix_b,Displacement-Observed,1,1,95,0
tworoom,1,clean,Direct,1,1,93,0
tworoom,1,clean,Predictor-Final,1,1,98,2
tworoom,1,clean,Predictor-Observed,1,1,98,2
tworoom,1,clean,Predictor-Learned,1,1,93,0
tworoom,1,clean,Simulator-Final,1,1,88,5
tworoom,1,clean,Simulator-Observed,1,1,98,2
tworoom,1,clean,Simulator-Learned,1,1,98,2
tworoom,1,clean,Displacement-Observed,1,1,96,3
tworoom,1,prefix_a,Direct,1,1,97,0
tworoom,1,prefix_a,Predictor-Final,1,1,91,4
tworoom,1,prefix_a,Predictor-Observed,1,1,89,5
tworoom,1,prefix_a,Predictor-Learned,1,1,89,5
tworoom,1,prefix_a,Simulator-Final,1,1,97,1
tworoom,1,prefix_a,Simulator-Observed,1,1,89,5
tworoom,1,prefix_a,Simulator-Learned,1,1,90,2
tworoom,1,prefix_a,Displacement-Observed,1,1,97,0
tworoom,1,prefix_b,Direct,1,1,96,0
tworoom,1,prefix_b,Predictor-Final,1,1,97,6
tworoom,1,prefix_b,Predictor-Observed,1,1,97,6
tworoom,1,prefix_b,Predictor-Learned,1,1,97,6
tworoom,1,prefix_b,Simulator-Final,1,1,97,6
tworoom,1,prefix_b,Simulator-Observed,1,1,97,6
tworoom,1,prefix_b,Simulator-Learned,1,1,97,6
tworoom,1,prefix_b,Displacement-Observed,1,1,96,0
tworoom,2,clean,Direct,1,1,95,0
tworoom,2,clean,Predictor-Final,1,1,90,5
tworoom,2,clean,Predictor-Observed,1,1,95,0
tworoom,2,clean,Predictor-Learned,1,1,94,1
tworoom,2,clean,Simulator-Final,1,1,92,6
tworoom,2,clean,Simulator-Observed,1,1,95,0
tworoom,2,clean,Simulator-Learned,1,1,94,1
tworoom,2,clean,Displacement-Observed,1,1,95,0
tworoom,2,prefix_a,Direct,1,1,94,0
tworoom,2,prefix_a,Predictor-Final,1,1,97,3
tworoom,2,prefix_a,Predictor-Observed,1,1,73,1
tworoom,2,prefix_a,Predictor-Learned,1,1,73,1
tworoom,2,prefix_a,Simulator-Final,1,1,97,3
tworoom,2,prefix_a,Simulator-Observed,1,1,94,0
tworoom,2,prefix_a,Simulator-Learned,1,1,73,1
tworoom,2,prefix_a,Displacement-Observed,1,1,94,0
tworoom,2,prefix_b,Direct,1,1,86,0
tworoom,2,prefix_b,Predictor-Final,1,1,93,3
tworoom,2,prefix_b,Predictor-Observed,1,1,86,0
tworoom,2,prefix_b,Predictor-Learned,1,1,95,5
tworoom,2,prefix_b,Simulator-Final,1,1,93,6
tworoom,2,prefix_b,Simulator-Observed,1,1,86,0
tworoom,2,prefix_b,Simulator-Learned,1,1,95,5
tworoom,2,prefix_b,Displacement-Observed,1,1,86,0
tworoom,3,clean,Direct,1,1,88,0
tworoom,3,clean,Predictor-Final,1,1,93,7
tworoom,3,clean,Predictor-Observed,1,1,95,1
tworoom,3,clean,Predictor-Learned,1,1,94,3
tworoom,3,clean,Simulator-Final,1,1,91,4
tworoom,3,clean,Simulator-Observed,1,1,95,1
tworoom,3,clean,Simulator-Learned,1,1,88,0
tworoom,3,clean,Displacement-Observed,1,1,91,6
tworoom,3,prefix_a,Direct,1,1,97,0
tworoom,3,prefix_a,Predictor-Final,1,1,95,3
tworoom,3,prefix_a,Predictor-Observed,1,1,95,3
tworoom,3,prefix_a,Predictor-Learned,1,1,97,0
tworoom,3,prefix_a,Simulator-Final,1,1,84,5
tworoom,3,prefix_a,Simulator-Observed,1,1,95,3
tworoom,3,prefix_a,Simulator-Learned,1,1,85,6
tworoom,3,prefix_a,Displacement-Observed,1,1,97,0
tworoom,3,prefix_b,Direct,1,1,94,0
tworoom,3,prefix_b,Predictor-Final,1,1,94,0
tworoom,3,prefix_b,Predictor-Observed,1,1,94,0
tworoom,3,prefix_b,Predictor-Learned,1,1,94,0
tworoom,3,prefix_b,Simulator-Final,1,1,75,4
tworoom,3,prefix_b,Simulator-Observed,1,1,93,2
tworoom,3,prefix_b,Simulator-Learned,1,1,94,0
tworoom,3,prefix_b,Displacement-Observed,1,1,94,0
tworoom,4,clean,Direct,1,1,85,0
tworoom,4,clean,Predictor-Final,1,1,96,1
tworoom,4,clean,Predictor-Observed,1,1,85,0
tworoom,4,clean,Predictor-Learned,1,1,85,0
tworoom,4,clean,Simulator-Final,1,1,96,1
tworoom,4,clean,Simulator-Observed,1,1,85,0
tworoom,4,clean,Simulator-Learned,1,1,85,0
tworoom,4,clean,Displacement-Observed,1,1,76,7
tworoom,4,prefix_a,Direct,1,1,84,0
tworoom,4,prefix_a,Predictor-Final,1,1,97,1
tworoom,4,prefix_a,Predictor-Observed,1,1,84,0
tworoom,4,prefix_a,Predictor-Learned,1,1,84,0
tworoom,4,prefix_a,Simulator-Final,1,1,97,1
tworoom,4,prefix_a,Simulator-Observed,1,1,84,0
tworoom,4,prefix_a,Simulator-Learned,1,1,84,0
tworoom,4,prefix_a,Displacement-Observed,1,1,91,7
tworoom,4,prefix_b,Direct,1,1,89,0
tworoom,4,prefix_b,Predictor-Final,1,1,94,2
tworoom,4,prefix_b,Predictor-Observed,1,1,94,2
tworoom,4,prefix_b,Predictor-Learned,1,1,97,3
tworoom,4,prefix_b,Simulator-Final,1,1,97,6
tworoom,4,prefix_b,Simulator-Observed,1,1,94,2
tworoom,4,prefix_b,Simulator-Learned,1,1,97,3
tworoom,4,prefix_b,Displacement-Observed,1,1,94,2
tworoom,5,clean,Direct,1,1,90,0
tworoom,5,clean,Predictor-Final,1,1,97,2
tworoom,5,clean,Predictor-Observed,1,1,95,5
tworoom,5,clean,Predictor-Learned,1,1,95,1
tworoom,5,clean,Simulator-Final,1,1,97,2
tworoom,5,clean,Simulator-Observed,1,1,95,5
tworoom,5,clean,Simulator-Learned,1,1,95,1
tworoom,5,clean,Displacement-Observed,1,1,95,5
tworoom,5,prefix_a,Direct,1,1,88,0
tworoom,5,prefix_a,Predictor-Final,1,1,98,7
tworoom,5,prefix_a,Predictor-Observed,1,1,98,7
tworoom,5,prefix_a,Predictor-Learned,1,1,95,6
tworoom,5,prefix_a,Simulator-Final,1,1,98,7
tworoom,5,prefix_a,Simulator-Observed,1,1,88,0
tworoom,5,prefix_a,Simulator-Learned,1,1,95,6
tworoom,5,prefix_a,Displacement-Observed,1,1,88,0
tworoom,5,prefix_b,Direct,1,1,96,0
tworoom,5,prefix_b,Predictor-Final,1,1,92,3
tworoom,5,prefix_b,Predictor-Observed,1,1,97,7
tworoom,5,prefix_b,Predictor-Learned,1,1,97,7
tworoom,5,prefix_b,Simulator-Final,1,1,92,3
tworoom,5,prefix_b,Simulator-Observed,1,1,95,1
tworoom,5,prefix_b,Simulator-Learned,1,1,97,7
tworoom,5,prefix_b,Displacement-Observed,1,1,95,1
tworoom,6,clean,Direct,1,1,80,0
tworoom,6,clean,Predictor-Final,1,1,94,2
tworoom,6,clean,Predictor-Observed,1,1,80,0
tworoom,6,clean,Predictor-Learned,1,1,77,3
tworoom,6,clean,Simulator-Final,1,1,94,2
tworoom,6,clean,Simulator-Observed,1,1,80,0
tworoom,6,clean,Simulator-Learned,1,1,77,3
tworoom,6,clean,Displacement-Observed,1,1,80,0
tworoom,6,prefix_a,Direct,1,1,83,0
tworoom,6,prefix_a,Predictor-Final,1,1,98,1
tworoom,6,prefix_a,Predictor-Observed,1,1,83,0
tworoom,6,prefix_a,Predictor-Learned,1,1,95,4
tworoom,6,prefix_a,Simulator-Final,1,1,98,1
tworoom,6,prefix_a,Simulator-Observed,1,1,83,0
tworoom,6,prefix_a,Simulator-Learned,1,1,95,4
tworoom,6,prefix_a,Displacement-Observed,1,1,83,0
tworoom,6,prefix_b,Direct,1,1,89,0
tworoom,6,prefix_b,Predictor-Final,1,1,95,1
tworoom,6,prefix_b,Predictor-Observed,1,1,91,7
tworoom,6,prefix_b,Predictor-Learned,1,1,70,4
tworoom,6,prefix_b,Simulator-Final,1,1,95,1
tworoom,6,prefix_b,Simulator-Observed,1,1,91,7
tworoom,6,prefix_b,Simulator-Learned,1,1,70,4
tworoom,6,prefix_b,Displacement-Observed,1,1,89,0
tworoom,7,clean,Direct,1,1,98,0
tworoom,7,clean,Predictor-Final,1,1,89,4
tworoom,7,clean,Predictor-Observed,1,1,87,1
tworoom,7,clean,Predictor-Learned,1,1,83,2
tworoom,7,clean,Simulator-Final,1,1,98,0
tworoom,7,clean,Simulator-Observed,1,1,87,1
tworoom,7,clean,Simulator-Learned,1,1,83,7
tworoom,7,clean,Displacement-Observed,1,1,87,1
tworoom,7,prefix_a,Direct,1,1,95,0
tworoom,7,prefix_a,Predictor-Final,1,1,91,3
tworoom,7,prefix_a,Predictor-Observed,1,1,95,0
tworoom,7,prefix_a,Predictor-Learned,1,1,56,7
tworoom,7,prefix_a,Simulator-Final,1,1,91,3
tworoom,7,prefix_a,Simulator-Observed,1,1,95,0
tworoom,7,prefix_a,Simulator-Learned,1,1,56,7
tworoom,7,prefix_a,Displacement-Observed,1,1,95,0
tworoom,7,prefix_b,Direct,1,1,83,0
tworoom,7,prefix_b,Predictor-Final,1,1,97,4
tworoom,7,prefix_b,Predictor-Observed,1,1,98,7
tworoom,7,prefix_b,Predictor-Learned,1,1,85,5
tworoom,7,prefix_b,Simulator-Final,1,1,83,0
tworoom,7,prefix_b,Simulator-Observed,1,1,83,0
tworoom,7,prefix_b,Simulator-Learned,1,1,85,5
tworoom,7,prefix_b,Displacement-Observed,1,1,83,0
tworoom,8,clean,Direct,1,1,98,0
tworoom,8,clean,Predictor-Final,1,1,88,6
tworoom,8,clean,Predictor-Observed,1,1,84,7
tworoom,8,clean,Predictor-Learned,1,1,74,3
tworoom,8,clean,Simulator-Final,1,1,84,7
tworoom,8,clean,Simulator-Observed,1,1,84,7
tworoom,8,clean,Simulator-Learned,1,1,74,3
tworoom,8,clean,Displacement-Observed,1,1,88,6
tworoom,8,prefix_a,Direct,1,1,94,0
tworoom,8,prefix_a,Predictor-Final,1,1,90,1
tworoom,8,prefix_a,Predictor-Observed,1,1,90,1
tworoom,8,prefix_a,Predictor-Learned,1,1,90,1
tworoom,8,prefix_a,Simulator-Final,1,1,90,5
tworoom,8,prefix_a,Simulator-Observed,1,1,90,1
tworoom,8,prefix_a,Simulator-Learned,1,1,90,1
tworoom,8,prefix_a,Displacement-Observed,1,1,90,1
tworoom,8,prefix_b,Direct,1,1,93,0
tworoom,8,prefix_b,Predictor-Final,1,1,70,3
tworoom,8,prefix_b,Predictor-Observed,1,1,93,0
tworoom,8,prefix_b,Predictor-Learned,1,1,94,7
tworoom,8,prefix_b,Simulator-Final,1,1,84,1
tworoom,8,prefix_b,Simulator-Observed,1,1,93,0
tworoom,8,prefix_b,Simulator-Learned,1,1,90,6
tworoom,8,prefix_b,Displacement-Observed,1,1,93,0
tworoom,9,clean,Direct,1,1,95,0
tworoom,9,clean,Predictor-Final,1,1,84,6
tworoom,9,clean,Predictor-Observed,1,1,93,4
tworoom,9,clean,Predictor-Learned,1,1,92,7
tworoom,9,clean,Simulator-Final,1,1,84,6
tworoom,9,clean,Simulator-Observed,1,1,96,3
tworoom,9,clean,Simulator-Learned,1,1,92,7
tworoom,9,clean,Displacement-Observed,1,1,96,3
tworoom,9,prefix_a,Direct,1,1,93,0
tworoom,9,prefix_a,Predictor-Final,1,1,95,5
tworoom,9,prefix_a,Predictor-Observed,1,1,93,0
tworoom,9,prefix_a,Predictor-Learned,1,1,99,2
tworoom,9,prefix_a,Simulator-Final,1,1,95,5
tworoom,9,prefix_a,Simulator-Observed,1,1,93,0
tworoom,9,prefix_a,Simulator-Learned,1,1,99,2
tworoom,9,prefix_a,Displacement-Observed,1,1,93,0
tworoom,9,prefix_b,Direct,1,1,92,0
tworoom,9,prefix_b,Predictor-Final,1,1,96,7
tworoom,9,prefix_b,Predictor-Observed,1,1,92,4
tworoom,9,prefix_b,Predictor-Learned,1,1,98,6
tworoom,9,prefix_b,Simulator-Final,1,1,96,7
tworoom,9,prefix_b,Simulator-Observed,1,1,94,3
tworoom,9,prefix_b,Simulator-Learned,1,1,98,6
tworoom,9,prefix_b,Displacement-Observed,1,1,94,3
tworoom,10,clean,Direct,1,1,96,0
tworoom,10,clean,Predictor-Final,1,1,96,2
tworoom,10,clean,Predictor-Observed,1,1,82,5
tworoom,10,clean,Predictor-Learned,1,1,93,4
tworoom,10,clean,Simulator-Final,1,1,96,2
tworoom,10,clean,Simulator-Observed,1,1,82,5
tworoom,10,clean,Simulator-Learned,1,1,93,4
tworoom,10,clean,Displacement-Observed,1,1,82,5
tworoom,10,prefix_a,Direct,1,1,95,0
tworoom,10,prefix_a,Predictor-Final,1,1,87,1
tworoom,10,prefix_a,Predictor-Observed,1,1,95,0
tworoom,10,prefix_a,Predictor-Learned,1,1,93,4
tworoom,10,prefix_a,Simulator-Final,1,1,87,1
tworoom,10,prefix_a,Simulator-Observed,1,1,95,0
tworoom,10,prefix_a,Simulator-Learned,1,1,93,4
tworoom,10,prefix_a,Displacement-Observed,1,1,95,0
tworoom,10,prefix_b,Direct,1,1,95,0
tworoom,10,prefix_b,Predictor-Final,1,1,94,3
tworoom,10,prefix_b,Predictor-Observed,1,1,57,5
tworoom,10,prefix_b,Predictor-Learned,1,1,61,2
tworoom,10,prefix_b,Simulator-Final,1,1,94,3
tworoom,10,prefix_b,Simulator-Observed,1,1,61,2
tworoom,10,prefix_b,Simulator-Learned,1,1,61,2
tworoom,10,prefix_b,Displacement-Observed,1,1,90,7
tworoom,11,clean,Direct,1,1,68,0
tworoom,11,clean,Predictor-Final,1,1,95,7
tworoom,11,clean,Predictor-Observed,1,1,68,0
tworoom,11,clean,Predictor-Learned,1,1,80,4
tworoom,11,clean,Simulator-Final,1,1,91,3
tworoom,11,clean,Simulator-Observed,1,1,94,6
tworoom,11,clean,Simulator-Learned,1,1,92,1
tworoom,11,clean,Displacement-Observed,1,1,68,0
tworoom,11,prefix_a,Direct,1,1,83,0
tworoom,11,prefix_a,Predictor-Final,1,1,83,0
tworoom,11,prefix_a,Predictor-Observed,1,1,97,4
tworoom,11,prefix_a,Predictor-Learned,1,1,97,4
tworoom,11,prefix_a,Simulator-Final,1,1,83,0
tworoom,11,prefix_a,Simulator-Observed,1,1,83,0
tworoom,11,prefix_a,Simulator-Learned,1,1,95,6
tworoom,11,prefix_a,Displacement-Observed,1,1,83,0
tworoom,11,prefix_b,Direct,1,1,92,0
tworoom,11,prefix_b,Predictor-Final,1,1,84,6
tworoom,11,prefix_b,Predictor-Observed,1,1,92,0
tworoom,11,prefix_b,Predictor-Learned,1,1,92,0
tworoom,11,prefix_b,Simulator-Final,1,1,84,6
tworoom,11,prefix_b,Simulator-Observed,1,1,92,0
tworoom,11,prefix_b,Simulator-Learned,1,1,92,0
tworoom,11,prefix_b,Displacement-Observed,1,1,92,0
tworoom,12,clean,Direct,1,1,91,0
tworoom,12,clean,Predictor-Final,1,1,93,7
tworoom,12,clean,Predictor-Observed,1,1,95,5
tworoom,12,clean,Predictor-Learned,1,1,95,5
tworoom,12,clean,Simulator-Final,1,1,86,2
tworoom,12,clean,Simulator-Observed,1,1,95,5
tworoom,12,clean,Simulator-Learned,1,1,95,5
tworoom,12,clean,Displacement-Observed,1,1,95,5
tworoom,12,prefix_a,Direct,1,1,89,0
tworoom,12,prefix_a,Predictor-Final,1,1,94,3
tworoom,12,prefix_a,Predictor-Observed,1,1,89,0
tworoom,12,prefix_a,Predictor-Learned,1,1,96,6
tworoom,12,prefix_a,Simulator-Final,1,1,94,3
tworoom,12,prefix_a,Simulator-Observed,1,1,89,0
tworoom,12,prefix_a,Simulator-Learned,1,1,96,6
tworoom,12,prefix_a,Displacement-Observed,1,1,89,0
tworoom,12,prefix_b,Direct,1,1,96,0
tworoom,12,prefix_b,Predictor-Final,1,1,93,3
tworoom,12,prefix_b,Predictor-Observed,1,1,96,0
tworoom,12,prefix_b,Predictor-Learned,1,1,96,5
tworoom,12,prefix_b,Simulator-Final,1,1,97,2
tworoom,12,prefix_b,Simulator-Observed,1,1,96,0
tworoom,12,prefix_b,Simulator-Learned,1,1,96,5
tworoom,12,prefix_b,Displacement-Observed,1,1,96,0
tworoom,13,clean,Direct,1,1,94,0
tworoom,13,clean,Predictor-Final,1,1,91,4
tworoom,13,clean,Predictor-Observed,1,1,84,7
tworoom,13,clean,Predictor-Learned,1,1,96,1
tworoom,13,clean,Simulator-Final,1,1,91,4
tworoom,13,clean,Simulator-Observed,1,1,84,7
tworoom,13,clean,Simulator-Learned,1,1,84,2
tworoom,13,clean,Displacement-Observed,1,1,94,0
tworoom,13,prefix_a,Direct,1,1,93,0
tworoom,13,prefix_a,Predictor-Final,1,1,93,6
tworoom,13,prefix_a,Predictor-Observed,1,1,93,6
tworoom,13,prefix_a,Predictor-Learned,1,1,94,7
tworoom,13,prefix_a,Simulator-Final,1,1,93,6
tworoom,13,prefix_a,Simulator-Observed,1,1,93,6
tworoom,13,prefix_a,Simulator-Learned,1,1,94,7
tworoom,13,prefix_a,Displacement-Observed,1,1,93,0
tworoom,13,prefix_b,Direct,1,1,87,0
tworoom,13,prefix_b,Predictor-Final,1,1,94,5
tworoom,13,prefix_b,Predictor-Observed,1,1,94,5
tworoom,13,prefix_b,Predictor-Learned,1,1,94,2
tworoom,13,prefix_b,Simulator-Final,1,1,94,5
tworoom,13,prefix_b,Simulator-Observed,1,1,97,3
tworoom,13,prefix_b,Simulator-Learned,1,1,94,5
tworoom,13,prefix_b,Displacement-Observed,1,1,87,0
tworoom,14,clean,Direct,1,1,37,0
tworoom,14,clean,Predictor-Final,1,1,86,5
tworoom,14,clean,Predictor-Observed,1,1,43,2
tworoom,14,clean,Predictor-Learned,1,1,37,0
tworoom,14,clean,Simulator-Final,1,1,86,5
tworoom,14,clean,Simulator-Observed,1,1,43,2
tworoom,14,clean,Simulator-Learned,1,1,43,2
tworoom,14,clean,Displacement-Observed,1,1,86,5
tworoom,14,prefix_a,Direct,1,1,85,0
tworoom,14,prefix_a,Predictor-Final,1,1,90,5
tworoom,14,prefix_a,Predictor-Observed,1,1,85,0
tworoom,14,prefix_a,Predictor-Learned,1,1,44,3
tworoom,14,prefix_a,Simulator-Final,1,1,90,5
tworoom,14,prefix_a,Simulator-Observed,1,1,85,0
tworoom,14,prefix_a,Simulator-Learned,1,1,78,2
tworoom,14,prefix_a,Displacement-Observed,1,1,85,0
tworoom,14,prefix_b,Direct,1,1,44,0
tworoom,14,prefix_b,Predictor-Final,1,1,59,4
tworoom,14,prefix_b,Predictor-Observed,1,1,44,0
tworoom,14,prefix_b,Predictor-Learned,1,1,85,5
tworoom,14,prefix_b,Simulator-Final,1,1,59,4
tworoom,14,prefix_b,Simulator-Observed,1,1,44,0
tworoom,14,prefix_b,Simulator-Learned,1,1,85,5
tworoom,14,prefix_b,Displacement-Observed,1,1,44,0
tworoom,15,clean,Direct,1,1,91,0
tworoom,15,clean,Predictor-Final,1,1,90,3
tworoom,15,clean,Predictor-Observed,1,1,78,1
tworoom,15,clean,Predictor-Learned,1,1,78,1
tworoom,15,clean,Simulator-Final,1,1,90,3
tworoom,15,clean,Simulator-Observed,1,1,78,1
tworoom,15,clean,Simulator-Learned,1,1,78,1
tworoom,15,clean,Displacement-Observed,1,1,91,0
tworoom,15,prefix_a,Direct,1,1,65,0
tworoom,15,prefix_a,Predictor-Final,1,1,86,7
tworoom,15,prefix_a,Predictor-Observed,1,1,86,2
tworoom,15,prefix_a,Predictor-Learned,1,1,86,2
tworoom,15,prefix_a,Simulator-Final,1,1,86,7
tworoom,15,prefix_a,Simulator-Observed,1,1,86,2
tworoom,15,prefix_a,Simulator-Learned,1,1,86,2
tworoom,15,prefix_a,Displacement-Observed,1,1,65,0
tworoom,15,prefix_b,Direct,1,1,75,0
tworoom,15,prefix_b,Predictor-Final,1,1,97,5
tworoom,15,prefix_b,Predictor-Observed,1,1,75,0
tworoom,15,prefix_b,Predictor-Learned,1,1,93,7
tworoom,15,prefix_b,Simulator-Final,1,1,97,5
tworoom,15,prefix_b,Simulator-Observed,1,1,75,0
tworoom,15,prefix_b,Simulator-Learned,1,1,93,7
tworoom,15,prefix_b,Displacement-Observed,1,1,75,0
tworoom,16,clean,Direct,1,1,79,0
tworoom,16,clean,Predictor-Final,1,1,95,7
tworoom,16,clean,Predictor-Observed,1,1,89,5
tworoom,16,clean,Predictor-Learned,1,1,75,1
tworoom,16,clean,Simulator-Final,1,1,95,7
tworoom,16,clean,Simulator-Observed,1,1,89,5
tworoom,16,clean,Simulator-Learned,1,1,75,1
tworoom,16,clean,Displacement-Observed,1,1,89,5
tworoom,16,prefix_a,Direct,1,1,82,0
tworoom,16,prefix_a,Predictor-Final,1,1,60,2
tworoom,16,prefix_a,Predictor-Observed,1,1,82,0
tworoom,16,prefix_a,Predictor-Learned,1,1,98,4
tworoom,16,prefix_a,Simulator-Final,1,1,79,1
tworoom,16,prefix_a,Simulator-Observed,1,1,82,0
tworoom,16,prefix_a,Simulator-Learned,1,1,98,4
tworoom,16,prefix_a,Displacement-Observed,1,1,82,0
tworoom,16,prefix_b,Direct,1,1,57,0
tworoom,16,prefix_b,Predictor-Final,1,1,60,7
tworoom,16,prefix_b,Predictor-Observed,1,1,89,1
tworoom,16,prefix_b,Predictor-Learned,1,1,58,6
tworoom,16,prefix_b,Simulator-Final,1,1,60,7
tworoom,16,prefix_b,Simulator-Observed,1,1,89,1
tworoom,16,prefix_b,Simulator-Learned,1,1,58,6
tworoom,16,prefix_b,Displacement-Observed,1,1,89,1
tworoom,17,clean,Direct,1,1,78,0
tworoom,17,clean,Predictor-Final,1,1,83,1
tworoom,17,clean,Predictor-Observed,1,1,87,6
tworoom,17,clean,Predictor-Learned,1,1,87,7
tworoom,17,clean,Simulator-Final,1,1,83,1
tworoom,17,clean,Simulator-Observed,1,1,87,6
tworoom,17,clean,Simulator-Learned,1,1,87,7
tworoom,17,clean,Displacement-Observed,1,1,87,6
tworoom,17,prefix_a,Direct,1,1,67,0
tworoom,17,prefix_a,Predictor-Final,1,1,87,7
tworoom,17,prefix_a,Predictor-Observed,1,1,59,4
tworoom,17,prefix_a,Predictor-Learned,1,1,63,1
tworoom,17,prefix_a,Simulator-Final,1,1,92,6
tworoom,17,prefix_a,Simulator-Observed,1,1,59,4
tworoom,17,prefix_a,Simulator-Learned,1,1,47,5
tworoom,17,prefix_a,Displacement-Observed,1,1,67,0
tworoom,17,prefix_b,Direct,1,1,87,0
tworoom,17,prefix_b,Predictor-Final,1,1,78,5
tworoom,17,prefix_b,Predictor-Observed,1,1,87,0
tworoom,17,prefix_b,Predictor-Learned,1,1,80,3
tworoom,17,prefix_b,Simulator-Final,1,1,78,5
tworoom,17,prefix_b,Simulator-Observed,1,1,87,0
tworoom,17,prefix_b,Simulator-Learned,1,1,86,1
tworoom,17,prefix_b,Displacement-Observed,1,1,87,0
tworoom,18,clean,Direct,1,1,33,0
tworoom,18,clean,Predictor-Final,1,1,19,4
tworoom,18,clean,Predictor-Observed,1,1,19,4
tworoom,18,clean,Predictor-Learned,1,1,87,5
tworoom,18,clean,Simulator-Final,1,1,81,7
tworoom,18,clean,Simulator-Observed,1,1,81,7
tworoom,18,clean,Simulator-Learned,1,1,81,7
tworoom,18,clean,Displacement-Observed,1,1,33,0
tworoom,18,prefix_a,Direct,1,1,33,0
tworoom,18,prefix_a,Predictor-Final,1,1,89,6
tworoom,18,prefix_a,Predictor-Observed,1,1,89,6
tworoom,18,prefix_a,Predictor-Learned,1,1,22,7
tworoom,18,prefix_a,Simulator-Final,1,1,89,6
tworoom,18,prefix_a,Simulator-Observed,1,1,89,6
tworoom,18,prefix_a,Simulator-Learned,1,1,21,4
tworoom,18,prefix_a,Displacement-Observed,1,1,33,0
tworoom,18,prefix_b,Direct,1,1,33,0
tworoom,18,prefix_b,Predictor-Final,1,1,88,2
tworoom,18,prefix_b,Predictor-Observed,1,1,88,2
tworoom,18,prefix_b,Predictor-Learned,1,1,88,2
tworoom,18,prefix_b,Simulator-Final,1,1,88,2
tworoom,18,prefix_b,Simulator-Observed,1,1,88,2
tworoom,18,prefix_b,Simulator-Learned,1,1,88,2
tworoom,18,prefix_b,Displacement-Observed,1,1,33,0
tworoom,19,clean,Direct,1,1,88,0
tworoom,19,clean,Predictor-Final,1,1,93,1
tworoom,19,clean,Predictor-Observed,1,1,88,0
tworoom,19,clean,Predictor-Learned,1,1,97,3
tworoom,19,clean,Simulator-Final,1,1,92,2
tworoom,19,clean,Simulator-Observed,1,1,88,0
tworoom,19,clean,Simulator-Learned,1,1,97,3
tworoom,19,clean,Displacement-Observed,1,1,88,0
tworoom,19,prefix_a,Direct,1,1,93,0
tworoom,19,prefix_a,Predictor-Final,1,1,93,0
tworoom,19,prefix_a,Predictor-Observed,1,1,92,6
tworoom,19,prefix_a,Predictor-Learned,1,1,96,5
tworoom,19,prefix_a,Simulator-Final,1,1,92,6
tworoom,19,prefix_a,Simulator-Observed,1,1,92,6
tworoom,19,prefix_a,Simulator-Learned,1,1,96,5
tworoom,19,prefix_a,Displacement-Observed,1,1,92,1
tworoom,19,prefix_b,Direct,1,1,73,0
tworoom,19,prefix_b,Predictor-Final,1,1,73,0
tworoom,19,prefix_b,Predictor-Observed,1,1,75,5
tworoom,19,prefix_b,Predictor-Learned,1,1,97,6
tworoom,19,prefix_b,Simulator-Final,1,1,75,5
tworoom,19,prefix_b,Simulator-Observed,1,1,73,0
tworoom,19,prefix_b,Simulator-Learned,1,1,97,6
tworoom,19,prefix_b,Displacement-Observed,1,1,73,0
tworoom,20,clean,Direct,1,1,79,0
tworoom,20,clean,Predictor-Final,1,1,80,3
tworoom,20,clean,Predictor-Observed,1,1,80,3
tworoom,20,clean,Predictor-Learned,1,1,80,3
tworoom,20,clean,Simulator-Final,1,1,69,2
tworoom,20,clean,Simulator-Observed,1,1,69,2
tworoom,20,clean,Simulator-Learned,1,1,80,3
tworoom,20,clean,Displacement-Observed,1,1,79,0
tworoom,20,prefix_a,Direct,1,1,34,0
tworoom,20,prefix_a,Predictor-Final,1,1,46,2
tworoom,20,prefix_a,Predictor-Observed,1,1,77,4
tworoom,20,prefix_a,Predictor-Learned,1,1,77,4
tworoom,20,prefix_a,Simulator-Final,1,1,46,2
tworoom,20,prefix_a,Simulator-Observed,1,1,59,1
tworoom,20,prefix_a,Simulator-Learned,1,1,77,4
tworoom,20,prefix_a,Displacement-Observed,1,1,34,0
tworoom,20,prefix_b,Direct,1,1,50,0
tworoom,20,prefix_b,Predictor-Final,1,1,33,2
tworoom,20,prefix_b,Predictor-Observed,1,1,41,7
tworoom,20,prefix_b,Predictor-Learned,1,1,55,6
tworoom,20,prefix_b,Simulator-Final,1,1,41,7
tworoom,20,prefix_b,Simulator-Observed,1,1,41,7
tworoom,20,prefix_b,Simulator-Learned,1,1,55,6
tworoom,20,prefix_b,Displacement-Observed,1,1,41,7
tworoom,21,clean,Direct,1,1,95,0
tworoom,21,clean,Predictor-Final,1,1,88,4
tworoom,21,clean,Predictor-Observed,1,1,95,0
tworoom,21,clean,Predictor-Learned,1,1,88,5
tworoom,21,clean,Simulator-Final,1,1,88,4
tworoom,21,clean,Simulator-Observed,1,1,95,0
tworoom,21,clean,Simulator-Learned,1,1,88,5
tworoom,21,clean,Displacement-Observed,1,1,88,5
tworoom,21,prefix_a,Direct,1,1,96,0
tworoom,21,prefix_a,Predictor-Final,1,1,98,2
tworoom,21,prefix_a,Predictor-Observed,1,1,97,7
tworoom,21,prefix_a,Predictor-Learned,1,1,98,2
tworoom,21,prefix_a,Simulator-Final,1,1,98,2
tworoom,21,prefix_a,Simulator-Observed,1,1,97,7
tworoom,21,prefix_a,Simulator-Learned,1,1,79,3
tworoom,21,prefix_a,Displacement-Observed,1,1,97,7
tworoom,21,prefix_b,Direct,1,1,90,0
tworoom,21,prefix_b,Predictor-Final,1,1,87,7
tworoom,21,prefix_b,Predictor-Observed,1,1,76,2
tworoom,21,prefix_b,Predictor-Learned,1,1,76,2
tworoom,21,prefix_b,Simulator-Final,1,1,87,7
tworoom,21,prefix_b,Simulator-Observed,1,1,76,2
tworoom,21,prefix_b,Simulator-Learned,1,1,76,2
tworoom,21,prefix_b,Displacement-Observed,1,1,90,0
tworoom,22,clean,Direct,1,1,95,0
tworoom,22,clean,Predictor-Final,1,1,95,4
tworoom,22,clean,Predictor-Observed,1,1,95,4
tworoom,22,clean,Predictor-Learned,1,1,92,5
tworoom,22,clean,Simulator-Final,1,1,92,5
tworoom,22,clean,Simulator-Observed,1,1,95,7
tworoom,22,clean,Simulator-Learned,1,1,95,0
tworoom,22,clean,Displacement-Observed,1,1,95,0
tworoom,22,prefix_a,Direct,1,1,89,0
tworoom,22,prefix_a,Predictor-Final,1,1,88,5
tworoom,22,prefix_a,Predictor-Observed,1,1,82,2
tworoom,22,prefix_a,Predictor-Learned,1,1,89,0
tworoom,22,prefix_a,Simulator-Final,1,1,95,3
tworoom,22,prefix_a,Simulator-Observed,1,1,83,4
tworoom,22,prefix_a,Simulator-Learned,1,1,89,0
tworoom,22,prefix_a,Displacement-Observed,1,1,89,0
tworoom,22,prefix_b,Direct,1,1,81,0
tworoom,22,prefix_b,Predictor-Final,1,1,95,3
tworoom,22,prefix_b,Predictor-Observed,1,1,89,1
tworoom,22,prefix_b,Predictor-Learned,1,1,75,5
tworoom,22,prefix_b,Simulator-Final,1,1,75,6
tworoom,22,prefix_b,Simulator-Observed,1,1,83,4
tworoom,22,prefix_b,Simulator-Learned,1,1,95,2
tworoom,22,prefix_b,Displacement-Observed,1,1,81,0
tworoom,23,clean,Direct,1,1,24,0
tworoom,23,clean,Predictor-Final,1,1,26,6
tworoom,23,clean,Predictor-Observed,1,1,24,0
tworoom,23,clean,Predictor-Learned,1,1,30,3
tworoom,23,clean,Simulator-Final,1,1,16,1
tworoom,23,clean,Simulator-Observed,1,1,24,0
tworoom,23,clean,Simulator-Learned,1,1,30,3
tworoom,23,clean,Displacement-Observed,1,1,24,0
tworoom,23,prefix_a,Direct,1,1,15,0
tworoom,23,prefix_a,Predictor-Final,1,1,12,7
tworoom,23,prefix_a,Predictor-Observed,1,1,10,1
tworoom,23,prefix_a,Predictor-Learned,1,1,24,2
tworoom,23,prefix_a,Simulator-Final,1,1,12,7
tworoom,23,prefix_a,Simulator-Observed,1,1,15,0
tworoom,23,prefix_a,Simulator-Learned,1,1,24,2
tworoom,23,prefix_a,Displacement-Observed,1,1,15,0
tworoom,23,prefix_b,Direct,1,1,25,0
tworoom,23,prefix_b,Predictor-Final,1,1,13,7
tworoom,23,prefix_b,Predictor-Observed,1,1,13,7
tworoom,23,prefix_b,Predictor-Learned,1,1,13,7
tworoom,23,prefix_b,Simulator-Final,1,1,13,7
tworoom,23,prefix_b,Simulator-Observed,1,1,13,7
tworoom,23,prefix_b,Simulator-Learned,1,1,13,7
tworoom,23,prefix_b,Displacement-Observed,1,1,25,6
tworoom,24,clean,Direct,1,1,78,0
tworoom,24,clean,Predictor-Final,1,1,76,1
tworoom,24,clean,Predictor-Observed,1,1,78,0
tworoom,24,clean,Predictor-Learned,1,1,80,6
tworoom,24,clean,Simulator-Final,1,1,78,0
tworoom,24,clean,Simulator-Observed,1,1,78,0
tworoom,24,clean,Simulator-Learned,1,1,80,6
tworoom,24,clean,Displacement-Observed,1,1,78,0
tworoom,24,prefix_a,Direct,1,1,90,0
tworoom,24,prefix_a,Predictor-Final,1,1,83,6
tworoom,24,prefix_a,Predictor-Observed,1,1,98,4
tworoom,24,prefix_a,Predictor-Learned,1,1,97,5
tworoom,24,prefix_a,Simulator-Final,1,1,90,0
tworoom,24,prefix_a,Simulator-Observed,1,1,98,4
tworoom,24,prefix_a,Simulator-Learned,1,1,97,5
tworoom,24,prefix_a,Displacement-Observed,1,1,98,4
tworoom,24,prefix_b,Direct,1,1,80,0
tworoom,24,prefix_b,Predictor-Final,1,1,68,5
tworoom,24,prefix_b,Predictor-Observed,1,1,88,4
tworoom,24,prefix_b,Predictor-Learned,1,1,80,0
tworoom,24,prefix_b,Simulator-Final,1,1,89,6
tworoom,24,prefix_b,Simulator-Observed,1,1,88,4
tworoom,24,prefix_b,Simulator-Learned,1,1,89,6
tworoom,24,prefix_b,Displacement-Observed,1,1,80,0
tworoom,25,clean,Direct,1,1,70,0
tworoom,25,clean,Predictor-Final,1,1,97,3
tworoom,25,clean,Predictor-Observed,1,1,41,6
tworoom,25,clean,Predictor-Learned,1,1,70,0
tworoom,25,clean,Simulator-Final,1,1,97,3
tworoom,25,clean,Simulator-Observed,1,1,41,6
tworoom,25,clean,Simulator-Learned,1,1,70,0
tworoom,25,clean,Displacement-Observed,1,1,70,0
tworoom,25,prefix_a,Direct,1,1,93,0
tworoom,25,prefix_a,Predictor-Final,1,1,93,0
tworoom,25,prefix_a,Predictor-Observed,1,1,82,7
tworoom,25,prefix_a,Predictor-Learned,1,1,57,1
tworoom,25,prefix_a,Simulator-Final,1,1,93,0
tworoom,25,prefix_a,Simulator-Observed,1,1,82,7
tworoom,25,prefix_a,Simulator-Learned,1,1,57,1
tworoom,25,prefix_a,Displacement-Observed,1,1,93,0
tworoom,25,prefix_b,Direct,1,1,71,0
tworoom,25,prefix_b,Predictor-Final,1,1,25,7
tworoom,25,prefix_b,Predictor-Observed,1,1,71,0
tworoom,25,prefix_b,Predictor-Learned,1,1,86,2
tworoom,25,prefix_b,Simulator-Final,1,1,25,7
tworoom,25,prefix_b,Simulator-Observed,1,1,71,0
tworoom,25,prefix_b,Simulator-Learned,1,1,86,2
tworoom,25,prefix_b,Displacement-Observed,1,1,71,0
tworoom,26,clean,Direct,1,1,91,0
tworoom,26,clean,Predictor-Final,1,1,97,3
tworoom,26,clean,Predictor-Observed,1,1,91,0
tworoom,26,clean,Predictor-Learned,1,1,91,0
tworoom,26,clean,Simulator-Final,1,1,96,7
tworoom,26,clean,Simulator-Observed,1,1,91,0
tworoom,26,clean,Simulator-Learned,1,1,91,0
tworoom,26,clean,Displacement-Observed,1,1,96,7
tworoom,26,prefix_a,Direct,1,1,91,0
tworoom,26,prefix_a,Predictor-Final,1,1,90,3
tworoom,26,prefix_a,Predictor-Observed,1,1,91,0
tworoom,26,prefix_a,Predictor-Learned,1,1,98,7
tworoom,26,prefix_a,Simulator-Final,1,1,98,7
tworoom,26,prefix_a,Simulator-Observed,1,1,91,0
tworoom,26,prefix_a,Simulator-Learned,1,1,91,0
tworoom,26,prefix_a,Displacement-Observed,1,1,91,0
tworoom,26,prefix_b,Direct,1,1,93,0
tworoom,26,prefix_b,Predictor-Final,1,1,91,1
tworoom,26,prefix_b,Predictor-Observed,1,1,93,0
tworoom,26,prefix_b,Predictor-Learned,1,1,91,1
tworoom,26,prefix_b,Simulator-Final,1,1,91,1
tworoom,26,prefix_b,Simulator-Observed,1,1,93,0
tworoom,26,prefix_b,Simulator-Learned,1,1,91,1
tworoom,26,prefix_b,Displacement-Observed,1,1,93,0
tworoom,27,clean,Direct,1,1,78,0
tworoom,27,clean,Predictor-Final,1,1,96,3
tworoom,27,clean,Predictor-Observed,1,1,84,7
tworoom,27,clean,Predictor-Learned,1,1,95,6
tworoom,27,clean,Simulator-Final,1,1,88,5
tworoom,27,clean,Simulator-Observed,1,1,84,7
tworoom,27,clean,Simulator-Learned,1,1,95,6
tworoom,27,clean,Displacement-Observed,1,1,78,0
tworoom,27,prefix_a,Direct,1,1,98,0
tworoom,27,prefix_a,Predictor-Final,1,1,87,1
tworoom,27,prefix_a,Predictor-Observed,1,1,91,2
tworoom,27,prefix_a,Predictor-Learned,1,1,91,2
tworoom,27,prefix_a,Simulator-Final,1,1,87,6
tworoom,27,prefix_a,Simulator-Observed,1,1,91,2
tworoom,27,prefix_a,Simulator-Learned,1,1,91,2
tworoom,27,prefix_a,Displacement-Observed,1,1,98,0
tworoom,27,prefix_b,Direct,1,1,96,0
tworoom,27,prefix_b,Predictor-Final,1,1,89,7
tworoom,27,prefix_b,Predictor-Observed,1,1,87,4
tworoom,27,prefix_b,Predictor-Learned,1,1,94,3
tworoom,27,prefix_b,Simulator-Final,1,1,89,7
tworoom,27,prefix_b,Simulator-Observed,1,1,87,4
tworoom,27,prefix_b,Simulator-Learned,1,1,89,7
tworoom,27,prefix_b,Displacement-Observed,1,1,96,0
tworoom,28,clean,Direct,1,1,89,0
tworoom,28,clean,Predictor-Final,1,1,89,0
tworoom,28,clean,Predictor-Observed,1,1,89,0
tworoom,28,clean,Predictor-Learned,1,1,89,3
tworoom,28,clean,Simulator-Final,1,1,89,0
tworoom,28,clean,Simulator-Observed,1,1,89,0
tworoom,28,clean,Simulator-Learned,1,1,89,3
tworoom,28,clean,Displacement-Observed,1,1,89,0
tworoom,28,prefix_a,Direct,1,1,90,0
tworoom,28,prefix_a,Predictor-Final,1,1,98,3
tworoom,28,prefix_a,Predictor-Observed,1,1,78,4
tworoom,28,prefix_a,Predictor-Learned,1,1,79,7
tworoom,28,prefix_a,Simulator-Final,1,1,98,2
tworoom,28,prefix_a,Simulator-Observed,1,1,78,4
tworoom,28,prefix_a,Simulator-Learned,1,1,79,7
tworoom,28,prefix_a,Displacement-Observed,1,1,79,7
tworoom,28,prefix_b,Direct,1,1,88,0
tworoom,28,prefix_b,Predictor-Final,1,1,97,3
tworoom,28,prefix_b,Predictor-Observed,1,1,69,2
tworoom,28,prefix_b,Predictor-Learned,1,1,92,4
tworoom,28,prefix_b,Simulator-Final,1,1,97,3
tworoom,28,prefix_b,Simulator-Observed,1,1,69,2
tworoom,28,prefix_b,Simulator-Learned,1,1,72,7
tworoom,28,prefix_b,Displacement-Observed,1,1,69,2
tworoom,29,clean,Direct,1,1,94,0
tworoom,29,clean,Predictor-Final,1,1,98,3
tworoom,29,clean,Predictor-Observed,1,1,93,4
tworoom,29,clean,Predictor-Learned,1,1,93,4
tworoom,29,clean,Simulator-Final,1,1,98,3
tworoom,29,clean,Simulator-Observed,1,1,97,1
tworoom,29,clean,Simulator-Learned,1,1,93,4
tworoom,29,clean,Displacement-Observed,1,1,98,3
tworoom,29,prefix_a,Direct,1,1,98,0
tworoom,29,prefix_a,Predictor-Final,1,1,73,7
tworoom,29,prefix_a,Predictor-Observed,1,1,84,2
tworoom,29,prefix_a,Predictor-Learned,1,1,84,2
tworoom,29,prefix_a,Simulator-Final,1,1,84,2
tworoom,29,prefix_a,Simulator-Observed,1,1,98,0
tworoom,29,prefix_a,Simulator-Learned,1,1,84,2
tworoom,29,prefix_a,Displacement-Observed,1,1,98,0
tworoom,29,prefix_b,Direct,1,1,87,0
tworoom,29,prefix_b,Predictor-Final,1,1,97,2
tworoom,29,prefix_b,Predictor-Observed,1,1,95,4
tworoom,29,prefix_b,Predictor-Learned,1,1,95,4
tworoom,29,prefix_b,Simulator-Final,1,1,97,2
tworoom,29,prefix_b,Simulator-Observed,1,1,95,4
tworoom,29,prefix_b,Simulator-Learned,1,1,95,4
tworoom,29,prefix_b,Displacement-Observed,1,1,95,4
tworoom,30,clean,Direct,1,1,95,0
tworoom,30,clean,Predictor-Final,1,1,62,5
tworoom,30,clean,Predictor-Observed,1,1,95,2
tworoom,30,clean,Predictor-Learned,1,1,95,0
tworoom,30,clean,Simulator-Final,1,1,95,3
tworoom,30,clean,Simulator-Observed,1,1,95,2
tworoom,30,clean,Simulator-Learned,1,1,98,6
tworoom,30,clean,Displacement-Observed,1,1,95,0
tworoom,30,prefix_a,Direct,1,1,77,0
tworoom,30,prefix_a,Predictor-Final,1,1,87,6
tworoom,30,prefix_a,Predictor-Observed,1,1,77,0
tworoom,30,prefix_a,Predictor-Learned,1,1,92,3
tworoom,30,prefix_a,Simulator-Final,1,1,81,7
tworoom,30,prefix_a,Simulator-Observed,1,1,77,0
tworoom,30,prefix_a,Simulator-Learned,1,1,80,2
tworoom,30,prefix_a,Displacement-Observed,1,1,77,0
tworoom,30,prefix_b,Direct,1,1,92,0
tworoom,30,prefix_b,Predictor-Final,1,1,84,5
tworoom,30,prefix_b,Predictor-Observed,1,1,92,0
tworoom,30,prefix_b,Predictor-Learned,1,1,90,1
tworoom,30,prefix_b,Simulator-Final,1,1,85,2
tworoom,30,prefix_b,Simulator-Observed,1,1,92,0
tworoom,30,prefix_b,Simulator-Learned,1,1,90,1
tworoom,30,prefix_b,Displacement-Observed,1,1,92,0
tworoom,31,clean,Direct,1,1,90,0
tworoom,31,clean,Predictor-Final,1,1,95,5
tworoom,31,clean,Predictor-Observed,1,1,90,0
tworoom,31,clean,Predictor-Learned,1,1,95,5
tworoom,31,clean,Simulator-Final,1,1,95,5
tworoom,31,clean,Simulator-Observed,1,1,90,0
tworoom,31,clean,Simulator-Learned,1,1,95,5
tworoom,31,clean,Displacement-Observed,1,1,90,0
tworoom,31,prefix_a,Direct,1,1,95,0
tworoom,31,prefix_a,Predictor-Final,1,1,66,4
tworoom,31,prefix_a,Predictor-Observed,1,1,95,0
tworoom,31,prefix_a,Predictor-Learned,1,1,95,0
tworoom,31,prefix_a,Simulator-Final,1,1,66,4
tworoom,31,prefix_a,Simulator-Observed,1,1,95,0
tworoom,31,prefix_a,Simulator-Learned,1,1,95,0
tworoom,31,prefix_a,Displacement-Observed,1,1,95,0
tworoom,31,prefix_b,Direct,1,1,79,0
tworoom,31,prefix_b,Predictor-Final,1,1,82,1
tworoom,31,prefix_b,Predictor-Observed,1,1,89,2
tworoom,31,prefix_b,Predictor-Learned,1,1,97,4
tworoom,31,prefix_b,Simulator-Final,1,1,89,2
tworoom,31,prefix_b,Simulator-Observed,1,1,89,2
tworoom,31,prefix_b,Simulator-Learned,1,1,97,4
tworoom,31,prefix_b,Displacement-Observed,1,1,97,3
tworoom,32,clean,Direct,1,1,86,0
tworoom,32,clean,Predictor-Final,1,1,83,2
tworoom,32,clean,Predictor-Observed,1,1,93,7
tworoom,32,clean,Predictor-Learned,1,1,93,7
tworoom,32,clean,Simulator-Final,1,1,83,2
tworoom,32,clean,Simulator-Observed,1,1,93,7
tworoom,32,clean,Simulator-Learned,1,1,93,7
tworoom,32,clean,Displacement-Observed,1,1,93,7
tworoom,32,prefix_a,Direct,1,1,70,0
tworoom,32,prefix_a,Predictor-Final,1,1,98,1
tworoom,32,prefix_a,Predictor-Observed,1,1,98,1
tworoom,32,prefix_a,Predictor-Learned,1,1,70,4
tworoom,32,prefix_a,Simulator-Final,1,1,98,1
tworoom,32,prefix_a,Simulator-Observed,1,1,98,1
tworoom,32,prefix_a,Simulator-Learned,1,1,98,1
tworoom,32,prefix_a,Displacement-Observed,1,1,70,4
tworoom,32,prefix_b,Direct,1,1,96,0
tworoom,32,prefix_b,Predictor-Final,1,1,92,4
tworoom,32,prefix_b,Predictor-Observed,1,1,96,0
tworoom,32,prefix_b,Predictor-Learned,1,1,92,4
tworoom,32,prefix_b,Simulator-Final,1,1,92,4
tworoom,32,prefix_b,Simulator-Observed,1,1,96,0
tworoom,32,prefix_b,Simulator-Learned,1,1,92,4
tworoom,32,prefix_b,Displacement-Observed,1,1,92,4
tworoom,33,clean,Direct,1,1,81,0
tworoom,33,clean,Predictor-Final,1,1,98,3
tworoom,33,clean,Predictor-Observed,1,1,81,0
tworoom,33,clean,Predictor-Learned,1,1,83,7
tworoom,33,clean,Simulator-Final,1,1,98,3
tworoom,33,clean,Simulator-Observed,1,1,81,0
tworoom,33,clean,Simulator-Learned,1,1,83,7
tworoom,33,clean,Displacement-Observed,1,1,81,0
tworoom,33,prefix_a,Direct,1,1,83,0
tworoom,33,prefix_a,Predictor-Final,1,1,83,2
tworoom,33,prefix_a,Predictor-Observed,1,1,95,3
tworoom,33,prefix_a,Predictor-Learned,1,1,63,7
tworoom,33,prefix_a,Simulator-Final,1,1,83,2
tworoom,33,prefix_a,Simulator-Observed,1,1,95,3
tworoom,33,prefix_a,Simulator-Learned,1,1,63,7
tworoom,33,prefix_a,Displacement-Observed,1,1,83,0
tworoom,33,prefix_b,Direct,1,1,77,0
tworoom,33,prefix_b,Predictor-Final,1,1,53,6
tworoom,33,prefix_b,Predictor-Observed,1,1,77,0
tworoom,33,prefix_b,Predictor-Learned,1,1,74,3
tworoom,33,prefix_b,Simulator-Final,1,1,53,6
tworoom,33,prefix_b,Simulator-Observed,1,1,77,5
tworoom,33,prefix_b,Simulator-Learned,1,1,71,1
tworoom,33,prefix_b,Displacement-Observed,1,1,92,7
tworoom,34,clean,Direct,1,1,32,0
tworoom,34,clean,Predictor-Final,1,1,54,7
tworoom,34,clean,Predictor-Observed,1,1,32,0
tworoom,34,clean,Predictor-Learned,1,1,96,3
tworoom,34,clean,Simulator-Final,1,1,88,6
tworoom,34,clean,Simulator-Observed,1,1,32,0
tworoom,34,clean,Simulator-Learned,1,1,96,3
tworoom,34,clean,Displacement-Observed,1,1,32,0
tworoom,34,prefix_a,Direct,1,1,54,0
tworoom,34,prefix_a,Predictor-Final,1,1,37,1
tworoom,34,prefix_a,Predictor-Observed,1,1,54,0
tworoom,34,prefix_a,Predictor-Learned,1,1,93,7
tworoom,34,prefix_a,Simulator-Final,1,1,54,0
tworoom,34,prefix_a,Simulator-Observed,1,1,54,0
tworoom,34,prefix_a,Simulator-Learned,1,1,93,7
tworoom,34,prefix_a,Displacement-Observed,1,1,54,0
tworoom,34,prefix_b,Direct,1,1,60,0
tworoom,34,prefix_b,Predictor-Final,1,1,76,5
tworoom,34,prefix_b,Predictor-Observed,1,1,60,0
tworoom,34,prefix_b,Predictor-Learned,1,1,83,6
tworoom,34,prefix_b,Simulator-Final,1,1,35,4
tworoom,34,prefix_b,Simulator-Observed,1,1,60,0
tworoom,34,prefix_b,Simulator-Learned,1,1,83,6
tworoom,34,prefix_b,Displacement-Observed,1,1,60,0
tworoom,35,clean,Direct,1,1,26,0
tworoom,35,clean,Predictor-Final,1,1,15,7
tworoom,35,clean,Predictor-Observed,1,1,26,0
tworoom,35,clean,Predictor-Learned,1,1,65,3
tworoom,35,clean,Simulator-Final,1,1,26,2
tworoom,35,clean,Simulator-Observed,1,1,26,0
tworoom,35,clean,Simulator-Learned,1,1,65,3
tworoom,35,clean,Displacement-Observed,1,1,26,0
tworoom,35,prefix_a,Direct,1,1,25,0
tworoom,35,prefix_a,Predictor-Final,1,1,26,1
tworoom,35,prefix_a,Predictor-Observed,1,1,25,0
tworoom,35,prefix_a,Predictor-Learned,1,1,64,6
tworoom,35,prefix_a,Simulator-Final,1,1,26,1
tworoom,35,prefix_a,Simulator-Observed,1,1,25,0
tworoom,35,prefix_a,Simulator-Learned,1,1,64,6
tworoom,35,prefix_a,Displacement-Observed,1,1,25,0
tworoom,35,prefix_b,Direct,1,1,26,0
tworoom,35,prefix_b,Predictor-Final,1,1,26,2
tworoom,35,prefix_b,Predictor-Observed,1,1,26,0
tworoom,35,prefix_b,Predictor-Learned,1,1,96,7
tworoom,35,prefix_b,Simulator-Final,1,1,26,2
tworoom,35,prefix_b,Simulator-Observed,1,1,26,0
tworoom,35,prefix_b,Simulator-Learned,1,1,96,7
tworoom,35,prefix_b,Displacement-Observed,1,1,26,0
tworoom,36,clean,Direct,1,1,98,0
tworoom,36,clean,Predictor-Final,1,1,79,7
tworoom,36,clean,Predictor-Observed,1,1,79,7
tworoom,36,clean,Predictor-Learned,1,1,79,7
tworoom,36,clean,Simulator-Final,1,1,79,7
tworoom,36,clean,Simulator-Observed,1,1,79,7
tworoom,36,clean,Simulator-Learned,1,1,79,7
tworoom,36,clean,Displacement-Observed,1,1,98,0
tworoom,36,prefix_a,Direct,1,1,97,0
tworoom,36,prefix_a,Predictor-Final,1,1,87,3
tworoom,36,prefix_a,Predictor-Observed,1,1,87,3
tworoom,36,prefix_a,Predictor-Learned,1,1,87,3
tworoom,36,prefix_a,Simulator-Final,1,1,87,3
tworoom,36,prefix_a,Simulator-Observed,1,1,87,3
tworoom,36,prefix_a,Simulator-Learned,1,1,87,3
tworoom,36,prefix_a,Displacement-Observed,1,1,97,0
tworoom,36,prefix_b,Direct,1,1,97,0
tworoom,36,prefix_b,Predictor-Final,1,1,94,5
tworoom,36,prefix_b,Predictor-Observed,1,1,92,4
tworoom,36,prefix_b,Predictor-Learned,1,1,94,5
tworoom,36,prefix_b,Simulator-Final,1,1,81,7
tworoom,36,prefix_b,Simulator-Observed,1,1,92,4
tworoom,36,prefix_b,Simulator-Learned,1,1,92,4
tworoom,36,prefix_b,Displacement-Observed,1,1,94,5
tworoom,37,clean,Direct,1,1,57,0
tworoom,37,clean,Predictor-Final,1,1,67,7
tworoom,37,clean,Predictor-Observed,1,1,87,4
tworoom,37,clean,Predictor-Learned,1,1,88,1
tworoom,37,clean,Simulator-Final,1,1,67,7
tworoom,37,clean,Simulator-Observed,1,1,87,4
tworoom,37,clean,Simulator-Learned,1,1,88,1
tworoom,37,clean,Displacement-Observed,1,1,87,4
tworoom,37,prefix_a,Direct,1,1,61,0
tworoom,37,prefix_a,Predictor-Final,1,1,57,1
tworoom,37,prefix_a,Predictor-Observed,1,1,61,0
tworoom,37,prefix_a,Predictor-Learned,1,1,57,1
tworoom,37,prefix_a,Simulator-Final,1,1,53,5
tworoom,37,prefix_a,Simulator-Observed,1,1,61,0
tworoom,37,prefix_a,Simulator-Learned,1,1,57,1
tworoom,37,prefix_a,Displacement-Observed,1,1,42,3
tworoom,37,prefix_b,Direct,1,1,87,0
tworoom,37,prefix_b,Predictor-Final,1,1,70,5
tworoom,37,prefix_b,Predictor-Observed,1,1,75,4
tworoom,37,prefix_b,Predictor-Learned,1,1,75,4
tworoom,37,prefix_b,Simulator-Final,1,1,55,2
tworoom,37,prefix_b,Simulator-Observed,1,1,75,4
tworoom,37,prefix_b,Simulator-Learned,1,1,75,4
tworoom,37,prefix_b,Displacement-Observed,1,1,87,0
tworoom,38,clean,Direct,1,1,91,0
tworoom,38,clean,Predictor-Final,1,1,85,6
tworoom,38,clean,Predictor-Observed,1,1,89,4
tworoom,38,clean,Predictor-Learned,1,1,96,1
tworoom,38,clean,Simulator-Final,1,1,89,5
tworoom,38,clean,Simulator-Observed,1,1,89,4
tworoom,38,clean,Simulator-Learned,1,1,96,1
tworoom,38,clean,Displacement-Observed,1,1,91,0
tworoom,38,prefix_a,Direct,1,1,82,0
tworoom,38,prefix_a,Predictor-Final,1,1,82,2
tworoom,38,prefix_a,Predictor-Observed,1,1,86,3
tworoom,38,prefix_a,Predictor-Learned,1,1,82,0
tworoom,38,prefix_a,Simulator-Final,1,1,82,2
tworoom,38,prefix_a,Simulator-Observed,1,1,86,3
tworoom,38,prefix_a,Simulator-Learned,1,1,82,0
tworoom,38,prefix_a,Displacement-Observed,1,1,82,0
tworoom,38,prefix_b,Direct,1,1,87,0
tworoom,38,prefix_b,Predictor-Final,1,1,87,0
tworoom,38,prefix_b,Predictor-Observed,1,1,87,0
tworoom,38,prefix_b,Predictor-Learned,1,1,87,7
tworoom,38,prefix_b,Simulator-Final,1,1,87,0
tworoom,38,prefix_b,Simulator-Observed,1,1,87,0
tworoom,38,prefix_b,Simulator-Learned,1,1,87,1
tworoom,38,prefix_b,Displacement-Observed,1,1,87,0
tworoom,39,clean,Direct,1,1,88,0
tworoom,39,clean,Predictor-Final,1,1,88,0
tworoom,39,clean,Predictor-Observed,1,1,88,0
tworoom,39,clean,Predictor-Learned,1,1,91,7
tworoom,39,clean,Simulator-Final,1,1,88,0
tworoom,39,clean,Simulator-Observed,1,1,88,0
tworoom,39,clean,Simulator-Learned,1,1,88,0
tworoom,39,clean,Displacement-Observed,1,1,88,0
tworoom,39,prefix_a,Direct,1,1,89,0
tworoom,39,prefix_a,Predictor-Final,1,1,78,1
tworoom,39,prefix_a,Predictor-Observed,1,1,89,0
tworoom,39,prefix_a,Predictor-Learned,1,1,89,0
tworoom,39,prefix_a,Simulator-Final,1,1,89,0
tworoom,39,prefix_a,Simulator-Observed,1,1,89,0
tworoom,39,prefix_a,Simulator-Learned,1,1,89,0
tworoom,39,prefix_a,Displacement-Observed,1,1,89,0
tworoom,39,prefix_b,Direct,1,1,82,0
tworoom,39,prefix_b,Predictor-Final,1,1,97,3
tworoom,39,prefix_b,Predictor-Observed,1,1,95,1
tworoom,39,prefix_b,Predictor-Learned,1,1,95,1
tworoom,39,prefix_b,Simulator-Final,1,1,97,3
tworoom,39,prefix_b,Simulator-Observed,1,1,95,1
tworoom,39,prefix_b,Simulator-Learned,1,1,95,1
tworoom,39,prefix_b,Displacement-Observed,1,1,95,1
tworoom,40,clean,Direct,1,1,90,0
tworoom,40,clean,Predictor-Final,1,1,27,5
tworoom,40,clean,Predictor-Observed,1,1,71,1
tworoom,40,clean,Predictor-Learned,1,1,90,0
tworoom,40,clean,Simulator-Final,1,1,71,1
tworoom,40,clean,Simulator-Observed,1,1,71,1
tworoom,40,clean,Simulator-Learned,1,1,90,4
tworoom,40,clean,Displacement-Observed,1,1,68,6
tworoom,40,prefix_a,Direct,1,1,96,0
tworoom,40,prefix_a,Predictor-Final,1,1,27,5
tworoom,40,prefix_a,Predictor-Observed,1,1,68,1
tworoom,40,prefix_a,Predictor-Learned,1,1,68,7
tworoom,40,prefix_a,Simulator-Final,1,1,94,6
tworoom,40,prefix_a,Simulator-Observed,1,1,94,6
tworoom,40,prefix_a,Simulator-Learned,1,1,68,7
tworoom,40,prefix_a,Displacement-Observed,1,1,96,0
tworoom,40,prefix_b,Direct,1,1,27,0
tworoom,40,prefix_b,Predictor-Final,1,1,68,6
tworoom,40,prefix_b,Predictor-Observed,1,1,92,1
tworoom,40,prefix_b,Predictor-Learned,1,1,29,4
tworoom,40,prefix_b,Simulator-Final,1,1,96,7
tworoom,40,prefix_b,Simulator-Observed,1,1,92,1
tworoom,40,prefix_b,Simulator-Learned,1,1,71,2
tworoom,40,prefix_b,Displacement-Observed,1,1,71,2
tworoom,41,clean,Direct,1,1,90,0
tworoom,41,clean,Predictor-Final,1,1,90,0
tworoom,41,clean,Predictor-Observed,1,1,90,0
tworoom,41,clean,Predictor-Learned,1,1,63,5
tworoom,41,clean,Simulator-Final,1,1,90,0
tworoom,41,clean,Simulator-Observed,1,1,90,0
tworoom,41,clean,Simulator-Learned,1,1,63,5
tworoom,41,clean,Displacement-Observed,1,1,90,0
tworoom,41,prefix_a,Direct,1,1,78,0
tworoom,41,prefix_a,Predictor-Final,1,1,78,0
tworoom,41,prefix_a,Predictor-Observed,1,1,78,0
tworoom,41,prefix_a,Predictor-Learned,1,1,92,5
tworoom,41,prefix_a,Simulator-Final,1,1,78,0
tworoom,41,prefix_a,Simulator-Observed,1,1,78,0
tworoom,41,prefix_a,Simulator-Learned,1,1,92,5
tworoom,41,prefix_a,Displacement-Observed,1,1,92,6
tworoom,41,prefix_b,Direct,1,1,92,0
tworoom,41,prefix_b,Predictor-Final,1,1,92,0
tworoom,41,prefix_b,Predictor-Observed,1,1,92,0
tworoom,41,prefix_b,Predictor-Learned,1,1,96,7
tworoom,41,prefix_b,Simulator-Final,1,1,92,0
tworoom,41,prefix_b,Simulator-Observed,1,1,92,0
tworoom,41,prefix_b,Simulator-Learned,1,1,96,7
tworoom,41,prefix_b,Displacement-Observed,1,1,92,0
tworoom,42,clean,Direct,1,1,79,0
tworoom,42,clean,Predictor-Final,1,1,97,2
tworoom,42,clean,Predictor-Observed,1,1,97,2
tworoom,42,clean,Predictor-Learned,1,1,80,7
tworoom,42,clean,Simulator-Final,1,1,97,2
tworoom,42,clean,Simulator-Observed,1,1,97,2
tworoom,42,clean,Simulator-Learned,1,1,80,7
tworoom,42,clean,Displacement-Observed,1,1,79,0
tworoom,42,prefix_a,Direct,1,1,94,0
tworoom,42,prefix_a,Predictor-Final,1,1,93,7
tworoom,42,prefix_a,Predictor-Observed,1,1,87,2
tworoom,42,prefix_a,Predictor-Learned,1,1,94,0
tworoom,42,prefix_a,Simulator-Final,1,1,87,5
tworoom,42,prefix_a,Simulator-Observed,1,1,96,1
tworoom,42,prefix_a,Simulator-Learned,1,1,94,0
tworoom,42,prefix_a,Displacement-Observed,1,1,87,2
tworoom,42,prefix_b,Direct,1,1,97,0
tworoom,42,prefix_b,Predictor-Final,1,1,85,6
tworoom,42,prefix_b,Predictor-Observed,1,1,92,1
tworoom,42,prefix_b,Predictor-Learned,1,1,89,2
tworoom,42,prefix_b,Simulator-Final,1,1,85,6
tworoom,42,prefix_b,Simulator-Observed,1,1,92,1
tworoom,42,prefix_b,Simulator-Learned,1,1,89,2
tworoom,42,prefix_b,Displacement-Observed,1,1,92,1
tworoom,43,clean,Direct,1,1,84,0
tworoom,43,clean,Predictor-Final,1,1,90,5
tworoom,43,clean,Predictor-Observed,1,1,82,7
tworoom,43,clean,Predictor-Learned,1,1,55,6
tworoom,43,clean,Simulator-Final,1,1,94,2
tworoom,43,clean,Simulator-Observed,1,1,82,7
tworoom,43,clean,Simulator-Learned,1,1,55,6
tworoom,43,clean,Displacement-Observed,1,1,84,0
tworoom,43,prefix_a,Direct,1,1,85,0
tworoom,43,prefix_a,Predictor-Final,1,1,96,5
tworoom,43,prefix_a,Predictor-Observed,1,1,85,0
tworoom,43,prefix_a,Predictor-Learned,1,1,91,7
tworoom,43,prefix_a,Simulator-Final,1,1,96,5
tworoom,43,prefix_a,Simulator-Observed,1,1,85,0
tworoom,43,prefix_a,Simulator-Learned,1,1,91,7
tworoom,43,prefix_a,Displacement-Observed,1,1,85,0
tworoom,43,prefix_b,Direct,1,1,64,0
tworoom,43,prefix_b,Predictor-Final,1,1,92,5
tworoom,43,prefix_b,Predictor-Observed,1,1,60,6
tworoom,43,prefix_b,Predictor-Learned,1,1,81,7
tworoom,43,prefix_b,Simulator-Final,1,1,94,2
tworoom,43,prefix_b,Simulator-Observed,1,1,60,6
tworoom,43,prefix_b,Simulator-Learned,1,1,81,7
tworoom,43,prefix_b,Displacement-Observed,1,1,64,0
tworoom,44,clean,Direct,1,1,96,0
tworoom,44,clean,Predictor-Final,1,1,81,1
tworoom,44,clean,Predictor-Observed,1,1,97,5
tworoom,44,clean,Predictor-Learned,1,1,81,3
tworoom,44,clean,Simulator-Final,1,1,81,3
tworoom,44,clean,Simulator-Observed,1,1,95,7
tworoom,44,clean,Simulator-Learned,1,1,81,3
tworoom,44,clean,Displacement-Observed,1,1,97,5
tworoom,44,prefix_a,Direct,1,1,93,0
tworoom,44,prefix_a,Predictor-Final,1,1,88,2
tworoom,44,prefix_a,Predictor-Observed,1,1,94,3
tworoom,44,prefix_a,Predictor-Learned,1,1,98,7
tworoom,44,prefix_a,Simulator-Final,1,1,93,0
tworoom,44,prefix_a,Simulator-Observed,1,1,94,3
tworoom,44,prefix_a,Simulator-Learned,1,1,98,7
tworoom,44,prefix_a,Displacement-Observed,1,1,93,0
tworoom,44,prefix_b,Direct,1,1,86,0
tworoom,44,prefix_b,Predictor-Final,1,1,94,3
tworoom,44,prefix_b,Predictor-Observed,1,1,91,4
tworoom,44,prefix_b,Predictor-Learned,1,1,86,0
tworoom,44,prefix_b,Simulator-Final,1,1,87,7
tworoom,44,prefix_b,Simulator-Observed,1,1,91,4
tworoom,44,prefix_b,Simulator-Learned,1,1,86,0
tworoom,44,prefix_b,Displacement-Observed,1,1,86,0
tworoom,45,clean,Direct,1,1,97,0
tworoom,45,clean,Predictor-Final,1,1,97,1
tworoom,45,clean,Predictor-Observed,1,1,97,0
tworoom,45,clean,Predictor-Learned,1,1,97,1
tworoom,45,clean,Simulator-Final,1,1,97,1
tworoom,45,clean,Simulator-Observed,1,1,97,1
tworoom,45,clean,Simulator-Learned,1,1,97,1
tworoom,45,clean,Displacement-Observed,1,1,97,0
tworoom,45,prefix_a,Direct,1,1,93,0
tworoom,45,prefix_a,Predictor-Final,1,1,83,3
tworoom,45,prefix_a,Predictor-Observed,1,1,93,0
tworoom,45,prefix_a,Predictor-Learned,1,1,83,3
tworoom,45,prefix_a,Simulator-Final,1,1,83,3
tworoom,45,prefix_a,Simulator-Observed,1,1,93,0
tworoom,45,prefix_a,Simulator-Learned,1,1,83,3
tworoom,45,prefix_a,Displacement-Observed,1,1,93,0
tworoom,45,prefix_b,Direct,1,1,88,0
tworoom,45,prefix_b,Predictor-Final,1,1,88,0
tworoom,45,prefix_b,Predictor-Observed,1,1,88,6
tworoom,45,prefix_b,Predictor-Learned,1,1,88,0
tworoom,45,prefix_b,Simulator-Final,1,1,88,0
tworoom,45,prefix_b,Simulator-Observed,1,1,77,2
tworoom,45,prefix_b,Simulator-Learned,1,1,88,0
tworoom,45,prefix_b,Displacement-Observed,1,1,88,0
tworoom,46,clean,Direct,1,1,61,0
tworoom,46,clean,Predictor-Final,1,1,47,5
tworoom,46,clean,Predictor-Observed,1,1,61,0
tworoom,46,clean,Predictor-Learned,1,1,96,3
tworoom,46,clean,Simulator-Final,1,1,86,1
tworoom,46,clean,Simulator-Observed,1,1,61,0
tworoom,46,clean,Simulator-Learned,1,1,96,3
tworoom,46,clean,Displacement-Observed,1,1,61,0
tworoom,46,prefix_a,Direct,1,1,77,0
tworoom,46,prefix_a,Predictor-Final,1,1,76,4
tworoom,46,prefix_a,Predictor-Observed,1,1,46,2
tworoom,46,prefix_a,Predictor-Learned,1,1,90,7
tworoom,46,prefix_a,Simulator-Final,1,1,86,1
tworoom,46,prefix_a,Simulator-Observed,1,1,46,2
tworoom,46,prefix_a,Simulator-Learned,1,1,90,7
tworoom,46,prefix_a,Displacement-Observed,1,1,77,0
tworoom,46,prefix_b,Direct,1,1,92,0
tworoom,46,prefix_b,Predictor-Final,1,1,80,4
tworoom,46,prefix_b,Predictor-Observed,1,1,58,7
tworoom,46,prefix_b,Predictor-Learned,1,1,92,0
tworoom,46,prefix_b,Simulator-Final,1,1,92,2
tworoom,46,prefix_b,Simulator-Observed,1,1,58,7
tworoom,46,prefix_b,Simulator-Learned,1,1,92,0
tworoom,46,prefix_b,Displacement-Observed,1,1,92,0
tworoom,47,clean,Direct,1,1,86,0
tworoom,47,clean,Predictor-Final,1,1,89,7
tworoom,47,clean,Predictor-Observed,1,1,97,3
tworoom,47,clean,Predictor-Learned,1,1,84,6
tworoom,47,clean,Simulator-Final,1,1,89,7
tworoom,47,clean,Simulator-Observed,1,1,97,3
tworoom,47,clean,Simulator-Learned,1,1,84,6
tworoom,47,clean,Displacement-Observed,1,1,86,0
tworoom,47,prefix_a,Direct,1,1,86,0
tworoom,47,prefix_a,Predictor-Final,1,1,92,7
tworoom,47,prefix_a,Predictor-Observed,1,1,82,3
tworoom,47,prefix_a,Predictor-Learned,1,1,84,6
tworoom,47,prefix_a,Simulator-Final,1,1,92,7
tworoom,47,prefix_a,Simulator-Observed,1,1,82,3
tworoom,47,prefix_a,Simulator-Learned,1,1,84,6
tworoom,47,prefix_a,Displacement-Observed,1,1,86,0
tworoom,47,prefix_b,Direct,1,1,91,0
tworoom,47,prefix_b,Predictor-Final,1,1,90,5
tworoom,47,prefix_b,Predictor-Observed,1,1,91,0
tworoom,47,prefix_b,Predictor-Learned,1,1,90,5
tworoom,47,prefix_b,Simulator-Final,1,1,90,5
tworoom,47,prefix_b,Simulator-Observed,1,1,91,0
tworoom,47,prefix_b,Simulator-Learned,1,1,90,5
tworoom,47,prefix_b,Displacement-Observed,1,1,91,0
tworoom,48,clean,Direct,1,1,74,0
tworoom,48,clean,Predictor-Final,1,1,75,1
tworoom,48,clean,Predictor-Observed,1,1,74,0
tworoom,48,clean,Predictor-Learned,1,1,74,5
tworoom,48,clean,Simulator-Final,1,1,74,4
tworoom,48,clean,Simulator-Observed,1,1,74,0
tworoom,48,clean,Simulator-Learned,1,1,74,5
tworoom,48,clean,Displacement-Observed,1,1,74,0
tworoom,48,prefix_a,Direct,1,1,36,0
tworoom,48,prefix_a,Predictor-Final,1,1,42,5
tworoom,48,prefix_a,Predictor-Observed,1,1,36,0
tworoom,48,prefix_a,Predictor-Learned,1,1,63,1
tworoom,48,prefix_a,Simulator-Final,1,1,93,6
tworoom,48,prefix_a,Simulator-Observed,1,1,36,0
tworoom,48,prefix_a,Simulator-Learned,1,1,63,1
tworoom,48,prefix_a,Displacement-Observed,1,1,36,0
tworoom,48,prefix_b,Direct,1,1,25,0
tworoom,48,prefix_b,Predictor-Final,1,1,93,6
tworoom,48,prefix_b,Predictor-Observed,1,1,25,1
tworoom,48,prefix_b,Predictor-Learned,1,1,18,5
tworoom,48,prefix_b,Simulator-Final,1,1,93,6
tworoom,48,prefix_b,Simulator-Observed,1,1,25,0
tworoom,48,prefix_b,Simulator-Learned,1,1,18,5
tworoom,48,prefix_b,Displacement-Observed,1,1,26,2
tworoom,49,clean,Direct,1,1,75,0
tworoom,49,clean,Predictor-Final,1,1,70,5
tworoom,49,clean,Predictor-Observed,1,1,75,0
tworoom,49,clean,Predictor-Learned,1,1,97,2
tworoom,49,clean,Simulator-Final,1,1,93,6
tworoom,49,clean,Simulator-Observed,1,1,75,0
tworoom,49,clean,Simulator-Learned,1,1,97,2
tworoom,49,clean,Displacement-Observed,1,1,75,0
tworoom,49,prefix_a,Direct,1,1,98,0
tworoom,49,prefix_a,Predictor-Final,1,1,94,4
tworoom,49,prefix_a,Predictor-Observed,1,1,98,0
tworoom,49,prefix_a,Predictor-Learned,1,1,93,7
tworoom,49,prefix_a,Simulator-Final,1,1,93,1
tworoom,49,prefix_a,Simulator-Observed,1,1,98,0
tworoom,49,prefix_a,Simulator-Learned,1,1,93,7
tworoom,49,prefix_a,Displacement-Observed,1,1,98,0
tworoom,49,prefix_b,Direct,1,1,80,0
tworoom,49,prefix_b,Predictor-Final,1,1,91,5
tworoom,49,prefix_b,Predictor-Observed,1,1,80,0
tworoom,49,prefix_b,Predictor-Learned,1,1,80,0
tworoom,49,prefix_b,Simulator-Final,1,1,86,6
tworoom,49,prefix_b,Simulator-Observed,1,1,80,0
tworoom,49,prefix_b,Simulator-Learned,1,1,80,0
tworoom,49,prefix_b,Displacement-Observed,1,1,80,0
tworoom,50,clean,Direct,1,1,98,0
tworoom,50,clean,Predictor-Final,1,1,82,2
tworoom,50,clean,Predictor-Observed,1,1,98,0
tworoom,50,clean,Predictor-Learned,1,1,93,1
tworoom,50,clean,Simulator-Final,1,1,82,2
tworoom,50,clean,Simulator-Observed,1,1,94,4
tworoom,50,clean,Simulator-Learned,1,1,98,0
tworoom,50,clean,Displacement-Observed,1,1,98,0
tworoom,50,prefix_a,Direct,1,1,89,0
tworoom,50,prefix_a,Predictor-Final,1,1,98,2
tworoom,50,prefix_a,Predictor-Observed,1,1,89,0
tworoom,50,prefix_a,Predictor-Learned,1,1,93,5
tworoom,50,prefix_a,Simulator-Final,1,1,98,2
tworoom,50,prefix_a,Simulator-Observed,1,1,89,0
tworoom,50,prefix_a,Simulator-Learned,1,1,93,5
tworoom,50,prefix_a,Displacement-Observed,1,1,89,0
tworoom,50,prefix_b,Direct,1,1,98,0
tworoom,50,prefix_b,Predictor-Final,1,1,97,7
tworoom,50,prefix_b,Predictor-Observed,1,1,92,3
tworoom,50,prefix_b,Predictor-Learned,1,1,98,0
tworoom,50,prefix_b,Simulator-Final,1,1,92,4
tworoom,50,prefix_b,Simulator-Observed,1,1,92,3
tworoom,50,prefix_b,Simulator-Learned,1,1,98,0
tworoom,50,prefix_b,Displacement-Observed,1,1,97,2
tworoom,51,clean,Direct,1,1,63,0
tworoom,51,clean,Predictor-Final,1,1,60,5
tworoom,51,clean,Predictor-Observed,1,1,77,7
tworoom,51,clean,Predictor-Learned,1,1,89,1
tworoom,51,clean,Simulator-Final,1,1,77,7
tworoom,51,clean,Simulator-Observed,1,1,77,7
tworoom,51,clean,Simulator-Learned,1,1,89,1
tworoom,51,clean,Displacement-Observed,1,1,63,0
tworoom,51,prefix_a,Direct,1,1,65,0
tworoom,51,prefix_a,Predictor-Final,1,1,67,1
tworoom,51,prefix_a,Predictor-Observed,1,1,86,6
tworoom,51,prefix_a,Predictor-Learned,1,1,65,0
tworoom,51,prefix_a,Simulator-Final,1,1,67,1
tworoom,51,prefix_a,Simulator-Observed,1,1,86,6
tworoom,51,prefix_a,Simulator-Learned,1,1,65,0
tworoom,51,prefix_a,Displacement-Observed,1,1,65,0
tworoom,51,prefix_b,Direct,1,1,69,0
tworoom,51,prefix_b,Predictor-Final,1,1,73,6
tworoom,51,prefix_b,Predictor-Observed,1,1,54,2
tworoom,51,prefix_b,Predictor-Learned,1,1,75,3
tworoom,51,prefix_b,Simulator-Final,1,1,69,0
tworoom,51,prefix_b,Simulator-Observed,1,1,54,2
tworoom,51,prefix_b,Simulator-Learned,1,1,75,3
tworoom,51,prefix_b,Displacement-Observed,1,1,69,0
tworoom,52,clean,Direct,1,1,91,0
tworoom,52,clean,Predictor-Final,1,1,90,5
tworoom,52,clean,Predictor-Observed,1,1,98,1
tworoom,52,clean,Predictor-Learned,1,1,90,6
tworoom,52,clean,Simulator-Final,1,1,90,5
tworoom,52,clean,Simulator-Observed,1,1,98,1
tworoom,52,clean,Simulator-Learned,1,1,90,6
tworoom,52,clean,Displacement-Observed,1,1,91,0
tworoom,52,prefix_a,Direct,1,1,96,0
tworoom,52,prefix_a,Predictor-Final,1,1,96,6
tworoom,52,prefix_a,Predictor-Observed,1,1,91,3
tworoom,52,prefix_a,Predictor-Learned,1,1,77,1
tworoom,52,prefix_a,Simulator-Final,1,1,96,6
tworoom,52,prefix_a,Simulator-Observed,1,1,91,3
tworoom,52,prefix_a,Simulator-Learned,1,1,77,1
tworoom,52,prefix_a,Displacement-Observed,1,1,96,0
tworoom,52,prefix_b,Direct,1,1,92,0
tworoom,52,prefix_b,Predictor-Final,1,1,97,6
tworoom,52,prefix_b,Predictor-Observed,1,1,97,1
tworoom,52,prefix_b,Predictor-Learned,1,1,92,0
tworoom,52,prefix_b,Simulator-Final,1,1,97,6
tworoom,52,prefix_b,Simulator-Observed,1,1,97,1
tworoom,52,prefix_b,Simulator-Learned,1,1,94,5
tworoom,52,prefix_b,Displacement-Observed,1,1,92,0
tworoom,53,clean,Direct,1,1,86,0
tworoom,53,clean,Predictor-Final,1,1,92,4
tworoom,53,clean,Predictor-Observed,1,1,86,0
tworoom,53,clean,Predictor-Learned,1,1,95,3
tworoom,53,clean,Simulator-Final,1,1,92,4
tworoom,53,clean,Simulator-Observed,1,1,86,0
tworoom,53,clean,Simulator-Learned,1,1,95,3
tworoom,53,clean,Displacement-Observed,1,1,86,0
tworoom,53,prefix_a,Direct,1,1,92,0
tworoom,53,prefix_a,Predictor-Final,1,1,95,7
tworoom,53,prefix_a,Predictor-Observed,1,1,88,1
tworoom,53,prefix_a,Predictor-Learned,1,1,92,0
tworoom,53,prefix_a,Simulator-Final,1,1,95,7
tworoom,53,prefix_a,Simulator-Observed,1,1,88,1
tworoom,53,prefix_a,Simulator-Learned,1,1,92,0
tworoom,53,prefix_a,Displacement-Observed,1,1,88,1
tworoom,53,prefix_b,Direct,1,1,89,0
tworoom,53,prefix_b,Predictor-Final,1,1,90,1
tworoom,53,prefix_b,Predictor-Observed,1,1,97,4
tworoom,53,prefix_b,Predictor-Learned,1,1,90,1
tworoom,53,prefix_b,Simulator-Final,1,1,97,7
tworoom,53,prefix_b,Simulator-Observed,1,1,97,4
tworoom,53,prefix_b,Simulator-Learned,1,1,90,1
tworoom,53,prefix_b,Displacement-Observed,1,1,97,4
tworoom,54,clean,Direct,1,1,81,0
tworoom,54,clean,Predictor-Final,1,1,93,4
tworoom,54,clean,Predictor-Observed,1,1,94,7
tworoom,54,clean,Predictor-Learned,1,1,89,2
tworoom,54,clean,Simulator-Final,1,1,88,5
tworoom,54,clean,Simulator-Observed,1,1,94,7
tworoom,54,clean,Simulator-Learned,1,1,89,2
tworoom,54,clean,Displacement-Observed,1,1,69,6
tworoom,54,prefix_a,Direct,1,1,97,0
tworoom,54,prefix_a,Predictor-Final,1,1,94,7
tworoom,54,prefix_a,Predictor-Observed,1,1,82,6
tworoom,54,prefix_a,Predictor-Learned,1,1,82,6
tworoom,54,prefix_a,Simulator-Final,1,1,94,7
tworoom,54,prefix_a,Simulator-Observed,1,1,94,2
tworoom,54,prefix_a,Simulator-Learned,1,1,82,6
tworoom,54,prefix_a,Displacement-Observed,1,1,98,1
tworoom,54,prefix_b,Direct,1,1,96,0
tworoom,54,prefix_b,Predictor-Final,1,1,83,2
tworoom,54,prefix_b,Predictor-Observed,1,1,99,6
tworoom,54,prefix_b,Predictor-Learned,1,1,97,5
tworoom,54,prefix_b,Simulator-Final,1,1,83,2
tworoom,54,prefix_b,Simulator-Observed,1,1,99,6
tworoom,54,prefix_b,Simulator-Learned,1,1,97,5
tworoom,54,prefix_b,Displacement-Observed,1,1,99,6
tworoom,55,clean,Direct,1,1,75,0
tworoom,55,clean,Predictor-Final,1,1,93,3
tworoom,55,clean,Predictor-Observed,1,1,87,6
tworoom,55,clean,Predictor-Learned,1,1,87,6
tworoom,55,clean,Simulator-Final,1,1,93,3
tworoom,55,clean,Simulator-Observed,1,1,87,6
tworoom,55,clean,Simulator-Learned,1,1,87,6
tworoom,55,clean,Displacement-Observed,1,1,75,0
tworoom,55,prefix_a,Direct,1,1,91,0
tworoom,55,prefix_a,Predictor-Final,1,1,94,1
tworoom,55,prefix_a,Predictor-Observed,1,1,76,5
tworoom,55,prefix_a,Predictor-Learned,1,1,88,4
tworoom,55,prefix_a,Simulator-Final,1,1,94,1
tworoom,55,prefix_a,Simulator-Observed,1,1,76,5
tworoom,55,prefix_a,Simulator-Learned,1,1,88,4
tworoom,55,prefix_a,Displacement-Observed,1,1,91,0
tworoom,55,prefix_b,Direct,1,1,88,0
tworoom,55,prefix_b,Predictor-Final,1,1,90,7
tworoom,55,prefix_b,Predictor-Observed,1,1,88,0
tworoom,55,prefix_b,Predictor-Learned,1,1,90,7
tworoom,55,prefix_b,Simulator-Final,1,1,90,7
tworoom,55,prefix_b,Simulator-Observed,1,1,88,0
tworoom,55,prefix_b,Simulator-Learned,1,1,90,7
tworoom,55,prefix_b,Displacement-Observed,1,1,88,0
tworoom,56,clean,Direct,1,1,94,0
tworoom,56,clean,Predictor-Final,1,1,97,7
tworoom,56,clean,Predictor-Observed,1,1,94,0
tworoom,56,clean,Predictor-Learned,1,1,94,1
tworoom,56,clean,Simulator-Final,1,1,94,0
tworoom,56,clean,Simulator-Observed,1,1,82,4
tworoom,56,clean,Simulator-Learned,1,1,82,4
tworoom,56,clean,Displacement-Observed,1,1,94,0
tworoom,56,prefix_a,Direct,1,1,82,0
tworoom,56,prefix_a,Predictor-Final,1,1,73,7
tworoom,56,prefix_a,Predictor-Observed,1,1,82,0
tworoom,56,prefix_a,Predictor-Learned,1,1,94,1
tworoom,56,prefix_a,Simulator-Final,1,1,82,0
tworoom,56,prefix_a,Simulator-Observed,1,1,82,0
tworoom,56,prefix_a,Simulator-Learned,1,1,94,1
tworoom,56,prefix_a,Displacement-Observed,1,1,82,0
tworoom,56,prefix_b,Direct,1,1,80,0
tworoom,56,prefix_b,Predictor-Final,1,1,95,6
tworoom,56,prefix_b,Predictor-Observed,1,1,97,1
tworoom,56,prefix_b,Predictor-Learned,1,1,89,7
tworoom,56,prefix_b,Simulator-Final,1,1,97,1
tworoom,56,prefix_b,Simulator-Observed,1,1,97,1
tworoom,56,prefix_b,Simulator-Learned,1,1,80,0
tworoom,56,prefix_b,Displacement-Observed,1,1,94,2
tworoom,57,clean,Direct,1,1,84,0
tworoom,57,clean,Predictor-Final,1,1,92,6
tworoom,57,clean,Predictor-Observed,1,1,45,2
tworoom,57,clean,Predictor-Learned,1,1,92,6
tworoom,57,clean,Simulator-Final,1,1,78,5
tworoom,57,clean,Simulator-Observed,1,1,45,2
tworoom,57,clean,Simulator-Learned,1,1,92,6
tworoom,57,clean,Displacement-Observed,1,1,45,2
tworoom,57,prefix_a,Direct,1,1,68,0
tworoom,57,prefix_a,Predictor-Final,1,1,83,1
tworoom,57,prefix_a,Predictor-Observed,1,1,67,5
tworoom,57,prefix_a,Predictor-Learned,1,1,68,0
tworoom,57,prefix_a,Simulator-Final,1,1,83,1
tworoom,57,prefix_a,Simulator-Observed,1,1,67,5
tworoom,57,prefix_a,Simulator-Learned,1,1,68,0
tworoom,57,prefix_a,Displacement-Observed,1,1,67,5
tworoom,57,prefix_b,Direct,1,1,94,0
tworoom,57,prefix_b,Predictor-Final,1,1,61,2
tworoom,57,prefix_b,Predictor-Observed,1,1,94,0
tworoom,57,prefix_b,Predictor-Learned,1,1,61,2
tworoom,57,prefix_b,Simulator-Final,1,1,61,2
tworoom,57,prefix_b,Simulator-Observed,1,1,94,0
tworoom,57,prefix_b,Simulator-Learned,1,1,61,2
tworoom,57,prefix_b,Displacement-Observed,1,1,94,0
tworoom,58,clean,Direct,1,1,98,0
tworoom,58,clean,Predictor-Final,1,1,89,1
tworoom,58,clean,Predictor-Observed,1,1,98,4
tworoom,58,clean,Predictor-Learned,1,1,82,2
tworoom,58,clean,Simulator-Final,1,1,89,1
tworoom,58,clean,Simulator-Observed,1,1,98,0
tworoom,58,clean,Simulator-Learned,1,1,82,2
tworoom,58,clean,Displacement-Observed,1,1,98,0
tworoom,58,prefix_a,Direct,1,1,96,0
tworoom,58,prefix_a,Predictor-Final,1,1,88,4
tworoom,58,prefix_a,Predictor-Observed,1,1,88,4
tworoom,58,prefix_a,Predictor-Learned,1,1,96,0
tworoom,58,prefix_a,Simulator-Final,1,1,88,4
tworoom,58,prefix_a,Simulator-Observed,1,1,88,4
tworoom,58,prefix_a,Simulator-Learned,1,1,96,0
tworoom,58,prefix_a,Displacement-Observed,1,1,88,4
tworoom,58,prefix_b,Direct,1,1,97,0
tworoom,58,prefix_b,Predictor-Final,1,1,95,4
tworoom,58,prefix_b,Predictor-Observed,1,1,97,0
tworoom,58,prefix_b,Predictor-Learned,1,1,95,4
tworoom,58,prefix_b,Simulator-Final,1,1,84,2
tworoom,58,prefix_b,Simulator-Observed,1,1,97,0
tworoom,58,prefix_b,Simulator-Learned,1,1,95,4
tworoom,58,prefix_b,Displacement-Observed,1,1,97,0
tworoom,59,clean,Direct,1,1,65,0
tworoom,59,clean,Predictor-Final,1,1,50,5
tworoom,59,clean,Predictor-Observed,1,1,59,7
tworoom,59,clean,Predictor-Learned,1,1,83,1
tworoom,59,clean,Simulator-Final,1,1,64,3
tworoom,59,clean,Simulator-Observed,1,1,64,4
tworoom,59,clean,Simulator-Learned,1,1,83,1
tworoom,59,clean,Displacement-Observed,1,1,65,0
tworoom,59,prefix_a,Direct,1,1,66,0
tworoom,59,prefix_a,Predictor-Final,1,1,82,7
tworoom,59,prefix_a,Predictor-Observed,1,1,66,0
tworoom,59,prefix_a,Predictor-Learned,1,1,68,3
tworoom,59,prefix_a,Simulator-Final,1,1,80,4
tworoom,59,prefix_a,Simulator-Observed,1,1,66,0
tworoom,59,prefix_a,Simulator-Learned,1,1,68,3
tworoom,59,prefix_a,Displacement-Observed,1,1,66,0
tworoom,59,prefix_b,Direct,1,1,91,0
tworoom,59,prefix_b,Predictor-Final,1,1,40,7
tworoom,59,prefix_b,Predictor-Observed,1,1,49,1
tworoom,59,prefix_b,Predictor-Learned,1,1,77,2
tworoom,59,prefix_b,Simulator-Final,1,1,61,3
tworoom,59,prefix_b,Simulator-Observed,1,1,49,1
tworoom,59,prefix_b,Simulator-Learned,1,1,77,2
tworoom,59,prefix_b,Displacement-Observed,1,1,91,0
tworoom,60,clean,Direct,1,1,27,0
tworoom,60,clean,Predictor-Final,1,1,98,5
tworoom,60,clean,Predictor-Observed,1,1,94,7
tworoom,60,clean,Predictor-Learned,1,1,97,4
tworoom,60,clean,Simulator-Final,1,1,98,1
tworoom,60,clean,Simulator-Observed,1,1,94,7
tworoom,60,clean,Simulator-Learned,1,1,97,4
tworoom,60,clean,Displacement-Observed,1,1,27,0
tworoom,60,prefix_a,Direct,1,1,98,0
tworoom,60,prefix_a,Predictor-Final,1,1,98,2
tworoom,60,prefix_a,Predictor-Observed,1,1,98,5
tworoom,60,prefix_a,Predictor-Learned,1,1,85,4
tworoom,60,prefix_a,Simulator-Final,1,1,98,0
tworoom,60,prefix_a,Simulator-Observed,1,1,98,5
tworoom,60,prefix_a,Simulator-Learned,1,1,85,4
tworoom,60,prefix_a,Displacement-Observed,1,1,98,2
tworoom,60,prefix_b,Direct,1,1,83,0
tworoom,60,prefix_b,Predictor-Final,1,1,83,7
tworoom,60,prefix_b,Predictor-Observed,1,1,83,7
tworoom,60,prefix_b,Predictor-Learned,1,1,64,6
tworoom,60,prefix_b,Simulator-Final,1,1,24,5
tworoom,60,prefix_b,Simulator-Observed,1,1,83,7
tworoom,60,prefix_b,Simulator-Learned,1,1,64,6
tworoom,60,prefix_b,Displacement-Observed,1,1,83,0
tworoom,61,clean,Direct,1,1,84,0
tworoom,61,clean,Predictor-Final,1,1,84,5
tworoom,61,clean,Predictor-Observed,1,1,96,6
tworoom,61,clean,Predictor-Learned,1,1,78,7
tworoom,61,clean,Simulator-Final,1,1,94,4
tworoom,61,clean,Simulator-Observed,1,1,96,6
tworoom,61,clean,Simulator-Learned,1,1,78,7
tworoom,61,clean,Displacement-Observed,1,1,84,0
tworoom,61,prefix_a,Direct,1,1,94,0
tworoom,61,prefix_a,Predictor-Final,1,1,91,6
tworoom,61,prefix_a,Predictor-Observed,1,1,88,5
tworoom,61,prefix_a,Predictor-Learned,1,1,92,1
tworoom,61,prefix_a,Simulator-Final,1,1,91,6
tworoom,61,prefix_a,Simulator-Observed,1,1,88,5
tworoom,61,prefix_a,Simulator-Learned,1,1,92,1
tworoom,61,prefix_a,Displacement-Observed,1,1,94,0
tworoom,61,prefix_b,Direct,1,1,94,0
tworoom,61,prefix_b,Predictor-Final,1,1,78,5
tworoom,61,prefix_b,Predictor-Observed,1,1,94,0
tworoom,61,prefix_b,Predictor-Learned,1,1,94,0
tworoom,61,prefix_b,Simulator-Final,1,1,78,5
tworoom,61,prefix_b,Simulator-Observed,1,1,94,0
tworoom,61,prefix_b,Simulator-Learned,1,1,94,0
tworoom,61,prefix_b,Displacement-Observed,1,1,94,0
tworoom,62,clean,Direct,1,1,87,0
tworoom,62,clean,Predictor-Final,1,1,87,0
tworoom,62,clean,Predictor-Observed,1,1,98,2
tworoom,62,clean,Predictor-Learned,1,1,97,4
tworoom,62,clean,Simulator-Final,1,1,87,0
tworoom,62,clean,Simulator-Observed,1,1,98,2
tworoom,62,clean,Simulator-Learned,1,1,98,1
tworoom,62,clean,Displacement-Observed,1,1,98,2
tworoom,62,prefix_a,Direct,1,1,93,0
tworoom,62,prefix_a,Predictor-Final,1,1,95,6
tworoom,62,prefix_a,Predictor-Observed,1,0,200,2
tworoom,62,prefix_a,Predictor-Learned,1,0,200,7
tworoom,62,prefix_a,Simulator-Final,1,1,95,6
tworoom,62,prefix_a,Simulator-Observed,1,0,200,2
tworoom,62,prefix_a,Simulator-Learned,1,0,200,7
tworoom,62,prefix_a,Displacement-Observed,1,1,95,6
tworoom,62,prefix_b,Direct,1,1,99,0
tworoom,62,prefix_b,Predictor-Final,1,1,99,0
tworoom,62,prefix_b,Predictor-Observed,1,1,99,0
tworoom,62,prefix_b,Predictor-Learned,1,1,99,0
tworoom,62,prefix_b,Simulator-Final,1,1,99,0
tworoom,62,prefix_b,Simulator-Observed,1,1,99,0
tworoom,62,prefix_b,Simulator-Learned,1,1,99,0
tworoom,62,prefix_b,Displacement-Observed,1,1,99,0
tworoom,63,clean,Direct,1,1,88,0
tworoom,63,clean,Predictor-Final,1,1,72,4
tworoom,63,clean,Predictor-Observed,1,1,56,6
tworoom,63,clean,Predictor-Learned,1,1,88,7
tworoom,63,clean,Simulator-Final,1,1,69,3
tworoom,63,clean,Simulator-Observed,1,1,56,6
tworoom,63,clean,Simulator-Learned,1,1,88,7
tworoom,63,clean,Displacement-Observed,1,1,72,4
tworoom,63,prefix_a,Direct,1,1,78,0
tworoom,63,prefix_a,Predictor-Final,1,1,78,0
tworoom,63,prefix_a,Predictor-Observed,1,1,78,0
tworoom,63,prefix_a,Predictor-Learned,1,1,64,2
tworoom,63,prefix_a,Simulator-Final,1,1,78,0
tworoom,63,prefix_a,Simulator-Observed,1,1,78,0
tworoom,63,prefix_a,Simulator-Learned,1,1,64,2
tworoom,63,prefix_a,Displacement-Observed,1,1,78,0
tworoom,63,prefix_b,Direct,1,1,49,0
tworoom,63,prefix_b,Predictor-Final,1,1,74,6
tworoom,63,prefix_b,Predictor-Observed,1,1,49,0
tworoom,63,prefix_b,Predictor-Learned,1,1,90,3
tworoom,63,prefix_b,Simulator-Final,1,1,49,0
tworoom,63,prefix_b,Simulator-Observed,1,1,49,0
tworoom,63,prefix_b,Simulator-Learned,1,1,90,3
tworoom,63,prefix_b,Displacement-Observed,1,1,49,0
tworoom,64,clean,Direct,1,1,79,0
tworoom,64,clean,Predictor-Final,1,1,97,1
tworoom,64,clean,Predictor-Observed,1,1,96,6
tworoom,64,clean,Predictor-Learned,1,1,90,7
tworoom,64,clean,Simulator-Final,1,1,97,1
tworoom,64,clean,Simulator-Observed,1,1,96,6
tworoom,64,clean,Simulator-Learned,1,1,90,7
tworoom,64,clean,Displacement-Observed,1,1,79,0
tworoom,64,prefix_a,Direct,1,1,94,0
tworoom,64,prefix_a,Predictor-Final,1,1,97,2
tworoom,64,prefix_a,Predictor-Observed,1,1,81,6
tworoom,64,prefix_a,Predictor-Learned,1,1,91,1
tworoom,64,prefix_a,Simulator-Final,1,1,81,6
tworoom,64,prefix_a,Simulator-Observed,1,1,81,6
tworoom,64,prefix_a,Simulator-Learned,1,1,91,1
tworoom,64,prefix_a,Displacement-Observed,1,1,94,0
tworoom,64,prefix_b,Direct,1,1,79,0
tworoom,64,prefix_b,Predictor-Final,1,1,97,1
tworoom,64,prefix_b,Predictor-Observed,1,1,97,7
tworoom,64,prefix_b,Predictor-Learned,1,1,79,0
tworoom,64,prefix_b,Simulator-Final,1,1,97,1
tworoom,64,prefix_b,Simulator-Observed,1,1,97,7
tworoom,64,prefix_b,Simulator-Learned,1,1,79,0
tworoom,64,prefix_b,Displacement-Observed,1,1,79,0
tworoom,65,clean,Direct,1,1,51,0
tworoom,65,clean,Predictor-Final,1,1,84,3
tworoom,65,clean,Predictor-Observed,1,1,84,6
tworoom,65,clean,Predictor-Learned,1,1,21,7
tworoom,65,clean,Simulator-Final,1,1,21,7
tworoom,65,clean,Simulator-Observed,1,1,84,6
tworoom,65,clean,Simulator-Learned,1,1,21,7
tworoom,65,clean,Displacement-Observed,1,1,84,6
tworoom,65,prefix_a,Direct,1,1,69,0
tworoom,65,prefix_a,Predictor-Final,1,1,20,1
tworoom,65,prefix_a,Predictor-Observed,1,1,69,0
tworoom,65,prefix_a,Predictor-Learned,1,1,56,7
tworoom,65,prefix_a,Simulator-Final,1,1,56,3
tworoom,65,prefix_a,Simulator-Observed,1,1,69,0
tworoom,65,prefix_a,Simulator-Learned,1,1,56,7
tworoom,65,prefix_a,Displacement-Observed,1,1,69,0
tworoom,65,prefix_b,Direct,1,1,57,0
tworoom,65,prefix_b,Predictor-Final,1,1,20,5
tworoom,65,prefix_b,Predictor-Observed,1,1,70,4
tworoom,65,prefix_b,Predictor-Learned,1,1,72,1
tworoom,65,prefix_b,Simulator-Final,1,1,51,7
tworoom,65,prefix_b,Simulator-Observed,1,1,72,1
tworoom,65,prefix_b,Simulator-Learned,1,1,72,1
tworoom,65,prefix_b,Displacement-Observed,1,1,57,0
tworoom,66,clean,Direct,1,1,87,0
tworoom,66,clean,Predictor-Final,1,1,91,7
tworoom,66,clean,Predictor-Observed,1,1,87,0
tworoom,66,clean,Predictor-Learned,1,1,87,0
tworoom,66,clean,Simulator-Final,1,1,91,7
tworoom,66,clean,Simulator-Observed,1,1,87,0
tworoom,66,clean,Simulator-Learned,1,1,86,1
tworoom,66,clean,Displacement-Observed,1,1,87,0
tworoom,66,prefix_a,Direct,1,1,90,0
tworoom,66,prefix_a,Predictor-Final,1,1,91,6
tworoom,66,prefix_a,Predictor-Observed,1,1,96,1
tworoom,66,prefix_a,Predictor-Learned,1,1,95,2
tworoom,66,prefix_a,Simulator-Final,1,1,87,3
tworoom,66,prefix_a,Simulator-Observed,1,1,96,1
tworoom,66,prefix_a,Simulator-Learned,1,1,95,2
tworoom,66,prefix_a,Displacement-Observed,1,1,96,1
tworoom,66,prefix_b,Direct,1,1,89,0
tworoom,66,prefix_b,Predictor-Final,1,1,81,6
tworoom,66,prefix_b,Predictor-Observed,1,1,93,5
tworoom,66,prefix_b,Predictor-Learned,1,1,96,4
tworoom,66,prefix_b,Simulator-Final,1,0,200,1
tworoom,66,prefix_b,Simulator-Observed,1,1,93,5
tworoom,66,prefix_b,Simulator-Learned,1,1,88,3
tworoom,66,prefix_b,Displacement-Observed,1,1,93,5
tworoom,67,clean,Direct,1,1,98,0
tworoom,67,clean,Predictor-Final,1,1,93,7
tworoom,67,clean,Predictor-Observed,1,1,93,7
tworoom,67,clean,Predictor-Learned,1,1,98,0
tworoom,67,clean,Simulator-Final,1,1,89,3
tworoom,67,clean,Simulator-Observed,1,1,93,7
tworoom,67,clean,Simulator-Learned,1,1,89,2
tworoom,67,clean,Displacement-Observed,1,1,98,0
tworoom,67,prefix_a,Direct,1,1,69,0
tworoom,67,prefix_a,Predictor-Final,1,1,62,1
tworoom,67,prefix_a,Predictor-Observed,1,1,90,3
tworoom,67,prefix_a,Predictor-Learned,1,1,96,5
tworoom,67,prefix_a,Simulator-Final,1,1,88,2
tworoom,67,prefix_a,Simulator-Observed,1,1,90,3
tworoom,67,prefix_a,Simulator-Learned,1,1,96,5
tworoom,67,prefix_a,Displacement-Observed,1,1,96,5
tworoom,67,prefix_b,Direct,1,1,77,0
tworoom,67,prefix_b,Predictor-Final,1,1,93,3
tworoom,67,prefix_b,Predictor-Observed,1,1,90,1
tworoom,67,prefix_b,Predictor-Learned,1,1,90,1
tworoom,67,prefix_b,Simulator-Final,1,1,97,7
tworoom,67,prefix_b,Simulator-Observed,1,1,90,1
tworoom,67,prefix_b,Simulator-Learned,1,1,90,1
tworoom,67,prefix_b,Displacement-Observed,1,1,77,0
tworoom,68,clean,Direct,1,1,89,0
tworoom,68,clean,Predictor-Final,1,1,60,4
tworoom,68,clean,Predictor-Observed,1,1,91,6
tworoom,68,clean,Predictor-Learned,1,1,83,5
tworoom,68,clean,Simulator-Final,1,1,88,3
tworoom,68,clean,Simulator-Observed,1,1,91,6
tworoom,68,clean,Simulator-Learned,1,1,83,5
tworoom,68,clean,Displacement-Observed,1,1,95,7
tworoom,68,prefix_a,Direct,1,1,91,0
tworoom,68,prefix_a,Predictor-Final,1,1,91,0
tworoom,68,prefix_a,Predictor-Observed,1,1,85,1
tworoom,68,prefix_a,Predictor-Learned,1,1,96,6
tworoom,68,prefix_a,Simulator-Final,1,1,85,1
tworoom,68,prefix_a,Simulator-Observed,1,1,75,4
tworoom,68,prefix_a,Simulator-Learned,1,1,96,6
tworoom,68,prefix_a,Displacement-Observed,1,1,91,0
tworoom,68,prefix_b,Direct,1,1,90,0
tworoom,68,prefix_b,Predictor-Final,1,1,70,4
tworoom,68,prefix_b,Predictor-Observed,1,1,93,7
tworoom,68,prefix_b,Predictor-Learned,1,1,91,6
tworoom,68,prefix_b,Simulator-Final,1,1,70,4
tworoom,68,prefix_b,Simulator-Observed,1,1,93,7
tworoom,68,prefix_b,Simulator-Learned,1,1,91,6
tworoom,68,prefix_b,Displacement-Observed,1,1,95,5
tworoom,69,clean,Direct,1,1,95,0
tworoom,69,clean,Predictor-Final,1,1,85,2
tworoom,69,clean,Predictor-Observed,1,1,89,1
tworoom,69,clean,Predictor-Learned,1,1,94,3
tworoom,69,clean,Simulator-Final,1,1,85,2
tworoom,69,clean,Simulator-Observed,1,1,89,1
tworoom,69,clean,Simulator-Learned,1,1,89,1
tworoom,69,clean,Displacement-Observed,1,1,89,1
tworoom,69,prefix_a,Direct,1,1,95,0
tworoom,69,prefix_a,Predictor-Final,1,1,84,1
tworoom,69,prefix_a,Predictor-Observed,1,1,96,3
tworoom,69,prefix_a,Predictor-Learned,1,1,84,1
tworoom,69,prefix_a,Simulator-Final,1,1,97,6
tworoom,69,prefix_a,Simulator-Observed,1,1,96,3
tworoom,69,prefix_a,Simulator-Learned,1,1,96,3
tworoom,69,prefix_a,Displacement-Observed,1,1,95,0
tworoom,69,prefix_b,Direct,1,1,87,0
tworoom,69,prefix_b,Predictor-Final,1,1,89,7
tworoom,69,prefix_b,Predictor-Observed,1,1,89,7
tworoom,69,prefix_b,Predictor-Learned,1,1,84,4
tworoom,69,prefix_b,Simulator-Final,1,1,87,6
tworoom,69,prefix_b,Simulator-Observed,1,1,89,7
tworoom,69,prefix_b,Simulator-Learned,1,1,84,4
tworoom,69,prefix_b,Displacement-Observed,1,1,87,0
tworoom,70,clean,Direct,1,1,86,0
tworoom,70,clean,Predictor-Final,1,1,97,5
tworoom,70,clean,Predictor-Observed,1,1,97,5
tworoom,70,clean,Predictor-Learned,1,1,88,7
tworoom,70,clean,Simulator-Final,1,1,97,5
tworoom,70,clean,Simulator-Observed,1,1,97,5
tworoom,70,clean,Simulator-Learned,1,1,90,1
tworoom,70,clean,Displacement-Observed,1,1,97,5
tworoom,70,prefix_a,Direct,1,1,88,0
tworoom,70,prefix_a,Predictor-Final,1,1,94,2
tworoom,70,prefix_a,Predictor-Observed,1,1,85,6
tworoom,70,prefix_a,Predictor-Learned,1,1,94,2
tworoom,70,prefix_a,Simulator-Final,1,1,94,2
tworoom,70,prefix_a,Simulator-Observed,1,1,85,6
tworoom,70,prefix_a,Simulator-Learned,1,1,94,2
tworoom,70,prefix_a,Displacement-Observed,1,1,85,6
tworoom,70,prefix_b,Direct,1,1,96,0
tworoom,70,prefix_b,Predictor-Final,1,1,76,5
tworoom,70,prefix_b,Predictor-Observed,1,1,92,7
tworoom,70,prefix_b,Predictor-Learned,1,1,98,6
tworoom,70,prefix_b,Simulator-Final,1,1,76,5
tworoom,70,prefix_b,Simulator-Observed,1,1,92,7
tworoom,70,prefix_b,Simulator-Learned,1,1,98,6
tworoom,70,prefix_b,Displacement-Observed,1,1,92,7
tworoom,71,clean,Direct,1,1,93,0
tworoom,71,clean,Predictor-Final,1,1,94,3
tworoom,71,clean,Predictor-Observed,1,1,93,0
tworoom,71,clean,Predictor-Learned,1,1,97,1
tworoom,71,clean,Simulator-Final,1,1,91,6
tworoom,71,clean,Simulator-Observed,1,1,93,0
tworoom,71,clean,Simulator-Learned,1,1,91,6
tworoom,71,clean,Displacement-Observed,1,1,93,0
tworoom,71,prefix_a,Direct,1,1,96,0
tworoom,71,prefix_a,Predictor-Final,1,1,96,7
tworoom,71,prefix_a,Predictor-Observed,1,1,92,2
tworoom,71,prefix_a,Predictor-Learned,1,1,96,0
tworoom,71,prefix_a,Simulator-Final,1,1,96,7
tworoom,71,prefix_a,Simulator-Observed,1,1,92,2
tworoom,71,prefix_a,Simulator-Learned,1,1,96,0
tworoom,71,prefix_a,Displacement-Observed,1,1,96,0
tworoom,71,prefix_b,Direct,1,1,88,0
tworoom,71,prefix_b,Predictor-Final,1,1,87,5
tworoom,71,prefix_b,Predictor-Observed,1,1,92,6
tworoom,71,prefix_b,Predictor-Learned,1,1,87,5
tworoom,71,prefix_b,Simulator-Final,1,1,92,6
tworoom,71,prefix_b,Simulator-Observed,1,1,92,6
tworoom,71,prefix_b,Simulator-Learned,1,1,88,3
tworoom,71,prefix_b,Displacement-Observed,1,1,88,0
tworoom,72,clean,Direct,1,1,90,0
tworoom,72,clean,Predictor-Final,1,1,96,3
tworoom,72,clean,Predictor-Observed,1,1,96,7
tworoom,72,clean,Predictor-Learned,1,1,96,7
tworoom,72,clean,Simulator-Final,1,1,96,6
tworoom,72,clean,Simulator-Observed,1,1,96,7
tworoom,72,clean,Simulator-Learned,1,1,96,7
tworoom,72,clean,Displacement-Observed,1,1,96,7
tworoom,72,prefix_a,Direct,1,1,98,0
tworoom,72,prefix_a,Predictor-Final,1,1,87,6
tworoom,72,prefix_a,Predictor-Observed,1,1,95,7
tworoom,72,prefix_a,Predictor-Learned,1,1,98,0
tworoom,72,prefix_a,Simulator-Final,1,1,98,5
tworoom,72,prefix_a,Simulator-Observed,1,1,95,7
tworoom,72,prefix_a,Simulator-Learned,1,1,98,0
tworoom,72,prefix_a,Displacement-Observed,1,1,98,0
tworoom,72,prefix_b,Direct,1,1,92,0
tworoom,72,prefix_b,Predictor-Final,1,1,97,2
tworoom,72,prefix_b,Predictor-Observed,1,1,92,0
tworoom,72,prefix_b,Predictor-Learned,1,1,98,7
tworoom,72,prefix_b,Simulator-Final,1,1,97,2
tworoom,72,prefix_b,Simulator-Observed,1,1,92,0
tworoom,72,prefix_b,Simulator-Learned,1,1,98,7
tworoom,72,prefix_b,Displacement-Observed,1,1,92,0
tworoom,73,clean,Direct,1,1,85,0
tworoom,73,clean,Predictor-Final,1,1,77,1
tworoom,73,clean,Predictor-Observed,1,1,85,0
tworoom,73,clean,Predictor-Learned,1,1,77,1
tworoom,73,clean,Simulator-Final,1,1,85,0
tworoom,73,clean,Simulator-Observed,1,1,85,0
tworoom,73,clean,Simulator-Learned,1,1,77,1
tworoom,73,clean,Displacement-Observed,1,1,85,0
tworoom,73,prefix_a,Direct,1,1,96,0
tworoom,73,prefix_a,Predictor-Final,1,1,88,4
tworoom,73,prefix_a,Predictor-Observed,1,1,81,3
tworoom,73,prefix_a,Predictor-Learned,1,1,81,3
tworoom,73,prefix_a,Simulator-Final,1,1,88,4
tworoom,73,prefix_a,Simulator-Observed,1,1,81,3
tworoom,73,prefix_a,Simulator-Learned,1,1,81,3
tworoom,73,prefix_a,Displacement-Observed,1,1,81,3
tworoom,73,prefix_b,Direct,1,1,91,0
tworoom,73,prefix_b,Predictor-Final,1,1,97,2
tworoom,73,prefix_b,Predictor-Observed,1,1,91,0
tworoom,73,prefix_b,Predictor-Learned,1,1,97,2
tworoom,73,prefix_b,Simulator-Final,1,1,71,3
tworoom,73,prefix_b,Simulator-Observed,1,1,91,0
tworoom,73,prefix_b,Simulator-Learned,1,1,97,2
tworoom,73,prefix_b,Displacement-Observed,1,1,91,0
tworoom,74,clean,Direct,1,1,62,0
tworoom,74,clean,Predictor-Final,1,1,80,3
tworoom,74,clean,Predictor-Observed,1,1,52,1
tworoom,74,clean,Predictor-Learned,1,1,62,0
tworoom,74,clean,Simulator-Final,1,1,80,3
tworoom,74,clean,Simulator-Observed,1,1,52,1
tworoom,74,clean,Simulator-Learned,1,1,57,7
tworoom,74,clean,Displacement-Observed,1,1,62,0
tworoom,74,prefix_a,Direct,1,1,93,0
tworoom,74,prefix_a,Predictor-Final,1,1,93,7
tworoom,74,prefix_a,Predictor-Observed,1,1,62,2
tworoom,74,prefix_a,Predictor-Learned,1,1,56,4
tworoom,74,prefix_a,Simulator-Final,1,1,93,7
tworoom,74,prefix_a,Simulator-Observed,1,1,62,2
tworoom,74,prefix_a,Simulator-Learned,1,1,56,4
tworoom,74,prefix_a,Displacement-Observed,1,1,93,0
tworoom,74,prefix_b,Direct,1,1,75,0
tworoom,74,prefix_b,Predictor-Final,1,1,68,2
tworoom,74,prefix_b,Predictor-Observed,1,1,75,0
tworoom,74,prefix_b,Predictor-Learned,1,1,79,7
tworoom,74,prefix_b,Simulator-Final,1,1,75,0
tworoom,74,prefix_b,Simulator-Observed,1,1,75,0
tworoom,74,prefix_b,Simulator-Learned,1,1,79,7
tworoom,74,prefix_b,Displacement-Observed,1,1,75,0
tworoom,75,clean,Direct,1,1,76,0
tworoom,75,clean,Predictor-Final,1,1,94,4
tworoom,75,clean,Predictor-Observed,1,1,85,7
tworoom,75,clean,Predictor-Learned,1,1,85,7
tworoom,75,clean,Simulator-Final,1,1,67,3
tworoom,75,clean,Simulator-Observed,1,1,85,7
tworoom,75,clean,Simulator-Learned,1,1,85,7
tworoom,75,clean,Displacement-Observed,1,1,76,0
tworoom,75,prefix_a,Direct,1,1,71,0
tworoom,75,prefix_a,Predictor-Final,1,1,90,2
tworoom,75,prefix_a,Predictor-Observed,1,1,74,1
tworoom,75,prefix_a,Predictor-Learned,1,1,90,2
tworoom,75,prefix_a,Simulator-Final,1,1,90,2
tworoom,75,prefix_a,Simulator-Observed,1,1,74,1
tworoom,75,prefix_a,Simulator-Learned,1,1,90,2
tworoom,75,prefix_a,Displacement-Observed,1,1,74,1
tworoom,75,prefix_b,Direct,1,1,96,0
tworoom,75,prefix_b,Predictor-Final,1,1,94,3
tworoom,75,prefix_b,Predictor-Observed,1,1,82,7
tworoom,75,prefix_b,Predictor-Learned,1,1,85,6
tworoom,75,prefix_b,Simulator-Final,1,1,94,3
tworoom,75,prefix_b,Simulator-Observed,1,1,85,6
tworoom,75,prefix_b,Simulator-Learned,1,1,85,6
tworoom,75,prefix_b,Displacement-Observed,1,1,96,0
tworoom,76,clean,Direct,1,1,81,0
tworoom,76,clean,Predictor-Final,1,1,90,5
tworoom,76,clean,Predictor-Observed,1,1,94,4
tworoom,76,clean,Predictor-Learned,1,1,93,6
tworoom,76,clean,Simulator-Final,1,1,82,1
tworoom,76,clean,Simulator-Observed,1,1,94,4
tworoom,76,clean,Simulator-Learned,1,1,93,6
tworoom,76,clean,Displacement-Observed,1,1,81,0
tworoom,76,prefix_a,Direct,1,1,68,0
tworoom,76,prefix_a,Predictor-Final,1,1,96,5
tworoom,76,prefix_a,Predictor-Observed,1,1,68,0
tworoom,76,prefix_a,Predictor-Learned,1,1,60,2
tworoom,76,prefix_a,Simulator-Final,1,1,68,0
tworoom,76,prefix_a,Simulator-Observed,1,1,68,0
tworoom,76,prefix_a,Simulator-Learned,1,1,96,5
tworoom,76,prefix_a,Displacement-Observed,1,1,68,0
tworoom,76,prefix_b,Direct,1,1,85,0
tworoom,76,prefix_b,Predictor-Final,1,1,81,6
tworoom,76,prefix_b,Predictor-Observed,1,1,85,0
tworoom,76,prefix_b,Predictor-Learned,1,1,87,5
tworoom,76,prefix_b,Simulator-Final,1,1,98,7
tworoom,76,prefix_b,Simulator-Observed,1,1,85,0
tworoom,76,prefix_b,Simulator-Learned,1,1,87,5
tworoom,76,prefix_b,Displacement-Observed,1,1,85,0
tworoom,77,clean,Direct,1,1,85,0
tworoom,77,clean,Predictor-Final,1,1,95,5
tworoom,77,clean,Predictor-Observed,1,1,85,0
tworoom,77,clean,Predictor-Learned,1,1,85,0
tworoom,77,clean,Simulator-Final,1,1,95,5
tworoom,77,clean,Simulator-Observed,1,1,85,0
tworoom,77,clean,Simulator-Learned,1,1,85,0
tworoom,77,clean,Displacement-Observed,1,1,85,0
tworoom,77,prefix_a,Direct,1,1,75,0
tworoom,77,prefix_a,Predictor-Final,1,1,75,0
tworoom,77,prefix_a,Predictor-Observed,1,1,75,0
tworoom,77,prefix_a,Predictor-Learned,1,1,86,2
tworoom,77,prefix_a,Simulator-Final,1,1,39,7
tworoom,77,prefix_a,Simulator-Observed,1,1,75,0
tworoom,77,prefix_a,Simulator-Learned,1,1,86,2
tworoom,77,prefix_a,Displacement-Observed,1,1,75,0
tworoom,77,prefix_b,Direct,1,1,93,0
tworoom,77,prefix_b,Predictor-Final,1,1,95,5
tworoom,77,prefix_b,Predictor-Observed,1,1,95,5
tworoom,77,prefix_b,Predictor-Learned,1,1,94,3
tworoom,77,prefix_b,Simulator-Final,1,1,87,6
tworoom,77,prefix_b,Simulator-Observed,1,1,95,5
tworoom,77,prefix_b,Simulator-Learned,1,1,94,3
tworoom,77,prefix_b,Displacement-Observed,1,1,96,7
tworoom,78,clean,Direct,1,1,89,0
tworoom,78,clean,Predictor-Final,1,1,99,7
tworoom,78,clean,Predictor-Observed,1,1,89,0
tworoom,78,clean,Predictor-Learned,1,1,95,2
tworoom,78,clean,Simulator-Final,1,1,95,2
tworoom,78,clean,Simulator-Observed,1,1,89,0
tworoom,78,clean,Simulator-Learned,1,1,95,2
tworoom,78,clean,Displacement-Observed,1,1,89,0
tworoom,78,prefix_a,Direct,1,1,87,0
tworoom,78,prefix_a,Predictor-Final,1,1,98,5
tworoom,78,prefix_a,Predictor-Observed,1,1,93,4
tworoom,78,prefix_a,Predictor-Learned,1,1,96,1
tworoom,78,prefix_a,Simulator-Final,1,1,98,5
tworoom,78,prefix_a,Simulator-Observed,1,1,93,4
tworoom,78,prefix_a,Simulator-Learned,1,1,96,1
tworoom,78,prefix_a,Displacement-Observed,1,1,95,3
tworoom,78,prefix_b,Direct,1,1,99,0
tworoom,78,prefix_b,Predictor-Final,1,1,99,0
tworoom,78,prefix_b,Predictor-Observed,1,1,99,1
tworoom,78,prefix_b,Predictor-Learned,1,1,93,2
tworoom,78,prefix_b,Simulator-Final,1,1,99,0
tworoom,78,prefix_b,Simulator-Observed,1,1,87,5
tworoom,78,prefix_b,Simulator-Learned,1,1,93,2
tworoom,78,prefix_b,Displacement-Observed,1,1,94,7
tworoom,79,clean,Direct,1,1,95,0
tworoom,79,clean,Predictor-Final,1,1,95,5
tworoom,79,clean,Predictor-Observed,1,1,95,6
tworoom,79,clean,Predictor-Learned,1,1,96,1
tworoom,79,clean,Simulator-Final,1,1,95,6
tworoom,79,clean,Simulator-Observed,1,1,95,6
tworoom,79,clean,Simulator-Learned,1,1,95,0
tworoom,79,clean,Displacement-Observed,1,1,95,0
tworoom,79,prefix_a,Direct,1,1,95,0
tworoom,79,prefix_a,Predictor-Final,1,1,89,5
tworoom,79,prefix_a,Predictor-Observed,1,1,95,0
tworoom,79,prefix_a,Predictor-Learned,1,1,48,6
tworoom,79,prefix_a,Simulator-Final,1,1,86,3
tworoom,79,prefix_a,Simulator-Observed,1,1,95,0
tworoom,79,prefix_a,Simulator-Learned,1,1,48,6
tworoom,79,prefix_a,Displacement-Observed,1,1,95,0
tworoom,79,prefix_b,Direct,1,1,92,0
tworoom,79,prefix_b,Predictor-Final,1,1,80,3
tworoom,79,prefix_b,Predictor-Observed,1,1,80,1
tworoom,79,prefix_b,Predictor-Learned,1,1,85,4
tworoom,79,prefix_b,Simulator-Final,1,1,82,2
tworoom,79,prefix_b,Simulator-Observed,1,1,80,1
tworoom,79,prefix_b,Simulator-Learned,1,1,85,4
tworoom,79,prefix_b,Displacement-Observed,1,1,80,1
tworoom,80,clean,Direct,1,1,94,0
tworoom,80,clean,Predictor-Final,1,1,91,6
tworoom,80,clean,Predictor-Observed,1,1,81,2
tworoom,80,clean,Predictor-Learned,1,1,94,1
tworoom,80,clean,Simulator-Final,1,1,91,6
tworoom,80,clean,Simulator-Observed,1,1,96,7
tworoom,80,clean,Simulator-Learned,1,1,91,6
tworoom,80,clean,Displacement-Observed,1,1,94,0
tworoom,80,prefix_a,Direct,1,1,98,0
tworoom,80,prefix_a,Predictor-Final,1,1,75,6
tworoom,80,prefix_a,Predictor-Observed,1,1,98,0
tworoom,80,prefix_a,Predictor-Learned,1,1,81,1
tworoom,80,prefix_a,Simulator-Final,1,1,98,0
tworoom,80,prefix_a,Simulator-Observed,1,1,98,0
tworoom,80,prefix_a,Simulator-Learned,1,1,98,0
tworoom,80,prefix_a,Displacement-Observed,1,1,98,0
tworoom,80,prefix_b,Direct,1,1,91,0
tworoom,80,prefix_b,Predictor-Final,1,1,80,3
tworoom,80,prefix_b,Predictor-Observed,1,1,74,4
tworoom,80,prefix_b,Predictor-Learned,1,1,93,1
tworoom,80,prefix_b,Simulator-Final,1,1,94,5
tworoom,80,prefix_b,Simulator-Observed,1,1,96,2
tworoom,80,prefix_b,Simulator-Learned,1,1,80,3
tworoom,80,prefix_b,Displacement-Observed,1,1,91,0
tworoom,81,clean,Direct,1,1,97,0
tworoom,81,clean,Predictor-Final,1,1,98,7
tworoom,81,clean,Predictor-Observed,1,1,97,5
tworoom,81,clean,Predictor-Learned,1,1,95,2
tworoom,81,clean,Simulator-Final,1,1,96,4
tworoom,81,clean,Simulator-Observed,1,1,97,5
tworoom,81,clean,Simulator-Learned,1,1,95,2
tworoom,81,clean,Displacement-Observed,1,1,97,5
tworoom,81,prefix_a,Direct,1,1,69,0
tworoom,81,prefix_a,Predictor-Final,1,1,96,6
tworoom,81,prefix_a,Predictor-Observed,1,1,88,2
tworoom,81,prefix_a,Predictor-Learned,1,1,95,4
tworoom,81,prefix_a,Simulator-Final,1,1,88,1
tworoom,81,prefix_a,Simulator-Observed,1,1,88,2
tworoom,81,prefix_a,Simulator-Learned,1,1,88,1
tworoom,81,prefix_a,Displacement-Observed,1,1,69,0
tworoom,81,prefix_b,Direct,1,1,96,0
tworoom,81,prefix_b,Predictor-Final,1,1,98,2
tworoom,81,prefix_b,Predictor-Observed,1,1,96,0
tworoom,81,prefix_b,Predictor-Learned,1,1,98,4
tworoom,81,prefix_b,Simulator-Final,1,1,97,6
tworoom,81,prefix_b,Simulator-Observed,1,1,96,0
tworoom,81,prefix_b,Simulator-Learned,1,1,98,2
tworoom,81,prefix_b,Displacement-Observed,1,1,96,0
tworoom,82,clean,Direct,1,1,92,0
tworoom,82,clean,Predictor-Final,1,1,82,1
tworoom,82,clean,Predictor-Observed,1,1,92,0
tworoom,82,clean,Predictor-Learned,1,1,71,7
tworoom,82,clean,Simulator-Final,1,1,82,1
tworoom,82,clean,Simulator-Observed,1,1,92,0
tworoom,82,clean,Simulator-Learned,1,1,92,0
tworoom,82,clean,Displacement-Observed,1,1,92,0
tworoom,82,prefix_a,Direct,1,1,77,0
tworoom,82,prefix_a,Predictor-Final,1,1,73,1
tworoom,82,prefix_a,Predictor-Observed,1,1,73,5
tworoom,82,prefix_a,Predictor-Learned,1,1,95,6
tworoom,82,prefix_a,Simulator-Final,1,1,73,1
tworoom,82,prefix_a,Simulator-Observed,1,1,85,7
tworoom,82,prefix_a,Simulator-Learned,1,1,95,6
tworoom,82,prefix_a,Displacement-Observed,1,1,85,7
tworoom,82,prefix_b,Direct,1,1,75,0
tworoom,82,prefix_b,Predictor-Final,1,1,82,4
tworoom,82,prefix_b,Predictor-Observed,1,1,75,0
tworoom,82,prefix_b,Predictor-Learned,1,1,82,4
tworoom,82,prefix_b,Simulator-Final,1,1,82,4
tworoom,82,prefix_b,Simulator-Observed,1,1,75,0
tworoom,82,prefix_b,Simulator-Learned,1,1,82,4
tworoom,82,prefix_b,Displacement-Observed,1,1,75,0
tworoom,83,clean,Direct,1,1,88,0
tworoom,83,clean,Predictor-Final,1,1,101,5
tworoom,83,clean,Predictor-Observed,1,1,96,4
tworoom,83,clean,Predictor-Learned,1,1,96,4
tworoom,83,clean,Simulator-Final,1,1,88,1
tworoom,83,clean,Simulator-Observed,1,1,96,4
tworoom,83,clean,Simulator-Learned,1,1,96,4
tworoom,83,clean,Displacement-Observed,1,1,88,0
tworoom,83,prefix_a,Direct,1,1,89,0
tworoom,83,prefix_a,Predictor-Final,1,1,95,1
tworoom,83,prefix_a,Predictor-Observed,1,1,95,6
tworoom,83,prefix_a,Predictor-Learned,1,1,95,6
tworoom,83,prefix_a,Simulator-Final,1,1,77,7
tworoom,83,prefix_a,Simulator-Observed,1,1,95,6
tworoom,83,prefix_a,Simulator-Learned,1,1,95,6
tworoom,83,prefix_a,Displacement-Observed,1,1,89,0
tworoom,83,prefix_b,Direct,1,1,92,0
tworoom,83,prefix_b,Predictor-Final,1,1,92,5
tworoom,83,prefix_b,Predictor-Observed,1,1,92,0
tworoom,83,prefix_b,Predictor-Learned,1,1,88,1
tworoom,83,prefix_b,Simulator-Final,1,1,92,5
tworoom,83,prefix_b,Simulator-Observed,1,1,92,0
tworoom,83,prefix_b,Simulator-Learned,1,1,88,1
tworoom,83,prefix_b,Displacement-Observed,1,1,92,0
tworoom,84,clean,Direct,1,1,83,0
tworoom,84,clean,Predictor-Final,1,1,92,4
tworoom,84,clean,Predictor-Observed,1,1,61,1
tworoom,84,clean,Predictor-Learned,1,1,92,4
tworoom,84,clean,Simulator-Final,1,1,61,1
tworoom,84,clean,Simulator-Observed,1,1,61,1
tworoom,84,clean,Simulator-Learned,1,1,92,4
tworoom,84,clean,Displacement-Observed,1,1,83,0
tworoom,84,prefix_a,Direct,1,1,95,0
tworoom,84,prefix_a,Predictor-Final,1,1,82,5
tworoom,84,prefix_a,Predictor-Observed,1,1,72,7
tworoom,84,prefix_a,Predictor-Learned,1,1,72,7
tworoom,84,prefix_a,Simulator-Final,1,1,72,7
tworoom,84,prefix_a,Simulator-Observed,1,1,72,7
tworoom,84,prefix_a,Simulator-Learned,1,1,72,7
tworoom,84,prefix_a,Displacement-Observed,1,1,72,7
tworoom,84,prefix_b,Direct,1,1,71,0
tworoom,84,prefix_b,Predictor-Final,1,1,57,2
tworoom,84,prefix_b,Predictor-Observed,1,1,71,0
tworoom,84,prefix_b,Predictor-Learned,1,1,98,3
tworoom,84,prefix_b,Simulator-Final,1,1,57,2
tworoom,84,prefix_b,Simulator-Observed,1,1,71,0
tworoom,84,prefix_b,Simulator-Learned,1,1,98,3
tworoom,84,prefix_b,Displacement-Observed,1,1,91,5
tworoom,85,clean,Direct,1,1,96,0
tworoom,85,clean,Predictor-Final,1,1,70,7
tworoom,85,clean,Predictor-Observed,1,1,70,7
tworoom,85,clean,Predictor-Learned,1,1,53,1
tworoom,85,clean,Simulator-Final,1,1,96,0
tworoom,85,clean,Simulator-Observed,1,1,96,0
tworoom,85,clean,Simulator-Learned,1,1,53,1
tworoom,85,clean,Displacement-Observed,1,1,96,0
tworoom,85,prefix_a,Direct,1,1,60,0
tworoom,85,prefix_a,Predictor-Final,1,1,95,5
tworoom,85,prefix_a,Predictor-Observed,1,1,51,1
tworoom,85,prefix_a,Predictor-Learned,1,1,51,6
tworoom,85,prefix_a,Simulator-Final,1,1,51,1
tworoom,85,prefix_a,Simulator-Observed,1,1,60,0
tworoom,85,prefix_a,Simulator-Learned,1,1,51,6
tworoom,85,prefix_a,Displacement-Observed,1,1,51,1
tworoom,85,prefix_b,Direct,1,1,87,0
tworoom,85,prefix_b,Predictor-Final,1,1,87,0
tworoom,85,prefix_b,Predictor-Observed,1,1,87,0
tworoom,85,prefix_b,Predictor-Learned,1,1,57,6
tworoom,85,prefix_b,Simulator-Final,1,1,64,5
tworoom,85,prefix_b,Simulator-Observed,1,1,95,2
tworoom,85,prefix_b,Simulator-Learned,1,1,62,1
tworoom,85,prefix_b,Displacement-Observed,1,1,87,0
tworoom,86,clean,Direct,1,1,91,0
tworoom,86,clean,Predictor-Final,1,1,93,4
tworoom,86,clean,Predictor-Observed,1,1,91,0
tworoom,86,clean,Predictor-Learned,1,1,72,1
tworoom,86,clean,Simulator-Final,1,1,93,4
tworoom,86,clean,Simulator-Observed,1,1,91,0
tworoom,86,clean,Simulator-Learned,1,1,72,1
tworoom,86,clean,Displacement-Observed,1,1,91,0
tworoom,86,prefix_a,Direct,1,1,83,0
tworoom,86,prefix_a,Predictor-Final,1,1,87,3
tworoom,86,prefix_a,Predictor-Observed,1,1,83,0
tworoom,86,prefix_a,Predictor-Learned,1,1,92,4
tworoom,86,prefix_a,Simulator-Final,1,1,87,3
tworoom,86,prefix_a,Simulator-Observed,1,1,83,0
tworoom,86,prefix_a,Simulator-Learned,1,1,92,4
tworoom,86,prefix_a,Displacement-Observed,1,1,83,0
tworoom,86,prefix_b,Direct,1,1,96,0
tworoom,86,prefix_b,Predictor-Final,1,1,47,3
tworoom,86,prefix_b,Predictor-Observed,1,1,96,0
tworoom,86,prefix_b,Predictor-Learned,1,1,95,7
tworoom,86,prefix_b,Simulator-Final,1,1,47,3
tworoom,86,prefix_b,Simulator-Observed,1,1,96,0
tworoom,86,prefix_b,Simulator-Learned,1,1,95,7
tworoom,86,prefix_b,Displacement-Observed,1,1,96,0
tworoom,87,clean,Direct,1,1,96,0
tworoom,87,clean,Predictor-Final,1,1,96,6
tworoom,87,clean,Predictor-Observed,1,1,92,2
tworoom,87,clean,Predictor-Learned,1,1,96,6
tworoom,87,clean,Simulator-Final,1,1,96,6
tworoom,87,clean,Simulator-Observed,1,1,98,1
tworoom,87,clean,Simulator-Learned,1,1,96,6
tworoom,87,clean,Displacement-Observed,1,1,96,0
tworoom,87,prefix_a,Direct,1,1,99,0
tworoom,87,prefix_a,Predictor-Final,1,1,88,1
tworoom,87,prefix_a,Predictor-Observed,1,1,87,7
tworoom,87,prefix_a,Predictor-Learned,1,1,84,5
tworoom,87,prefix_a,Simulator-Final,1,1,88,1
tworoom,87,prefix_a,Simulator-Observed,1,1,94,4
tworoom,87,prefix_a,Simulator-Learned,1,1,84,5
tworoom,87,prefix_a,Displacement-Observed,1,1,99,0
tworoom,87,prefix_b,Direct,1,1,98,0
tworoom,87,prefix_b,Predictor-Final,1,1,98,5
tworoom,87,prefix_b,Predictor-Observed,1,1,98,5
tworoom,87,prefix_b,Predictor-Learned,1,1,89,2
tworoom,87,prefix_b,Simulator-Final,1,1,98,6
tworoom,87,prefix_b,Simulator-Observed,1,1,98,6
tworoom,87,prefix_b,Simulator-Learned,1,1,98,6
tworoom,87,prefix_b,Displacement-Observed,1,1,98,0
tworoom,88,clean,Direct,1,1,96,0
tworoom,88,clean,Predictor-Final,1,1,97,3
tworoom,88,clean,Predictor-Observed,1,1,97,4
tworoom,88,clean,Predictor-Learned,1,1,79,1
tworoom,88,clean,Simulator-Final,1,1,97,3
tworoom,88,clean,Simulator-Observed,1,1,97,4
tworoom,88,clean,Simulator-Learned,1,1,79,1
tworoom,88,clean,Displacement-Observed,1,1,97,4
tworoom,88,prefix_a,Direct,1,1,93,0
tworoom,88,prefix_a,Predictor-Final,1,1,96,4
tworoom,88,prefix_a,Predictor-Observed,1,1,95,1
tworoom,88,prefix_a,Predictor-Learned,1,1,71,7
tworoom,88,prefix_a,Simulator-Final,1,1,91,5
tworoom,88,prefix_a,Simulator-Observed,1,1,95,1
tworoom,88,prefix_a,Simulator-Learned,1,1,93,0
tworoom,88,prefix_a,Displacement-Observed,1,1,93,0
tworoom,88,prefix_b,Direct,1,1,97,0
tworoom,88,prefix_b,Predictor-Final,1,1,86,3
tworoom,88,prefix_b,Predictor-Observed,1,1,97,0
tworoom,88,prefix_b,Predictor-Learned,1,1,89,1
tworoom,88,prefix_b,Simulator-Final,1,1,86,3
tworoom,88,prefix_b,Simulator-Observed,1,1,97,0
tworoom,88,prefix_b,Simulator-Learned,1,1,89,1
tworoom,88,prefix_b,Displacement-Observed,1,1,97,0
tworoom,89,clean,Direct,1,1,51,0
tworoom,89,clean,Predictor-Final,1,1,93,6
tworoom,89,clean,Predictor-Observed,1,1,51,0
tworoom,89,clean,Predictor-Learned,1,1,93,5
tworoom,89,clean,Simulator-Final,1,1,90,1
tworoom,89,clean,Simulator-Observed,1,1,51,0
tworoom,89,clean,Simulator-Learned,1,1,93,5
tworoom,89,clean,Displacement-Observed,1,1,51,0
tworoom,89,prefix_a,Direct,1,1,31,0
tworoom,89,prefix_a,Predictor-Final,1,1,92,1
tworoom,89,prefix_a,Predictor-Observed,1,1,31,0
tworoom,89,prefix_a,Predictor-Learned,1,1,95,6
tworoom,89,prefix_a,Simulator-Final,1,1,53,5
tworoom,89,prefix_a,Simulator-Observed,1,1,31,0
tworoom,89,prefix_a,Simulator-Learned,1,1,53,5
tworoom,89,prefix_a,Displacement-Observed,1,1,31,0
tworoom,89,prefix_b,Direct,1,1,90,0
tworoom,89,prefix_b,Predictor-Final,1,1,98,3
tworoom,89,prefix_b,Predictor-Observed,1,1,90,0
tworoom,89,prefix_b,Predictor-Learned,1,1,32,7
tworoom,89,prefix_b,Simulator-Final,1,1,98,3
tworoom,89,prefix_b,Simulator-Observed,1,1,90,0
tworoom,89,prefix_b,Simulator-Learned,1,1,32,7
tworoom,89,prefix_b,Displacement-Observed,1,1,90,0
tworoom,90,clean,Direct,1,1,97,0
tworoom,90,clean,Predictor-Final,1,1,97,0
tworoom,90,clean,Predictor-Observed,1,1,88,7
tworoom,90,clean,Predictor-Learned,1,1,89,5
tworoom,90,clean,Simulator-Final,1,1,97,0
tworoom,90,clean,Simulator-Observed,1,1,88,7
tworoom,90,clean,Simulator-Learned,1,1,89,5
tworoom,90,clean,Displacement-Observed,1,1,97,0
tworoom,90,prefix_a,Direct,1,1,90,0
tworoom,90,prefix_a,Predictor-Final,1,1,94,6
tworoom,90,prefix_a,Predictor-Observed,1,1,90,0
tworoom,90,prefix_a,Predictor-Learned,1,1,95,7
tworoom,90,prefix_a,Simulator-Final,1,1,61,1
tworoom,90,prefix_a,Simulator-Observed,1,1,90,0
tworoom,90,prefix_a,Simulator-Learned,1,1,95,7
tworoom,90,prefix_a,Displacement-Observed,1,1,90,0
tworoom,90,prefix_b,Direct,1,1,86,0
tworoom,90,prefix_b,Predictor-Final,1,1,86,0
tworoom,90,prefix_b,Predictor-Observed,1,1,86,0
tworoom,90,prefix_b,Predictor-Learned,1,1,68,6
tworoom,90,prefix_b,Simulator-Final,1,1,86,0
tworoom,90,prefix_b,Simulator-Observed,1,1,86,0
tworoom,90,prefix_b,Simulator-Learned,1,1,68,5
tworoom,90,prefix_b,Displacement-Observed,1,1,86,0
tworoom,91,clean,Direct,1,1,96,0
tworoom,91,clean,Predictor-Final,1,1,96,0
tworoom,91,clean,Predictor-Observed,1,1,96,0
tworoom,91,clean,Predictor-Learned,1,1,88,2
tworoom,91,clean,Simulator-Final,1,1,96,0
tworoom,91,clean,Simulator-Observed,1,1,96,0
tworoom,91,clean,Simulator-Learned,1,1,90,7
tworoom,91,clean,Displacement-Observed,1,1,88,2
tworoom,91,prefix_a,Direct,1,1,93,0
tworoom,91,prefix_a,Predictor-Final,1,1,93,0
tworoom,91,prefix_a,Predictor-Observed,1,1,93,0
tworoom,91,prefix_a,Predictor-Learned,1,1,95,2
tworoom,91,prefix_a,Simulator-Final,1,1,93,0
tworoom,91,prefix_a,Simulator-Observed,1,1,93,0
tworoom,91,prefix_a,Simulator-Learned,1,1,95,2
tworoom,91,prefix_a,Displacement-Observed,1,1,90,4
tworoom,91,prefix_b,Direct,1,1,91,0
tworoom,91,prefix_b,Predictor-Final,1,1,98,3
tworoom,91,prefix_b,Predictor-Observed,1,1,88,2
tworoom,91,prefix_b,Predictor-Learned,1,1,93,4
tworoom,91,prefix_b,Simulator-Final,1,1,79,7
tworoom,91,prefix_b,Simulator-Observed,1,1,88,2
tworoom,91,prefix_b,Simulator-Learned,1,1,93,4
tworoom,91,prefix_b,Displacement-Observed,1,1,88,2
tworoom,92,clean,Direct,1,1,97,0
tworoom,92,clean,Predictor-Final,1,1,89,4
tworoom,92,clean,Predictor-Observed,1,1,97,0
tworoom,92,clean,Predictor-Learned,1,1,91,1
tworoom,92,clean,Simulator-Final,1,1,89,4
tworoom,92,clean,Simulator-Observed,1,1,97,0
tworoom,92,clean,Simulator-Learned,1,1,91,1
tworoom,92,clean,Displacement-Observed,1,1,97,0
tworoom,92,prefix_a,Direct,1,1,84,0
tworoom,92,prefix_a,Predictor-Final,1,1,96,1
tworoom,92,prefix_a,Predictor-Observed,1,0,200,5
tworoom,92,prefix_a,Predictor-Learned,1,1,96,1
tworoom,92,prefix_a,Simulator-Final,1,1,96,1
tworoom,92,prefix_a,Simulator-Observed,1,0,200,5
tworoom,92,prefix_a,Simulator-Learned,1,1,96,1
tworoom,92,prefix_a,Displacement-Observed,1,0,200,5
tworoom,92,prefix_b,Direct,1,1,97,0
tworoom,92,prefix_b,Predictor-Final,1,1,97,0
tworoom,92,prefix_b,Predictor-Observed,1,1,97,0
tworoom,92,prefix_b,Predictor-Learned,1,1,84,1
tworoom,92,prefix_b,Simulator-Final,1,1,91,2
tworoom,92,prefix_b,Simulator-Observed,1,1,97,0
tworoom,92,prefix_b,Simulator-Learned,1,1,84,1
tworoom,92,prefix_b,Displacement-Observed,1,1,97,0
tworoom,93,clean,Direct,1,1,77,0
tworoom,93,clean,Predictor-Final,1,1,93,7
tworoom,93,clean,Predictor-Observed,1,1,77,0
tworoom,93,clean,Predictor-Learned,1,1,93,7
tworoom,93,clean,Simulator-Final,1,1,77,0
tworoom,93,clean,Simulator-Observed,1,1,77,0
tworoom,93,clean,Simulator-Learned,1,1,93,7
tworoom,93,clean,Displacement-Observed,1,1,77,0
tworoom,93,prefix_a,Direct,1,1,64,0
tworoom,93,prefix_a,Predictor-Final,1,1,91,2
tworoom,93,prefix_a,Predictor-Observed,1,1,91,2
tworoom,93,prefix_a,Predictor-Learned,1,1,93,7
tworoom,93,prefix_a,Simulator-Final,1,1,67,4
tworoom,93,prefix_a,Simulator-Observed,1,1,91,2
tworoom,93,prefix_a,Simulator-Learned,1,1,93,7
tworoom,93,prefix_a,Displacement-Observed,1,1,64,0
tworoom,93,prefix_b,Direct,1,1,93,0
tworoom,93,prefix_b,Predictor-Final,1,1,93,0
tworoom,93,prefix_b,Predictor-Observed,1,1,77,1
tworoom,93,prefix_b,Predictor-Learned,1,1,88,6
tworoom,93,prefix_b,Simulator-Final,1,1,74,3
tworoom,93,prefix_b,Simulator-Observed,1,1,77,1
tworoom,93,prefix_b,Simulator-Learned,1,1,85,7
tworoom,93,prefix_b,Displacement-Observed,1,1,77,1
tworoom,94,clean,Direct,1,1,85,0
tworoom,94,clean,Predictor-Final,1,1,95,4
tworoom,94,clean,Predictor-Observed,1,1,85,0
tworoom,94,clean,Predictor-Learned,1,1,82,3
tworoom,94,clean,Simulator-Final,1,1,88,6
tworoom,94,clean,Simulator-Observed,1,1,94,1
tworoom,94,clean,Simulator-Learned,1,1,94,1
tworoom,94,clean,Displacement-Observed,1,1,85,0
tworoom,94,prefix_a,Direct,1,1,98,0
tworoom,94,prefix_a,Predictor-Final,1,1,94,6
tworoom,94,prefix_a,Predictor-Observed,1,1,97,4
tworoom,94,prefix_a,Predictor-Learned,1,1,98,2
tworoom,94,prefix_a,Simulator-Final,1,1,97,4
tworoom,94,prefix_a,Simulator-Observed,1,1,97,4
tworoom,94,prefix_a,Simulator-Learned,1,1,98,2
tworoom,94,prefix_a,Displacement-Observed,1,1,98,0
tworoom,94,prefix_b,Direct,1,1,85,0
tworoom,94,prefix_b,Predictor-Final,1,1,93,4
tworoom,94,prefix_b,Predictor-Observed,1,1,85,0
tworoom,94,prefix_b,Predictor-Learned,1,1,89,2
tworoom,94,prefix_b,Simulator-Final,1,1,93,4
tworoom,94,prefix_b,Simulator-Observed,1,1,85,0
tworoom,94,prefix_b,Simulator-Learned,1,1,89,2
tworoom,94,prefix_b,Displacement-Observed,1,1,85,0
tworoom,95,clean,Direct,1,1,78,0
tworoom,95,clean,Predictor-Final,1,1,83,6
tworoom,95,clean,Predictor-Observed,1,1,78,0
tworoom,95,clean,Predictor-Learned,1,1,78,0
tworoom,95,clean,Simulator-Final,1,1,78,0
tworoom,95,clean,Simulator-Observed,1,1,78,0
tworoom,95,clean,Simulator-Learned,1,1,78,0
tworoom,95,clean,Displacement-Observed,1,1,78,0
tworoom,95,prefix_a,Direct,1,1,86,0
tworoom,95,prefix_a,Predictor-Final,1,1,86,0
tworoom,95,prefix_a,Predictor-Observed,1,1,86,0
tworoom,95,prefix_a,Predictor-Learned,1,1,75,4
tworoom,95,prefix_a,Simulator-Final,1,1,97,1
tworoom,95,prefix_a,Simulator-Observed,1,1,86,0
tworoom,95,prefix_a,Simulator-Learned,1,1,75,4
tworoom,95,prefix_a,Displacement-Observed,1,1,86,0
tworoom,95,prefix_b,Direct,1,1,92,0
tworoom,95,prefix_b,Predictor-Final,1,1,90,5
tworoom,95,prefix_b,Predictor-Observed,1,1,83,4
tworoom,95,prefix_b,Predictor-Learned,1,1,92,0
tworoom,95,prefix_b,Simulator-Final,1,1,90,5
tworoom,95,prefix_b,Simulator-Observed,1,1,92,0
tworoom,95,prefix_b,Simulator-Learned,1,1,92,0
tworoom,95,prefix_b,Displacement-Observed,1,1,92,0
tworoom,96,clean,Direct,1,1,90,0
tworoom,96,clean,Predictor-Final,1,1,90,0
tworoom,96,clean,Predictor-Observed,1,1,90,0
tworoom,96,clean,Predictor-Learned,1,1,90,0
tworoom,96,clean,Simulator-Final,1,1,90,0
tworoom,96,clean,Simulator-Observed,1,1,90,0
tworoom,96,clean,Simulator-Learned,1,1,90,0
tworoom,96,clean,Displacement-Observed,1,1,90,0
tworoom,96,prefix_a,Direct,1,1,64,0
tworoom,96,prefix_a,Predictor-Final,1,1,70,7
tworoom,96,prefix_a,Predictor-Observed,1,1,97,2
tworoom,96,prefix_a,Predictor-Learned,1,1,79,4
tworoom,96,prefix_a,Simulator-Final,1,1,70,7
tworoom,96,prefix_a,Simulator-Observed,1,1,97,2
tworoom,96,prefix_a,Simulator-Learned,1,1,79,4
tworoom,96,prefix_a,Displacement-Observed,1,1,97,2
tworoom,96,prefix_b,Direct,1,1,90,0
tworoom,96,prefix_b,Predictor-Final,1,1,70,3
tworoom,96,prefix_b,Predictor-Observed,1,1,90,0
tworoom,96,prefix_b,Predictor-Learned,1,1,90,2
tworoom,96,prefix_b,Simulator-Final,1,1,70,3
tworoom,96,prefix_b,Simulator-Observed,1,1,90,0
tworoom,96,prefix_b,Simulator-Learned,1,1,70,3
tworoom,96,prefix_b,Displacement-Observed,1,1,90,0
tworoom,97,clean,Direct,1,1,89,0
tworoom,97,clean,Predictor-Final,1,1,95,2
tworoom,97,clean,Predictor-Observed,1,1,98,4
tworoom,97,clean,Predictor-Learned,1,1,71,7
tworoom,97,clean,Simulator-Final,1,1,95,2
tworoom,97,clean,Simulator-Observed,1,1,98,4
tworoom,97,clean,Simulator-Learned,1,1,98,4
tworoom,97,clean,Displacement-Observed,1,1,95,2
tworoom,97,prefix_a,Direct,1,1,91,0
tworoom,97,prefix_a,Predictor-Final,1,1,86,7
tworoom,97,prefix_a,Predictor-Observed,1,1,77,4
tworoom,97,prefix_a,Predictor-Learned,1,1,77,4
tworoom,97,prefix_a,Simulator-Final,1,1,86,7
tworoom,97,prefix_a,Simulator-Observed,1,1,77,4
tworoom,97,prefix_a,Simulator-Learned,1,1,77,4
tworoom,97,prefix_a,Displacement-Observed,1,1,91,0
tworoom,97,prefix_b,Direct,1,1,91,0
tworoom,97,prefix_b,Predictor-Final,1,1,84,6
tworoom,97,prefix_b,Predictor-Observed,1,1,88,1
tworoom,97,prefix_b,Predictor-Learned,1,1,86,2
tworoom,97,prefix_b,Simulator-Final,1,1,87,7
tworoom,97,prefix_b,Simulator-Observed,1,1,88,1
tworoom,97,prefix_b,Simulator-Learned,1,1,86,2
tworoom,97,prefix_b,Displacement-Observed,1,1,92,4
tworoom,98,clean,Direct,1,1,44,0
tworoom,98,clean,Predictor-Final,1,1,43,4
tworoom,98,clean,Predictor-Observed,1,1,57,1
tworoom,98,clean,Predictor-Learned,1,1,52,7
tworoom,98,clean,Simulator-Final,1,1,43,4
tworoom,98,clean,Simulator-Observed,1,1,57,1
tworoom,98,clean,Simulator-Learned,1,1,52,7
tworoom,98,clean,Displacement-Observed,1,1,44,0
tworoom,98,prefix_a,Direct,1,1,85,0
tworoom,98,prefix_a,Predictor-Final,1,1,55,4
tworoom,98,prefix_a,Predictor-Observed,1,1,85,0
tworoom,98,prefix_a,Predictor-Learned,1,1,34,6
tworoom,98,prefix_a,Simulator-Final,1,1,55,4
tworoom,98,prefix_a,Simulator-Observed,1,1,85,0
tworoom,98,prefix_a,Simulator-Learned,1,1,34,6
tworoom,98,prefix_a,Displacement-Observed,1,1,85,0
tworoom,98,prefix_b,Direct,1,1,43,0
tworoom,98,prefix_b,Predictor-Final,1,1,85,5
tworoom,98,prefix_b,Predictor-Observed,1,1,39,2
tworoom,98,prefix_b,Predictor-Learned,1,1,41,4
tworoom,98,prefix_b,Simulator-Final,1,1,85,5
tworoom,98,prefix_b,Simulator-Observed,1,1,85,5
tworoom,98,prefix_b,Simulator-Learned,1,1,39,2
tworoom,98,prefix_b,Displacement-Observed,1,1,39,2
tworoom,99,clean,Direct,1,1,74,0
tworoom,99,clean,Predictor-Final,1,1,63,6
tworoom,99,clean,Predictor-Observed,1,1,74,0
tworoom,99,clean,Predictor-Learned,1,1,71,4
tworoom,99,clean,Simulator-Final,1,1,74,0
tworoom,99,clean,Simulator-Observed,1,1,74,0
tworoom,99,clean,Simulator-Learned,1,1,71,4
tworoom,99,clean,Displacement-Observed,1,1,74,0
tworoom,99,prefix_a,Direct,1,1,93,0
tworoom,99,prefix_a,Predictor-Final,1,1,92,6
tworoom,99,prefix_a,Predictor-Observed,1,1,93,0
tworoom,99,prefix_a,Predictor-Learned,1,1,58,5
tworoom,99,prefix_a,Simulator-Final,1,1,93,0
tworoom,99,prefix_a,Simulator-Observed,1,1,93,0
tworoom,99,prefix_a,Simulator-Learned,1,1,58,5
tworoom,99,prefix_a,Displacement-Observed,1,1,93,0
tworoom,99,prefix_b,Direct,1,1,58,0
tworoom,99,prefix_b,Predictor-Final,1,1,92,6
tworoom,99,prefix_b,Predictor-Observed,1,1,74,4
tworoom,99,prefix_b,Predictor-Learned,1,1,92,6
tworoom,99,prefix_b,Simulator-Final,1,1,92,6
tworoom,99,prefix_b,Simulator-Observed,1,1,58,0
tworoom,99,prefix_b,Simulator-Learned,1,1,74,4
tworoom,99,prefix_b,Displacement-Observed,1,1,58,0
tworoom,100,clean,Direct,1,1,80,0
tworoom,100,clean,Predictor-Final,1,1,71,7
tworoom,100,clean,Predictor-Observed,1,1,80,0
tworoom,100,clean,Predictor-Learned,1,1,80,0
tworoom,100,clean,Simulator-Final,1,1,71,7
tworoom,100,clean,Simulator-Observed,1,1,97,5
tworoom,100,clean,Simulator-Learned,1,1,97,4
tworoom,100,clean,Displacement-Observed,1,1,92,6
tworoom,100,prefix_a,Direct,1,1,87,0
tworoom,100,prefix_a,Predictor-Final,1,1,87,0
tworoom,100,prefix_a,Predictor-Observed,1,1,87,0
tworoom,100,prefix_a,Predictor-Learned,1,1,81,7
tworoom,100,prefix_a,Simulator-Final,1,1,94,6
tworoom,100,prefix_a,Simulator-Observed,1,1,87,0
tworoom,100,prefix_a,Simulator-Learned,1,1,81,7
tworoom,100,prefix_a,Displacement-Observed,1,1,87,0
tworoom,100,prefix_b,Direct,1,1,94,0
tworoom,100,prefix_b,Predictor-Final,1,1,68,5
tworoom,100,prefix_b,Predictor-Observed,1,1,95,1
tworoom,100,prefix_b,Predictor-Learned,1,1,92,2
tworoom,100,prefix_b,Simulator-Final,1,1,97,3
tworoom,100,prefix_b,Simulator-Observed,1,1,95,1
tworoom,100,prefix_b,Simulator-Learned,1,1,92,2
tworoom,100,prefix_b,Displacement-Observed,1,1,84,6
tworoom,101,clean,Direct,1,1,97,0
tworoom,101,clean,Predictor-Final,1,1,96,1
tworoom,101,clean,Predictor-Observed,1,1,96,6
tworoom,101,clean,Predictor-Learned,1,1,94,7
tworoom,101,clean,Simulator-Final,1,1,94,4
tworoom,101,clean,Simulator-Observed,1,1,96,6
tworoom,101,clean,Simulator-Learned,1,1,94,7
tworoom,101,clean,Displacement-Observed,1,1,97,0
tworoom,101,prefix_a,Direct,1,1,97,0
tworoom,101,prefix_a,Predictor-Final,1,1,94,6
tworoom,101,prefix_a,Predictor-Observed,1,1,88,3
tworoom,101,prefix_a,Predictor-Learned,1,1,94,1
tworoom,101,prefix_a,Simulator-Final,1,1,94,6
tworoom,101,prefix_a,Simulator-Observed,1,1,88,3
tworoom,101,prefix_a,Simulator-Learned,1,1,94,1
tworoom,101,prefix_a,Displacement-Observed,1,1,88,3
tworoom,101,prefix_b,Direct,1,1,97,0
tworoom,101,prefix_b,Predictor-Final,1,1,97,0
tworoom,101,prefix_b,Predictor-Observed,1,1,88,6
tworoom,101,prefix_b,Predictor-Learned,1,1,98,2
tworoom,101,prefix_b,Simulator-Final,1,1,88,6
tworoom,101,prefix_b,Simulator-Observed,1,1,88,6
tworoom,101,prefix_b,Simulator-Learned,1,1,98,2
tworoom,101,prefix_b,Displacement-Observed,1,1,88,6
tworoom,102,clean,Direct,1,0,200,0
tworoom,102,clean,Predictor-Final,1,1,96,4
tworoom,102,clean,Predictor-Observed,1,0,200,0
tworoom,102,clean,Predictor-Learned,1,1,92,1
tworoom,102,clean,Simulator-Final,1,0,200,2
tworoom,102,clean,Simulator-Observed,1,1,89,5
tworoom,102,clean,Simulator-Learned,1,1,92,1
tworoom,102,clean,Displacement-Observed,1,0,200,0
tworoom,102,prefix_a,Direct,1,1,98,0
tworoom,102,prefix_a,Predictor-Final,1,1,95,6
tworoom,102,prefix_a,Predictor-Observed,1,1,95,6
tworoom,102,prefix_a,Predictor-Learned,1,1,95,6
tworoom,102,prefix_a,Simulator-Final,1,1,98,0
tworoom,102,prefix_a,Simulator-Observed,1,1,95,6
tworoom,102,prefix_a,Simulator-Learned,1,1,95,6
tworoom,102,prefix_a,Displacement-Observed,1,1,95,6
tworoom,102,prefix_b,Direct,1,1,98,0
tworoom,102,prefix_b,Predictor-Final,1,1,98,0
tworoom,102,prefix_b,Predictor-Observed,1,1,98,0
tworoom,102,prefix_b,Predictor-Learned,1,1,93,3
tworoom,102,prefix_b,Simulator-Final,1,1,87,5
tworoom,102,prefix_b,Simulator-Observed,1,1,98,0
tworoom,102,prefix_b,Simulator-Learned,1,1,93,3
tworoom,102,prefix_b,Displacement-Observed,1,1,98,0
tworoom,103,clean,Direct,1,1,75,0
tworoom,103,clean,Predictor-Final,1,1,98,4
tworoom,103,clean,Predictor-Observed,1,1,96,7
tworoom,103,clean,Predictor-Learned,1,1,77,5
tworoom,103,clean,Simulator-Final,1,1,95,1
tworoom,103,clean,Simulator-Observed,1,1,96,7
tworoom,103,clean,Simulator-Learned,1,1,77,3
tworoom,103,clean,Displacement-Observed,1,1,75,0
tworoom,103,prefix_a,Direct,1,1,75,0
tworoom,103,prefix_a,Predictor-Final,1,1,97,6
tworoom,103,prefix_a,Predictor-Observed,1,1,75,0
tworoom,103,prefix_a,Predictor-Learned,1,1,75,0
tworoom,103,prefix_a,Simulator-Final,1,1,97,6
tworoom,103,prefix_a,Simulator-Observed,1,1,75,0
tworoom,103,prefix_a,Simulator-Learned,1,1,75,0
tworoom,103,prefix_a,Displacement-Observed,1,1,75,0
tworoom,103,prefix_b,Direct,1,1,80,0
tworoom,103,prefix_b,Predictor-Final,1,1,95,3
tworoom,103,prefix_b,Predictor-Observed,1,1,80,0
tworoom,103,prefix_b,Predictor-Learned,1,1,89,5
tworoom,103,prefix_b,Simulator-Final,1,1,95,2
tworoom,103,prefix_b,Simulator-Observed,1,1,80,0
tworoom,103,prefix_b,Simulator-Learned,1,1,89,5
tworoom,103,prefix_b,Displacement-Observed,1,1,80,0
tworoom,104,clean,Direct,1,1,64,0
tworoom,104,clean,Predictor-Final,1,1,62,5
tworoom,104,clean,Predictor-Observed,1,1,64,0
tworoom,104,clean,Predictor-Learned,1,1,59,6
tworoom,104,clean,Simulator-Final,1,1,62,5
tworoom,104,clean,Simulator-Observed,1,1,64,0
tworoom,104,clean,Simulator-Learned,1,1,59,6
tworoom,104,clean,Displacement-Observed,1,1,64,0
tworoom,104,prefix_a,Direct,1,1,63,0
tworoom,104,prefix_a,Predictor-Final,1,1,76,5
tworoom,104,prefix_a,Predictor-Observed,1,1,97,2
tworoom,104,prefix_a,Predictor-Learned,1,1,97,2
tworoom,104,prefix_a,Simulator-Final,1,1,76,5
tworoom,104,prefix_a,Simulator-Observed,1,1,97,2
tworoom,104,prefix_a,Simulator-Learned,1,1,84,1
tworoom,104,prefix_a,Displacement-Observed,1,1,63,0
tworoom,104,prefix_b,Direct,1,1,38,0
tworoom,104,prefix_b,Predictor-Final,1,1,98,1
tworoom,104,prefix_b,Predictor-Observed,1,1,38,0
tworoom,104,prefix_b,Predictor-Learned,1,1,94,2
tworoom,104,prefix_b,Simulator-Final,1,1,38,0
tworoom,104,prefix_b,Simulator-Observed,1,1,38,0
tworoom,104,prefix_b,Simulator-Learned,1,1,94,2
tworoom,104,prefix_b,Displacement-Observed,1,1,38,0
tworoom,105,clean,Direct,1,1,83,0
tworoom,105,clean,Predictor-Final,1,1,88,7
tworoom,105,clean,Predictor-Observed,1,1,83,0
tworoom,105,clean,Predictor-Learned,1,1,89,3
tworoom,105,clean,Simulator-Final,1,1,88,7
tworoom,105,clean,Simulator-Observed,1,1,83,0
tworoom,105,clean,Simulator-Learned,1,1,89,3
tworoom,105,clean,Displacement-Observed,1,1,83,0
tworoom,105,prefix_a,Direct,1,1,95,0
tworoom,105,prefix_a,Predictor-Final,1,1,83,1
tworoom,105,prefix_a,Predictor-Observed,1,1,93,4
tworoom,105,prefix_a,Predictor-Learned,1,1,77,2
tworoom,105,prefix_a,Simulator-Final,1,1,96,7
tworoom,105,prefix_a,Simulator-Observed,1,1,93,4
tworoom,105,prefix_a,Simulator-Learned,1,1,77,2
tworoom,105,prefix_a,Displacement-Observed,1,1,95,0
tworoom,105,prefix_b,Direct,1,1,86,0
tworoom,105,prefix_b,Predictor-Final,1,1,93,5
tworoom,105,prefix_b,Predictor-Observed,1,1,86,0
tworoom,105,prefix_b,Predictor-Learned,1,1,76,1
tworoom,105,prefix_b,Simulator-Final,1,1,83,4
tworoom,105,prefix_b,Simulator-Observed,1,1,86,0
tworoom,105,prefix_b,Simulator-Learned,1,1,76,1
tworoom,105,prefix_b,Displacement-Observed,1,1,86,0
tworoom,106,clean,Direct,1,1,86,0
tworoom,106,clean,Predictor-Final,1,1,96,7
tworoom,106,clean,Predictor-Observed,1,1,97,3
tworoom,106,clean,Predictor-Learned,1,1,86,0
tworoom,106,clean,Simulator-Final,1,1,96,7
tworoom,106,clean,Simulator-Observed,1,1,97,3
tworoom,106,clean,Simulator-Learned,1,1,86,0
tworoom,106,clean,Displacement-Observed,1,1,86,0
tworoom,106,prefix_a,Direct,1,1,92,0
tworoom,106,prefix_a,Predictor-Final,1,1,92,0
tworoom,106,prefix_a,Predictor-Observed,1,1,88,3
tworoom,106,prefix_a,Predictor-Learned,1,1,95,4
tworoom,106,prefix_a,Simulator-Final,1,1,92,0
tworoom,106,prefix_a,Simulator-Observed,1,1,88,3
tworoom,106,prefix_a,Simulator-Learned,1,1,73,2
tworoom,106,prefix_a,Displacement-Observed,1,1,95,4
tworoom,106,prefix_b,Direct,1,1,88,0
tworoom,106,prefix_b,Predictor-Final,1,1,93,3
tworoom,106,prefix_b,Predictor-Observed,1,1,88,0
tworoom,106,prefix_b,Predictor-Learned,1,1,89,1
tworoom,106,prefix_b,Simulator-Final,1,1,86,6
tworoom,106,prefix_b,Simulator-Observed,1,1,88,0
tworoom,106,prefix_b,Simulator-Learned,1,1,89,1
tworoom,106,prefix_b,Displacement-Observed,1,1,88,0
tworoom,107,clean,Direct,1,1,52,0
tworoom,107,clean,Predictor-Final,1,1,42,1
tworoom,107,clean,Predictor-Observed,1,1,52,0
tworoom,107,clean,Predictor-Learned,1,1,42,1
tworoom,107,clean,Simulator-Final,1,1,39,5
tworoom,107,clean,Simulator-Observed,1,1,52,0
tworoom,107,clean,Simulator-Learned,1,1,42,1
tworoom,107,clean,Displacement-Observed,1,1,52,0
tworoom,107,prefix_a,Direct,1,1,87,0
tworoom,107,prefix_a,Predictor-Final,1,1,90,3
tworoom,107,prefix_a,Predictor-Observed,1,1,87,0
tworoom,107,prefix_a,Predictor-Learned,1,1,63,5
tworoom,107,prefix_a,Simulator-Final,1,1,90,3
tworoom,107,prefix_a,Simulator-Observed,1,1,87,0
tworoom,107,prefix_a,Simulator-Learned,1,1,63,5
tworoom,107,prefix_a,Displacement-Observed,1,1,87,0
tworoom,107,prefix_b,Direct,1,1,51,0
tworoom,107,prefix_b,Predictor-Final,1,1,38,4
tworoom,107,prefix_b,Predictor-Observed,1,1,51,0
tworoom,107,prefix_b,Predictor-Learned,1,1,47,7
tworoom,107,prefix_b,Simulator-Final,1,1,53,5
tworoom,107,prefix_b,Simulator-Observed,1,1,51,0
tworoom,107,prefix_b,Simulator-Learned,1,1,60,3
tworoom,107,prefix_b,Displacement-Observed,1,1,51,0
tworoom,108,clean,Direct,1,1,95,0
tworoom,108,clean,Predictor-Final,1,1,93,4
tworoom,108,clean,Predictor-Observed,1,1,95,0
tworoom,108,clean,Predictor-Learned,1,1,95,6
tworoom,108,clean,Simulator-Final,1,1,95,0
tworoom,108,clean,Simulator-Observed,1,1,95,0
tworoom,108,clean,Simulator-Learned,1,1,95,6
tworoom,108,clean,Displacement-Observed,1,1,95,0
tworoom,108,prefix_a,Direct,1,1,84,0
tworoom,108,prefix_a,Predictor-Final,1,1,90,3
tworoom,108,prefix_a,Predictor-Observed,1,1,85,6
tworoom,108,prefix_a,Predictor-Learned,1,1,83,4
tworoom,108,prefix_a,Simulator-Final,1,1,90,3
tworoom,108,prefix_a,Simulator-Observed,1,1,85,6
tworoom,108,prefix_a,Simulator-Learned,1,1,83,4
tworoom,108,prefix_a,Displacement-Observed,1,1,84,0
tworoom,108,prefix_b,Direct,1,1,97,0
tworoom,108,prefix_b,Predictor-Final,1,1,97,0
tworoom,108,prefix_b,Predictor-Observed,1,1,97,0
tworoom,108,prefix_b,Predictor-Learned,1,1,90,7
tworoom,108,prefix_b,Simulator-Final,1,1,97,0
tworoom,108,prefix_b,Simulator-Observed,1,1,97,0
tworoom,108,prefix_b,Simulator-Learned,1,1,90,7
tworoom,108,prefix_b,Displacement-Observed,1,1,97,0
tworoom,109,clean,Direct,1,1,96,0
tworoom,109,clean,Predictor-Final,1,1,81,2
tworoom,109,clean,Predictor-Observed,1,1,78,4
tworoom,109,clean,Predictor-Learned,1,1,96,7
tworoom,109,clean,Simulator-Final,1,1,78,4
tworoom,109,clean,Simulator-Observed,1,1,78,4
tworoom,109,clean,Simulator-Learned,1,1,96,0
tworoom,109,clean,Displacement-Observed,1,1,78,4
tworoom,109,prefix_a,Direct,1,1,97,0
tworoom,109,prefix_a,Predictor-Final,1,1,97,0
tworoom,109,prefix_a,Predictor-Observed,1,1,98,3
tworoom,109,prefix_a,Predictor-Learned,1,1,98,2
tworoom,109,prefix_a,Simulator-Final,1,1,89,4
tworoom,109,prefix_a,Simulator-Observed,1,1,98,3
tworoom,109,prefix_a,Simulator-Learned,1,1,98,2
tworoom,109,prefix_a,Displacement-Observed,1,1,83,6
tworoom,109,prefix_b,Direct,1,1,96,0
tworoom,109,prefix_b,Predictor-Final,1,1,91,3
tworoom,109,prefix_b,Predictor-Observed,1,1,91,3
tworoom,109,prefix_b,Predictor-Learned,1,1,91,3
tworoom,109,prefix_b,Simulator-Final,1,1,91,3
tworoom,109,prefix_b,Simulator-Observed,1,1,91,3
tworoom,109,prefix_b,Simulator-Learned,1,1,78,1
tworoom,109,prefix_b,Displacement-Observed,1,1,91,3
tworoom,110,clean,Direct,1,1,98,0
tworoom,110,clean,Predictor-Final,1,1,84,5
tworoom,110,clean,Predictor-Observed,1,1,98,0
tworoom,110,clean,Predictor-Learned,1,1,44,3
tworoom,110,clean,Simulator-Final,1,1,75,4
tworoom,110,clean,Simulator-Observed,1,1,98,0
tworoom,110,clean,Simulator-Learned,1,1,44,3
tworoom,110,clean,Displacement-Observed,1,1,98,0
tworoom,110,prefix_a,Direct,1,1,60,0
tworoom,110,prefix_a,Predictor-Final,1,1,44,6
tworoom,110,prefix_a,Predictor-Observed,1,1,60,0
tworoom,110,prefix_a,Predictor-Learned,1,1,60,0
tworoom,110,prefix_a,Simulator-Final,1,1,48,4
tworoom,110,prefix_a,Simulator-Observed,1,1,60,0
tworoom,110,prefix_a,Simulator-Learned,1,1,60,0
tworoom,110,prefix_a,Displacement-Observed,1,1,60,0
tworoom,110,prefix_b,Direct,1,1,96,0
tworoom,110,prefix_b,Predictor-Final,1,1,61,5
tworoom,110,prefix_b,Predictor-Observed,1,1,61,5
tworoom,110,prefix_b,Predictor-Learned,1,1,91,3
tworoom,110,prefix_b,Simulator-Final,1,1,72,6
tworoom,110,prefix_b,Simulator-Observed,1,1,61,5
tworoom,110,prefix_b,Simulator-Learned,1,1,96,4
tworoom,110,prefix_b,Displacement-Observed,1,1,61,5
tworoom,111,clean,Direct,1,1,47,0
tworoom,111,clean,Predictor-Final,1,1,34,3
tworoom,111,clean,Predictor-Observed,1,1,47,0
tworoom,111,clean,Predictor-Learned,1,1,32,4
tworoom,111,clean,Simulator-Final,1,1,41,5
tworoom,111,clean,Simulator-Observed,1,1,47,0
tworoom,111,clean,Simulator-Learned,1,1,32,4
tworoom,111,clean,Displacement-Observed,1,1,47,0
tworoom,111,prefix_a,Direct,1,1,34,0
tworoom,111,prefix_a,Predictor-Final,1,1,34,1
tworoom,111,prefix_a,Predictor-Observed,1,1,48,5
tworoom,111,prefix_a,Predictor-Learned,1,1,35,2
tworoom,111,prefix_a,Simulator-Final,1,1,38,7
tworoom,111,prefix_a,Simulator-Observed,1,1,48,5
tworoom,111,prefix_a,Simulator-Learned,1,1,35,2
tworoom,111,prefix_a,Displacement-Observed,1,1,48,5
tworoom,111,prefix_b,Direct,1,1,41,0
tworoom,111,prefix_b,Predictor-Final,1,1,71,6
tworoom,111,prefix_b,Predictor-Observed,1,1,80,5
tworoom,111,prefix_b,Predictor-Learned,1,1,38,4
tworoom,111,prefix_b,Simulator-Final,1,1,32,3
tworoom,111,prefix_b,Simulator-Observed,1,1,80,5
tworoom,111,prefix_b,Simulator-Learned,1,1,38,4
tworoom,111,prefix_b,Displacement-Observed,1,1,80,5
tworoom,112,clean,Direct,1,1,54,0
tworoom,112,clean,Predictor-Final,1,1,96,7
tworoom,112,clean,Predictor-Observed,1,1,95,6
tworoom,112,clean,Predictor-Learned,1,1,84,1
tworoom,112,clean,Simulator-Final,1,1,53,2
tworoom,112,clean,Simulator-Observed,1,1,95,6
tworoom,112,clean,Simulator-Learned,1,1,84,1
tworoom,112,clean,Displacement-Observed,1,1,54,0
tworoom,112,prefix_a,Direct,1,1,67,0
tworoom,112,prefix_a,Predictor-Final,1,1,72,6
tworoom,112,prefix_a,Predictor-Observed,1,1,67,0
tworoom,112,prefix_a,Predictor-Learned,1,1,85,5
tworoom,112,prefix_a,Simulator-Final,1,1,92,1
tworoom,112,prefix_a,Simulator-Observed,1,1,67,0
tworoom,112,prefix_a,Simulator-Learned,1,1,85,5
tworoom,112,prefix_a,Displacement-Observed,1,1,67,0
tworoom,112,prefix_b,Direct,1,1,87,0
tworoom,112,prefix_b,Predictor-Final,1,1,53,6
tworoom,112,prefix_b,Predictor-Observed,1,1,53,6
tworoom,112,prefix_b,Predictor-Learned,1,1,87,0
tworoom,112,prefix_b,Simulator-Final,1,1,53,6
tworoom,112,prefix_b,Simulator-Observed,1,1,53,6
tworoom,112,prefix_b,Simulator-Learned,1,1,87,0
tworoom,112,prefix_b,Displacement-Observed,1,1,53,6
tworoom,113,clean,Direct,1,1,93,0
tworoom,113,clean,Predictor-Final,1,1,98,6
tworoom,113,clean,Predictor-Observed,1,1,93,0
tworoom,113,clean,Predictor-Learned,1,1,96,3
tworoom,113,clean,Simulator-Final,1,1,98,6
tworoom,113,clean,Simulator-Observed,1,1,93,0
tworoom,113,clean,Simulator-Learned,1,1,96,3
tworoom,113,clean,Displacement-Observed,1,1,93,0
tworoom,113,prefix_a,Direct,1,1,95,0
tworoom,113,prefix_a,Predictor-Final,1,1,89,6
tworoom,113,prefix_a,Predictor-Observed,1,1,95,0
tworoom,113,prefix_a,Predictor-Learned,1,1,98,2
tworoom,113,prefix_a,Simulator-Final,1,1,95,4
tworoom,113,prefix_a,Simulator-Observed,1,1,95,0
tworoom,113,prefix_a,Simulator-Learned,1,1,98,2
tworoom,113,prefix_a,Displacement-Observed,1,1,95,0
tworoom,113,prefix_b,Direct,1,1,98,0
tworoom,113,prefix_b,Predictor-Final,1,1,97,4
tworoom,113,prefix_b,Predictor-Observed,1,1,98,0
tworoom,113,prefix_b,Predictor-Learned,1,1,87,3
tworoom,113,prefix_b,Simulator-Final,1,1,98,0
tworoom,113,prefix_b,Simulator-Observed,1,1,98,0
tworoom,113,prefix_b,Simulator-Learned,1,1,87,3
tworoom,113,prefix_b,Displacement-Observed,1,1,98,0
tworoom,114,clean,Direct,1,1,86,0
tworoom,114,clean,Predictor-Final,1,1,66,7
tworoom,114,clean,Predictor-Observed,1,1,86,0
tworoom,114,clean,Predictor-Learned,1,1,66,1
tworoom,114,clean,Simulator-Final,1,1,66,7
tworoom,114,clean,Simulator-Observed,1,1,86,0
tworoom,114,clean,Simulator-Learned,1,1,66,1
tworoom,114,clean,Displacement-Observed,1,1,86,0
tworoom,114,prefix_a,Direct,1,1,53,0
tworoom,114,prefix_a,Predictor-Final,1,1,71,2
tworoom,114,prefix_a,Predictor-Observed,1,1,71,2
tworoom,114,prefix_a,Predictor-Learned,1,1,53,0
tworoom,114,prefix_a,Simulator-Final,1,1,58,5
tworoom,114,prefix_a,Simulator-Observed,1,1,71,2
tworoom,114,prefix_a,Simulator-Learned,1,1,97,4
tworoom,114,prefix_a,Displacement-Observed,1,1,98,1
tworoom,114,prefix_b,Direct,1,1,73,0
tworoom,114,prefix_b,Predictor-Final,1,1,51,1
tworoom,114,prefix_b,Predictor-Observed,1,1,53,6
tworoom,114,prefix_b,Predictor-Learned,1,1,28,3
tworoom,114,prefix_b,Simulator-Final,1,1,51,1
tworoom,114,prefix_b,Simulator-Observed,1,1,53,6
tworoom,114,prefix_b,Simulator-Learned,1,1,51,1
tworoom,114,prefix_b,Displacement-Observed,1,1,73,0
tworoom,115,clean,Direct,1,1,94,0
tworoom,115,clean,Predictor-Final,1,1,95,7
tworoom,115,clean,Predictor-Observed,1,1,94,0
tworoom,115,clean,Predictor-Learned,1,1,93,6
tworoom,115,clean,Simulator-Final,1,1,94,0
tworoom,115,clean,Simulator-Observed,1,1,94,0
tworoom,115,clean,Simulator-Learned,1,1,94,0
tworoom,115,clean,Displacement-Observed,1,1,94,0
tworoom,115,prefix_a,Direct,1,1,78,0
tworoom,115,prefix_a,Predictor-Final,1,1,90,6
tworoom,115,prefix_a,Predictor-Observed,1,1,78,0
tworoom,115,prefix_a,Predictor-Learned,1,1,87,3
tworoom,115,prefix_a,Simulator-Final,1,1,97,7
tworoom,115,prefix_a,Simulator-Observed,1,1,78,0
tworoom,115,prefix_a,Simulator-Learned,1,1,87,3
tworoom,115,prefix_a,Displacement-Observed,1,1,78,0
tworoom,115,prefix_b,Direct,1,1,97,0
tworoom,115,prefix_b,Predictor-Final,1,1,94,2
tworoom,115,prefix_b,Predictor-Observed,1,1,86,1
tworoom,115,prefix_b,Predictor-Learned,1,1,97,6
tworoom,115,prefix_b,Simulator-Final,1,1,86,1
tworoom,115,prefix_b,Simulator-Observed,1,1,86,1
tworoom,115,prefix_b,Simulator-Learned,1,1,94,2
tworoom,115,prefix_b,Displacement-Observed,1,1,97,0
tworoom,116,clean,Direct,1,1,78,0
tworoom,116,clean,Predictor-Final,1,1,68,5
tworoom,116,clean,Predictor-Observed,1,1,78,0
tworoom,116,clean,Predictor-Learned,1,1,95,3
tworoom,116,clean,Simulator-Final,1,1,68,5
tworoom,116,clean,Simulator-Observed,1,1,78,0
tworoom,116,clean,Simulator-Learned,1,1,95,3
tworoom,116,clean,Displacement-Observed,1,1,78,0
tworoom,116,prefix_a,Direct,1,1,77,0
tworoom,116,prefix_a,Predictor-Final,1,1,78,2
tworoom,116,prefix_a,Predictor-Observed,1,1,78,2
tworoom,116,prefix_a,Predictor-Learned,1,1,72,6
tworoom,116,prefix_a,Simulator-Final,1,1,78,2
tworoom,116,prefix_a,Simulator-Observed,1,1,78,2
tworoom,116,prefix_a,Simulator-Learned,1,1,72,6
tworoom,116,prefix_a,Displacement-Observed,1,1,78,2
tworoom,116,prefix_b,Direct,1,1,97,0
tworoom,116,prefix_b,Predictor-Final,1,1,81,4
tworoom,116,prefix_b,Predictor-Observed,1,1,97,0
tworoom,116,prefix_b,Predictor-Learned,1,1,81,4
tworoom,116,prefix_b,Simulator-Final,1,1,81,4
tworoom,116,prefix_b,Simulator-Observed,1,1,97,0
tworoom,116,prefix_b,Simulator-Learned,1,1,81,4
tworoom,116,prefix_b,Displacement-Observed,1,1,97,0
tworoom,117,clean,Direct,1,1,55,0
tworoom,117,clean,Predictor-Final,1,1,79,6
tworoom,117,clean,Predictor-Observed,1,1,82,2
tworoom,117,clean,Predictor-Learned,1,1,62,1
tworoom,117,clean,Simulator-Final,1,1,82,2
tworoom,117,clean,Simulator-Observed,1,1,82,2
tworoom,117,clean,Simulator-Learned,1,1,55,4
tworoom,117,clean,Displacement-Observed,1,1,62,1
tworoom,117,prefix_a,Direct,1,1,72,0
tworoom,117,prefix_a,Predictor-Final,1,1,72,0
tworoom,117,prefix_a,Predictor-Observed,1,1,72,0
tworoom,117,prefix_a,Predictor-Learned,1,1,72,7
tworoom,117,prefix_a,Simulator-Final,1,1,72,0
tworoom,117,prefix_a,Simulator-Observed,1,1,72,0
tworoom,117,prefix_a,Simulator-Learned,1,1,72,3
tworoom,117,prefix_a,Displacement-Observed,1,1,72,0
tworoom,117,prefix_b,Direct,1,1,77,0
tworoom,117,prefix_b,Predictor-Final,1,1,88,2
tworoom,117,prefix_b,Predictor-Observed,1,1,94,5
tworoom,117,prefix_b,Predictor-Learned,1,1,88,2
tworoom,117,prefix_b,Simulator-Final,1,1,88,2
tworoom,117,prefix_b,Simulator-Observed,1,1,88,2
tworoom,117,prefix_b,Simulator-Learned,1,1,88,2
tworoom,117,prefix_b,Displacement-Observed,1,1,77,0
tworoom,118,clean,Direct,1,1,48,0
tworoom,118,clean,Predictor-Final,1,1,28,1
tworoom,118,clean,Predictor-Observed,1,1,48,0
tworoom,118,clean,Predictor-Learned,1,1,68,2
tworoom,118,clean,Simulator-Final,1,1,68,2
tworoom,118,clean,Simulator-Observed,1,1,48,0
tworoom,118,clean,Simulator-Learned,1,1,68,2
tworoom,118,clean,Displacement-Observed,1,1,48,0
tworoom,118,prefix_a,Direct,1,1,45,0
tworoom,118,prefix_a,Predictor-Final,1,1,28,5
tworoom,118,prefix_a,Predictor-Observed,1,1,45,0
tworoom,118,prefix_a,Predictor-Learned,1,1,27,1
tworoom,118,prefix_a,Simulator-Final,1,1,31,3
tworoom,118,prefix_a,Simulator-Observed,1,1,45,0
tworoom,118,prefix_a,Simulator-Learned,1,1,28,5
tworoom,118,prefix_a,Displacement-Observed,1,1,45,0
tworoom,118,prefix_b,Direct,1,1,54,0
tworoom,118,prefix_b,Predictor-Final,1,1,68,5
tworoom,118,prefix_b,Predictor-Observed,1,1,93,4
tworoom,118,prefix_b,Predictor-Learned,1,1,93,4
tworoom,118,prefix_b,Simulator-Final,1,1,54,0
tworoom,118,prefix_b,Simulator-Observed,1,1,94,6
tworoom,118,prefix_b,Simulator-Learned,1,1,93,4
tworoom,118,prefix_b,Displacement-Observed,1,1,93,4
tworoom,119,clean,Direct,1,1,85,0
tworoom,119,clean,Predictor-Final,1,1,95,6
tworoom,119,clean,Predictor-Observed,1,1,85,0
tworoom,119,clean,Predictor-Learned,1,1,94,1
tworoom,119,clean,Simulator-Final,1,1,95,6
tworoom,119,clean,Simulator-Observed,1,1,85,0
tworoom,119,clean,Simulator-Learned,1,1,94,1
tworoom,119,clean,Displacement-Observed,1,1,85,0
tworoom,119,prefix_a,Direct,1,1,94,0
tworoom,119,prefix_a,Predictor-Final,1,1,82,4
tworoom,119,prefix_a,Predictor-Observed,1,1,82,4
tworoom,119,prefix_a,Predictor-Learned,1,1,94,0
tworoom,119,prefix_a,Simulator-Final,1,1,82,4
tworoom,119,prefix_a,Simulator-Observed,1,1,82,4
tworoom,119,prefix_a,Simulator-Learned,1,1,62,7
tworoom,119,prefix_a,Displacement-Observed,1,1,94,0
tworoom,119,prefix_b,Direct,1,1,96,0
tworoom,119,prefix_b,Predictor-Final,1,1,94,4
tworoom,119,prefix_b,Predictor-Observed,1,1,97,7
tworoom,119,prefix_b,Predictor-Learned,1,1,96,0
tworoom,119,prefix_b,Simulator-Final,1,1,94,4
tworoom,119,prefix_b,Simulator-Observed,1,1,97,7
tworoom,119,prefix_b,Simulator-Learned,1,1,96,0
tworoom,119,prefix_b,Displacement-Observed,1,1,96,0
tworoom,120,clean,Direct,1,1,94,0
tworoom,120,clean,Predictor-Final,1,1,92,7
tworoom,120,clean,Predictor-Observed,1,1,94,0
tworoom,120,clean,Predictor-Learned,1,1,82,2
tworoom,120,clean,Simulator-Final,1,1,91,3
tworoom,120,clean,Simulator-Observed,1,1,94,0
tworoom,120,clean,Simulator-Learned,1,1,82,2
tworoom,120,clean,Displacement-Observed,1,1,82,2
tworoom,120,prefix_a,Direct,1,1,72,0
tworoom,120,prefix_a,Predictor-Final,1,1,67,7
tworoom,120,prefix_a,Predictor-Observed,1,1,67,7
tworoom,120,prefix_a,Predictor-Learned,1,1,93,1
tworoom,120,prefix_a,Simulator-Final,1,1,82,4
tworoom,120,prefix_a,Simulator-Observed,1,1,67,7
tworoom,120,prefix_a,Simulator-Learned,1,1,93,1
tworoom,120,prefix_a,Displacement-Observed,1,1,72,0
tworoom,120,prefix_b,Direct,1,1,82,0
tworoom,120,prefix_b,Predictor-Final,1,1,87,6
tworoom,120,prefix_b,Predictor-Observed,1,1,62,3
tworoom,120,prefix_b,Predictor-Learned,1,1,82,0
tworoom,120,prefix_b,Simulator-Final,1,1,86,4
tworoom,120,prefix_b,Simulator-Observed,1,1,62,3
tworoom,120,prefix_b,Simulator-Learned,1,1,82,0
tworoom,120,prefix_b,Displacement-Observed,1,1,93,7
tworoom,121,clean,Direct,1,1,66,0
tworoom,121,clean,Predictor-Final,1,1,97,6
tworoom,121,clean,Predictor-Observed,1,1,66,0
tworoom,121,clean,Predictor-Learned,1,1,72,7
tworoom,121,clean,Simulator-Final,1,1,47,1
tworoom,121,clean,Simulator-Observed,1,1,66,0
tworoom,121,clean,Simulator-Learned,1,1,72,7
tworoom,121,clean,Displacement-Observed,1,1,66,0
tworoom,121,prefix_a,Direct,1,1,83,0
tworoom,121,prefix_a,Predictor-Final,1,1,66,1
tworoom,121,prefix_a,Predictor-Observed,1,1,83,0
tworoom,121,prefix_a,Predictor-Learned,1,1,71,5
tworoom,121,prefix_a,Simulator-Final,1,1,66,1
tworoom,121,prefix_a,Simulator-Observed,1,1,83,0
tworoom,121,prefix_a,Simulator-Learned,1,1,71,5
tworoom,121,prefix_a,Displacement-Observed,1,1,83,0
tworoom,121,prefix_b,Direct,1,1,83,0
tworoom,121,prefix_b,Predictor-Final,1,1,45,4
tworoom,121,prefix_b,Predictor-Observed,1,1,45,4
tworoom,121,prefix_b,Predictor-Learned,1,1,91,5
tworoom,121,prefix_b,Simulator-Final,1,1,79,6
tworoom,121,prefix_b,Simulator-Observed,1,1,83,0
tworoom,121,prefix_b,Simulator-Learned,1,1,91,5
tworoom,121,prefix_b,Displacement-Observed,1,1,83,0
tworoom,122,clean,Direct,1,1,64,0
tworoom,122,clean,Predictor-Final,1,1,68,4
tworoom,122,clean,Predictor-Observed,1,1,68,4
tworoom,122,clean,Predictor-Learned,1,1,46,5
tworoom,122,clean,Simulator-Final,1,1,53,3
tworoom,122,clean,Simulator-Observed,1,1,68,4
tworoom,122,clean,Simulator-Learned,1,1,46,5
tworoom,122,clean,Displacement-Observed,1,1,65,6
tworoom,122,prefix_a,Direct,1,1,68,0
tworoom,122,prefix_a,Predictor-Final,1,1,77,7
tworoom,122,prefix_a,Predictor-Observed,1,1,68,0
tworoom,122,prefix_a,Predictor-Learned,1,1,62,1
tworoom,122,prefix_a,Simulator-Final,1,1,77,7
tworoom,122,prefix_a,Simulator-Observed,1,1,68,0
tworoom,122,prefix_a,Simulator-Learned,1,1,62,1
tworoom,122,prefix_a,Displacement-Observed,1,1,68,0
tworoom,122,prefix_b,Direct,1,1,56,0
tworoom,122,prefix_b,Predictor-Final,1,1,63,6
tworoom,122,prefix_b,Predictor-Observed,1,1,63,6
tworoom,122,prefix_b,Predictor-Learned,1,1,41,2
tworoom,122,prefix_b,Simulator-Final,1,1,45,4
tworoom,122,prefix_b,Simulator-Observed,1,1,63,6
tworoom,122,prefix_b,Simulator-Learned,1,1,41,2
tworoom,122,prefix_b,Displacement-Observed,1,1,56,0
tworoom,123,clean,Direct,1,1,96,0
tworoom,123,clean,Predictor-Final,1,1,96,0
tworoom,123,clean,Predictor-Observed,1,1,96,0
tworoom,123,clean,Predictor-Learned,1,1,94,1
tworoom,123,clean,Simulator-Final,1,1,83,7
tworoom,123,clean,Simulator-Observed,1,1,96,0
tworoom,123,clean,Simulator-Learned,1,1,94,1
tworoom,123,clean,Displacement-Observed,1,1,94,1
tworoom,123,prefix_a,Direct,1,1,92,0
tworoom,123,prefix_a,Predictor-Final,1,1,92,6
tworoom,123,prefix_a,Predictor-Observed,1,1,92,0
tworoom,123,prefix_a,Predictor-Learned,1,1,94,7
tworoom,123,prefix_a,Simulator-Final,1,1,95,2
tworoom,123,prefix_a,Simulator-Observed,1,1,92,0
tworoom,123,prefix_a,Simulator-Learned,1,1,94,7
tworoom,123,prefix_a,Displacement-Observed,1,1,92,0
tworoom,123,prefix_b,Direct,1,1,96,0
tworoom,123,prefix_b,Predictor-Final,1,1,96,2
tworoom,123,prefix_b,Predictor-Observed,1,1,96,6
tworoom,123,prefix_b,Predictor-Learned,1,1,86,4
tworoom,123,prefix_b,Simulator-Final,1,1,96,2
tworoom,123,prefix_b,Simulator-Observed,1,1,96,6
tworoom,123,prefix_b,Simulator-Learned,1,1,86,4
tworoom,123,prefix_b,Displacement-Observed,1,1,96,0
tworoom,124,clean,Direct,1,1,97,0
tworoom,124,clean,Predictor-Final,1,1,88,2
tworoom,124,clean,Predictor-Observed,1,1,90,6
tworoom,124,clean,Predictor-Learned,1,1,84,3
tworoom,124,clean,Simulator-Final,1,1,88,2
tworoom,124,clean,Simulator-Observed,1,1,90,6
tworoom,124,clean,Simulator-Learned,1,1,84,3
tworoom,124,clean,Displacement-Observed,1,1,97,0
tworoom,124,prefix_a,Direct,1,1,90,0
tworoom,124,prefix_a,Predictor-Final,1,1,84,2
tworoom,124,prefix_a,Predictor-Observed,1,1,90,0
tworoom,124,prefix_a,Predictor-Learned,1,1,80,7
tworoom,124,prefix_a,Simulator-Final,1,1,81,4
tworoom,124,prefix_a,Simulator-Observed,1,1,90,0
tworoom,124,prefix_a,Simulator-Learned,1,1,80,7
tworoom,124,prefix_a,Displacement-Observed,1,1,90,0
tworoom,124,prefix_b,Direct,1,1,79,0
tworoom,124,prefix_b,Predictor-Final,1,1,93,7
tworoom,124,prefix_b,Predictor-Observed,1,1,79,0
tworoom,124,prefix_b,Predictor-Learned,1,1,93,7
tworoom,124,prefix_b,Simulator-Final,1,1,93,7
tworoom,124,prefix_b,Simulator-Observed,1,1,79,0
tworoom,124,prefix_b,Simulator-Learned,1,1,93,7
tworoom,124,prefix_b,Displacement-Observed,1,1,79,0
tworoom,125,clean,Direct,1,1,92,0
tworoom,125,clean,Predictor-Final,1,1,63,7
tworoom,125,clean,Predictor-Observed,1,1,92,0
tworoom,125,clean,Predictor-Learned,1,1,64,6
tworoom,125,clean,Simulator-Final,1,1,64,6
tworoom,125,clean,Simulator-Observed,1,1,92,0
tworoom,125,clean,Simulator-Learned,1,1,64,6
tworoom,125,clean,Displacement-Observed,1,1,92,0
tworoom,125,prefix_a,Direct,1,1,62,0
tworoom,125,prefix_a,Predictor-Final,1,1,65,3
tworoom,125,prefix_a,Predictor-Observed,1,1,62,0
tworoom,125,prefix_a,Predictor-Learned,1,1,85,4
tworoom,125,prefix_a,Simulator-Final,1,1,65,3
tworoom,125,prefix_a,Simulator-Observed,1,1,62,0
tworoom,125,prefix_a,Simulator-Learned,1,1,85,4
tworoom,125,prefix_a,Displacement-Observed,1,1,62,0
tworoom,125,prefix_b,Direct,1,1,76,0
tworoom,125,prefix_b,Predictor-Final,1,1,87,5
tworoom,125,prefix_b,Predictor-Observed,1,1,76,0
tworoom,125,prefix_b,Predictor-Learned,1,1,87,4
tworoom,125,prefix_b,Simulator-Final,1,1,87,5
tworoom,125,prefix_b,Simulator-Observed,1,1,76,0
tworoom,125,prefix_b,Simulator-Learned,1,1,87,4
tworoom,125,prefix_b,Displacement-Observed,1,1,76,0
tworoom,126,clean,Direct,1,1,95,0
tworoom,126,clean,Predictor-Final,1,1,95,2
tworoom,126,clean,Predictor-Observed,1,1,86,6
tworoom,126,clean,Predictor-Learned,1,1,95,7
tworoom,126,clean,Simulator-Final,1,1,95,2
tworoom,126,clean,Simulator-Observed,1,1,95,7
tworoom,126,clean,Simulator-Learned,1,1,95,7
tworoom,126,clean,Displacement-Observed,1,1,95,7
tworoom,126,prefix_a,Direct,1,1,73,0
tworoom,126,prefix_a,Predictor-Final,1,1,92,2
tworoom,126,prefix_a,Predictor-Observed,1,1,93,7
tworoom,126,prefix_a,Predictor-Learned,1,1,95,6
tworoom,126,prefix_a,Simulator-Final,1,1,92,2
tworoom,126,prefix_a,Simulator-Observed,1,1,95,6
tworoom,126,prefix_a,Simulator-Learned,1,1,95,6
tworoom,126,prefix_a,Displacement-Observed,1,1,95,6
tworoom,126,prefix_b,Direct,1,1,95,0
tworoom,126,prefix_b,Predictor-Final,1,1,97,2
tworoom,126,prefix_b,Predictor-Observed,1,1,95,6
tworoom,126,prefix_b,Predictor-Learned,1,1,96,1
tworoom,126,prefix_b,Simulator-Final,1,1,95,0
tworoom,126,prefix_b,Simulator-Observed,1,1,96,1
tworoom,126,prefix_b,Simulator-Learned,1,1,96,1
tworoom,126,prefix_b,Displacement-Observed,1,1,95,0
tworoom,127,clean,Direct,1,1,94,0
tworoom,127,clean,Predictor-Final,1,1,83,6
tworoom,127,clean,Predictor-Observed,1,1,94,0
tworoom,127,clean,Predictor-Learned,1,1,93,1
tworoom,127,clean,Simulator-Final,1,1,83,6
tworoom,127,clean,Simulator-Observed,1,1,94,0
tworoom,127,clean,Simulator-Learned,1,1,93,1
tworoom,127,clean,Displacement-Observed,1,1,94,0
tworoom,127,prefix_a,Direct,1,1,90,0
tworoom,127,prefix_a,Predictor-Final,1,1,90,0
tworoom,127,prefix_a,Predictor-Observed,1,1,90,0
tworoom,127,prefix_a,Predictor-Learned,1,1,98,2
tworoom,127,prefix_a,Simulator-Final,1,1,95,1
tworoom,127,prefix_a,Simulator-Observed,1,1,90,0
tworoom,127,prefix_a,Simulator-Learned,1,1,98,2
tworoom,127,prefix_a,Displacement-Observed,1,1,90,0
tworoom,127,prefix_b,Direct,1,1,93,0
tworoom,127,prefix_b,Predictor-Final,1,1,87,6
tworoom,127,prefix_b,Predictor-Observed,1,1,93,0
tworoom,127,prefix_b,Predictor-Learned,1,1,95,1
tworoom,127,prefix_b,Simulator-Final,1,1,87,6
tworoom,127,prefix_b,Simulator-Observed,1,1,93,0
tworoom,127,prefix_b,Simulator-Learned,1,1,95,1
tworoom,127,prefix_b,Displacement-Observed,1,1,93,0
