task,controller,query_ordinal,condition,success,primitive_steps,prediction_blocks
cube,AP-CEM,0,clean,1,20,36008
cube,AP-CEM,0,prefix_a,1,26,54012
cube,AP-CEM,0,prefix_b,1,20,36008
cube,AP-CEM,1,clean,0,150,270060
cube,AP-CEM,1,prefix_a,0,150,270060
cube,AP-CEM,1,prefix_b,0,150,270060
cube,AP-CEM,2,clean,1,40,72016
cube,AP-CEM,2,prefix_a,1,44,81018
cube,AP-CEM,2,prefix_b,1,38,72016
cube,AP-CEM,3,clean,0,150,270060
cube,AP-CEM,3,prefix_a,0,150,270060
cube,AP-CEM,3,prefix_b,0,150,270060
cube,AP-CEM,4,clean,1,20,36008
cube,AP-CEM,4,prefix_a,1,15,27006
cube,AP-CEM,4,prefix_b,0,150,270060
cube,AP-CEM,5,clean,1,45,81018
cube,AP-CEM,5,prefix_a,0,150,270060
cube,AP-CEM,5,prefix_b,0,150,270060
cube,AP-CEM,6,clean,0,150,270060
cube,AP-CEM,6,prefix_a,0,150,270060
cube,AP-CEM,6,prefix_b,0,150,270060
cube,AP-CEM,7,clean,1,43,81018
cube,AP-CEM,7,prefix_a,1,29,54012
cube,AP-CEM,7,prefix_b,1,43,81018
cube,AP-CEM,8,clean,1,28,54012
cube,AP-CEM,8,prefix_a,0,150,270060
cube,AP-CEM,8,prefix_b,0,150,270060
cube,AP-CEM,9,clean,0,150,270060
cube,AP-CEM,9,prefix_a,0,150,270060
cube,AP-CEM,9,prefix_b,0,150,270060
cube,AP-CEM,10,clean,1,45,81018
cube,AP-CEM,10,prefix_a,0,150,270060
cube,AP-CEM,10,prefix_b,0,150,270060
cube,AP-CEM,11,clean,0,150,270060
cube,AP-CEM,11,prefix_a,0,150,270060
cube,AP-CEM,11,prefix_b,1,23,45010
cube,AP-CEM,12,clean,1,16,36008
cube,AP-CEM,12,prefix_a,0,150,270060
cube,AP-CEM,12,prefix_b,1,13,27006
cube,AP-CEM,13,clean,0,150,270060
cube,AP-CEM,13,prefix_a,0,150,270060
cube,AP-CEM,13,prefix_b,1,43,81018
cube,AP-CEM,14,clean,1,19,36008
cube,AP-CEM,14,prefix_a,0,150,270060
cube,AP-CEM,14,prefix_b,1,23,45010
cube,AP-CEM,15,clean,0,150,270060
cube,AP-CEM,15,prefix_a,0,150,270060
cube,AP-CEM,15,prefix_b,0,150,270060
cube,AP-CEM,16,clean,1,24,45010
cube,AP-CEM,16,prefix_a,0,150,270060
cube,AP-CEM,16,prefix_b,1,50,90020
cube,AP-CEM,17,clean,0,150,270060
cube,AP-CEM,17,prefix_a,0,150,270060
cube,AP-CEM,17,prefix_b,0,150,270060
cube,AP-CEM,18,clean,0,150,270060
cube,AP-CEM,18,prefix_a,0,150,270060
cube,AP-CEM,18,prefix_b,0,150,270060
cube,AP-CEM,19,clean,1,22,45010
cube,AP-CEM,19,prefix_a,1,22,45010
cube,AP-CEM,19,prefix_b,1,18,36008
cube,AP-CEM,20,clean,0,150,270060
cube,AP-CEM,20,prefix_a,0,150,270060
cube,AP-CEM,20,prefix_b,0,150,270060
cube,AP-CEM,21,clean,0,150,270060
cube,AP-CEM,21,prefix_a,0,150,270060
cube,AP-CEM,21,prefix_b,0,150,270060
cube,AP-CEM,22,clean,1,40,72016
cube,AP-CEM,22,prefix_a,1,42,81018
cube,AP-CEM,22,prefix_b,1,26,54012
cube,AP-CEM,23,clean,0,150,270060
cube,AP-CEM,23,prefix_a,0,150,270060
cube,AP-CEM,23,prefix_b,0,150,270060
cube,AP-CEM,24,clean,0,150,270060
cube,AP-CEM,24,prefix_a,0,150,270060
cube,AP-CEM,24,prefix_b,0,150,270060
cube,AP-CEM,25,clean,1,31,63014
cube,AP-CEM,25,prefix_a,1,9,18004
cube,AP-CEM,25,prefix_b,1,24,45010
cube,AP-CEM,26,clean,1,28,54012
cube,AP-CEM,26,prefix_a,0,150,270060
cube,AP-CEM,26,prefix_b,0,150,270060
cube,AP-CEM,27,clean,0,150,270060
cube,AP-CEM,27,prefix_a,0,150,270060
cube,AP-CEM,27,prefix_b,0,150,270060
cube,AP-CEM,28,clean,1,20,36008
cube,AP-CEM,28,prefix_a,0,150,270060
cube,AP-CEM,28,prefix_b,0,150,270060
cube,AP-CEM,29,clean,0,150,270060
cube,AP-CEM,29,prefix_a,0,150,270060
cube,AP-CEM,29,prefix_b,0,150,270060
cube,AP-CEM,30,clean,0,150,270060
cube,AP-CEM,30,prefix_a,0,150,270060
cube,AP-CEM,30,prefix_b,0,150,270060
cube,AP-CEM,31,clean,1,29,54012
cube,AP-CEM,31,prefix_a,1,32,63014
cube,AP-CEM,31,prefix_b,0,150,270060
cube,AP-CEM,32,clean,0,150,270060
cube,AP-CEM,32,prefix_a,0,150,270060
cube,AP-CEM,32,prefix_b,0,150,270060
cube,AP-CEM,33,clean,1,15,27006
cube,AP-CEM,33,prefix_a,1,17,36008
cube,AP-CEM,33,prefix_b,1,14,27006
cube,AP-CEM,34,clean,1,22,45010
cube,AP-CEM,34,prefix_a,1,23,45010
cube,AP-CEM,34,prefix_b,1,18,36008
cube,AP-CEM,35,clean,0,150,270060
cube,AP-CEM,35,prefix_a,1,44,81018
cube,AP-CEM,35,prefix_b,1,33,63014
cube,AP-CEM,36,clean,0,150,270060
cube,AP-CEM,36,prefix_a,0,150,270060
cube,AP-CEM,36,prefix_b,0,150,270060
cube,AP-CEM,37,clean,1,31,63014
cube,AP-CEM,37,prefix_a,0,150,270060
cube,AP-CEM,37,prefix_b,1,27,54012
cube,AP-CEM,38,clean,0,150,270060
cube,AP-CEM,38,prefix_a,0,150,270060
cube,AP-CEM,38,prefix_b,0,150,270060
cube,AP-CEM,39,clean,0,150,270060
cube,AP-CEM,39,prefix_a,0,150,270060
cube,AP-CEM,39,prefix_b,0,150,270060
cube,AP-CEM,40,clean,1,37,72016
cube,AP-CEM,40,prefix_a,1,37,72016
cube,AP-CEM,40,prefix_b,0,150,270060
cube,AP-CEM,41,clean,1,43,81018
cube,AP-CEM,41,prefix_a,0,150,270060
cube,AP-CEM,41,prefix_b,1,26,54012
cube,AP-CEM,42,clean,1,15,27006
cube,AP-CEM,42,prefix_a,0,150,270060
cube,AP-CEM,42,prefix_b,0,150,270060
cube,AP-CEM,43,clean,1,0,0
cube,AP-CEM,43,prefix_a,1,0,0
cube,AP-CEM,43,prefix_b,1,0,0
cube,AP-CEM,44,clean,0,150,270060
cube,AP-CEM,44,prefix_a,1,47,90020
cube,AP-CEM,44,prefix_b,1,29,54012
cube,AP-CEM,45,clean,0,150,270060
cube,AP-CEM,45,prefix_a,0,150,270060
cube,AP-CEM,45,prefix_b,0,150,270060
cube,AP-CEM,46,clean,1,31,63014
cube,AP-CEM,46,prefix_a,0,150,270060
cube,AP-CEM,46,prefix_b,1,29,54012
cube,AP-CEM,47,clean,0,150,270060
cube,AP-CEM,47,prefix_a,0,150,270060
cube,AP-CEM,47,prefix_b,0,150,270060
cube,AP-CEM,48,clean,0,150,270060
cube,AP-CEM,48,prefix_a,0,150,270060
cube,AP-CEM,48,prefix_b,0,150,270060
cube,AP-CEM,49,clean,0,150,270060
cube,AP-CEM,49,prefix_a,0,150,270060
cube,AP-CEM,49,prefix_b,0,150,270060
cube,AP-CEM,50,clean,0,150,270060
cube,AP-CEM,50,prefix_a,0,150,270060
cube,AP-CEM,50,prefix_b,0,150,270060
cube,AP-CEM,51,clean,1,17,36008
cube,AP-CEM,51,prefix_a,1,19,36008
cube,AP-CEM,51,prefix_b,0,150,270060
cube,AP-CEM,52,clean,0,150,270060
cube,AP-CEM,52,prefix_a,0,150,270060
cube,AP-CEM,52,prefix_b,0,150,270060
cube,AP-CEM,53,clean,0,150,270060
cube,AP-CEM,53,prefix_a,0,150,270060
cube,AP-CEM,53,prefix_b,0,150,270060
cube,AP-CEM,54,clean,0,150,270060
cube,AP-CEM,54,prefix_a,1,44,81018
cube,AP-CEM,54,prefix_b,0,150,270060
cube,AP-CEM,55,clean,0,150,270060
cube,AP-CEM,55,prefix_a,0,150,270060
cube,AP-CEM,55,prefix_b,0,150,270060
cube,AP-CEM,56,clean,0,150,270060
cube,AP-CEM,56,prefix_a,0,150,270060
cube,AP-CEM,56,prefix_b,0,150,270060
cube,AP-CEM,57,clean,0,150,270060
cube,AP-CEM,57,prefix_a,0,150,270060
cube,AP-CEM,57,prefix_b,0,150,270060
cube,AP-CEM,58,clean,0,150,270060
cube,AP-CEM,58,prefix_a,0,150,270060
cube,AP-CEM,58,prefix_b,0,150,270060
cube,AP-CEM,59,clean,1,37,72016
cube,AP-CEM,59,prefix_a,0,150,270060
cube,AP-CEM,59,prefix_b,0,150,270060
cube,AP-CEM,60,clean,1,42,81018
cube,AP-CEM,60,prefix_a,1,31,63014
cube,AP-CEM,60,prefix_b,1,32,63014
cube,AP-CEM,61,clean,0,150,270060
cube,AP-CEM,61,prefix_a,0,150,270060
cube,AP-CEM,61,prefix_b,0,150,270060
cube,AP-CEM,62,clean,0,150,270060
cube,AP-CEM,62,prefix_a,0,150,270060
cube,AP-CEM,62,prefix_b,0,150,270060
cube,AP-CEM,63,clean,1,21,45010
cube,AP-CEM,63,prefix_a,0,150,270060
cube,AP-CEM,63,prefix_b,1,20,36008
cube,AP-CEM,64,clean,1,42,81018
cube,AP-CEM,64,prefix_a,0,150,270060
cube,AP-CEM,64,prefix_b,0,150,270060
cube,AP-CEM,65,clean,1,20,36008
cube,AP-CEM,65,prefix_a,1,18,36008
cube,AP-CEM,65,prefix_b,0,150,270060
cube,AP-CEM,66,clean,0,150,270060
cube,AP-CEM,66,prefix_a,0,150,270060
cube,AP-CEM,66,prefix_b,0,150,270060
cube,AP-CEM,67,clean,1,26,54012
cube,AP-CEM,67,prefix_a,1,27,54012
cube,AP-CEM,67,prefix_b,0,150,270060
cube,AP-CEM,68,clean,1,30,54012
cube,AP-CEM,68,prefix_a,1,44,81018
cube,AP-CEM,68,prefix_b,1,41,81018
cube,AP-CEM,69,clean,0,150,270060
cube,AP-CEM,69,prefix_a,0,150,270060
cube,AP-CEM,69,prefix_b,0,150,270060
cube,AP-CEM,70,clean,1,29,54012
cube,AP-CEM,70,prefix_a,1,39,72016
cube,AP-CEM,70,prefix_b,0,150,270060
cube,AP-CEM,71,clean,1,21,45010
cube,AP-CEM,71,prefix_a,0,150,270060
cube,AP-CEM,71,prefix_b,1,26,54012
cube,AP-CEM,72,clean,0,150,270060
cube,AP-CEM,72,prefix_a,0,150,270060
cube,AP-CEM,72,prefix_b,1,46,90020
cube,AP-CEM,73,clean,1,41,81018
cube,AP-CEM,73,prefix_a,0,150,270060
cube,AP-CEM,73,prefix_b,0,150,270060
cube,AP-CEM,74,clean,0,150,270060
cube,AP-CEM,74,prefix_a,0,150,270060
cube,AP-CEM,74,prefix_b,0,150,270060
cube,AP-CEM,75,clean,1,43,81018
cube,AP-CEM,75,prefix_a,1,33,63014
cube,AP-CEM,75,prefix_b,0,150,270060
cube,AP-CEM,76,clean,0,150,270060
cube,AP-CEM,76,prefix_a,0,150,270060
cube,AP-CEM,76,prefix_b,0,150,270060
cube,AP-CEM,77,clean,0,150,270060
cube,AP-CEM,77,prefix_a,0,150,270060
cube,AP-CEM,77,prefix_b,0,150,270060
cube,AP-CEM,78,clean,1,16,36008
cube,AP-CEM,78,prefix_a,1,16,36008
cube,AP-CEM,78,prefix_b,0,150,270060
cube,AP-CEM,79,clean,0,150,270060
cube,AP-CEM,79,prefix_a,0,150,270060
cube,AP-CEM,79,prefix_b,0,150,270060
cube,AP-CEM,80,clean,0,150,270060
cube,AP-CEM,80,prefix_a,0,150,270060
cube,AP-CEM,80,prefix_b,0,150,270060
cube,AP-CEM,81,clean,0,150,270060
cube,AP-CEM,81,prefix_a,0,150,270060
cube,AP-CEM,81,prefix_b,0,150,270060
cube,AP-CEM,82,clean,0,150,270060
cube,AP-CEM,82,prefix_a,0,150,270060
cube,AP-CEM,82,prefix_b,0,150,270060
cube,AP-CEM,83,clean,1,33,63014
cube,AP-CEM,83,prefix_a,1,36,72016
cube,AP-CEM,83,prefix_b,1,36,72016
cube,AP-CEM,84,clean,0,150,270060
cube,AP-CEM,84,prefix_a,0,150,270060
cube,AP-CEM,84,prefix_b,0,150,270060
cube,AP-CEM,85,clean,0,150,270060
cube,AP-CEM,85,prefix_a,0,150,270060
cube,AP-CEM,85,prefix_b,0,150,270060
cube,AP-CEM,86,clean,1,28,54012
cube,AP-CEM,86,prefix_a,0,150,270060
cube,AP-CEM,86,prefix_b,1,40,72016
cube,AP-CEM,87,clean,0,150,270060
cube,AP-CEM,87,prefix_a,0,150,270060
cube,AP-CEM,87,prefix_b,0,150,270060
cube,AP-CEM,88,clean,0,150,270060
cube,AP-CEM,88,prefix_a,0,150,270060
cube,AP-CEM,88,prefix_b,0,150,270060
cube,AP-CEM,89,clean,1,16,36008
cube,AP-CEM,89,prefix_a,0,150,270060
cube,AP-CEM,89,prefix_b,1,15,27006
cube,AP-CEM,90,clean,0,150,270060
cube,AP-CEM,90,prefix_a,0,150,270060
cube,AP-CEM,90,prefix_b,0,150,270060
cube,AP-CEM,91,clean,1,43,81018
cube,AP-CEM,91,prefix_a,1,30,54012
cube,AP-CEM,91,prefix_b,1,29,54012
cube,AP-CEM,92,clean,1,24,45010
cube,AP-CEM,92,prefix_a,1,23,45010
cube,AP-CEM,92,prefix_b,0,150,270060
cube,AP-CEM,93,clean,0,150,270060
cube,AP-CEM,93,prefix_a,0,150,270060
cube,AP-CEM,93,prefix_b,0,150,270060
cube,AP-CEM,94,clean,1,41,81018
cube,AP-CEM,94,prefix_a,0,150,270060
cube,AP-CEM,94,prefix_b,1,38,72016
cube,AP-CEM,95,clean,0,150,270060
cube,AP-CEM,95,prefix_a,0,150,270060
cube,AP-CEM,95,prefix_b,0,150,270060
cube,AP-CEM,96,clean,0,150,270060
cube,AP-CEM,96,prefix_a,0,150,270060
cube,AP-CEM,96,prefix_b,0,150,270060
cube,AP-CEM,97,clean,1,24,45010
cube,AP-CEM,97,prefix_a,1,45,81018
cube,AP-CEM,97,prefix_b,0,150,270060
cube,AP-CEM,98,clean,0,150,270060
cube,AP-CEM,98,prefix_a,1,22,45010
cube,AP-CEM,98,prefix_b,0,150,270060
cube,AP-CEM,99,clean,1,31,63014
cube,AP-CEM,99,prefix_a,0,150,270060
cube,AP-CEM,99,prefix_b,0,150,270060
cube,AP-CEM,100,clean,1,24,45010
cube,AP-CEM,100,prefix_a,1,27,54012
cube,AP-CEM,100,prefix_b,1,22,45010
cube,AP-CEM,101,clean,1,43,81018
cube,AP-CEM,101,prefix_a,1,33,63014
cube,AP-CEM,101,prefix_b,0,150,270060
cube,AP-CEM,102,clean,1,38,72016
cube,AP-CEM,102,prefix_a,0,150,270060
cube,AP-CEM,102,prefix_b,1,32,63014
cube,AP-CEM,103,clean,0,150,270060
cube,AP-CEM,103,prefix_a,0,150,270060
cube,AP-CEM,103,prefix_b,0,150,270060
cube,AP-CEM,104,clean,1,16,36008
cube,AP-CEM,104,prefix_a,0,150,270060
cube,AP-CEM,104,prefix_b,0,150,270060
cube,AP-CEM,105,clean,0,150,270060
cube,AP-CEM,105,prefix_a,0,150,270060
cube,AP-CEM,105,prefix_b,0,150,270060
cube,AP-CEM,106,clean,1,26,54012
cube,AP-CEM,106,prefix_a,1,25,45010
cube,AP-CEM,106,prefix_b,1,24,45010
cube,AP-CEM,107,clean,1,20,36008
cube,AP-CEM,107,prefix_a,0,150,270060
cube,AP-CEM,107,prefix_b,1,20,36008
cube,AP-CEM,108,clean,1,34,63014
cube,AP-CEM,108,prefix_a,0,150,270060
cube,AP-CEM,108,prefix_b,1,28,54012
cube,AP-CEM,109,clean,1,22,45010
cube,AP-CEM,109,prefix_a,0,150,270060
cube,AP-CEM,109,prefix_b,1,22,45010
cube,AP-CEM,110,clean,1,35,63014
cube,AP-CEM,110,prefix_a,1,32,63014
cube,AP-CEM,110,prefix_b,1,35,63014
cube,AP-CEM,111,clean,1,34,63014
cube,AP-CEM,111,prefix_a,1,38,72016
cube,AP-CEM,111,prefix_b,0,150,270060
cube,AP-CEM,112,clean,0,150,270060
cube,AP-CEM,112,prefix_a,1,48,90020
cube,AP-CEM,112,prefix_b,0,150,270060
cube,AP-CEM,113,clean,0,150,270060
cube,AP-CEM,113,prefix_a,0,150,270060
cube,AP-CEM,113,prefix_b,0,150,270060
cube,AP-CEM,114,clean,1,32,63014
cube,AP-CEM,114,prefix_a,1,43,81018
cube,AP-CEM,114,prefix_b,1,47,90020
cube,AP-CEM,115,clean,0,150,270060
cube,AP-CEM,115,prefix_a,0,150,270060
cube,AP-CEM,115,prefix_b,0,150,270060
cube,AP-CEM,116,clean,0,150,270060
cube,AP-CEM,116,prefix_a,0,150,270060
cube,AP-CEM,116,prefix_b,0,150,270060
cube,AP-CEM,117,clean,0,150,270060
cube,AP-CEM,117,prefix_a,1,31,63014
cube,AP-CEM,117,prefix_b,0,150,270060
cube,AP-CEM,118,clean,1,46,90020
cube,AP-CEM,118,prefix_a,0,150,270060
cube,AP-CEM,118,prefix_b,0,150,270060
cube,AP-CEM,119,clean,1,43,81018
cube,AP-CEM,119,prefix_a,1,42,81018
cube,AP-CEM,119,prefix_b,0,150,270060
cube,AP-CEM,120,clean,0,150,270060
cube,AP-CEM,120,prefix_a,0,150,270060
cube,AP-CEM,120,prefix_b,1,33,63014
cube,AP-CEM,121,clean,0,150,270060
cube,AP-CEM,121,prefix_a,0,150,270060
cube,AP-CEM,121,prefix_b,0,150,270060
cube,AP-CEM,122,clean,0,150,270060
cube,AP-CEM,122,prefix_a,0,150,270060
cube,AP-CEM,122,prefix_b,0,150,270060
cube,AP-CEM,123,clean,0,150,270060
cube,AP-CEM,123,prefix_a,0,150,270060
cube,AP-CEM,123,prefix_b,0,150,270060
cube,AP-CEM,124,clean,0,150,270060
cube,AP-CEM,124,prefix_a,0,150,270060
cube,AP-CEM,124,prefix_b,0,150,270060
cube,AP-CEM,125,clean,0,150,270060
cube,AP-CEM,125,prefix_a,0,150,270060
cube,AP-CEM,125,prefix_b,0,150,270060
cube,AP-CEM,126,clean,1,46,90020
cube,AP-CEM,126,prefix_a,0,150,270060
cube,AP-CEM,126,prefix_b,0,150,270060
cube,AP-CEM,127,clean,1,32,63014
cube,AP-CEM,127,prefix_a,1,41,81018
cube,AP-CEM,127,prefix_b,0,150,270060
cube,AP-rank,0,clean,1,23,40
cube,AP-rank,0,prefix_a,1,20,32
cube,AP-rank,0,prefix_b,1,21,40
cube,AP-rank,1,clean,1,36,64
cube,AP-rank,1,prefix_a,1,44,72
cube,AP-rank,1,prefix_b,1,37,64
cube,AP-rank,2,clean,1,40,64
cube,AP-rank,2,prefix_a,1,41,72
cube,AP-rank,2,prefix_b,1,40,64
cube,AP-rank,3,clean,0,150,240
cube,AP-rank,3,prefix_a,0,150,240
cube,AP-rank,3,prefix_b,0,150,240
cube,AP-rank,4,clean,1,21,40
cube,AP-rank,4,prefix_a,1,18,32
cube,AP-rank,4,prefix_b,0,150,240
cube,AP-rank,5,clean,1,26,48
cube,AP-rank,5,prefix_a,0,150,240
cube,AP-rank,5,prefix_b,0,150,240
cube,AP-rank,6,clean,0,150,240
cube,AP-rank,6,prefix_a,0,150,240
cube,AP-rank,6,prefix_b,0,150,240
cube,AP-rank,7,clean,1,30,48
cube,AP-rank,7,prefix_a,1,28,48
cube,AP-rank,7,prefix_b,1,34,56
cube,AP-rank,8,clean,1,30,48
cube,AP-rank,8,prefix_a,0,150,240
cube,AP-rank,8,prefix_b,1,31,56
cube,AP-rank,9,clean,1,42,72
cube,AP-rank,9,prefix_a,1,35,56
cube,AP-rank,9,prefix_b,1,37,64
cube,AP-rank,10,clean,1,46,80
cube,AP-rank,10,prefix_a,0,150,240
cube,AP-rank,10,prefix_b,0,150,240
cube,AP-rank,11,clean,1,42,72
cube,AP-rank,11,prefix_a,0,150,240
cube,AP-rank,11,prefix_b,1,21,40
cube,AP-rank,12,clean,1,16,32
cube,AP-rank,12,prefix_a,0,150,240
cube,AP-rank,12,prefix_b,1,19,32
cube,AP-rank,13,clean,1,44,72
cube,AP-rank,13,prefix_a,1,55,88
cube,AP-rank,13,prefix_b,1,44,72
cube,AP-rank,14,clean,1,16,32
cube,AP-rank,14,prefix_a,0,150,240
cube,AP-rank,14,prefix_b,1,25,40
cube,AP-rank,15,clean,0,150,240
cube,AP-rank,15,prefix_a,0,150,240
cube,AP-rank,15,prefix_b,0,150,240
cube,AP-rank,16,clean,1,25,40
cube,AP-rank,16,prefix_a,0,150,240
cube,AP-rank,16,prefix_b,1,30,48
cube,AP-rank,17,clean,1,52,88
cube,AP-rank,17,prefix_a,0,150,240
cube,AP-rank,17,prefix_b,0,150,240
cube,AP-rank,18,clean,1,38,64
cube,AP-rank,18,prefix_a,1,35,56
cube,AP-rank,18,prefix_b,1,39,64
cube,AP-rank,19,clean,1,23,40
cube,AP-rank,19,prefix_a,1,20,32
cube,AP-rank,19,prefix_b,1,20,32
cube,AP-rank,20,clean,1,53,88
cube,AP-rank,20,prefix_a,0,150,240
cube,AP-rank,20,prefix_b,1,62,104
cube,AP-rank,21,clean,0,150,240
cube,AP-rank,21,prefix_a,1,56,96
cube,AP-rank,21,prefix_b,0,150,240
cube,AP-rank,22,clean,1,39,64
cube,AP-rank,22,prefix_a,1,42,72
cube,AP-rank,22,prefix_b,1,29,48
cube,AP-rank,23,clean,0,150,240
cube,AP-rank,23,prefix_a,0,150,240
cube,AP-rank,23,prefix_b,0,150,240
cube,AP-rank,24,clean,1,45,72
cube,AP-rank,24,prefix_a,0,150,240
cube,AP-rank,24,prefix_b,0,150,240
cube,AP-rank,25,clean,1,31,56
cube,AP-rank,25,prefix_a,1,28,48
cube,AP-rank,25,prefix_b,1,24,40
cube,AP-rank,26,clean,1,27,48
cube,AP-rank,26,prefix_a,0,150,240
cube,AP-rank,26,prefix_b,0,150,240
cube,AP-rank,27,clean,0,150,240
cube,AP-rank,27,prefix_a,0,150,240
cube,AP-rank,27,prefix_b,0,150,240
cube,AP-rank,28,clean,1,20,32
cube,AP-rank,28,prefix_a,0,150,240
cube,AP-rank,28,prefix_b,0,150,240
cube,AP-rank,29,clean,0,150,240
cube,AP-rank,29,prefix_a,0,150,240
cube,AP-rank,29,prefix_b,0,150,240
cube,AP-rank,30,clean,0,150,240
cube,AP-rank,30,prefix_a,0,150,240
cube,AP-rank,30,prefix_b,0,150,240
cube,AP-rank,31,clean,1,26,48
cube,AP-rank,31,prefix_a,1,23,40
cube,AP-rank,31,prefix_b,1,35,56
cube,AP-rank,32,clean,1,21,40
cube,AP-rank,32,prefix_a,1,23,40
cube,AP-rank,32,prefix_b,1,29,48
cube,AP-rank,33,clean,1,16,32
cube,AP-rank,33,prefix_a,1,16,32
cube,AP-rank,33,prefix_b,1,51,88
cube,AP-rank,34,clean,1,24,40
cube,AP-rank,34,prefix_a,1,25,40
cube,AP-rank,34,prefix_b,1,18,32
cube,AP-rank,35,clean,1,38,64
cube,AP-rank,35,prefix_a,1,24,40
cube,AP-rank,35,prefix_b,1,38,64
cube,AP-rank,36,clean,1,19,32
cube,AP-rank,36,prefix_a,1,23,40
cube,AP-rank,36,prefix_b,0,150,240
cube,AP-rank,37,clean,1,29,48
cube,AP-rank,37,prefix_a,0,150,240
cube,AP-rank,37,prefix_b,1,27,48
cube,AP-rank,38,clean,1,37,64
cube,AP-rank,38,prefix_a,1,25,40
cube,AP-rank,38,prefix_b,1,31,56
cube,AP-rank,39,clean,0,150,240
cube,AP-rank,39,prefix_a,0,150,240
cube,AP-rank,39,prefix_b,0,150,240
cube,AP-rank,40,clean,1,35,56
cube,AP-rank,40,prefix_a,1,39,64
cube,AP-rank,40,prefix_b,0,150,240
cube,AP-rank,41,clean,0,150,240
cube,AP-rank,41,prefix_a,0,150,240
cube,AP-rank,41,prefix_b,0,150,240
cube,AP-rank,42,clean,1,14,24
cube,AP-rank,42,prefix_a,0,150,240
cube,AP-rank,42,prefix_b,0,150,240
cube,AP-rank,43,clean,1,0,0
cube,AP-rank,43,prefix_a,1,0,0
cube,AP-rank,43,prefix_b,1,0,0
cube,AP-rank,44,clean,1,47,80
cube,AP-rank,44,prefix_a,1,44,72
cube,AP-rank,44,prefix_b,1,25,40
cube,AP-rank,45,clean,1,33,56
cube,AP-rank,45,prefix_a,1,39,64
cube,AP-rank,45,prefix_b,1,25,40
cube,AP-rank,46,clean,1,28,48
cube,AP-rank,46,prefix_a,1,31,56
cube,AP-rank,46,prefix_b,1,30,48
cube,AP-rank,47,clean,1,39,64
cube,AP-rank,47,prefix_a,1,45,72
cube,AP-rank,47,prefix_b,0,150,240
cube,AP-rank,48,clean,0,150,240
cube,AP-rank,48,prefix_a,0,150,240
cube,AP-rank,48,prefix_b,0,150,240
cube,AP-rank,49,clean,0,150,240
cube,AP-rank,49,prefix_a,0,150,240
cube,AP-rank,49,prefix_b,0,150,240
cube,AP-rank,50,clean,1,37,64
cube,AP-rank,50,prefix_a,1,40,64
cube,AP-rank,50,prefix_b,1,40,64
cube,AP-rank,51,clean,1,22,40
cube,AP-rank,51,prefix_a,1,21,40
cube,AP-rank,51,prefix_b,0,150,240
cube,AP-rank,52,clean,1,54,88
cube,AP-rank,52,prefix_a,0,150,240
cube,AP-rank,52,prefix_b,1,54,88
cube,AP-rank,53,clean,0,150,240
cube,AP-rank,53,prefix_a,0,150,240
cube,AP-rank,53,prefix_b,0,150,240
cube,AP-rank,54,clean,1,37,64
cube,AP-rank,54,prefix_a,1,44,72
cube,AP-rank,54,prefix_b,0,150,240
cube,AP-rank,55,clean,1,36,64
cube,AP-rank,55,prefix_a,0,150,240
cube,AP-rank,55,prefix_b,0,150,240
cube,AP-rank,56,clean,0,150,240
cube,AP-rank,56,prefix_a,0,150,240
cube,AP-rank,56,prefix_b,0,150,240
cube,AP-rank,57,clean,0,150,240
cube,AP-rank,57,prefix_a,0,150,240
cube,AP-rank,57,prefix_b,0,150,240
cube,AP-rank,58,clean,1,58,96
cube,AP-rank,58,prefix_a,0,150,240
cube,AP-rank,58,prefix_b,0,150,240
cube,AP-rank,59,clean,1,36,64
cube,AP-rank,59,prefix_a,1,30,48
cube,AP-rank,59,prefix_b,1,31,56
cube,AP-rank,60,clean,1,43,72
cube,AP-rank,60,prefix_a,1,20,32
cube,AP-rank,60,prefix_b,1,27,48
cube,AP-rank,61,clean,0,150,240
cube,AP-rank,61,prefix_a,0,150,240
cube,AP-rank,61,prefix_b,0,150,240
cube,AP-rank,62,clean,0,150,240
cube,AP-rank,62,prefix_a,0,150,240
cube,AP-rank,62,prefix_b,0,150,240
cube,AP-rank,63,clean,1,24,40
cube,AP-rank,63,prefix_a,0,150,240
cube,AP-rank,63,prefix_b,1,42,72
cube,AP-rank,64,clean,1,43,72
cube,AP-rank,64,prefix_a,0,150,240
cube,AP-rank,64,prefix_b,1,43,72
cube,AP-rank,65,clean,1,22,40
cube,AP-rank,65,prefix_a,1,15,24
cube,AP-rank,65,prefix_b,1,18,32
cube,AP-rank,66,clean,1,31,56
cube,AP-rank,66,prefix_a,0,150,240
cube,AP-rank,66,prefix_b,1,29,48
cube,AP-rank,67,clean,1,24,40
cube,AP-rank,67,prefix_a,1,26,48
cube,AP-rank,67,prefix_b,0,150,240
cube,AP-rank,68,clean,1,32,56
cube,AP-rank,68,prefix_a,1,44,72
cube,AP-rank,68,prefix_b,1,45,72
cube,AP-rank,69,clean,0,150,240
cube,AP-rank,69,prefix_a,0,150,240
cube,AP-rank,69,prefix_b,0,150,240
cube,AP-rank,70,clean,1,29,48
cube,AP-rank,70,prefix_a,1,34,56
cube,AP-rank,70,prefix_b,0,150,240
cube,AP-rank,71,clean,1,19,32
cube,AP-rank,71,prefix_a,0,150,240
cube,AP-rank,71,prefix_b,1,25,40
cube,AP-rank,72,clean,1,46,80
cube,AP-rank,72,prefix_a,0,150,240
cube,AP-rank,72,prefix_b,1,41,72
cube,AP-rank,73,clean,1,40,64
cube,AP-rank,73,prefix_a,0,150,240
cube,AP-rank,73,prefix_b,0,150,240
cube,AP-rank,74,clean,1,50,80
cube,AP-rank,74,prefix_a,0,150,240
cube,AP-rank,74,prefix_b,0,150,240
cube,AP-rank,75,clean,1,32,56
cube,AP-rank,75,prefix_a,1,27,48
cube,AP-rank,75,prefix_b,1,19,32
cube,AP-rank,76,clean,0,150,240
cube,AP-rank,76,prefix_a,0,150,240
cube,AP-rank,76,prefix_b,0,150,240
cube,AP-rank,77,clean,1,29,48
cube,AP-rank,77,prefix_a,0,150,240
cube,AP-rank,77,prefix_b,0,150,240
cube,AP-rank,78,clean,1,17,32
cube,AP-rank,78,prefix_a,1,16,32
cube,AP-rank,78,prefix_b,0,150,240
cube,AP-rank,79,clean,0,150,240
cube,AP-rank,79,prefix_a,0,150,240
cube,AP-rank,79,prefix_b,0,150,240
cube,AP-rank,80,clean,1,49,80
cube,AP-rank,80,prefix_a,0,150,240
cube,AP-rank,80,prefix_b,0,150,240
cube,AP-rank,81,clean,0,150,240
cube,AP-rank,81,prefix_a,0,150,240
cube,AP-rank,81,prefix_b,0,150,240
cube,AP-rank,82,clean,0,150,240
cube,AP-rank,82,prefix_a,0,150,240
cube,AP-rank,82,prefix_b,0,150,240
cube,AP-rank,83,clean,1,33,56
cube,AP-rank,83,prefix_a,1,33,56
cube,AP-rank,83,prefix_b,1,32,56
cube,AP-rank,84,clean,0,150,240
cube,AP-rank,84,prefix_a,0,150,240
cube,AP-rank,84,prefix_b,0,150,240
cube,AP-rank,85,clean,0,150,240
cube,AP-rank,85,prefix_a,0,150,240
cube,AP-rank,85,prefix_b,0,150,240
cube,AP-rank,86,clean,1,24,40
cube,AP-rank,86,prefix_a,0,150,240
cube,AP-rank,86,prefix_b,1,40,64
cube,AP-rank,87,clean,1,59,96
cube,AP-rank,87,prefix_a,0,150,240
cube,AP-rank,87,prefix_b,0,150,240
cube,AP-rank,88,clean,0,150,240
cube,AP-rank,88,prefix_a,1,53,88
cube,AP-rank,88,prefix_b,1,52,88
cube,AP-rank,89,clean,1,17,32
cube,AP-rank,89,prefix_a,0,150,240
cube,AP-rank,89,prefix_b,1,10,16
cube,AP-rank,90,clean,0,150,240
cube,AP-rank,90,prefix_a,0,150,240
cube,AP-rank,90,prefix_b,0,150,240
cube,AP-rank,91,clean,1,35,56
cube,AP-rank,91,prefix_a,1,30,48
cube,AP-rank,91,prefix_b,1,26,48
cube,AP-rank,92,clean,1,17,32
cube,AP-rank,92,prefix_a,1,22,40
cube,AP-rank,92,prefix_b,1,22,40
cube,AP-rank,93,clean,0,150,240
cube,AP-rank,93,prefix_a,0,150,240
cube,AP-rank,93,prefix_b,0,150,240
cube,AP-rank,94,clean,1,34,56
cube,AP-rank,94,prefix_a,0,150,240
cube,AP-rank,94,prefix_b,1,37,64
cube,AP-rank,95,clean,1,53,88
cube,AP-rank,95,prefix_a,0,150,240
cube,AP-rank,95,prefix_b,0,150,240
cube,AP-rank,96,clean,1,41,72
cube,AP-rank,96,prefix_a,0,150,240
cube,AP-rank,96,prefix_b,1,39,64
cube,AP-rank,97,clean,1,26,48
cube,AP-rank,97,prefix_a,1,45,72
cube,AP-rank,97,prefix_b,0,150,240
cube,AP-rank,98,clean,1,18,32
cube,AP-rank,98,prefix_a,1,22,40
cube,AP-rank,98,prefix_b,0,150,240
cube,AP-rank,99,clean,1,32,56
cube,AP-rank,99,prefix_a,0,150,240
cube,AP-rank,99,prefix_b,0,150,240
cube,AP-rank,100,clean,1,24,40
cube,AP-rank,100,prefix_a,1,23,40
cube,AP-rank,100,prefix_b,1,23,40
cube,AP-rank,101,clean,1,41,72
cube,AP-rank,101,prefix_a,1,32,56
cube,AP-rank,101,prefix_b,0,150,240
cube,AP-rank,102,clean,1,41,72
cube,AP-rank,102,prefix_a,0,150,240
cube,AP-rank,102,prefix_b,1,40,64
cube,AP-rank,103,clean,1,46,80
cube,AP-rank,103,prefix_a,0,150,240
cube,AP-rank,103,prefix_b,1,33,56
cube,AP-rank,104,clean,1,16,32
cube,AP-rank,104,prefix_a,0,150,240
cube,AP-rank,104,prefix_b,0,150,240
cube,AP-rank,105,clean,0,150,240
cube,AP-rank,105,prefix_a,0,150,240
cube,AP-rank,105,prefix_b,0,150,240
cube,AP-rank,106,clean,1,23,40
cube,AP-rank,106,prefix_a,1,23,40
cube,AP-rank,106,prefix_b,1,25,40
cube,AP-rank,107,clean,1,22,40
cube,AP-rank,107,prefix_a,0,150,240
cube,AP-rank,107,prefix_b,1,18,32
cube,AP-rank,108,clean,1,32,56
cube,AP-rank,108,prefix_a,0,150,240
cube,AP-rank,108,prefix_b,1,30,48
cube,AP-rank,109,clean,1,16,32
cube,AP-rank,109,prefix_a,0,150,240
cube,AP-rank,109,prefix_b,1,21,40
cube,AP-rank,110,clean,1,33,56
cube,AP-rank,110,prefix_a,1,30,48
cube,AP-rank,110,prefix_b,1,35,56
cube,AP-rank,111,clean,1,37,64
cube,AP-rank,111,prefix_a,1,34,56
cube,AP-rank,111,prefix_b,0,150,240
cube,AP-rank,112,clean,0,150,240
cube,AP-rank,112,prefix_a,1,43,72
cube,AP-rank,112,prefix_b,0,150,240
cube,AP-rank,113,clean,0,150,240
cube,AP-rank,113,prefix_a,0,150,240
cube,AP-rank,113,prefix_b,0,150,240
cube,AP-rank,114,clean,1,33,56
cube,AP-rank,114,prefix_a,1,43,72
cube,AP-rank,114,prefix_b,1,45,72
cube,AP-rank,115,clean,1,62,104
cube,AP-rank,115,prefix_a,0,150,240
cube,AP-rank,115,prefix_b,0,150,240
cube,AP-rank,116,clean,0,150,240
cube,AP-rank,116,prefix_a,0,150,240
cube,AP-rank,116,prefix_b,0,150,240
cube,AP-rank,117,clean,1,25,40
cube,AP-rank,117,prefix_a,1,28,48
cube,AP-rank,117,prefix_b,1,27,48
cube,AP-rank,118,clean,1,45,72
cube,AP-rank,118,prefix_a,1,34,56
cube,AP-rank,118,prefix_b,1,31,56
cube,AP-rank,119,clean,1,46,80
cube,AP-rank,119,prefix_a,1,41,72
cube,AP-rank,119,prefix_b,0,150,240
cube,AP-rank,120,clean,0,150,240
cube,AP-rank,120,prefix_a,1,40,64
cube,AP-rank,120,prefix_b,0,150,240
cube,AP-rank,121,clean,0,150,240
cube,AP-rank,121,prefix_a,0,150,240
cube,AP-rank,121,prefix_b,0,150,240
cube,AP-rank,122,clean,1,52,88
cube,AP-rank,122,prefix_a,0,150,240
cube,AP-rank,122,prefix_b,0,150,240
cube,AP-rank,123,clean,1,42,72
cube,AP-rank,123,prefix_a,0,150,240
cube,AP-rank,123,prefix_b,1,43,72
cube,AP-rank,124,clean,1,19,32
cube,AP-rank,124,prefix_a,1,28,48
cube,AP-rank,124,prefix_b,1,30,48
cube,AP-rank,125,clean,1,31,56
cube,AP-rank,125,prefix_a,1,42,72
cube,AP-rank,125,prefix_b,0,150,240
cube,AP-rank,126,clean,0,150,240
cube,AP-rank,126,prefix_a,0,150,240
cube,AP-rank,126,prefix_b,0,150,240
cube,AP-rank,127,clean,1,30,48
cube,AP-rank,127,prefix_a,1,39,64
cube,AP-rank,127,prefix_b,1,34,56
cube,CEM (final goal),0,clean,0,150,270060
cube,CEM (final goal),0,prefix_a,0,150,270060
cube,CEM (final goal),0,prefix_b,0,150,270060
cube,CEM (final goal),1,clean,0,150,270060
cube,CEM (final goal),1,prefix_a,0,150,270060
cube,CEM (final goal),1,prefix_b,0,150,270060
cube,CEM (final goal),2,clean,0,150,270060
cube,CEM (final goal),2,prefix_a,0,150,270060
cube,CEM (final goal),2,prefix_b,0,150,270060
cube,CEM (final goal),3,clean,0,150,270060
cube,CEM (final goal),3,prefix_a,0,150,270060
cube,CEM (final goal),3,prefix_b,0,150,270060
cube,CEM (final goal),4,clean,0,150,270060
cube,CEM (final goal),4,prefix_a,0,150,270060
cube,CEM (final goal),4,prefix_b,0,150,270060
cube,CEM (final goal),5,clean,0,150,270060
cube,CEM (final goal),5,prefix_a,0,150,270060
cube,CEM (final goal),5,prefix_b,0,150,270060
cube,CEM (final goal),6,clean,0,150,270060
cube,CEM (final goal),6,prefix_a,0,150,270060
cube,CEM (final goal),6,prefix_b,0,150,270060
cube,CEM (final goal),7,clean,0,150,270060
cube,CEM (final goal),7,prefix_a,0,150,270060
cube,CEM (final goal),7,prefix_b,0,150,270060
cube,CEM (final goal),8,clean,0,150,270060
cube,CEM (final goal),8,prefix_a,0,150,270060
cube,CEM (final goal),8,prefix_b,0,150,270060
cube,CEM (final goal),9,clean,0,150,270060
cube,CEM (final goal),9,prefix_a,0,150,270060
cube,CEM (final goal),9,prefix_b,0,150,270060
cube,CEM (final goal),10,clean,0,150,270060
cube,CEM (final goal),10,prefix_a,0,150,270060
cube,CEM (final goal),10,prefix_b,0,150,270060
cube,CEM (final goal),11,clean,0,150,270060
cube,CEM (final goal),11,prefix_a,0,150,270060
cube,CEM (final goal),11,prefix_b,1,3,9002
cube,CEM (final goal),12,clean,1,8,18004
cube,CEM (final goal),12,prefix_a,0,150,270060
cube,CEM (final goal),12,prefix_b,1,13,27006
cube,CEM (final goal),13,clean,0,150,270060
cube,CEM (final goal),13,prefix_a,0,150,270060
cube,CEM (final goal),13,prefix_b,0,150,270060
cube,CEM (final goal),14,clean,0,150,270060
cube,CEM (final goal),14,prefix_a,0,150,270060
cube,CEM (final goal),14,prefix_b,0,150,270060
cube,CEM (final goal),15,clean,0,150,270060
cube,CEM (final goal),15,prefix_a,0,150,270060
cube,CEM (final goal),15,prefix_b,0,150,270060
cube,CEM (final goal),16,clean,0,150,270060
cube,CEM (final goal),16,prefix_a,0,150,270060
cube,CEM (final goal),16,prefix_b,0,150,270060
cube,CEM (final goal),17,clean,0,150,270060
cube,CEM (final goal),17,prefix_a,0,150,270060
cube,CEM (final goal),17,prefix_b,0,150,270060
cube,CEM (final goal),18,clean,0,150,270060
cube,CEM (final goal),18,prefix_a,0,150,270060
cube,CEM (final goal),18,prefix_b,0,150,270060
cube,CEM (final goal),19,clean,0,150,270060
cube,CEM (final goal),19,prefix_a,0,150,270060
cube,CEM (final goal),19,prefix_b,0,150,270060
cube,CEM (final goal),20,clean,0,150,270060
cube,CEM (final goal),20,prefix_a,0,150,270060
cube,CEM (final goal),20,prefix_b,0,150,270060
cube,CEM (final goal),21,clean,0,150,270060
cube,CEM (final goal),21,prefix_a,0,150,270060
cube,CEM (final goal),21,prefix_b,0,150,270060
cube,CEM (final goal),22,clean,0,150,270060
cube,CEM (final goal),22,prefix_a,0,150,270060
cube,CEM (final goal),22,prefix_b,0,150,270060
cube,CEM (final goal),23,clean,0,150,270060
cube,CEM (final goal),23,prefix_a,0,150,270060
cube,CEM (final goal),23,prefix_b,0,150,270060
cube,CEM (final goal),24,clean,0,150,270060
cube,CEM (final goal),24,prefix_a,0,150,270060
cube,CEM (final goal),24,prefix_b,0,150,270060
cube,CEM (final goal),25,clean,0,150,270060
cube,CEM (final goal),25,prefix_a,0,150,270060
cube,CEM (final goal),25,prefix_b,0,150,270060
cube,CEM (final goal),26,clean,0,150,270060
cube,CEM (final goal),26,prefix_a,0,150,270060
cube,CEM (final goal),26,prefix_b,0,150,270060
cube,CEM (final goal),27,clean,0,150,270060
cube,CEM (final goal),27,prefix_a,0,150,270060
cube,CEM (final goal),27,prefix_b,0,150,270060
cube,CEM (final goal),28,clean,0,150,270060
cube,CEM (final goal),28,prefix_a,0,150,270060
cube,CEM (final goal),28,prefix_b,0,150,270060
cube,CEM (final goal),29,clean,0,150,270060
cube,CEM (final goal),29,prefix_a,0,150,270060
cube,CEM (final goal),29,prefix_b,0,150,270060
cube,CEM (final goal),30,clean,0,150,270060
cube,CEM (final goal),30,prefix_a,0,150,270060
cube,CEM (final goal),30,prefix_b,0,150,270060
cube,CEM (final goal),31,clean,0,150,270060
cube,CEM (final goal),31,prefix_a,0,150,270060
cube,CEM (final goal),31,prefix_b,0,150,270060
cube,CEM (final goal),32,clean,0,150,270060
cube,CEM (final goal),32,prefix_a,0,150,270060
cube,CEM (final goal),32,prefix_b,0,150,270060
cube,CEM (final goal),33,clean,1,11,27006
cube,CEM (final goal),33,prefix_a,1,8,18004
cube,CEM (final goal),33,prefix_b,0,150,270060
cube,CEM (final goal),34,clean,0,150,270060
cube,CEM (final goal),34,prefix_a,0,150,270060
cube,CEM (final goal),34,prefix_b,0,150,270060
cube,CEM (final goal),35,clean,0,150,270060
cube,CEM (final goal),35,prefix_a,0,150,270060
cube,CEM (final goal),35,prefix_b,0,150,270060
cube,CEM (final goal),36,clean,0,150,270060
cube,CEM (final goal),36,prefix_a,0,150,270060
cube,CEM (final goal),36,prefix_b,0,150,270060
cube,CEM (final goal),37,clean,0,150,270060
cube,CEM (final goal),37,prefix_a,0,150,270060
cube,CEM (final goal),37,prefix_b,0,150,270060
cube,CEM (final goal),38,clean,0,150,270060
cube,CEM (final goal),38,prefix_a,0,150,270060
cube,CEM (final goal),38,prefix_b,0,150,270060
cube,CEM (final goal),39,clean,0,150,270060
cube,CEM (final goal),39,prefix_a,0,150,270060
cube,CEM (final goal),39,prefix_b,0,150,270060
cube,CEM (final goal),40,clean,0,150,270060
cube,CEM (final goal),40,prefix_a,0,150,270060
cube,CEM (final goal),40,prefix_b,0,150,270060
cube,CEM (final goal),41,clean,0,150,270060
cube,CEM (final goal),41,prefix_a,0,150,270060
cube,CEM (final goal),41,prefix_b,0,150,270060
cube,CEM (final goal),42,clean,1,9,18004
cube,CEM (final goal),42,prefix_a,0,150,270060
cube,CEM (final goal),42,prefix_b,0,150,270060
cube,CEM (final goal),43,clean,1,0,0
cube,CEM (final goal),43,prefix_a,1,0,0
cube,CEM (final goal),43,prefix_b,1,0,0
cube,CEM (final goal),44,clean,0,150,270060
cube,CEM (final goal),44,prefix_a,0,150,270060
cube,CEM (final goal),44,prefix_b,0,150,270060
cube,CEM (final goal),45,clean,0,150,270060
cube,CEM (final goal),45,prefix_a,0,150,270060
cube,CEM (final goal),45,prefix_b,0,150,270060
cube,CEM (final goal),46,clean,0,150,270060
cube,CEM (final goal),46,prefix_a,0,150,270060
cube,CEM (final goal),46,prefix_b,0,150,270060
cube,CEM (final goal),47,clean,0,150,270060
cube,CEM (final goal),47,prefix_a,0,150,270060
cube,CEM (final goal),47,prefix_b,0,150,270060
cube,CEM (final goal),48,clean,0,150,270060
cube,CEM (final goal),48,prefix_a,0,150,270060
cube,CEM (final goal),48,prefix_b,0,150,270060
cube,CEM (final goal),49,clean,0,150,270060
cube,CEM (final goal),49,prefix_a,0,150,270060
cube,CEM (final goal),49,prefix_b,0,150,270060
cube,CEM (final goal),50,clean,0,150,270060
cube,CEM (final goal),50,prefix_a,0,150,270060
cube,CEM (final goal),50,prefix_b,0,150,270060
cube,CEM (final goal),51,clean,0,150,270060
cube,CEM (final goal),51,prefix_a,0,150,270060
cube,CEM (final goal),51,prefix_b,0,150,270060
cube,CEM (final goal),52,clean,0,150,270060
cube,CEM (final goal),52,prefix_a,0,150,270060
cube,CEM (final goal),52,prefix_b,0,150,270060
cube,CEM (final goal),53,clean,0,150,270060
cube,CEM (final goal),53,prefix_a,0,150,270060
cube,CEM (final goal),53,prefix_b,0,150,270060
cube,CEM (final goal),54,clean,0,150,270060
cube,CEM (final goal),54,prefix_a,0,150,270060
cube,CEM (final goal),54,prefix_b,0,150,270060
cube,CEM (final goal),55,clean,0,150,270060
cube,CEM (final goal),55,prefix_a,0,150,270060
cube,CEM (final goal),55,prefix_b,0,150,270060
cube,CEM (final goal),56,clean,0,150,270060
cube,CEM (final goal),56,prefix_a,0,150,270060
cube,CEM (final goal),56,prefix_b,0,150,270060
cube,CEM (final goal),57,clean,0,150,270060
cube,CEM (final goal),57,prefix_a,0,150,270060
cube,CEM (final goal),57,prefix_b,0,150,270060
cube,CEM (final goal),58,clean,0,150,270060
cube,CEM (final goal),58,prefix_a,0,150,270060
cube,CEM (final goal),58,prefix_b,0,150,270060
cube,CEM (final goal),59,clean,0,150,270060
cube,CEM (final goal),59,prefix_a,0,150,270060
cube,CEM (final goal),59,prefix_b,0,150,270060
cube,CEM (final goal),60,clean,0,150,270060
cube,CEM (final goal),60,prefix_a,0,150,270060
cube,CEM (final goal),60,prefix_b,1,23,45010
cube,CEM (final goal),61,clean,0,150,270060
cube,CEM (final goal),61,prefix_a,0,150,270060
cube,CEM (final goal),61,prefix_b,0,150,270060
cube,CEM (final goal),62,clean,0,150,270060
cube,CEM (final goal),62,prefix_a,0,150,270060
cube,CEM (final goal),62,prefix_b,0,150,270060
cube,CEM (final goal),63,clean,1,17,36008
cube,CEM (final goal),63,prefix_a,0,150,270060
cube,CEM (final goal),63,prefix_b,0,150,270060
cube,CEM (final goal),64,clean,0,150,270060
cube,CEM (final goal),64,prefix_a,0,150,270060
cube,CEM (final goal),64,prefix_b,0,150,270060
cube,CEM (final goal),65,clean,1,5,9002
cube,CEM (final goal),65,prefix_a,0,150,270060
cube,CEM (final goal),65,prefix_b,0,150,270060
cube,CEM (final goal),66,clean,0,150,270060
cube,CEM (final goal),66,prefix_a,0,150,270060
cube,CEM (final goal),66,prefix_b,0,150,270060
cube,CEM (final goal),67,clean,0,150,270060
cube,CEM (final goal),67,prefix_a,0,150,270060
cube,CEM (final goal),67,prefix_b,0,150,270060
cube,CEM (final goal),68,clean,1,8,18004
cube,CEM (final goal),68,prefix_a,0,150,270060
cube,CEM (final goal),68,prefix_b,0,150,270060
cube,CEM (final goal),69,clean,0,150,270060
cube,CEM (final goal),69,prefix_a,0,150,270060
cube,CEM (final goal),69,prefix_b,0,150,270060
cube,CEM (final goal),70,clean,0,150,270060
cube,CEM (final goal),70,prefix_a,0,150,270060
cube,CEM (final goal),70,prefix_b,0,150,270060
cube,CEM (final goal),71,clean,0,150,270060
cube,CEM (final goal),71,prefix_a,0,150,270060
cube,CEM (final goal),71,prefix_b,0,150,270060
cube,CEM (final goal),72,clean,0,150,270060
cube,CEM (final goal),72,prefix_a,0,150,270060
cube,CEM (final goal),72,prefix_b,0,150,270060
cube,CEM (final goal),73,clean,0,150,270060
cube,CEM (final goal),73,prefix_a,0,150,270060
cube,CEM (final goal),73,prefix_b,0,150,270060
cube,CEM (final goal),74,clean,0,150,270060
cube,CEM (final goal),74,prefix_a,0,150,270060
cube,CEM (final goal),74,prefix_b,0,150,270060
cube,CEM (final goal),75,clean,0,150,270060
cube,CEM (final goal),75,prefix_a,0,150,270060
cube,CEM (final goal),75,prefix_b,0,150,270060
cube,CEM (final goal),76,clean,0,150,270060
cube,CEM (final goal),76,prefix_a,0,150,270060
cube,CEM (final goal),76,prefix_b,0,150,270060
cube,CEM (final goal),77,clean,0,150,270060
cube,CEM (final goal),77,prefix_a,0,150,270060
cube,CEM (final goal),77,prefix_b,0,150,270060
cube,CEM (final goal),78,clean,0,150,270060
cube,CEM (final goal),78,prefix_a,0,150,270060
cube,CEM (final goal),78,prefix_b,0,150,270060
cube,CEM (final goal),79,clean,0,150,270060
cube,CEM (final goal),79,prefix_a,0,150,270060
cube,CEM (final goal),79,prefix_b,0,150,270060
cube,CEM (final goal),80,clean,0,150,270060
cube,CEM (final goal),80,prefix_a,0,150,270060
cube,CEM (final goal),80,prefix_b,0,150,270060
cube,CEM (final goal),81,clean,0,150,270060
cube,CEM (final goal),81,prefix_a,0,150,270060
cube,CEM (final goal),81,prefix_b,0,150,270060
cube,CEM (final goal),82,clean,0,150,270060
cube,CEM (final goal),82,prefix_a,0,150,270060
cube,CEM (final goal),82,prefix_b,0,150,270060
cube,CEM (final goal),83,clean,0,150,270060
cube,CEM (final goal),83,prefix_a,0,150,270060
cube,CEM (final goal),83,prefix_b,0,150,270060
cube,CEM (final goal),84,clean,0,150,270060
cube,CEM (final goal),84,prefix_a,0,150,270060
cube,CEM (final goal),84,prefix_b,0,150,270060
cube,CEM (final goal),85,clean,0,150,270060
cube,CEM (final goal),85,prefix_a,0,150,270060
cube,CEM (final goal),85,prefix_b,0,150,270060
cube,CEM (final goal),86,clean,0,150,270060
cube,CEM (final goal),86,prefix_a,0,150,270060
cube,CEM (final goal),86,prefix_b,0,150,270060
cube,CEM (final goal),87,clean,0,150,270060
cube,CEM (final goal),87,prefix_a,0,150,270060
cube,CEM (final goal),87,prefix_b,0,150,270060
cube,CEM (final goal),88,clean,0,150,270060
cube,CEM (final goal),88,prefix_a,0,150,270060
cube,CEM (final goal),88,prefix_b,0,150,270060
cube,CEM (final goal),89,clean,0,150,270060
cube,CEM (final goal),89,prefix_a,0,150,270060
cube,CEM (final goal),89,prefix_b,0,150,270060
cube,CEM (final goal),90,clean,0,150,270060
cube,CEM (final goal),90,prefix_a,0,150,270060
cube,CEM (final goal),90,prefix_b,0,150,270060
cube,CEM (final goal),91,clean,1,15,27006
cube,CEM (final goal),91,prefix_a,0,150,270060
cube,CEM (final goal),91,prefix_b,0,150,270060
cube,CEM (final goal),92,clean,0,150,270060
cube,CEM (final goal),92,prefix_a,0,150,270060
cube,CEM (final goal),92,prefix_b,0,150,270060
cube,CEM (final goal),93,clean,0,150,270060
cube,CEM (final goal),93,prefix_a,0,150,270060
cube,CEM (final goal),93,prefix_b,0,150,270060
cube,CEM (final goal),94,clean,0,150,270060
cube,CEM (final goal),94,prefix_a,0,150,270060
cube,CEM (final goal),94,prefix_b,0,150,270060
cube,CEM (final goal),95,clean,0,150,270060
cube,CEM (final goal),95,prefix_a,0,150,270060
cube,CEM (final goal),95,prefix_b,0,150,270060
cube,CEM (final goal),96,clean,0,150,270060
cube,CEM (final goal),96,prefix_a,0,150,270060
cube,CEM (final goal),96,prefix_b,0,150,270060
cube,CEM (final goal),97,clean,1,22,45010
cube,CEM (final goal),97,prefix_a,0,150,270060
cube,CEM (final goal),97,prefix_b,0,150,270060
cube,CEM (final goal),98,clean,0,150,270060
cube,CEM (final goal),98,prefix_a,0,150,270060
cube,CEM (final goal),98,prefix_b,0,150,270060
cube,CEM (final goal),99,clean,0,150,270060
cube,CEM (final goal),99,prefix_a,0,150,270060
cube,CEM (final goal),99,prefix_b,0,150,270060
cube,CEM (final goal),100,clean,0,150,270060
cube,CEM (final goal),100,prefix_a,0,150,270060
cube,CEM (final goal),100,prefix_b,0,150,270060
cube,CEM (final goal),101,clean,0,150,270060
cube,CEM (final goal),101,prefix_a,0,150,270060
cube,CEM (final goal),101,prefix_b,0,150,270060
cube,CEM (final goal),102,clean,0,150,270060
cube,CEM (final goal),102,prefix_a,0,150,270060
cube,CEM (final goal),102,prefix_b,0,150,270060
cube,CEM (final goal),103,clean,0,150,270060
cube,CEM (final goal),103,prefix_a,0,150,270060
cube,CEM (final goal),103,prefix_b,0,150,270060
cube,CEM (final goal),104,clean,0,150,270060
cube,CEM (final goal),104,prefix_a,0,150,270060
cube,CEM (final goal),104,prefix_b,0,150,270060
cube,CEM (final goal),105,clean,0,150,270060
cube,CEM (final goal),105,prefix_a,0,150,270060
cube,CEM (final goal),105,prefix_b,0,150,270060
cube,CEM (final goal),106,clean,0,150,270060
cube,CEM (final goal),106,prefix_a,0,150,270060
cube,CEM (final goal),106,prefix_b,0,150,270060
cube,CEM (final goal),107,clean,0,150,270060
cube,CEM (final goal),107,prefix_a,0,150,270060
cube,CEM (final goal),107,prefix_b,0,150,270060
cube,CEM (final goal),108,clean,0,150,270060
cube,CEM (final goal),108,prefix_a,0,150,270060
cube,CEM (final goal),108,prefix_b,0,150,270060
cube,CEM (final goal),109,clean,0,150,270060
cube,CEM (final goal),109,prefix_a,0,150,270060
cube,CEM (final goal),109,prefix_b,0,150,270060
cube,CEM (final goal),110,clean,0,150,270060
cube,CEM (final goal),110,prefix_a,0,150,270060
cube,CEM (final goal),110,prefix_b,0,150,270060
cube,CEM (final goal),111,clean,0,150,270060
cube,CEM (final goal),111,prefix_a,0,150,270060
cube,CEM (final goal),111,prefix_b,0,150,270060
cube,CEM (final goal),112,clean,0,150,270060
cube,CEM (final goal),112,prefix_a,0,150,270060
cube,CEM (final goal),112,prefix_b,0,150,270060
cube,CEM (final goal),113,clean,0,150,270060
cube,CEM (final goal),113,prefix_a,0,150,270060
cube,CEM (final goal),113,prefix_b,0,150,270060
cube,CEM (final goal),114,clean,0,150,270060
cube,CEM (final goal),114,prefix_a,0,150,270060
cube,CEM (final goal),114,prefix_b,0,150,270060
cube,CEM (final goal),115,clean,0,150,270060
cube,CEM (final goal),115,prefix_a,0,150,270060
cube,CEM (final goal),115,prefix_b,0,150,270060
cube,CEM (final goal),116,clean,0,150,270060
cube,CEM (final goal),116,prefix_a,0,150,270060
cube,CEM (final goal),116,prefix_b,0,150,270060
cube,CEM (final goal),117,clean,0,150,270060
cube,CEM (final goal),117,prefix_a,0,150,270060
cube,CEM (final goal),117,prefix_b,0,150,270060
cube,CEM (final goal),118,clean,0,150,270060
cube,CEM (final goal),118,prefix_a,1,13,27006
cube,CEM (final goal),118,prefix_b,0,150,270060
cube,CEM (final goal),119,clean,0,150,270060
cube,CEM (final goal),119,prefix_a,0,150,270060
cube,CEM (final goal),119,prefix_b,0,150,270060
cube,CEM (final goal),120,clean,0,150,270060
cube,CEM (final goal),120,prefix_a,0,150,270060
cube,CEM (final goal),120,prefix_b,0,150,270060
cube,CEM (final goal),121,clean,0,150,270060
cube,CEM (final goal),121,prefix_a,0,150,270060
cube,CEM (final goal),121,prefix_b,0,150,270060
cube,CEM (final goal),122,clean,0,150,270060
cube,CEM (final goal),122,prefix_a,0,150,270060
cube,CEM (final goal),122,prefix_b,0,150,270060
cube,CEM (final goal),123,clean,0,150,270060
cube,CEM (final goal),123,prefix_a,0,150,270060
cube,CEM (final goal),123,prefix_b,0,150,270060
cube,CEM (final goal),124,clean,0,150,270060
cube,CEM (final goal),124,prefix_a,0,150,270060
cube,CEM (final goal),124,prefix_b,0,150,270060
cube,CEM (final goal),125,clean,0,150,270060
cube,CEM (final goal),125,prefix_a,0,150,270060
cube,CEM (final goal),125,prefix_b,0,150,270060
cube,CEM (final goal),126,clean,0,150,270060
cube,CEM (final goal),126,prefix_a,0,150,270060
cube,CEM (final goal),126,prefix_b,0,150,270060
cube,CEM (final goal),127,clean,0,150,270060
cube,CEM (final goal),127,prefix_a,0,150,270060
cube,CEM (final goal),127,prefix_b,0,150,270060
cube,CEM (learned target),0,clean,1,25,45010
cube,CEM (learned target),0,prefix_a,1,25,45010
cube,CEM (learned target),0,prefix_b,1,26,54012
cube,CEM (learned target),1,clean,1,43,81018
cube,CEM (learned target),1,prefix_a,1,46,90020
cube,CEM (learned target),1,prefix_b,1,44,81018
cube,CEM (learned target),2,clean,1,46,90020
cube,CEM (learned target),2,prefix_a,1,41,81018
cube,CEM (learned target),2,prefix_b,1,37,72016
cube,CEM (learned target),3,clean,0,150,270060
cube,CEM (learned target),3,prefix_a,0,150,270060
cube,CEM (learned target),3,prefix_b,0,150,270060
cube,CEM (learned target),4,clean,1,19,36008
cube,CEM (learned target),4,prefix_a,1,18,36008
cube,CEM (learned target),4,prefix_b,0,150,270060
cube,CEM (learned target),5,clean,1,44,81018
cube,CEM (learned target),5,prefix_a,1,43,81018
cube,CEM (learned target),5,prefix_b,0,150,270060
cube,CEM (learned target),6,clean,0,150,270060
cube,CEM (learned target),6,prefix_a,0,150,270060
cube,CEM (learned target),6,prefix_b,0,150,270060
cube,CEM (learned target),7,clean,1,38,72016
cube,CEM (learned target),7,prefix_a,1,43,81018
cube,CEM (learned target),7,prefix_b,1,42,81018
cube,CEM (learned target),8,clean,1,33,63014
cube,CEM (learned target),8,prefix_a,0,150,270060
cube,CEM (learned target),8,prefix_b,1,30,54012
cube,CEM (learned target),9,clean,0,150,270060
cube,CEM (learned target),9,prefix_a,0,150,270060
cube,CEM (learned target),9,prefix_b,0,150,270060
cube,CEM (learned target),10,clean,1,39,72016
cube,CEM (learned target),10,prefix_a,0,150,270060
cube,CEM (learned target),10,prefix_b,1,104,189042
cube,CEM (learned target),11,clean,1,33,63014
cube,CEM (learned target),11,prefix_a,0,150,270060
cube,CEM (learned target),11,prefix_b,1,25,45010
cube,CEM (learned target),12,clean,1,15,27006
cube,CEM (learned target),12,prefix_a,0,150,270060
cube,CEM (learned target),12,prefix_b,1,18,36008
cube,CEM (learned target),13,clean,1,48,90020
cube,CEM (learned target),13,prefix_a,1,49,90020
cube,CEM (learned target),13,prefix_b,1,42,81018
cube,CEM (learned target),14,clean,1,21,45010
cube,CEM (learned target),14,prefix_a,0,150,270060
cube,CEM (learned target),14,prefix_b,1,24,45010
cube,CEM (learned target),15,clean,1,48,90020
cube,CEM (learned target),15,prefix_a,0,150,270060
cube,CEM (learned target),15,prefix_b,0,150,270060
cube,CEM (learned target),16,clean,1,25,45010
cube,CEM (learned target),16,prefix_a,0,150,270060
cube,CEM (learned target),16,prefix_b,0,150,270060
cube,CEM (learned target),17,clean,0,150,270060
cube,CEM (learned target),17,prefix_a,0,150,270060
cube,CEM (learned target),17,prefix_b,0,150,270060
cube,CEM (learned target),18,clean,0,150,270060
cube,CEM (learned target),18,prefix_a,0,150,270060
cube,CEM (learned target),18,prefix_b,0,150,270060
cube,CEM (learned target),19,clean,0,150,270060
cube,CEM (learned target),19,prefix_a,0,150,270060
cube,CEM (learned target),19,prefix_b,1,22,45010
cube,CEM (learned target),20,clean,1,59,108024
cube,CEM (learned target),20,prefix_a,0,150,270060
cube,CEM (learned target),20,prefix_b,0,150,270060
cube,CEM (learned target),21,clean,0,150,270060
cube,CEM (learned target),21,prefix_a,0,150,270060
cube,CEM (learned target),21,prefix_b,0,150,270060
cube,CEM (learned target),22,clean,1,34,63014
cube,CEM (learned target),22,prefix_a,1,37,72016
cube,CEM (learned target),22,prefix_b,1,36,72016
cube,CEM (learned target),23,clean,0,150,270060
cube,CEM (learned target),23,prefix_a,1,60,108024
cube,CEM (learned target),23,prefix_b,0,150,270060
cube,CEM (learned target),24,clean,1,48,90020
cube,CEM (learned target),24,prefix_a,0,150,270060
cube,CEM (learned target),24,prefix_b,0,150,270060
cube,CEM (learned target),25,clean,1,35,63014
cube,CEM (learned target),25,prefix_a,1,35,63014
cube,CEM (learned target),25,prefix_b,1,30,54012
cube,CEM (learned target),26,clean,1,27,54012
cube,CEM (learned target),26,prefix_a,0,150,270060
cube,CEM (learned target),26,prefix_b,0,150,270060
cube,CEM (learned target),27,clean,0,150,270060
cube,CEM (learned target),27,prefix_a,0,150,270060
cube,CEM (learned target),27,prefix_b,0,150,270060
cube,CEM (learned target),28,clean,1,14,27006
cube,CEM (learned target),28,prefix_a,0,150,270060
cube,CEM (learned target),28,prefix_b,0,150,270060
cube,CEM (learned target),29,clean,0,150,270060
cube,CEM (learned target),29,prefix_a,0,150,270060
cube,CEM (learned target),29,prefix_b,0,150,270060
cube,CEM (learned target),30,clean,0,150,270060
cube,CEM (learned target),30,prefix_a,0,150,270060
cube,CEM (learned target),30,prefix_b,0,150,270060
cube,CEM (learned target),31,clean,1,28,54012
cube,CEM (learned target),31,prefix_a,1,29,54012
cube,CEM (learned target),31,prefix_b,0,150,270060
cube,CEM (learned target),32,clean,0,150,270060
cube,CEM (learned target),32,prefix_a,0,150,270060
cube,CEM (learned target),32,prefix_b,0,150,270060
cube,CEM (learned target),33,clean,1,16,36008
cube,CEM (learned target),33,prefix_a,1,18,36008
cube,CEM (learned target),33,prefix_b,1,20,36008
cube,CEM (learned target),34,clean,1,17,36008
cube,CEM (learned target),34,prefix_a,1,17,36008
cube,CEM (learned target),34,prefix_b,1,36,72016
cube,CEM (learned target),35,clean,1,40,72016
cube,CEM (learned target),35,prefix_a,0,150,270060
cube,CEM (learned target),35,prefix_b,1,39,72016
cube,CEM (learned target),36,clean,0,150,270060
cube,CEM (learned target),36,prefix_a,1,49,90020
cube,CEM (learned target),36,prefix_b,0,150,270060
cube,CEM (learned target),37,clean,1,34,63014
cube,CEM (learned target),37,prefix_a,0,150,270060
cube,CEM (learned target),37,prefix_b,1,29,54012
cube,CEM (learned target),38,clean,0,150,270060
cube,CEM (learned target),38,prefix_a,0,150,270060
cube,CEM (learned target),38,prefix_b,0,150,270060
cube,CEM (learned target),39,clean,0,150,270060
cube,CEM (learned target),39,prefix_a,0,150,270060
cube,CEM (learned target),39,prefix_b,0,150,270060
cube,CEM (learned target),40,clean,1,40,72016
cube,CEM (learned target),40,prefix_a,1,38,72016
cube,CEM (learned target),40,prefix_b,0,150,270060
cube,CEM (learned target),41,clean,1,37,72016
cube,CEM (learned target),41,prefix_a,0,150,270060
cube,CEM (learned target),41,prefix_b,1,42,81018
cube,CEM (learned target),42,clean,1,15,27006
cube,CEM (learned target),42,prefix_a,0,150,270060
cube,CEM (learned target),42,prefix_b,0,150,270060
cube,CEM (learned target),43,clean,1,0,0
cube,CEM (learned target),43,prefix_a,1,0,0
cube,CEM (learned target),43,prefix_b,1,0,0
cube,CEM (learned target),44,clean,1,44,81018
cube,CEM (learned target),44,prefix_a,1,41,81018
cube,CEM (learned target),44,prefix_b,1,42,81018
cube,CEM (learned target),45,clean,0,150,270060
cube,CEM (learned target),45,prefix_a,0,150,270060
cube,CEM (learned target),45,prefix_b,0,150,270060
cube,CEM (learned target),46,clean,1,32,63014
cube,CEM (learned target),46,prefix_a,1,36,72016
cube,CEM (learned target),46,prefix_b,1,32,63014
cube,CEM (learned target),47,clean,1,45,81018
cube,CEM (learned target),47,prefix_a,1,45,81018
cube,CEM (learned target),47,prefix_b,0,150,270060
cube,CEM (learned target),48,clean,0,150,270060
cube,CEM (learned target),48,prefix_a,0,150,270060
cube,CEM (learned target),48,prefix_b,0,150,270060
cube,CEM (learned target),49,clean,0,150,270060
cube,CEM (learned target),49,prefix_a,0,150,270060
cube,CEM (learned target),49,prefix_b,0,150,270060
cube,CEM (learned target),50,clean,0,150,270060
cube,CEM (learned target),50,prefix_a,0,150,270060
cube,CEM (learned target),50,prefix_b,0,150,270060
cube,CEM (learned target),51,clean,1,28,54012
cube,CEM (learned target),51,prefix_a,1,19,36008
cube,CEM (learned target),51,prefix_b,0,150,270060
cube,CEM (learned target),52,clean,0,150,270060
cube,CEM (learned target),52,prefix_a,0,150,270060
cube,CEM (learned target),52,prefix_b,0,150,270060
cube,CEM (learned target),53,clean,0,150,270060
cube,CEM (learned target),53,prefix_a,0,150,270060
cube,CEM (learned target),53,prefix_b,0,150,270060
cube,CEM (learned target),54,clean,1,53,99022
cube,CEM (learned target),54,prefix_a,1,38,72016
cube,CEM (learned target),54,prefix_b,0,150,270060
cube,CEM (learned target),55,clean,0,150,270060
cube,CEM (learned target),55,prefix_a,0,150,270060
cube,CEM (learned target),55,prefix_b,1,43,81018
cube,CEM (learned target),56,clean,0,150,270060
cube,CEM (learned target),56,prefix_a,0,150,270060
cube,CEM (learned target),56,prefix_b,0,150,270060
cube,CEM (learned target),57,clean,0,150,270060
cube,CEM (learned target),57,prefix_a,0,150,270060
cube,CEM (learned target),57,prefix_b,0,150,270060
cube,CEM (learned target),58,clean,0,150,270060
cube,CEM (learned target),58,prefix_a,0,150,270060
cube,CEM (learned target),58,prefix_b,0,150,270060
cube,CEM (learned target),59,clean,0,150,270060
cube,CEM (learned target),59,prefix_a,0,150,270060
cube,CEM (learned target),59,prefix_b,1,33,63014
cube,CEM (learned target),60,clean,1,53,99022
cube,CEM (learned target),60,prefix_a,0,150,270060
cube,CEM (learned target),60,prefix_b,1,32,63014
cube,CEM (learned target),61,clean,0,150,270060
cube,CEM (learned target),61,prefix_a,0,150,270060
cube,CEM (learned target),61,prefix_b,0,150,270060
cube,CEM (learned target),62,clean,0,150,270060
cube,CEM (learned target),62,prefix_a,0,150,270060
cube,CEM (learned target),62,prefix_b,0,150,270060
cube,CEM (learned target),63,clean,1,25,45010
cube,CEM (learned target),63,prefix_a,0,150,270060
cube,CEM (learned target),63,prefix_b,1,24,45010
cube,CEM (learned target),64,clean,0,150,270060
cube,CEM (learned target),64,prefix_a,0,150,270060
cube,CEM (learned target),64,prefix_b,0,150,270060
cube,CEM (learned target),65,clean,0,150,270060
cube,CEM (learned target),65,prefix_a,1,15,27006
cube,CEM (learned target),65,prefix_b,0,150,270060
cube,CEM (learned target),66,clean,0,150,270060
cube,CEM (learned target),66,prefix_a,0,150,270060
cube,CEM (learned target),66,prefix_b,0,150,270060
cube,CEM (learned target),67,clean,0,150,270060
cube,CEM (learned target),67,prefix_a,1,25,45010
cube,CEM (learned target),67,prefix_b,0,150,270060
cube,CEM (learned target),68,clean,1,39,72016
cube,CEM (learned target),68,prefix_a,1,37,72016
cube,CEM (learned target),68,prefix_b,1,39,72016
cube,CEM (learned target),69,clean,0,150,270060
cube,CEM (learned target),69,prefix_a,0,150,270060
cube,CEM (learned target),69,prefix_b,0,150,270060
cube,CEM (learned target),70,clean,1,36,72016
cube,CEM (learned target),70,prefix_a,1,36,72016
cube,CEM (learned target),70,prefix_b,0,150,270060
cube,CEM (learned target),71,clean,1,24,45010
cube,CEM (learned target),71,prefix_a,0,150,270060
cube,CEM (learned target),71,prefix_b,1,28,54012
cube,CEM (learned target),72,clean,1,46,90020
cube,CEM (learned target),72,prefix_a,1,46,90020
cube,CEM (learned target),72,prefix_b,1,44,81018
cube,CEM (learned target),73,clean,1,38,72016
cube,CEM (learned target),73,prefix_a,0,150,270060
cube,CEM (learned target),73,prefix_b,0,150,270060
cube,CEM (learned target),74,clean,1,53,99022
cube,CEM (learned target),74,prefix_a,0,150,270060
cube,CEM (learned target),74,prefix_b,0,150,270060
cube,CEM (learned target),75,clean,1,26,54012
cube,CEM (learned target),75,prefix_a,1,25,45010
cube,CEM (learned target),75,prefix_b,1,38,72016
cube,CEM (learned target),76,clean,1,42,81018
cube,CEM (learned target),76,prefix_a,0,150,270060
cube,CEM (learned target),76,prefix_b,0,150,270060
cube,CEM (learned target),77,clean,1,35,63014
cube,CEM (learned target),77,prefix_a,0,150,270060
cube,CEM (learned target),77,prefix_b,0,150,270060
cube,CEM (learned target),78,clean,1,15,27006
cube,CEM (learned target),78,prefix_a,1,15,27006
cube,CEM (learned target),78,prefix_b,0,150,270060
cube,CEM (learned target),79,clean,1,50,90020
cube,CEM (learned target),79,prefix_a,0,150,270060
cube,CEM (learned target),79,prefix_b,1,53,99022
cube,CEM (learned target),80,clean,1,50,90020
cube,CEM (learned target),80,prefix_a,0,150,270060
cube,CEM (learned target),80,prefix_b,0,150,270060
cube,CEM (learned target),81,clean,0,150,270060
cube,CEM (learned target),81,prefix_a,0,150,270060
cube,CEM (learned target),81,prefix_b,0,150,270060
cube,CEM (learned target),82,clean,0,150,270060
cube,CEM (learned target),82,prefix_a,0,150,270060
cube,CEM (learned target),82,prefix_b,0,150,270060
cube,CEM (learned target),83,clean,1,41,81018
cube,CEM (learned target),83,prefix_a,1,38,72016
cube,CEM (learned target),83,prefix_b,1,41,81018
cube,CEM (learned target),84,clean,0,150,270060
cube,CEM (learned target),84,prefix_a,0,150,270060
cube,CEM (learned target),84,prefix_b,0,150,270060
cube,CEM (learned target),85,clean,0,150,270060
cube,CEM (learned target),85,prefix_a,1,62,117026
cube,CEM (learned target),85,prefix_b,0,150,270060
cube,CEM (learned target),86,clean,0,150,270060
cube,CEM (learned target),86,prefix_a,0,150,270060
cube,CEM (learned target),86,prefix_b,1,44,81018
cube,CEM (learned target),87,clean,0,150,270060
cube,CEM (learned target),87,prefix_a,0,150,270060
cube,CEM (learned target),87,prefix_b,0,150,270060
cube,CEM (learned target),88,clean,0,150,270060
cube,CEM (learned target),88,prefix_a,0,150,270060
cube,CEM (learned target),88,prefix_b,0,150,270060
cube,CEM (learned target),89,clean,1,13,27006
cube,CEM (learned target),89,prefix_a,1,55,99022
cube,CEM (learned target),89,prefix_b,1,13,27006
cube,CEM (learned target),90,clean,1,45,81018
cube,CEM (learned target),90,prefix_a,1,39,72016
cube,CEM (learned target),90,prefix_b,0,150,270060
cube,CEM (learned target),91,clean,1,37,72016
cube,CEM (learned target),91,prefix_a,1,34,63014
cube,CEM (learned target),91,prefix_b,1,34,63014
cube,CEM (learned target),92,clean,1,26,54012
cube,CEM (learned target),92,prefix_a,1,26,54012
cube,CEM (learned target),92,prefix_b,1,23,45010
cube,CEM (learned target),93,clean,1,49,90020
cube,CEM (learned target),93,prefix_a,0,150,270060
cube,CEM (learned target),93,prefix_b,0,150,270060
cube,CEM (learned target),94,clean,1,38,72016
cube,CEM (learned target),94,prefix_a,0,150,270060
cube,CEM (learned target),94,prefix_b,1,42,81018
cube,CEM (learned target),95,clean,0,150,270060
cube,CEM (learned target),95,prefix_a,0,150,270060
cube,CEM (learned target),95,prefix_b,0,150,270060
cube,CEM (learned target),96,clean,1,43,81018
cube,CEM (learned target),96,prefix_a,0,150,270060
cube,CEM (learned target),96,prefix_b,1,37,72016
cube,CEM (learned target),97,clean,1,39,72016
cube,CEM (learned target),97,prefix_a,1,34,63014
cube,CEM (learned target),97,prefix_b,0,150,270060
cube,CEM (learned target),98,clean,1,16,36008
cube,CEM (learned target),98,prefix_a,1,22,45010
cube,CEM (learned target),98,prefix_b,0,150,270060
cube,CEM (learned target),99,clean,1,37,72016
cube,CEM (learned target),99,prefix_a,1,44,81018
cube,CEM (learned target),99,prefix_b,0,150,270060
cube,CEM (learned target),100,clean,1,23,45010
cube,CEM (learned target),100,prefix_a,1,31,63014
cube,CEM (learned target),100,prefix_b,1,26,54012
cube,CEM (learned target),101,clean,1,42,81018
cube,CEM (learned target),101,prefix_a,0,150,270060
cube,CEM (learned target),101,prefix_b,0,150,270060
cube,CEM (learned target),102,clean,1,40,72016
cube,CEM (learned target),102,prefix_a,0,150,270060
cube,CEM (learned target),102,prefix_b,1,42,81018
cube,CEM (learned target),103,clean,0,150,270060
cube,CEM (learned target),103,prefix_a,0,150,270060
cube,CEM (learned target),103,prefix_b,0,150,270060
cube,CEM (learned target),104,clean,1,17,36008
cube,CEM (learned target),104,prefix_a,0,150,270060
cube,CEM (learned target),104,prefix_b,0,150,270060
cube,CEM (learned target),105,clean,0,150,270060
cube,CEM (learned target),105,prefix_a,0,150,270060
cube,CEM (learned target),105,prefix_b,0,150,270060
cube,CEM (learned target),106,clean,1,24,45010
cube,CEM (learned target),106,prefix_a,1,59,108024
cube,CEM (learned target),106,prefix_b,1,24,45010
cube,CEM (learned target),107,clean,1,20,36008
cube,CEM (learned target),107,prefix_a,0,150,270060
cube,CEM (learned target),107,prefix_b,1,15,27006
cube,CEM (learned target),108,clean,1,40,72016
cube,CEM (learned target),108,prefix_a,0,150,270060
cube,CEM (learned target),108,prefix_b,1,36,72016
cube,CEM (learned target),109,clean,1,21,45010
cube,CEM (learned target),109,prefix_a,0,150,270060
cube,CEM (learned target),109,prefix_b,1,20,36008
cube,CEM (learned target),110,clean,1,32,63014
cube,CEM (learned target),110,prefix_a,1,28,54012
cube,CEM (learned target),110,prefix_b,1,38,72016
cube,CEM (learned target),111,clean,1,35,63014
cube,CEM (learned target),111,prefix_a,1,35,63014
cube,CEM (learned target),111,prefix_b,0,150,270060
cube,CEM (learned target),112,clean,0,150,270060
cube,CEM (learned target),112,prefix_a,0,150,270060
cube,CEM (learned target),112,prefix_b,0,150,270060
cube,CEM (learned target),113,clean,0,150,270060
cube,CEM (learned target),113,prefix_a,0,150,270060
cube,CEM (learned target),113,prefix_b,0,150,270060
cube,CEM (learned target),114,clean,1,34,63014
cube,CEM (learned target),114,prefix_a,1,39,72016
cube,CEM (learned target),114,prefix_b,1,39,72016
cube,CEM (learned target),115,clean,1,51,99022
cube,CEM (learned target),115,prefix_a,0,150,270060
cube,CEM (learned target),115,prefix_b,0,150,270060
cube,CEM (learned target),116,clean,1,52,99022
cube,CEM (learned target),116,prefix_a,0,150,270060
cube,CEM (learned target),116,prefix_b,0,150,270060
cube,CEM (learned target),117,clean,1,26,54012
cube,CEM (learned target),117,prefix_a,1,26,54012
cube,CEM (learned target),117,prefix_b,1,25,45010
cube,CEM (learned target),118,clean,1,37,72016
cube,CEM (learned target),118,prefix_a,1,37,72016
cube,CEM (learned target),118,prefix_b,1,38,72016
cube,CEM (learned target),119,clean,1,45,81018
cube,CEM (learned target),119,prefix_a,1,107,198044
cube,CEM (learned target),119,prefix_b,0,150,270060
cube,CEM (learned target),120,clean,1,43,81018
cube,CEM (learned target),120,prefix_a,1,45,81018
cube,CEM (learned target),120,prefix_b,1,43,81018
cube,CEM (learned target),121,clean,0,150,270060
cube,CEM (learned target),121,prefix_a,0,150,270060
cube,CEM (learned target),121,prefix_b,0,150,270060
cube,CEM (learned target),122,clean,0,150,270060
cube,CEM (learned target),122,prefix_a,0,150,270060
cube,CEM (learned target),122,prefix_b,0,150,270060
cube,CEM (learned target),123,clean,1,42,81018
cube,CEM (learned target),123,prefix_a,0,150,270060
cube,CEM (learned target),123,prefix_b,1,36,72016
cube,CEM (learned target),124,clean,1,21,45010
cube,CEM (learned target),124,prefix_a,1,23,45010
cube,CEM (learned target),124,prefix_b,1,26,54012
cube,CEM (learned target),125,clean,0,150,270060
cube,CEM (learned target),125,prefix_a,0,150,270060
cube,CEM (learned target),125,prefix_b,0,150,270060
cube,CEM (learned target),126,clean,1,49,90020
cube,CEM (learned target),126,prefix_a,0,150,270060
cube,CEM (learned target),126,prefix_b,0,150,270060
cube,CEM (learned target),127,clean,1,40,72016
cube,CEM (learned target),127,prefix_a,1,39,72016
cube,CEM (learned target),127,prefix_b,1,52,99022
cube,Direct,0,clean,1,21,0
cube,Direct,0,prefix_a,1,26,0
cube,Direct,0,prefix_b,1,17,0
cube,Direct,1,clean,1,36,0
cube,Direct,1,prefix_a,0,150,0
cube,Direct,1,prefix_b,1,38,0
cube,Direct,2,clean,1,38,0
cube,Direct,2,prefix_a,1,42,0
cube,Direct,2,prefix_b,1,29,0
cube,Direct,3,clean,1,52,0
cube,Direct,3,prefix_a,0,150,0
cube,Direct,3,prefix_b,1,51,0
cube,Direct,4,clean,1,20,0
cube,Direct,4,prefix_a,1,16,0
cube,Direct,4,prefix_b,0,150,0
cube,Direct,5,clean,1,26,0
cube,Direct,5,prefix_a,0,150,0
cube,Direct,5,prefix_b,0,150,0
cube,Direct,6,clean,0,150,0
cube,Direct,6,prefix_a,0,150,0
cube,Direct,6,prefix_b,0,150,0
cube,Direct,7,clean,1,31,0
cube,Direct,7,prefix_a,1,29,0
cube,Direct,7,prefix_b,1,42,0
cube,Direct,8,clean,1,34,0
cube,Direct,8,prefix_a,0,150,0
cube,Direct,8,prefix_b,1,35,0
cube,Direct,9,clean,1,41,0
cube,Direct,9,prefix_a,1,41,0
cube,Direct,9,prefix_b,1,42,0
cube,Direct,10,clean,1,47,0
cube,Direct,10,prefix_a,0,150,0
cube,Direct,10,prefix_b,0,150,0
cube,Direct,11,clean,1,41,0
cube,Direct,11,prefix_a,0,150,0
cube,Direct,11,prefix_b,1,23,0
cube,Direct,12,clean,1,15,0
cube,Direct,12,prefix_a,0,150,0
cube,Direct,12,prefix_b,1,17,0
cube,Direct,13,clean,1,50,0
cube,Direct,13,prefix_a,1,55,0
cube,Direct,13,prefix_b,1,42,0
cube,Direct,14,clean,1,17,0
cube,Direct,14,prefix_a,0,150,0
cube,Direct,14,prefix_b,1,19,0
cube,Direct,15,clean,0,150,0
cube,Direct,15,prefix_a,0,150,0
cube,Direct,15,prefix_b,0,150,0
cube,Direct,16,clean,1,27,0
cube,Direct,16,prefix_a,0,150,0
cube,Direct,16,prefix_b,1,26,0
cube,Direct,17,clean,1,48,0
cube,Direct,17,prefix_a,0,150,0
cube,Direct,17,prefix_b,0,150,0
cube,Direct,18,clean,1,37,0
cube,Direct,18,prefix_a,1,40,0
cube,Direct,18,prefix_b,1,39,0
cube,Direct,19,clean,1,23,0
cube,Direct,19,prefix_a,1,21,0
cube,Direct,19,prefix_b,1,20,0
cube,Direct,20,clean,0,150,0
cube,Direct,20,prefix_a,0,150,0
cube,Direct,20,prefix_b,1,56,0
cube,Direct,21,clean,0,150,0
cube,Direct,21,prefix_a,1,54,0
cube,Direct,21,prefix_b,0,150,0
cube,Direct,22,clean,1,38,0
cube,Direct,22,prefix_a,1,41,0
cube,Direct,22,prefix_b,1,27,0
cube,Direct,23,clean,0,150,0
cube,Direct,23,prefix_a,0,150,0
cube,Direct,23,prefix_b,0,150,0
cube,Direct,24,clean,1,50,0
cube,Direct,24,prefix_a,0,150,0
cube,Direct,24,prefix_b,0,150,0
cube,Direct,25,clean,1,30,0
cube,Direct,25,prefix_a,1,27,0
cube,Direct,25,prefix_b,1,32,0
cube,Direct,26,clean,1,26,0
cube,Direct,26,prefix_a,0,150,0
cube,Direct,26,prefix_b,0,150,0
cube,Direct,27,clean,1,47,0
cube,Direct,27,prefix_a,0,150,0
cube,Direct,27,prefix_b,1,47,0
cube,Direct,28,clean,1,22,0
cube,Direct,28,prefix_a,0,150,0
cube,Direct,28,prefix_b,0,150,0
cube,Direct,29,clean,1,61,0
cube,Direct,29,prefix_a,1,58,0
cube,Direct,29,prefix_b,0,150,0
cube,Direct,30,clean,0,150,0
cube,Direct,30,prefix_a,0,150,0
cube,Direct,30,prefix_b,0,150,0
cube,Direct,31,clean,1,25,0
cube,Direct,31,prefix_a,1,26,0
cube,Direct,31,prefix_b,1,36,0
cube,Direct,32,clean,1,22,0
cube,Direct,32,prefix_a,1,24,0
cube,Direct,32,prefix_b,1,32,0
cube,Direct,33,clean,1,15,0
cube,Direct,33,prefix_a,1,18,0
cube,Direct,33,prefix_b,1,50,0
cube,Direct,34,clean,1,23,0
cube,Direct,34,prefix_a,1,23,0
cube,Direct,34,prefix_b,1,17,0
cube,Direct,35,clean,1,40,0
cube,Direct,35,prefix_a,1,24,0
cube,Direct,35,prefix_b,1,37,0
cube,Direct,36,clean,1,18,0
cube,Direct,36,prefix_a,1,20,0
cube,Direct,36,prefix_b,0,150,0
cube,Direct,37,clean,1,29,0
cube,Direct,37,prefix_a,0,150,0
cube,Direct,37,prefix_b,1,26,0
cube,Direct,38,clean,1,40,0
cube,Direct,38,prefix_a,1,26,0
cube,Direct,38,prefix_b,1,33,0
cube,Direct,39,clean,0,150,0
cube,Direct,39,prefix_a,0,150,0
cube,Direct,39,prefix_b,0,150,0
cube,Direct,40,clean,1,39,0
cube,Direct,40,prefix_a,1,39,0
cube,Direct,40,prefix_b,0,150,0
cube,Direct,41,clean,1,42,0
cube,Direct,41,prefix_a,0,150,0
cube,Direct,41,prefix_b,1,27,0
cube,Direct,42,clean,1,13,0
cube,Direct,42,prefix_a,0,150,0
cube,Direct,42,prefix_b,0,150,0
cube,Direct,43,clean,1,0,0
cube,Direct,43,prefix_a,1,0,0
cube,Direct,43,prefix_b,1,0,0
cube,Direct,44,clean,1,48,0
cube,Direct,44,prefix_a,1,48,0
cube,Direct,44,prefix_b,1,31,0
cube,Direct,45,clean,1,33,0
cube,Direct,45,prefix_a,1,39,0
cube,Direct,45,prefix_b,1,32,0
cube,Direct,46,clean,1,30,0
cube,Direct,46,prefix_a,1,36,0
cube,Direct,46,prefix_b,1,32,0
cube,Direct,47,clean,1,50,0
cube,Direct,47,prefix_a,1,45,0
cube,Direct,47,prefix_b,0,150,0
cube,Direct,48,clean,1,56,0
cube,Direct,48,prefix_a,0,150,0
cube,Direct,48,prefix_b,0,150,0
cube,Direct,49,clean,0,150,0
cube,Direct,49,prefix_a,0,150,0
cube,Direct,49,prefix_b,1,53,0
cube,Direct,50,clean,1,34,0
cube,Direct,50,prefix_a,1,35,0
cube,Direct,50,prefix_b,1,41,0
cube,Direct,51,clean,1,25,0
cube,Direct,51,prefix_a,1,17,0
cube,Direct,51,prefix_b,0,150,0
cube,Direct,52,clean,1,53,0
cube,Direct,52,prefix_a,0,150,0
cube,Direct,52,prefix_b,1,54,0
cube,Direct,53,clean,1,49,0
cube,Direct,53,prefix_a,0,150,0
cube,Direct,53,prefix_b,0,150,0
cube,Direct,54,clean,1,38,0
cube,Direct,54,prefix_a,1,47,0
cube,Direct,54,prefix_b,0,150,0
cube,Direct,55,clean,1,42,0
cube,Direct,55,prefix_a,0,150,0
cube,Direct,55,prefix_b,0,150,0
cube,Direct,56,clean,1,57,0
cube,Direct,56,prefix_a,0,150,0
cube,Direct,56,prefix_b,0,150,0
cube,Direct,57,clean,0,150,0
cube,Direct,57,prefix_a,0,150,0
cube,Direct,57,prefix_b,0,150,0
cube,Direct,58,clean,0,150,0
cube,Direct,58,prefix_a,0,150,0
cube,Direct,58,prefix_b,0,150,0
cube,Direct,59,clean,1,36,0
cube,Direct,59,prefix_a,1,31,0
cube,Direct,59,prefix_b,1,29,0
cube,Direct,60,clean,1,44,0
cube,Direct,60,prefix_a,1,21,0
cube,Direct,60,prefix_b,1,21,0
cube,Direct,61,clean,0,150,0
cube,Direct,61,prefix_a,0,150,0
cube,Direct,61,prefix_b,0,150,0
cube,Direct,62,clean,0,150,0
cube,Direct,62,prefix_a,0,150,0
cube,Direct,62,prefix_b,0,150,0
cube,Direct,63,clean,1,34,0
cube,Direct,63,prefix_a,0,150,0
cube,Direct,63,prefix_b,1,26,0
cube,Direct,64,clean,1,39,0
cube,Direct,64,prefix_a,0,150,0
cube,Direct,64,prefix_b,1,30,0
cube,Direct,65,clean,1,19,0
cube,Direct,65,prefix_a,1,15,0
cube,Direct,65,prefix_b,1,19,0
cube,Direct,66,clean,1,31,0
cube,Direct,66,prefix_a,0,150,0
cube,Direct,66,prefix_b,1,29,0
cube,Direct,67,clean,1,23,0
cube,Direct,67,prefix_a,1,26,0
cube,Direct,67,prefix_b,0,150,0
cube,Direct,68,clean,1,33,0
cube,Direct,68,prefix_a,1,28,0
cube,Direct,68,prefix_b,1,41,0
cube,Direct,69,clean,0,150,0
cube,Direct,69,prefix_a,0,150,0
cube,Direct,69,prefix_b,0,150,0
cube,Direct,70,clean,1,25,0
cube,Direct,70,prefix_a,1,41,0
cube,Direct,70,prefix_b,0,150,0
cube,Direct,71,clean,1,20,0
cube,Direct,71,prefix_a,0,150,0
cube,Direct,71,prefix_b,1,26,0
cube,Direct,72,clean,1,48,0
cube,Direct,72,prefix_a,1,46,0
cube,Direct,72,prefix_b,1,48,0
cube,Direct,73,clean,1,42,0
cube,Direct,73,prefix_a,0,150,0
cube,Direct,73,prefix_b,0,150,0
cube,Direct,74,clean,1,47,0
cube,Direct,74,prefix_a,0,150,0
cube,Direct,74,prefix_b,0,150,0
cube,Direct,75,clean,1,38,0
cube,Direct,75,prefix_a,1,42,0
cube,Direct,75,prefix_b,1,19,0
cube,Direct,76,clean,1,54,0
cube,Direct,76,prefix_a,0,150,0
cube,Direct,76,prefix_b,0,150,0
cube,Direct,77,clean,1,30,0
cube,Direct,77,prefix_a,0,150,0
cube,Direct,77,prefix_b,0,150,0
cube,Direct,78,clean,1,18,0
cube,Direct,78,prefix_a,1,13,0
cube,Direct,78,prefix_b,0,150,0
cube,Direct,79,clean,1,49,0
cube,Direct,79,prefix_a,0,150,0
cube,Direct,79,prefix_b,0,150,0
cube,Direct,80,clean,1,49,0
cube,Direct,80,prefix_a,0,150,0
cube,Direct,80,prefix_b,0,150,0
cube,Direct,81,clean,1,56,0
cube,Direct,81,prefix_a,0,150,0
cube,Direct,81,prefix_b,0,150,0
cube,Direct,82,clean,0,150,0
cube,Direct,82,prefix_a,0,150,0
cube,Direct,82,prefix_b,0,150,0
cube,Direct,83,clean,1,30,0
cube,Direct,83,prefix_a,1,31,0
cube,Direct,83,prefix_b,1,32,0
cube,Direct,84,clean,1,53,0
cube,Direct,84,prefix_a,0,150,0
cube,Direct,84,prefix_b,0,150,0
cube,Direct,85,clean,0,150,0
cube,Direct,85,prefix_a,0,150,0
cube,Direct,85,prefix_b,0,150,0
cube,Direct,86,clean,1,24,0
cube,Direct,86,prefix_a,0,150,0
cube,Direct,86,prefix_b,1,40,0
cube,Direct,87,clean,0,150,0
cube,Direct,87,prefix_a,0,150,0
cube,Direct,87,prefix_b,0,150,0
cube,Direct,88,clean,1,51,0
cube,Direct,88,prefix_a,0,150,0
cube,Direct,88,prefix_b,1,50,0
cube,Direct,89,clean,1,16,0
cube,Direct,89,prefix_a,0,150,0
cube,Direct,89,prefix_b,1,11,0
cube,Direct,90,clean,0,150,0
cube,Direct,90,prefix_a,0,150,0
cube,Direct,90,prefix_b,1,120,0
cube,Direct,91,clean,1,34,0
cube,Direct,91,prefix_a,1,37,0
cube,Direct,91,prefix_b,1,24,0
cube,Direct,92,clean,1,39,0
cube,Direct,92,prefix_a,1,21,0
cube,Direct,92,prefix_b,1,23,0
cube,Direct,93,clean,0,150,0
cube,Direct,93,prefix_a,0,150,0
cube,Direct,93,prefix_b,0,150,0
cube,Direct,94,clean,1,33,0
cube,Direct,94,prefix_a,0,150,0
cube,Direct,94,prefix_b,1,35,0
cube,Direct,95,clean,1,53,0
cube,Direct,95,prefix_a,1,49,0
cube,Direct,95,prefix_b,0,150,0
cube,Direct,96,clean,1,40,0
cube,Direct,96,prefix_a,0,150,0
cube,Direct,96,prefix_b,1,41,0
cube,Direct,97,clean,1,23,0
cube,Direct,97,prefix_a,1,38,0
cube,Direct,97,prefix_b,0,150,0
cube,Direct,98,clean,1,23,0
cube,Direct,98,prefix_a,1,21,0
cube,Direct,98,prefix_b,0,150,0
cube,Direct,99,clean,1,32,0
cube,Direct,99,prefix_a,0,150,0
cube,Direct,99,prefix_b,0,150,0
cube,Direct,100,clean,1,26,0
cube,Direct,100,prefix_a,1,24,0
cube,Direct,100,prefix_b,1,23,0
cube,Direct,101,clean,1,40,0
cube,Direct,101,prefix_a,1,30,0
cube,Direct,101,prefix_b,0,150,0
cube,Direct,102,clean,1,43,0
cube,Direct,102,prefix_a,0,150,0
cube,Direct,102,prefix_b,1,29,0
cube,Direct,103,clean,1,48,0
cube,Direct,103,prefix_a,0,150,0
cube,Direct,103,prefix_b,1,32,0
cube,Direct,104,clean,1,15,0
cube,Direct,104,prefix_a,0,150,0
cube,Direct,104,prefix_b,0,150,0
cube,Direct,105,clean,0,150,0
cube,Direct,105,prefix_a,0,150,0
cube,Direct,105,prefix_b,0,150,0
cube,Direct,106,clean,1,20,0
cube,Direct,106,prefix_a,1,23,0
cube,Direct,106,prefix_b,1,28,0
cube,Direct,107,clean,1,18,0
cube,Direct,107,prefix_a,0,150,0
cube,Direct,107,prefix_b,1,16,0
cube,Direct,108,clean,1,25,0
cube,Direct,108,prefix_a,0,150,0
cube,Direct,108,prefix_b,1,30,0
cube,Direct,109,clean,1,17,0
cube,Direct,109,prefix_a,0,150,0
cube,Direct,109,prefix_b,1,25,0
cube,Direct,110,clean,1,23,0
cube,Direct,110,prefix_a,1,34,0
cube,Direct,110,prefix_b,1,29,0
cube,Direct,111,clean,1,39,0
cube,Direct,111,prefix_a,1,35,0
cube,Direct,111,prefix_b,0,150,0
cube,Direct,112,clean,1,47,0
cube,Direct,112,prefix_a,1,43,0
cube,Direct,112,prefix_b,0,150,0
cube,Direct,113,clean,0,150,0
cube,Direct,113,prefix_a,0,150,0
cube,Direct,113,prefix_b,0,150,0
cube,Direct,114,clean,1,32,0
cube,Direct,114,prefix_a,1,47,0
cube,Direct,114,prefix_b,1,47,0
cube,Direct,115,clean,1,65,0
cube,Direct,115,prefix_a,0,150,0
cube,Direct,115,prefix_b,0,150,0
cube,Direct,116,clean,1,61,0
cube,Direct,116,prefix_a,0,150,0
cube,Direct,116,prefix_b,0,150,0
cube,Direct,117,clean,1,26,0
cube,Direct,117,prefix_a,1,31,0
cube,Direct,117,prefix_b,1,20,0
cube,Direct,118,clean,1,47,0
cube,Direct,118,prefix_a,1,36,0
cube,Direct,118,prefix_b,1,30,0
cube,Direct,119,clean,1,41,0
cube,Direct,119,prefix_a,1,41,0
cube,Direct,119,prefix_b,0,150,0
cube,Direct,120,clean,0,150,0
cube,Direct,120,prefix_a,1,39,0
cube,Direct,120,prefix_b,0,150,0
cube,Direct,121,clean,0,150,0
cube,Direct,121,prefix_a,0,150,0
cube,Direct,121,prefix_b,0,150,0
cube,Direct,122,clean,0,150,0
cube,Direct,122,prefix_a,0,150,0
cube,Direct,122,prefix_b,0,150,0
cube,Direct,123,clean,1,38,0
cube,Direct,123,prefix_a,0,150,0
cube,Direct,123,prefix_b,1,41,0
cube,Direct,124,clean,1,18,0
cube,Direct,124,prefix_a,1,28,0
cube,Direct,124,prefix_b,1,28,0
cube,Direct,125,clean,1,31,0
cube,Direct,125,prefix_a,1,44,0
cube,Direct,125,prefix_b,0,150,0
cube,Direct,126,clean,1,45,0
cube,Direct,126,prefix_a,0,150,0
cube,Direct,126,prefix_b,0,150,0
cube,Direct,127,clean,1,30,0
cube,Direct,127,prefix_a,1,35,0
cube,Direct,127,prefix_b,0,150,0
cube,LeWM planner,0,clean,1,13,45000
cube,LeWM planner,0,prefix_a,1,12,45000
cube,LeWM planner,0,prefix_b,0,150,270000
cube,LeWM planner,1,clean,0,150,270000
cube,LeWM planner,1,prefix_a,0,150,270000
cube,LeWM planner,1,prefix_b,0,150,270000
cube,LeWM planner,2,clean,0,150,270000
cube,LeWM planner,2,prefix_a,0,150,270000
cube,LeWM planner,2,prefix_b,0,150,270000
cube,LeWM planner,3,clean,0,150,270000
cube,LeWM planner,3,prefix_a,0,150,270000
cube,LeWM planner,3,prefix_b,0,150,270000
cube,LeWM planner,4,clean,1,16,45000
cube,LeWM planner,4,prefix_a,1,17,45000
cube,LeWM planner,4,prefix_b,0,150,270000
cube,LeWM planner,5,clean,0,150,270000
cube,LeWM planner,5,prefix_a,1,35,90000
cube,LeWM planner,5,prefix_b,0,150,270000
cube,LeWM planner,6,clean,0,150,270000
cube,LeWM planner,6,prefix_a,0,150,270000
cube,LeWM planner,6,prefix_b,0,150,270000
cube,LeWM planner,7,clean,0,150,270000
cube,LeWM planner,7,prefix_a,0,150,270000
cube,LeWM planner,7,prefix_b,1,23,45000
cube,LeWM planner,8,clean,0,150,270000
cube,LeWM planner,8,prefix_a,0,150,270000
cube,LeWM planner,8,prefix_b,0,150,270000
cube,LeWM planner,9,clean,0,150,270000
cube,LeWM planner,9,prefix_a,0,150,270000
cube,LeWM planner,9,prefix_b,0,150,270000
cube,LeWM planner,10,clean,0,150,270000
cube,LeWM planner,10,prefix_a,0,150,270000
cube,LeWM planner,10,prefix_b,0,150,270000
cube,LeWM planner,11,clean,1,9,45000
cube,LeWM planner,11,prefix_a,0,150,270000
cube,LeWM planner,11,prefix_b,1,6,45000
cube,LeWM planner,12,clean,1,10,45000
cube,LeWM planner,12,prefix_a,0,150,270000
cube,LeWM planner,12,prefix_b,1,19,45000
cube,LeWM planner,13,clean,0,150,270000
cube,LeWM planner,13,prefix_a,0,150,270000
cube,LeWM planner,13,prefix_b,0,150,270000
cube,LeWM planner,14,clean,1,21,45000
cube,LeWM planner,14,prefix_a,0,150,270000
cube,LeWM planner,14,prefix_b,0,150,270000
cube,LeWM planner,15,clean,0,150,270000
cube,LeWM planner,15,prefix_a,0,150,270000
cube,LeWM planner,15,prefix_b,0,150,270000
cube,LeWM planner,16,clean,0,150,270000
cube,LeWM planner,16,prefix_a,0,150,270000
cube,LeWM planner,16,prefix_b,0,150,270000
cube,LeWM planner,17,clean,0,150,270000
cube,LeWM planner,17,prefix_a,0,150,270000
cube,LeWM planner,17,prefix_b,0,150,270000
cube,LeWM planner,18,clean,0,150,270000
cube,LeWM planner,18,prefix_a,0,150,270000
cube,LeWM planner,18,prefix_b,0,150,270000
cube,LeWM planner,19,clean,0,150,270000
cube,LeWM planner,19,prefix_a,0,150,270000
cube,LeWM planner,19,prefix_b,0,150,270000
cube,LeWM planner,20,clean,0,150,270000
cube,LeWM planner,20,prefix_a,0,150,270000
cube,LeWM planner,20,prefix_b,0,150,270000
cube,LeWM planner,21,clean,0,150,270000
cube,LeWM planner,21,prefix_a,0,150,270000
cube,LeWM planner,21,prefix_b,0,150,270000
cube,LeWM planner,22,clean,0,150,270000
cube,LeWM planner,22,prefix_a,0,150,270000
cube,LeWM planner,22,prefix_b,1,11,45000
cube,LeWM planner,23,clean,0,150,270000
cube,LeWM planner,23,prefix_a,0,150,270000
cube,LeWM planner,23,prefix_b,0,150,270000
cube,LeWM planner,24,clean,0,150,270000
cube,LeWM planner,24,prefix_a,0,150,270000
cube,LeWM planner,24,prefix_b,0,150,270000
cube,LeWM planner,25,clean,1,8,45000
cube,LeWM planner,25,prefix_a,1,12,45000
cube,LeWM planner,25,prefix_b,1,13,45000
cube,LeWM planner,26,clean,0,150,270000
cube,LeWM planner,26,prefix_a,0,150,270000
cube,LeWM planner,26,prefix_b,0,150,270000
cube,LeWM planner,27,clean,0,150,270000
cube,LeWM planner,27,prefix_a,0,150,270000
cube,LeWM planner,27,prefix_b,0,150,270000
cube,LeWM planner,28,clean,1,16,45000
cube,LeWM planner,28,prefix_a,0,150,270000
cube,LeWM planner,28,prefix_b,0,150,270000
cube,LeWM planner,29,clean,0,150,270000
cube,LeWM planner,29,prefix_a,0,150,270000
cube,LeWM planner,29,prefix_b,0,150,270000
cube,LeWM planner,30,clean,0,150,270000
cube,LeWM planner,30,prefix_a,0,150,270000
cube,LeWM planner,30,prefix_b,0,150,270000
cube,LeWM planner,31,clean,1,3,45000
cube,LeWM planner,31,prefix_a,0,150,270000
cube,LeWM planner,31,prefix_b,0,150,270000
cube,LeWM planner,32,clean,0,150,270000
cube,LeWM planner,32,prefix_a,0,150,270000
cube,LeWM planner,32,prefix_b,0,150,270000
cube,LeWM planner,33,clean,1,14,45000
cube,LeWM planner,33,prefix_a,1,14,45000
cube,LeWM planner,33,prefix_b,1,10,45000
cube,LeWM planner,34,clean,0,150,270000
cube,LeWM planner,34,prefix_a,0,150,270000
cube,LeWM planner,34,prefix_b,0,150,270000
cube,LeWM planner,35,clean,0,150,270000
cube,LeWM planner,35,prefix_a,0,150,270000
cube,LeWM planner,35,prefix_b,0,150,270000
cube,LeWM planner,36,clean,0,150,270000
cube,LeWM planner,36,prefix_a,0,150,270000
cube,LeWM planner,36,prefix_b,0,150,270000
cube,LeWM planner,37,clean,0,150,270000
cube,LeWM planner,37,prefix_a,0,150,270000
cube,LeWM planner,37,prefix_b,0,150,270000
cube,LeWM planner,38,clean,0,150,270000
cube,LeWM planner,38,prefix_a,0,150,270000
cube,LeWM planner,38,prefix_b,0,150,270000
cube,LeWM planner,39,clean,0,150,270000
cube,LeWM planner,39,prefix_a,0,150,270000
cube,LeWM planner,39,prefix_b,0,150,270000
cube,LeWM planner,40,clean,0,150,270000
cube,LeWM planner,40,prefix_a,0,150,270000
cube,LeWM planner,40,prefix_b,0,150,270000
cube,LeWM planner,41,clean,0,150,270000
cube,LeWM planner,41,prefix_a,0,150,270000
cube,LeWM planner,41,prefix_b,0,150,270000
cube,LeWM planner,42,clean,1,10,45000
cube,LeWM planner,42,prefix_a,0,150,270000
cube,LeWM planner,42,prefix_b,0,150,270000
cube,LeWM planner,43,clean,1,0,0
cube,LeWM planner,43,prefix_a,1,0,0
cube,LeWM planner,43,prefix_b,1,0,0
cube,LeWM planner,44,clean,0,150,270000
cube,LeWM planner,44,prefix_a,0,150,270000
cube,LeWM planner,44,prefix_b,0,150,270000
cube,LeWM planner,45,clean,0,150,270000
cube,LeWM planner,45,prefix_a,0,150,270000
cube,LeWM planner,45,prefix_b,0,150,270000
cube,LeWM planner,46,clean,0,150,270000
cube,LeWM planner,46,prefix_a,0,150,270000
cube,LeWM planner,46,prefix_b,0,150,270000
cube,LeWM planner,47,clean,0,150,270000
cube,LeWM planner,47,prefix_a,0,150,270000
cube,LeWM planner,47,prefix_b,0,150,270000
cube,LeWM planner,48,clean,0,150,270000
cube,LeWM planner,48,prefix_a,0,150,270000
cube,LeWM planner,48,prefix_b,0,150,270000
cube,LeWM planner,49,clean,0,150,270000
cube,LeWM planner,49,prefix_a,0,150,270000
cube,LeWM planner,49,prefix_b,0,150,270000
cube,LeWM planner,50,clean,0,150,270000
cube,LeWM planner,50,prefix_a,0,150,270000
cube,LeWM planner,50,prefix_b,0,150,270000
cube,LeWM planner,51,clean,1,29,90000
cube,LeWM planner,51,prefix_a,0,150,270000
cube,LeWM planner,51,prefix_b,0,150,270000
cube,LeWM planner,52,clean,0,150,270000
cube,LeWM planner,52,prefix_a,0,150,270000
cube,LeWM planner,52,prefix_b,0,150,270000
cube,LeWM planner,53,clean,0,150,270000
cube,LeWM planner,53,prefix_a,0,150,270000
cube,LeWM planner,53,prefix_b,0,150,270000
cube,LeWM planner,54,clean,1,35,90000
cube,LeWM planner,54,prefix_a,0,150,270000
cube,LeWM planner,54,prefix_b,1,39,90000
cube,LeWM planner,55,clean,0,150,270000
cube,LeWM planner,55,prefix_a,0,150,270000
cube,LeWM planner,55,prefix_b,0,150,270000
cube,LeWM planner,56,clean,0,150,270000
cube,LeWM planner,56,prefix_a,0,150,270000
cube,LeWM planner,56,prefix_b,0,150,270000
cube,LeWM planner,57,clean,0,150,270000
cube,LeWM planner,57,prefix_a,0,150,270000
cube,LeWM planner,57,prefix_b,0,150,270000
cube,LeWM planner,58,clean,0,150,270000
cube,LeWM planner,58,prefix_a,0,150,270000
cube,LeWM planner,58,prefix_b,0,150,270000
cube,LeWM planner,59,clean,0,150,270000
cube,LeWM planner,59,prefix_a,0,150,270000
cube,LeWM planner,59,prefix_b,0,150,270000
cube,LeWM planner,60,clean,0,150,270000
cube,LeWM planner,60,prefix_a,0,150,270000
cube,LeWM planner,60,prefix_b,0,150,270000
cube,LeWM planner,61,clean,0,150,270000
cube,LeWM planner,61,prefix_a,0,150,270000
cube,LeWM planner,61,prefix_b,0,150,270000
cube,LeWM planner,62,clean,0,150,270000
cube,LeWM planner,62,prefix_a,0,150,270000
cube,LeWM planner,62,prefix_b,0,150,270000
cube,LeWM planner,63,clean,0,150,270000
cube,LeWM planner,63,prefix_a,0,150,270000
cube,LeWM planner,63,prefix_b,1,12,45000
cube,LeWM planner,64,clean,0,150,270000
cube,LeWM planner,64,prefix_a,0,150,270000
cube,LeWM planner,64,prefix_b,1,15,45000
cube,LeWM planner,65,clean,0,150,270000
cube,LeWM planner,65,prefix_a,1,20,45000
cube,LeWM planner,65,prefix_b,1,23,45000
cube,LeWM planner,66,clean,0,150,270000
cube,LeWM planner,66,prefix_a,0,150,270000
cube,LeWM planner,66,prefix_b,0,150,270000
cube,LeWM planner,67,clean,0,150,270000
cube,LeWM planner,67,prefix_a,0,150,270000
cube,LeWM planner,67,prefix_b,0,150,270000
cube,LeWM planner,68,clean,0,150,270000
cube,LeWM planner,68,prefix_a,0,150,270000
cube,LeWM planner,68,prefix_b,0,150,270000
cube,LeWM planner,69,clean,0,150,270000
cube,LeWM planner,69,prefix_a,0,150,270000
cube,LeWM planner,69,prefix_b,0,150,270000
cube,LeWM planner,70,clean,0,150,270000
cube,LeWM planner,70,prefix_a,0,150,270000
cube,LeWM planner,70,prefix_b,0,150,270000
cube,LeWM planner,71,clean,0,150,270000
cube,LeWM planner,71,prefix_a,0,150,270000
cube,LeWM planner,71,prefix_b,0,150,270000
cube,LeWM planner,72,clean,0,150,270000
cube,LeWM planner,72,prefix_a,0,150,270000
cube,LeWM planner,72,prefix_b,0,150,270000
cube,LeWM planner,73,clean,0,150,270000
cube,LeWM planner,73,prefix_a,0,150,270000
cube,LeWM planner,73,prefix_b,0,150,270000
cube,LeWM planner,74,clean,0,150,270000
cube,LeWM planner,74,prefix_a,0,150,270000
cube,LeWM planner,74,prefix_b,0,150,270000
cube,LeWM planner,75,clean,0,150,270000
cube,LeWM planner,75,prefix_a,0,150,270000
cube,LeWM planner,75,prefix_b,0,150,270000
cube,LeWM planner,76,clean,0,150,270000
cube,LeWM planner,76,prefix_a,0,150,270000
cube,LeWM planner,76,prefix_b,0,150,270000
cube,LeWM planner,77,clean,0,150,270000
cube,LeWM planner,77,prefix_a,0,150,270000
cube,LeWM planner,77,prefix_b,0,150,270000
cube,LeWM planner,78,clean,1,8,45000
cube,LeWM planner,78,prefix_a,1,16,45000
cube,LeWM planner,78,prefix_b,0,150,270000
cube,LeWM planner,79,clean,0,150,270000
cube,LeWM planner,79,prefix_a,0,150,270000
cube,LeWM planner,79,prefix_b,0,150,270000
cube,LeWM planner,80,clean,0,150,270000
cube,LeWM planner,80,prefix_a,0,150,270000
cube,LeWM planner,80,prefix_b,0,150,270000
cube,LeWM planner,81,clean,0,150,270000
cube,LeWM planner,81,prefix_a,0,150,270000
cube,LeWM planner,81,prefix_b,0,150,270000
cube,LeWM planner,82,clean,0,150,270000
cube,LeWM planner,82,prefix_a,0,150,270000
cube,LeWM planner,82,prefix_b,0,150,270000
cube,LeWM planner,83,clean,1,13,45000
cube,LeWM planner,83,prefix_a,1,14,45000
cube,LeWM planner,83,prefix_b,1,16,45000
cube,LeWM planner,84,clean,0,150,270000
cube,LeWM planner,84,prefix_a,0,150,270000
cube,LeWM planner,84,prefix_b,0,150,270000
cube,LeWM planner,85,clean,0,150,270000
cube,LeWM planner,85,prefix_a,0,150,270000
cube,LeWM planner,85,prefix_b,0,150,270000
cube,LeWM planner,86,clean,0,150,270000
cube,LeWM planner,86,prefix_a,0,150,270000
cube,LeWM planner,86,prefix_b,0,150,270000
cube,LeWM planner,87,clean,0,150,270000
cube,LeWM planner,87,prefix_a,0,150,270000
cube,LeWM planner,87,prefix_b,0,150,270000
cube,LeWM planner,88,clean,0,150,270000
cube,LeWM planner,88,prefix_a,0,150,270000
cube,LeWM planner,88,prefix_b,0,150,270000
cube,LeWM planner,89,clean,0,150,270000
cube,LeWM planner,89,prefix_a,0,150,270000
cube,LeWM planner,89,prefix_b,1,14,45000
cube,LeWM planner,90,clean,0,150,270000
cube,LeWM planner,90,prefix_a,0,150,270000
cube,LeWM planner,90,prefix_b,0,150,270000
cube,LeWM planner,91,clean,1,13,45000
cube,LeWM planner,91,prefix_a,1,12,45000
cube,LeWM planner,91,prefix_b,1,20,45000
cube,LeWM planner,92,clean,0,150,270000
cube,LeWM planner,92,prefix_a,1,12,45000
cube,LeWM planner,92,prefix_b,0,150,270000
cube,LeWM planner,93,clean,0,150,270000
cube,LeWM planner,93,prefix_a,0,150,270000
cube,LeWM planner,93,prefix_b,0,150,270000
cube,LeWM planner,94,clean,0,150,270000
cube,LeWM planner,94,prefix_a,0,150,270000
cube,LeWM planner,94,prefix_b,1,4,45000
cube,LeWM planner,95,clean,0,150,270000
cube,LeWM planner,95,prefix_a,0,150,270000
cube,LeWM planner,95,prefix_b,0,150,270000
cube,LeWM planner,96,clean,0,150,270000
cube,LeWM planner,96,prefix_a,0,150,270000
cube,LeWM planner,96,prefix_b,0,150,270000
cube,LeWM planner,97,clean,0,150,270000
cube,LeWM planner,97,prefix_a,0,150,270000
cube,LeWM planner,97,prefix_b,0,150,270000
cube,LeWM planner,98,clean,0,150,270000
cube,LeWM planner,98,prefix_a,0,150,270000
cube,LeWM planner,98,prefix_b,0,150,270000
cube,LeWM planner,99,clean,0,150,270000
cube,LeWM planner,99,prefix_a,0,150,270000
cube,LeWM planner,99,prefix_b,0,150,270000
cube,LeWM planner,100,clean,0,150,270000
cube,LeWM planner,100,prefix_a,0,150,270000
cube,LeWM planner,100,prefix_b,0,150,270000
cube,LeWM planner,101,clean,0,150,270000
cube,LeWM planner,101,prefix_a,0,150,270000
cube,LeWM planner,101,prefix_b,0,150,270000
cube,LeWM planner,102,clean,1,19,45000
cube,LeWM planner,102,prefix_a,0,150,270000
cube,LeWM planner,102,prefix_b,0,150,270000
cube,LeWM planner,103,clean,0,150,270000
cube,LeWM planner,103,prefix_a,0,150,270000
cube,LeWM planner,103,prefix_b,0,150,270000
cube,LeWM planner,104,clean,1,19,45000
cube,LeWM planner,104,prefix_a,0,150,270000
cube,LeWM planner,104,prefix_b,0,150,270000
cube,LeWM planner,105,clean,0,150,270000
cube,LeWM planner,105,prefix_a,0,150,270000
cube,LeWM planner,105,prefix_b,0,150,270000
cube,LeWM planner,106,clean,0,150,270000
cube,LeWM planner,106,prefix_a,1,17,45000
cube,LeWM planner,106,prefix_b,0,150,270000
cube,LeWM planner,107,clean,0,150,270000
cube,LeWM planner,107,prefix_a,0,150,270000
cube,LeWM planner,107,prefix_b,0,150,270000
cube,LeWM planner,108,clean,0,150,270000
cube,LeWM planner,108,prefix_a,0,150,270000
cube,LeWM planner,108,prefix_b,0,150,270000
cube,LeWM planner,109,clean,1,16,45000
cube,LeWM planner,109,prefix_a,0,150,270000
cube,LeWM planner,109,prefix_b,1,14,45000
cube,LeWM planner,110,clean,0,150,270000
cube,LeWM planner,110,prefix_a,0,150,270000
cube,LeWM planner,110,prefix_b,0,150,270000
cube,LeWM planner,111,clean,0,150,270000
cube,LeWM planner,111,prefix_a,0,150,270000
cube,LeWM planner,111,prefix_b,0,150,270000
cube,LeWM planner,112,clean,0,150,270000
cube,LeWM planner,112,prefix_a,0,150,270000
cube,LeWM planner,112,prefix_b,0,150,270000
cube,LeWM planner,113,clean,0,150,270000
cube,LeWM planner,113,prefix_a,0,150,270000
cube,LeWM planner,113,prefix_b,0,150,270000
cube,LeWM planner,114,clean,0,150,270000
cube,LeWM planner,114,prefix_a,1,18,45000
cube,LeWM planner,114,prefix_b,1,18,45000
cube,LeWM planner,115,clean,0,150,270000
cube,LeWM planner,115,prefix_a,0,150,270000
cube,LeWM planner,115,prefix_b,0,150,270000
cube,LeWM planner,116,clean,0,150,270000
cube,LeWM planner,116,prefix_a,0,150,270000
cube,LeWM planner,116,prefix_b,0,150,270000
cube,LeWM planner,117,clean,0,150,270000
cube,LeWM planner,117,prefix_a,1,14,45000
cube,LeWM planner,117,prefix_b,0,150,270000
cube,LeWM planner,118,clean,1,21,45000
cube,LeWM planner,118,prefix_a,1,18,45000
cube,LeWM planner,118,prefix_b,0,150,270000
cube,LeWM planner,119,clean,0,150,270000
cube,LeWM planner,119,prefix_a,0,150,270000
cube,LeWM planner,119,prefix_b,0,150,270000
cube,LeWM planner,120,clean,0,150,270000
cube,LeWM planner,120,prefix_a,0,150,270000
cube,LeWM planner,120,prefix_b,0,150,270000
cube,LeWM planner,121,clean,0,150,270000
cube,LeWM planner,121,prefix_a,0,150,270000
cube,LeWM planner,121,prefix_b,0,150,270000
cube,LeWM planner,122,clean,0,150,270000
cube,LeWM planner,122,prefix_a,0,150,270000
cube,LeWM planner,122,prefix_b,0,150,270000
cube,LeWM planner,123,clean,0,150,270000
cube,LeWM planner,123,prefix_a,0,150,270000
cube,LeWM planner,123,prefix_b,0,150,270000
cube,LeWM planner,124,clean,0,150,270000
cube,LeWM planner,124,prefix_a,0,150,270000
cube,LeWM planner,124,prefix_b,0,150,270000
cube,LeWM planner,125,clean,0,150,270000
cube,LeWM planner,125,prefix_a,0,150,270000
cube,LeWM planner,125,prefix_b,0,150,270000
cube,LeWM planner,126,clean,0,150,270000
cube,LeWM planner,126,prefix_a,0,150,270000
cube,LeWM planner,126,prefix_b,0,150,270000
cube,LeWM planner,127,clean,0,150,270000
cube,LeWM planner,127,prefix_a,0,150,270000
cube,LeWM planner,127,prefix_b,0,150,270000
cube,Rank (final goal),0,clean,1,14,24
cube,Rank (final goal),0,prefix_a,1,19,32
cube,Rank (final goal),0,prefix_b,1,13,24
cube,Rank (final goal),1,clean,1,42,72
cube,Rank (final goal),1,prefix_a,0,150,240
cube,Rank (final goal),1,prefix_b,1,42,72
cube,Rank (final goal),2,clean,1,24,40
cube,Rank (final goal),2,prefix_a,0,150,240
cube,Rank (final goal),2,prefix_b,1,30,48
cube,Rank (final goal),3,clean,0,150,240
cube,Rank (final goal),3,prefix_a,0,150,240
cube,Rank (final goal),3,prefix_b,0,150,240
cube,Rank (final goal),4,clean,1,15,24
cube,Rank (final goal),4,prefix_a,1,16,32
cube,Rank (final goal),4,prefix_b,0,150,240
cube,Rank (final goal),5,clean,0,150,240
cube,Rank (final goal),5,prefix_a,0,150,240
cube,Rank (final goal),5,prefix_b,0,150,240
cube,Rank (final goal),6,clean,0,150,240
cube,Rank (final goal),6,prefix_a,0,150,240
cube,Rank (final goal),6,prefix_b,0,150,240
cube,Rank (final goal),7,clean,1,22,40
cube,Rank (final goal),7,prefix_a,1,29,48
cube,Rank (final goal),7,prefix_b,1,35,56
cube,Rank (final goal),8,clean,1,26,48
cube,Rank (final goal),8,prefix_a,0,150,240
cube,Rank (final goal),8,prefix_b,1,28,48
cube,Rank (final goal),9,clean,1,43,72
cube,Rank (final goal),9,prefix_a,1,39,64
cube,Rank (final goal),9,prefix_b,1,41,72
cube,Rank (final goal),10,clean,1,34,56
cube,Rank (final goal),10,prefix_a,0,150,240
cube,Rank (final goal),10,prefix_b,0,150,240
cube,Rank (final goal),11,clean,0,150,240
cube,Rank (final goal),11,prefix_a,0,150,240
cube,Rank (final goal),11,prefix_b,1,20,32
cube,Rank (final goal),12,clean,1,13,24
cube,Rank (final goal),12,prefix_a,0,150,240
cube,Rank (final goal),12,prefix_b,1,16,32
cube,Rank (final goal),13,clean,0,150,240
cube,Rank (final goal),13,prefix_a,0,150,240
cube,Rank (final goal),13,prefix_b,1,41,72
cube,Rank (final goal),14,clean,1,13,24
cube,Rank (final goal),14,prefix_a,0,150,240
cube,Rank (final goal),14,prefix_b,0,150,240
cube,Rank (final goal),15,clean,0,150,240
cube,Rank (final goal),15,prefix_a,1,50,80
cube,Rank (final goal),15,prefix_b,0,150,240
cube,Rank (final goal),16,clean,1,25,40
cube,Rank (final goal),16,prefix_a,0,150,240
cube,Rank (final goal),16,prefix_b,1,25,40
cube,Rank (final goal),17,clean,0,150,240
cube,Rank (final goal),17,prefix_a,0,150,240
cube,Rank (final goal),17,prefix_b,0,150,240
cube,Rank (final goal),18,clean,1,40,64
cube,Rank (final goal),18,prefix_a,1,41,72
cube,Rank (final goal),18,prefix_b,1,33,56
cube,Rank (final goal),19,clean,1,11,24
cube,Rank (final goal),19,prefix_a,1,13,24
cube,Rank (final goal),19,prefix_b,1,16,32
cube,Rank (final goal),20,clean,0,150,240
cube,Rank (final goal),20,prefix_a,0,150,240
cube,Rank (final goal),20,prefix_b,0,150,240
cube,Rank (final goal),21,clean,0,150,240
cube,Rank (final goal),21,prefix_a,0,150,240
cube,Rank (final goal),21,prefix_b,0,150,240
cube,Rank (final goal),22,clean,1,25,40
cube,Rank (final goal),22,prefix_a,1,37,64
cube,Rank (final goal),22,prefix_b,1,26,48
cube,Rank (final goal),23,clean,0,150,240
cube,Rank (final goal),23,prefix_a,0,150,240
cube,Rank (final goal),23,prefix_b,0,150,240
cube,Rank (final goal),24,clean,0,150,240
cube,Rank (final goal),24,prefix_a,0,150,240
cube,Rank (final goal),24,prefix_b,0,150,240
cube,Rank (final goal),25,clean,1,30,48
cube,Rank (final goal),25,prefix_a,1,18,32
cube,Rank (final goal),25,prefix_b,1,23,40
cube,Rank (final goal),26,clean,1,19,32
cube,Rank (final goal),26,prefix_a,0,150,240
cube,Rank (final goal),26,prefix_b,0,150,240
cube,Rank (final goal),27,clean,0,150,240
cube,Rank (final goal),27,prefix_a,0,150,240
cube,Rank (final goal),27,prefix_b,0,150,240
cube,Rank (final goal),28,clean,1,19,32
cube,Rank (final goal),28,prefix_a,0,150,240
cube,Rank (final goal),28,prefix_b,0,150,240
cube,Rank (final goal),29,clean,0,150,240
cube,Rank (final goal),29,prefix_a,0,150,240
cube,Rank (final goal),29,prefix_b,0,150,240
cube,Rank (final goal),30,clean,0,150,240
cube,Rank (final goal),30,prefix_a,0,150,240
cube,Rank (final goal),30,prefix_b,0,150,240
cube,Rank (final goal),31,clean,1,21,40
cube,Rank (final goal),31,prefix_a,1,30,48
cube,Rank (final goal),31,prefix_b,0,150,240
cube,Rank (final goal),32,clean,1,23,40
cube,Rank (final goal),32,prefix_a,1,24,40
cube,Rank (final goal),32,prefix_b,1,24,40
cube,Rank (final goal),33,clean,1,14,24
cube,Rank (final goal),33,prefix_a,1,16,32
cube,Rank (final goal),33,prefix_b,1,11,24
cube,Rank (final goal),34,clean,1,15,24
cube,Rank (final goal),34,prefix_a,1,16,32
cube,Rank (final goal),34,prefix_b,1,15,24
cube,Rank (final goal),35,clean,1,42,72
cube,Rank (final goal),35,prefix_a,1,36,64
cube,Rank (final goal),35,prefix_b,1,25,40
cube,Rank (final goal),36,clean,1,24,40
cube,Rank (final goal),36,prefix_a,1,17,32
cube,Rank (final goal),36,prefix_b,0,150,240
cube,Rank (final goal),37,clean,1,33,56
cube,Rank (final goal),37,prefix_a,0,150,240
cube,Rank (final goal),37,prefix_b,1,23,40
cube,Rank (final goal),38,clean,1,38,64
cube,Rank (final goal),38,prefix_a,1,29,48
cube,Rank (final goal),38,prefix_b,1,29,48
cube,Rank (final goal),39,clean,0,150,240
cube,Rank (final goal),39,prefix_a,0,150,240
cube,Rank (final goal),39,prefix_b,0,150,240
cube,Rank (final goal),40,clean,1,33,56
cube,Rank (final goal),40,prefix_a,1,30,48
cube,Rank (final goal),40,prefix_b,0,150,240
cube,Rank (final goal),41,clean,0,150,240
cube,Rank (final goal),41,prefix_a,0,150,240
cube,Rank (final goal),41,prefix_b,1,22,40
cube,Rank (final goal),42,clean,1,14,24
cube,Rank (final goal),42,prefix_a,0,150,240
cube,Rank (final goal),42,prefix_b,0,150,240
cube,Rank (final goal),43,clean,1,0,0
cube,Rank (final goal),43,prefix_a,1,0,0
cube,Rank (final goal),43,prefix_b,1,0,0
cube,Rank (final goal),44,clean,0,150,240
cube,Rank (final goal),44,prefix_a,1,31,56
cube,Rank (final goal),44,prefix_b,1,26,48
cube,Rank (final goal),45,clean,1,47,80
cube,Rank (final goal),45,prefix_a,1,40,64
cube,Rank (final goal),45,prefix_b,1,26,48
cube,Rank (final goal),46,clean,1,28,48
cube,Rank (final goal),46,prefix_a,1,30,48
cube,Rank (final goal),46,prefix_b,1,32,56
cube,Rank (final goal),47,clean,1,36,64
cube,Rank (final goal),47,prefix_a,1,25,40
cube,Rank (final goal),47,prefix_b,0,150,240
cube,Rank (final goal),48,clean,0,150,240
cube,Rank (final goal),48,prefix_a,0,150,240
cube,Rank (final goal),48,prefix_b,0,150,240
cube,Rank (final goal),49,clean,0,150,240
cube,Rank (final goal),49,prefix_a,0,150,240
cube,Rank (final goal),49,prefix_b,0,150,240
cube,Rank (final goal),50,clean,1,29,48
cube,Rank (final goal),50,prefix_a,1,36,64
cube,Rank (final goal),50,prefix_b,0,150,240
cube,Rank (final goal),51,clean,1,16,32
cube,Rank (final goal),51,prefix_a,1,16,32
cube,Rank (final goal),51,prefix_b,0,150,240
cube,Rank (final goal),52,clean,0,150,240
cube,Rank (final goal),52,prefix_a,0,150,240
cube,Rank (final goal),52,prefix_b,0,150,240
cube,Rank (final goal),53,clean,0,150,240
cube,Rank (final goal),53,prefix_a,0,150,240
cube,Rank (final goal),53,prefix_b,0,150,240
cube,Rank (final goal),54,clean,1,36,64
cube,Rank (final goal),54,prefix_a,1,31,56
cube,Rank (final goal),54,prefix_b,0,150,240
cube,Rank (final goal),55,clean,1,32,56
cube,Rank (final goal),55,prefix_a,0,150,240
cube,Rank (final goal),55,prefix_b,0,150,240
cube,Rank (final goal),56,clean,0,150,240
cube,Rank (final goal),56,prefix_a,0,150,240
cube,Rank (final goal),56,prefix_b,0,150,240
cube,Rank (final goal),57,clean,0,150,240
cube,Rank (final goal),57,prefix_a,0,150,240
cube,Rank (final goal),57,prefix_b,0,150,240
cube,Rank (final goal),58,clean,1,51,88
cube,Rank (final goal),58,prefix_a,1,19,32
cube,Rank (final goal),58,prefix_b,0,150,240
cube,Rank (final goal),59,clean,1,33,56
cube,Rank (final goal),59,prefix_a,1,33,56
cube,Rank (final goal),59,prefix_b,1,25,40
cube,Rank (final goal),60,clean,0,150,240
cube,Rank (final goal),60,prefix_a,1,27,48
cube,Rank (final goal),60,prefix_b,1,19,32
cube,Rank (final goal),61,clean,0,150,240
cube,Rank (final goal),61,prefix_a,0,150,240
cube,Rank (final goal),61,prefix_b,0,150,240
cube,Rank (final goal),62,clean,0,150,240
cube,Rank (final goal),62,prefix_a,0,150,240
cube,Rank (final goal),62,prefix_b,0,150,240
cube,Rank (final goal),63,clean,1,22,40
cube,Rank (final goal),63,prefix_a,0,150,240
cube,Rank (final goal),63,prefix_b,1,18,32
cube,Rank (final goal),64,clean,1,26,48
cube,Rank (final goal),64,prefix_a,0,150,240
cube,Rank (final goal),64,prefix_b,1,29,48
cube,Rank (final goal),65,clean,1,12,24
cube,Rank (final goal),65,prefix_a,1,13,24
cube,Rank (final goal),65,prefix_b,1,18,32
cube,Rank (final goal),66,clean,1,39,64
cube,Rank (final goal),66,prefix_a,0,150,240
cube,Rank (final goal),66,prefix_b,1,34,56
cube,Rank (final goal),67,clean,1,16,32
cube,Rank (final goal),67,prefix_a,1,30,48
cube,Rank (final goal),67,prefix_b,0,150,240
cube,Rank (final goal),68,clean,1,31,56
cube,Rank (final goal),68,prefix_a,1,26,48
cube,Rank (final goal),68,prefix_b,1,18,32
cube,Rank (final goal),69,clean,0,150,240
cube,Rank (final goal),69,prefix_a,0,150,240
cube,Rank (final goal),69,prefix_b,0,150,240
cube,Rank (final goal),70,clean,1,34,56
cube,Rank (final goal),70,prefix_a,1,43,72
cube,Rank (final goal),70,prefix_b,0,150,240
cube,Rank (final goal),71,clean,1,23,40
cube,Rank (final goal),71,prefix_a,0,150,240
cube,Rank (final goal),71,prefix_b,1,24,40
cube,Rank (final goal),72,clean,0,150,240
cube,Rank (final goal),72,prefix_a,0,150,240
cube,Rank (final goal),72,prefix_b,1,39,64
cube,Rank (final goal),73,clean,1,35,56
cube,Rank (final goal),73,prefix_a,0,150,240
cube,Rank (final goal),73,prefix_b,0,150,240
cube,Rank (final goal),74,clean,1,48,80
cube,Rank (final goal),74,prefix_a,0,150,240
cube,Rank (final goal),74,prefix_b,0,150,240
cube,Rank (final goal),75,clean,1,17,32
cube,Rank (final goal),75,prefix_a,1,16,32
cube,Rank (final goal),75,prefix_b,1,14,24
cube,Rank (final goal),76,clean,0,150,240
cube,Rank (final goal),76,prefix_a,0,150,240
cube,Rank (final goal),76,prefix_b,0,150,240
cube,Rank (final goal),77,clean,1,48,80
cube,Rank (final goal),77,prefix_a,0,150,240
cube,Rank (final goal),77,prefix_b,0,150,240
cube,Rank (final goal),78,clean,1,14,24
cube,Rank (final goal),78,prefix_a,1,12,24
cube,Rank (final goal),78,prefix_b,0,150,240
cube,Rank (final goal),79,clean,1,47,80
cube,Rank (final goal),79,prefix_a,0,150,240
cube,Rank (final goal),79,prefix_b,0,150,240
cube,Rank (final goal),80,clean,1,57,96
cube,Rank (final goal),80,prefix_a,0,150,240
cube,Rank (final goal),80,prefix_b,0,150,240
cube,Rank (final goal),81,clean,0,150,240
cube,Rank (final goal),81,prefix_a,0,150,240
cube,Rank (final goal),81,prefix_b,0,150,240
cube,Rank (final goal),82,clean,0,150,240
cube,Rank (final goal),82,prefix_a,0,150,240
cube,Rank (final goal),82,prefix_b,0,150,240
cube,Rank (final goal),83,clean,1,30,48
cube,Rank (final goal),83,prefix_a,1,30,48
cube,Rank (final goal),83,prefix_b,1,25,40
cube,Rank (final goal),84,clean,0,150,240
cube,Rank (final goal),84,prefix_a,0,150,240
cube,Rank (final goal),84,prefix_b,0,150,240
cube,Rank (final goal),85,clean,0,150,240
cube,Rank (final goal),85,prefix_a,0,150,240
cube,Rank (final goal),85,prefix_b,0,150,240
cube,Rank (final goal),86,clean,1,22,40
cube,Rank (final goal),86,prefix_a,0,150,240
cube,Rank (final goal),86,prefix_b,1,25,40
cube,Rank (final goal),87,clean,0,150,240
cube,Rank (final goal),87,prefix_a,0,150,240
cube,Rank (final goal),87,prefix_b,0,150,240
cube,Rank (final goal),88,clean,0,150,240
cube,Rank (final goal),88,prefix_a,0,150,240
cube,Rank (final goal),88,prefix_b,0,150,240
cube,Rank (final goal),89,clean,1,9,16
cube,Rank (final goal),89,prefix_a,0,150,240
cube,Rank (final goal),89,prefix_b,1,9,16
cube,Rank (final goal),90,clean,1,38,64
cube,Rank (final goal),90,prefix_a,0,150,240
cube,Rank (final goal),90,prefix_b,0,150,240
cube,Rank (final goal),91,clean,1,26,48
cube,Rank (final goal),91,prefix_a,1,26,48
cube,Rank (final goal),91,prefix_b,1,23,40
cube,Rank (final goal),92,clean,1,19,32
cube,Rank (final goal),92,prefix_a,1,21,40
cube,Rank (final goal),92,prefix_b,1,19,32
cube,Rank (final goal),93,clean,0,150,240
cube,Rank (final goal),93,prefix_a,0,150,240
cube,Rank (final goal),93,prefix_b,0,150,240
cube,Rank (final goal),94,clean,1,26,48
cube,Rank (final goal),94,prefix_a,0,150,240
cube,Rank (final goal),94,prefix_b,1,24,40
cube,Rank (final goal),95,clean,0,150,240
cube,Rank (final goal),95,prefix_a,0,150,240
cube,Rank (final goal),95,prefix_b,0,150,240
cube,Rank (final goal),96,clean,1,31,56
cube,Rank (final goal),96,prefix_a,0,150,240
cube,Rank (final goal),96,prefix_b,1,33,56
cube,Rank (final goal),97,clean,1,21,40
cube,Rank (final goal),97,prefix_a,1,18,32
cube,Rank (final goal),97,prefix_b,0,150,240
cube,Rank (final goal),98,clean,1,15,24
cube,Rank (final goal),98,prefix_a,1,10,16
cube,Rank (final goal),98,prefix_b,0,150,240
cube,Rank (final goal),99,clean,1,39,64
cube,Rank (final goal),99,prefix_a,0,150,240
cube,Rank (final goal),99,prefix_b,0,150,240
cube,Rank (final goal),100,clean,1,26,48
cube,Rank (final goal),100,prefix_a,1,30,48
cube,Rank (final goal),100,prefix_b,1,24,40
cube,Rank (final goal),101,clean,0,150,240
cube,Rank (final goal),101,prefix_a,1,27,48
cube,Rank (final goal),101,prefix_b,0,150,240
cube,Rank (final goal),102,clean,1,37,64
cube,Rank (final goal),102,prefix_a,0,150,240
cube,Rank (final goal),102,prefix_b,1,26,48
cube,Rank (final goal),103,clean,0,150,240
cube,Rank (final goal),103,prefix_a,0,150,240
cube,Rank (final goal),103,prefix_b,1,33,56
cube,Rank (final goal),104,clean,1,15,24
cube,Rank (final goal),104,prefix_a,0,150,240
cube,Rank (final goal),104,prefix_b,0,150,240
cube,Rank (final goal),105,clean,0,150,240
cube,Rank (final goal),105,prefix_a,0,150,240
cube,Rank (final goal),105,prefix_b,0,150,240
cube,Rank (final goal),106,clean,1,21,40
cube,Rank (final goal),106,prefix_a,1,23,40
cube,Rank (final goal),106,prefix_b,1,23,40
cube,Rank (final goal),107,clean,1,13,24
cube,Rank (final goal),107,prefix_a,0,150,240
cube,Rank (final goal),107,prefix_b,1,11,24
cube,Rank (final goal),108,clean,1,27,48
cube,Rank (final goal),108,prefix_a,0,150,240
cube,Rank (final goal),108,prefix_b,1,40,64
cube,Rank (final goal),109,clean,1,19,32
cube,Rank (final goal),109,prefix_a,0,150,240
cube,Rank (final goal),109,prefix_b,1,20,32
cube,Rank (final goal),110,clean,1,20,32
cube,Rank (final goal),110,prefix_a,1,26,48
cube,Rank (final goal),110,prefix_b,1,27,48
cube,Rank (final goal),111,clean,1,28,48
cube,Rank (final goal),111,prefix_a,1,24,40
cube,Rank (final goal),111,prefix_b,0,150,240
cube,Rank (final goal),112,clean,0,150,240
cube,Rank (final goal),112,prefix_a,1,41,72
cube,Rank (final goal),112,prefix_b,0,150,240
cube,Rank (final goal),113,clean,0,150,240
cube,Rank (final goal),113,prefix_a,0,150,240
cube,Rank (final goal),113,prefix_b,0,150,240
cube,Rank (final goal),114,clean,1,21,40
cube,Rank (final goal),114,prefix_a,1,28,48
cube,Rank (final goal),114,prefix_b,1,31,56
cube,Rank (final goal),115,clean,0,150,240
cube,Rank (final goal),115,prefix_a,0,150,240
cube,Rank (final goal),115,prefix_b,0,150,240
cube,Rank (final goal),116,clean,0,150,240
cube,Rank (final goal),116,prefix_a,0,150,240
cube,Rank (final goal),116,prefix_b,0,150,240
cube,Rank (final goal),117,clean,1,23,40
cube,Rank (final goal),117,prefix_a,1,28,48
cube,Rank (final goal),117,prefix_b,1,23,40
cube,Rank (final goal),118,clean,1,34,56
cube,Rank (final goal),118,prefix_a,1,25,40
cube,Rank (final goal),118,prefix_b,1,25,40
cube,Rank (final goal),119,clean,0,150,240
cube,Rank (final goal),119,prefix_a,0,150,240
cube,Rank (final goal),119,prefix_b,0,150,240
cube,Rank (final goal),120,clean,0,150,240
cube,Rank (final goal),120,prefix_a,0,150,240
cube,Rank (final goal),120,prefix_b,0,150,240
cube,Rank (final goal),121,clean,0,150,240
cube,Rank (final goal),121,prefix_a,0,150,240
cube,Rank (final goal),121,prefix_b,0,150,240
cube,Rank (final goal),122,clean,0,150,240
cube,Rank (final goal),122,prefix_a,0,150,240
cube,Rank (final goal),122,prefix_b,0,150,240
cube,Rank (final goal),123,clean,1,38,64
cube,Rank (final goal),123,prefix_a,0,150,240
cube,Rank (final goal),123,prefix_b,1,30,48
cube,Rank (final goal),124,clean,1,17,32
cube,Rank (final goal),124,prefix_a,1,24,40
cube,Rank (final goal),124,prefix_b,1,24,40
cube,Rank (final goal),125,clean,1,33,56
cube,Rank (final goal),125,prefix_a,1,39,64
cube,Rank (final goal),125,prefix_b,0,150,240
cube,Rank (final goal),126,clean,1,43,72
cube,Rank (final goal),126,prefix_a,0,150,240
cube,Rank (final goal),126,prefix_b,0,150,240
cube,Rank (final goal),127,clean,1,27,48
cube,Rank (final goal),127,prefix_a,1,27,48
cube,Rank (final goal),127,prefix_b,1,34,56
cube,Rank (learned target),0,clean,1,21,40
cube,Rank (learned target),0,prefix_a,1,25,40
cube,Rank (learned target),0,prefix_b,1,26,48
cube,Rank (learned target),1,clean,1,46,80
cube,Rank (learned target),1,prefix_a,1,41,72
cube,Rank (learned target),1,prefix_b,1,43,72
cube,Rank (learned target),2,clean,1,50,80
cube,Rank (learned target),2,prefix_a,1,44,72
cube,Rank (learned target),2,prefix_b,1,38,64
cube,Rank (learned target),3,clean,1,55,88
cube,Rank (learned target),3,prefix_a,0,150,240
cube,Rank (learned target),3,prefix_b,1,60,96
cube,Rank (learned target),4,clean,1,15,24
cube,Rank (learned target),4,prefix_a,1,18,32
cube,Rank (learned target),4,prefix_b,0,150,240
cube,Rank (learned target),5,clean,1,50,80
cube,Rank (learned target),5,prefix_a,1,42,72
cube,Rank (learned target),5,prefix_b,0,150,240
cube,Rank (learned target),6,clean,1,57,96
cube,Rank (learned target),6,prefix_a,0,150,240
cube,Rank (learned target),6,prefix_b,0,150,240
cube,Rank (learned target),7,clean,1,35,56
cube,Rank (learned target),7,prefix_a,1,39,64
cube,Rank (learned target),7,prefix_b,1,42,72
cube,Rank (learned target),8,clean,1,29,48
cube,Rank (learned target),8,prefix_a,0,150,240
cube,Rank (learned target),8,prefix_b,1,30,48
cube,Rank (learned target),9,clean,1,49,80
cube,Rank (learned target),9,prefix_a,1,44,72
cube,Rank (learned target),9,prefix_b,1,39,64
cube,Rank (learned target),10,clean,1,42,72
cube,Rank (learned target),10,prefix_a,0,150,240
cube,Rank (learned target),10,prefix_b,0,150,240
cube,Rank (learned target),11,clean,1,38,64
cube,Rank (learned target),11,prefix_a,0,150,240
cube,Rank (learned target),11,prefix_b,1,18,32
cube,Rank (learned target),12,clean,1,16,32
cube,Rank (learned target),12,prefix_a,0,150,240
cube,Rank (learned target),12,prefix_b,1,21,40
cube,Rank (learned target),13,clean,1,49,80
cube,Rank (learned target),13,prefix_a,1,47,80
cube,Rank (learned target),13,prefix_b,1,43,72
cube,Rank (learned target),14,clean,1,19,32
cube,Rank (learned target),14,prefix_a,0,150,240
cube,Rank (learned target),14,prefix_b,1,26,48
cube,Rank (learned target),15,clean,1,49,80
cube,Rank (learned target),15,prefix_a,0,150,240
cube,Rank (learned target),15,prefix_b,0,150,240
cube,Rank (learned target),16,clean,1,26,48
cube,Rank (learned target),16,prefix_a,0,150,240
cube,Rank (learned target),16,prefix_b,1,24,40
cube,Rank (learned target),17,clean,1,46,80
cube,Rank (learned target),17,prefix_a,0,150,240
cube,Rank (learned target),17,prefix_b,0,150,240
cube,Rank (learned target),18,clean,1,42,72
cube,Rank (learned target),18,prefix_a,1,35,56
cube,Rank (learned target),18,prefix_b,1,37,64
cube,Rank (learned target),19,clean,1,13,24
cube,Rank (learned target),19,prefix_a,1,20,32
cube,Rank (learned target),19,prefix_b,1,17,32
cube,Rank (learned target),20,clean,0,150,240
cube,Rank (learned target),20,prefix_a,0,150,240
cube,Rank (learned target),20,prefix_b,0,150,240
cube,Rank (learned target),21,clean,1,57,96
cube,Rank (learned target),21,prefix_a,1,56,96
cube,Rank (learned target),21,prefix_b,0,150,240
cube,Rank (learned target),22,clean,1,34,56
cube,Rank (learned target),22,prefix_a,1,34,56
cube,Rank (learned target),22,prefix_b,1,32,56
cube,Rank (learned target),23,clean,1,55,88
cube,Rank (learned target),23,prefix_a,0,150,240
cube,Rank (learned target),23,prefix_b,0,150,240
cube,Rank (learned target),24,clean,1,49,80
cube,Rank (learned target),24,prefix_a,0,150,240
cube,Rank (learned target),24,prefix_b,0,150,240
cube,Rank (learned target),25,clean,1,32,56
cube,Rank (learned target),25,prefix_a,1,32,56
cube,Rank (learned target),25,prefix_b,1,24,40
cube,Rank (learned target),26,clean,1,26,48
cube,Rank (learned target),26,prefix_a,0,150,240
cube,Rank (learned target),26,prefix_b,0,150,240
cube,Rank (learned target),27,clean,1,52,88
cube,Rank (learned target),27,prefix_a,0,150,240
cube,Rank (learned target),27,prefix_b,1,47,80
cube,Rank (learned target),28,clean,1,19,32
cube,Rank (learned target),28,prefix_a,0,150,240
cube,Rank (learned target),28,prefix_b,0,150,240
cube,Rank (learned target),29,clean,1,53,88
cube,Rank (learned target),29,prefix_a,0,150,240
cube,Rank (learned target),29,prefix_b,0,150,240
cube,Rank (learned target),30,clean,1,58,96
cube,Rank (learned target),30,prefix_a,0,150,240
cube,Rank (learned target),30,prefix_b,0,150,240
cube,Rank (learned target),31,clean,1,25,40
cube,Rank (learned target),31,prefix_a,1,28,48
cube,Rank (learned target),31,prefix_b,0,150,240
cube,Rank (learned target),32,clean,1,22,40
cube,Rank (learned target),32,prefix_a,1,27,48
cube,Rank (learned target),32,prefix_b,1,26,48
cube,Rank (learned target),33,clean,1,17,32
cube,Rank (learned target),33,prefix_a,1,16,32
cube,Rank (learned target),33,prefix_b,1,50,80
cube,Rank (learned target),34,clean,1,18,32
cube,Rank (learned target),34,prefix_a,1,17,32
cube,Rank (learned target),34,prefix_b,1,16,32
cube,Rank (learned target),35,clean,1,43,72
cube,Rank (learned target),35,prefix_a,1,38,64
cube,Rank (learned target),35,prefix_b,1,38,64
cube,Rank (learned target),36,clean,1,20,32
cube,Rank (learned target),36,prefix_a,1,23,40
cube,Rank (learned target),36,prefix_b,0,150,240
cube,Rank (learned target),37,clean,1,34,56
cube,Rank (learned target),37,prefix_a,0,150,240
cube,Rank (learned target),37,prefix_b,1,26,48
cube,Rank (learned target),38,clean,1,41,72
cube,Rank (learned target),38,prefix_a,1,28,48
cube,Rank (learned target),38,prefix_b,1,38,64
cube,Rank (learned target),39,clean,1,57,96
cube,Rank (learned target),39,prefix_a,0,150,240
cube,Rank (learned target),39,prefix_b,1,146,240
cube,Rank (learned target),40,clean,1,38,64
cube,Rank (learned target),40,prefix_a,1,35,56
cube,Rank (learned target),40,prefix_b,0,150,240
cube,Rank (learned target),41,clean,1,36,64
cube,Rank (learned target),41,prefix_a,0,150,240
cube,Rank (learned target),41,prefix_b,1,33,56
cube,Rank (learned target),42,clean,1,15,24
cube,Rank (learned target),42,prefix_a,0,150,240
cube,Rank (learned target),42,prefix_b,0,150,240
cube,Rank (learned target),43,clean,1,0,0
cube,Rank (learned target),43,prefix_a,1,0,0
cube,Rank (learned target),43,prefix_b,1,0,0
cube,Rank (learned target),44,clean,1,46,80
cube,Rank (learned target),44,prefix_a,1,44,72
cube,Rank (learned target),44,prefix_b,1,45,72
cube,Rank (learned target),45,clean,1,44,72
cube,Rank (learned target),45,prefix_a,1,38,64
cube,Rank (learned target),45,prefix_b,1,34,56
cube,Rank (learned target),46,clean,1,29,48
cube,Rank (learned target),46,prefix_a,1,34,56
cube,Rank (learned target),46,prefix_b,1,32,56
cube,Rank (learned target),47,clean,1,43,72
cube,Rank (learned target),47,prefix_a,1,43,72
cube,Rank (learned target),47,prefix_b,0,150,240
cube,Rank (learned target),48,clean,1,59,96
cube,Rank (learned target),48,prefix_a,0,150,240
cube,Rank (learned target),48,prefix_b,0,150,240
cube,Rank (learned target),49,clean,1,59,96
cube,Rank (learned target),49,prefix_a,1,61,104
cube,Rank (learned target),49,prefix_b,0,150,240
cube,Rank (learned target),50,clean,1,46,80
cube,Rank (learned target),50,prefix_a,1,39,64
cube,Rank (learned target),50,prefix_b,1,45,72
cube,Rank (learned target),51,clean,1,21,40
cube,Rank (learned target),51,prefix_a,1,22,40
cube,Rank (learned target),51,prefix_b,0,150,240
cube,Rank (learned target),52,clean,1,51,88
cube,Rank (learned target),52,prefix_a,1,49,80
cube,Rank (learned target),52,prefix_b,1,48,80
cube,Rank (learned target),53,clean,1,61,104
cube,Rank (learned target),53,prefix_a,0,150,240
cube,Rank (learned target),53,prefix_b,0,150,240
cube,Rank (learned target),54,clean,1,40,64
cube,Rank (learned target),54,prefix_a,1,38,64
cube,Rank (learned target),54,prefix_b,0,150,240
cube,Rank (learned target),55,clean,1,43,72
cube,Rank (learned target),55,prefix_a,0,150,240
cube,Rank (learned target),55,prefix_b,0,150,240
cube,Rank (learned target),56,clean,1,61,104
cube,Rank (learned target),56,prefix_a,1,59,96
cube,Rank (learned target),56,prefix_b,0,150,240
cube,Rank (learned target),57,clean,0,150,240
cube,Rank (learned target),57,prefix_a,0,150,240
cube,Rank (learned target),57,prefix_b,0,150,240
cube,Rank (learned target),58,clean,1,57,96
cube,Rank (learned target),58,prefix_a,0,150,240
cube,Rank (learned target),58,prefix_b,0,150,240
cube,Rank (learned target),59,clean,1,39,64
cube,Rank (learned target),59,prefix_a,1,35,56
cube,Rank (learned target),59,prefix_b,1,30,48
cube,Rank (learned target),60,clean,1,45,72
cube,Rank (learned target),60,prefix_a,1,42,72
cube,Rank (learned target),60,prefix_b,1,35,56
cube,Rank (learned target),61,clean,0,150,240
cube,Rank (learned target),61,prefix_a,0,150,240
cube,Rank (learned target),61,prefix_b,0,150,240
cube,Rank (learned target),62,clean,0,150,240
cube,Rank (learned target),62,prefix_a,0,150,240
cube,Rank (learned target),62,prefix_b,0,150,240
cube,Rank (learned target),63,clean,1,41,72
cube,Rank (learned target),63,prefix_a,0,150,240
cube,Rank (learned target),63,prefix_b,1,32,56
cube,Rank (learned target),64,clean,1,35,56
cube,Rank (learned target),64,prefix_a,0,150,240
cube,Rank (learned target),64,prefix_b,1,29,48
cube,Rank (learned target),65,clean,1,16,32
cube,Rank (learned target),65,prefix_a,1,16,32
cube,Rank (learned target),65,prefix_b,1,9,16
cube,Rank (learned target),66,clean,1,30,48
cube,Rank (learned target),66,prefix_a,0,150,240
cube,Rank (learned target),66,prefix_b,1,32,56
cube,Rank (learned target),67,clean,1,22,40
cube,Rank (learned target),67,prefix_a,1,26,48
cube,Rank (learned target),67,prefix_b,0,150,240
cube,Rank (learned target),68,clean,1,43,72
cube,Rank (learned target),68,prefix_a,1,36,64
cube,Rank (learned target),68,prefix_b,1,31,56
cube,Rank (learned target),69,clean,1,63,104
cube,Rank (learned target),69,prefix_a,0,150,240
cube,Rank (learned target),69,prefix_b,0,150,240
cube,Rank (learned target),70,clean,1,29,48
cube,Rank (learned target),70,prefix_a,1,34,56
cube,Rank (learned target),70,prefix_b,0,150,240
cube,Rank (learned target),71,clean,1,22,40
cube,Rank (learned target),71,prefix_a,0,150,240
cube,Rank (learned target),71,prefix_b,1,23,40
cube,Rank (learned target),72,clean,1,48,80
cube,Rank (learned target),72,prefix_a,1,49,80
cube,Rank (learned target),72,prefix_b,1,45,72
cube,Rank (learned target),73,clean,1,33,56
cube,Rank (learned target),73,prefix_a,0,150,240
cube,Rank (learned target),73,prefix_b,0,150,240
cube,Rank (learned target),74,clean,1,54,88
cube,Rank (learned target),74,prefix_a,0,150,240
cube,Rank (learned target),74,prefix_b,0,150,240
cube,Rank (learned target),75,clean,1,36,64
cube,Rank (learned target),75,prefix_a,1,36,64
cube,Rank (learned target),75,prefix_b,1,42,72
cube,Rank (learned target),76,clean,1,52,88
cube,Rank (learned target),76,prefix_a,0,150,240
cube,Rank (learned target),76,prefix_b,0,150,240
cube,Rank (learned target),77,clean,1,30,48
cube,Rank (learned target),77,prefix_a,1,45,72
cube,Rank (learned target),77,prefix_b,0,150,240
cube,Rank (learned target),78,clean,1,17,32
cube,Rank (learned target),78,prefix_a,1,16,32
cube,Rank (learned target),78,prefix_b,0,150,240
cube,Rank (learned target),79,clean,1,50,80
cube,Rank (learned target),79,prefix_a,0,150,240
cube,Rank (learned target),79,prefix_b,0,150,240
cube,Rank (learned target),80,clean,1,50,80
cube,Rank (learned target),80,prefix_a,0,150,240
cube,Rank (learned target),80,prefix_b,0,150,240
cube,Rank (learned target),81,clean,1,59,96
cube,Rank (learned target),81,prefix_a,0,150,240
cube,Rank (learned target),81,prefix_b,0,150,240
cube,Rank (learned target),82,clean,0,150,240
cube,Rank (learned target),82,prefix_a,0,150,240
cube,Rank (learned target),82,prefix_b,0,150,240
cube,Rank (learned target),83,clean,1,39,64
cube,Rank (learned target),83,prefix_a,1,34,56
cube,Rank (learned target),83,prefix_b,1,34,56
cube,Rank (learned target),84,clean,1,55,88
cube,Rank (learned target),84,prefix_a,0,150,240
cube,Rank (learned target),84,prefix_b,0,150,240
cube,Rank (learned target),85,clean,0,150,240
cube,Rank (learned target),85,prefix_a,1,63,104
cube,Rank (learned target),85,prefix_b,0,150,240
cube,Rank (learned target),86,clean,1,27,48
cube,Rank (learned target),86,prefix_a,0,150,240
cube,Rank (learned target),86,prefix_b,1,39,64
cube,Rank (learned target),87,clean,0,150,240
cube,Rank (learned target),87,prefix_a,0,150,240
cube,Rank (learned target),87,prefix_b,0,150,240
cube,Rank (learned target),88,clean,0,150,240
cube,Rank (learned target),88,prefix_a,0,150,240
cube,Rank (learned target),88,prefix_b,0,150,240
cube,Rank (learned target),89,clean,1,12,24
cube,Rank (learned target),89,prefix_a,1,55,88
cube,Rank (learned target),89,prefix_b,1,9,16
cube,Rank (learned target),90,clean,1,51,88
cube,Rank (learned target),90,prefix_a,1,46,80
cube,Rank (learned target),90,prefix_b,0,150,240
cube,Rank (learned target),91,clean,1,35,56
cube,Rank (learned target),91,prefix_a,1,31,56
cube,Rank (learned target),91,prefix_b,1,40,64
cube,Rank (learned target),92,clean,1,28,48
cube,Rank (learned target),92,prefix_a,1,21,40
cube,Rank (learned target),92,prefix_b,1,23,40
cube,Rank (learned target),93,clean,1,56,96
cube,Rank (learned target),93,prefix_a,0,150,240
cube,Rank (learned target),93,prefix_b,0,150,240
cube,Rank (learned target),94,clean,1,33,56
cube,Rank (learned target),94,prefix_a,0,150,240
cube,Rank (learned target),94,prefix_b,1,36,64
cube,Rank (learned target),95,clean,0,150,240
cube,Rank (learned target),95,prefix_a,0,150,240
cube,Rank (learned target),95,prefix_b,0,150,240
cube,Rank (learned target),96,clean,1,40,64
cube,Rank (learned target),96,prefix_a,0,150,240
cube,Rank (learned target),96,prefix_b,1,39,64
cube,Rank (learned target),97,clean,1,35,56
cube,Rank (learned target),97,prefix_a,1,37,64
cube,Rank (learned target),97,prefix_b,0,150,240
cube,Rank (learned target),98,clean,1,17,32
cube,Rank (learned target),98,prefix_a,1,21,40
cube,Rank (learned target),98,prefix_b,0,150,240
cube,Rank (learned target),99,clean,1,32,56
cube,Rank (learned target),99,prefix_a,0,150,240
cube,Rank (learned target),99,prefix_b,0,150,240
cube,Rank (learned target),100,clean,1,22,40
cube,Rank (learned target),100,prefix_a,1,28,48
cube,Rank (learned target),100,prefix_b,1,27,48
cube,Rank (learned target),101,clean,1,40,64
cube,Rank (learned target),101,prefix_a,1,47,80
cube,Rank (learned target),101,prefix_b,0,150,240
cube,Rank (learned target),102,clean,1,40,64
cube,Rank (learned target),102,prefix_a,0,150,240
cube,Rank (learned target),102,prefix_b,1,31,56
cube,Rank (learned target),103,clean,1,52,88
cube,Rank (learned target),103,prefix_a,0,150,240
cube,Rank (learned target),103,prefix_b,1,41,72
cube,Rank (learned target),104,clean,1,17,32
cube,Rank (learned target),104,prefix_a,0,150,240
cube,Rank (learned target),104,prefix_b,0,150,240
cube,Rank (learned target),105,clean,0,150,240
cube,Rank (learned target),105,prefix_a,0,150,240
cube,Rank (learned target),105,prefix_b,0,150,240
cube,Rank (learned target),106,clean,1,27,48
cube,Rank (learned target),106,prefix_a,1,25,40
cube,Rank (learned target),106,prefix_b,1,26,48
cube,Rank (learned target),107,clean,1,18,32
cube,Rank (learned target),107,prefix_a,0,150,240
cube,Rank (learned target),107,prefix_b,1,11,24
cube,Rank (learned target),108,clean,1,36,64
cube,Rank (learned target),108,prefix_a,0,150,240
cube,Rank (learned target),108,prefix_b,1,35,56
cube,Rank (learned target),109,clean,1,20,32
cube,Rank (learned target),109,prefix_a,0,150,240
cube,Rank (learned target),109,prefix_b,1,21,40
cube,Rank (learned target),110,clean,1,32,56
cube,Rank (learned target),110,prefix_a,1,28,48
cube,Rank (learned target),110,prefix_b,1,34,56
cube,Rank (learned target),111,clean,1,44,72
cube,Rank (learned target),111,prefix_a,1,35,56
cube,Rank (learned target),111,prefix_b,0,150,240
cube,Rank (learned target),112,clean,1,47,80
cube,Rank (learned target),112,prefix_a,1,46,80
cube,Rank (learned target),112,prefix_b,0,150,240
cube,Rank (learned target),113,clean,0,150,240
cube,Rank (learned target),113,prefix_a,1,64,104
cube,Rank (learned target),113,prefix_b,0,150,240
cube,Rank (learned target),114,clean,1,31,56
cube,Rank (learned target),114,prefix_a,1,48,80
cube,Rank (learned target),114,prefix_b,1,41,72
cube,Rank (learned target),115,clean,1,57,96
cube,Rank (learned target),115,prefix_a,0,150,240
cube,Rank (learned target),115,prefix_b,0,150,240
cube,Rank (learned target),116,clean,1,51,88
cube,Rank (learned target),116,prefix_a,0,150,240
cube,Rank (learned target),116,prefix_b,0,150,240
cube,Rank (learned target),117,clean,1,25,40
cube,Rank (learned target),117,prefix_a,1,27,48
cube,Rank (learned target),117,prefix_b,1,25,40
cube,Rank (learned target),118,clean,1,38,64
cube,Rank (learned target),118,prefix_a,1,34,56
cube,Rank (learned target),118,prefix_b,1,35,56
cube,Rank (learned target),119,clean,1,42,72
cube,Rank (learned target),119,prefix_a,1,41,72
cube,Rank (learned target),119,prefix_b,0,150,240
cube,Rank (learned target),120,clean,1,41,72
cube,Rank (learned target),120,prefix_a,1,43,72
cube,Rank (learned target),120,prefix_b,1,42,72
cube,Rank (learned target),121,clean,1,61,104
cube,Rank (learned target),121,prefix_a,0,150,240
cube,Rank (learned target),121,prefix_b,0,150,240
cube,Rank (learned target),122,clean,1,54,88
cube,Rank (learned target),122,prefix_a,0,150,240
cube,Rank (learned target),122,prefix_b,0,150,240
cube,Rank (learned target),123,clean,1,45,72
cube,Rank (learned target),123,prefix_a,0,150,240
cube,Rank (learned target),123,prefix_b,1,30,48
cube,Rank (learned target),124,clean,1,19,32
cube,Rank (learned target),124,prefix_a,1,26,48
cube,Rank (learned target),124,prefix_b,1,21,40
cube,Rank (learned target),125,clean,1,31,56
cube,Rank (learned target),125,prefix_a,1,38,64
cube,Rank (learned target),125,prefix_b,0,150,240
cube,Rank (learned target),126,clean,1,48,80
cube,Rank (learned target),126,prefix_a,0,150,240
cube,Rank (learned target),126,prefix_b,0,150,240
cube,Rank (learned target),127,clean,1,40,64
cube,Rank (learned target),127,prefix_a,1,41,72
cube,Rank (learned target),127,prefix_b,1,33,56
pusht,AP-CEM,0,clean,1,116,216048
pusht,AP-CEM,0,prefix_a,1,116,216048
pusht,AP-CEM,0,prefix_b,1,116,216048
pusht,AP-CEM,1,clean,1,139,252056
pusht,AP-CEM,1,prefix_a,1,139,252056
pusht,AP-CEM,1,prefix_b,1,144,261058
pusht,AP-CEM,2,clean,1,139,252056
pusht,AP-CEM,2,prefix_a,1,139,252056
pusht,AP-CEM,2,prefix_b,1,140,252056
pusht,AP-CEM,3,clean,1,138,252056
pusht,AP-CEM,3,prefix_a,1,138,252056
pusht,AP-CEM,3,prefix_b,1,139,252056
pusht,AP-CEM,4,clean,1,138,252056
pusht,AP-CEM,4,prefix_a,1,137,252056
pusht,AP-CEM,4,prefix_b,1,138,252056
pusht,AP-CEM,5,clean,1,142,261058
pusht,AP-CEM,5,prefix_a,1,137,252056
pusht,AP-CEM,5,prefix_b,1,142,261058
pusht,AP-CEM,6,clean,1,113,207046
pusht,AP-CEM,6,prefix_a,0,280,504112
pusht,AP-CEM,6,prefix_b,1,140,252056
pusht,AP-CEM,7,clean,1,140,252056
pusht,AP-CEM,7,prefix_a,1,140,252056
pusht,AP-CEM,7,prefix_b,1,140,252056
pusht,AP-CEM,8,clean,1,140,252056
pusht,AP-CEM,8,prefix_a,1,145,261058
pusht,AP-CEM,8,prefix_b,1,145,261058
pusht,AP-CEM,9,clean,0,280,504112
pusht,AP-CEM,9,prefix_a,1,140,252056
pusht,AP-CEM,9,prefix_b,1,139,252056
pusht,AP-CEM,10,clean,1,138,252056
pusht,AP-CEM,10,prefix_a,0,280,504112
pusht,AP-CEM,10,prefix_b,1,139,252056
pusht,AP-CEM,11,clean,1,135,243054
pusht,AP-CEM,11,prefix_a,1,142,261058
pusht,AP-CEM,11,prefix_b,1,142,261058
pusht,AP-CEM,12,clean,0,280,504112
pusht,AP-CEM,12,prefix_a,0,280,504112
pusht,AP-CEM,12,prefix_b,0,280,504112
pusht,AP-CEM,13,clean,0,280,504112
pusht,AP-CEM,13,prefix_a,0,280,504112
pusht,AP-CEM,13,prefix_b,0,280,504112
pusht,AP-CEM,14,clean,0,280,504112
pusht,AP-CEM,14,prefix_a,0,280,504112
pusht,AP-CEM,14,prefix_b,0,280,504112
pusht,AP-CEM,15,clean,0,280,504112
pusht,AP-CEM,15,prefix_a,0,280,504112
pusht,AP-CEM,15,prefix_b,0,280,504112
pusht,AP-CEM,16,clean,1,128,234052
pusht,AP-CEM,16,prefix_a,1,140,252056
pusht,AP-CEM,16,prefix_b,1,139,252056
pusht,AP-CEM,17,clean,0,280,504112
pusht,AP-CEM,17,prefix_a,0,280,504112
pusht,AP-CEM,17,prefix_b,0,280,504112
pusht,AP-CEM,18,clean,1,139,252056
pusht,AP-CEM,18,prefix_a,1,140,252056
pusht,AP-CEM,18,prefix_b,0,280,504112
pusht,AP-CEM,19,clean,1,127,234052
pusht,AP-CEM,19,prefix_a,1,127,234052
pusht,AP-CEM,19,prefix_b,1,127,234052
pusht,AP-CEM,20,clean,0,280,504112
pusht,AP-CEM,20,prefix_a,0,280,504112
pusht,AP-CEM,20,prefix_b,0,280,504112
pusht,AP-CEM,21,clean,0,280,504112
pusht,AP-CEM,21,prefix_a,0,280,504112
pusht,AP-CEM,21,prefix_b,0,280,504112
pusht,AP-CEM,22,clean,1,75,135030
pusht,AP-CEM,22,prefix_a,1,136,252056
pusht,AP-CEM,22,prefix_b,1,139,252056
pusht,AP-CEM,23,clean,0,280,504112
pusht,AP-CEM,23,prefix_a,0,280,504112
pusht,AP-CEM,23,prefix_b,0,280,504112
pusht,AP-CEM,24,clean,1,143,261058
pusht,AP-CEM,24,prefix_a,1,142,261058
pusht,AP-CEM,24,prefix_b,1,140,252056
pusht,AP-CEM,25,clean,0,280,504112
pusht,AP-CEM,25,prefix_a,0,280,504112
pusht,AP-CEM,25,prefix_b,0,280,504112
pusht,AP-CEM,26,clean,1,139,252056
pusht,AP-CEM,26,prefix_a,1,140,252056
pusht,AP-CEM,26,prefix_b,1,142,261058
pusht,AP-CEM,27,clean,1,130,234052
pusht,AP-CEM,27,prefix_a,0,280,504112
pusht,AP-CEM,27,prefix_b,1,140,252056
pusht,AP-CEM,28,clean,0,280,504112
pusht,AP-CEM,28,prefix_a,0,280,504112
pusht,AP-CEM,28,prefix_b,0,280,504112
pusht,AP-CEM,29,clean,1,138,252056
pusht,AP-CEM,29,prefix_a,1,137,252056
pusht,AP-CEM,29,prefix_b,0,280,504112
pusht,AP-CEM,30,clean,1,138,252056
pusht,AP-CEM,30,prefix_a,1,137,252056
pusht,AP-CEM,30,prefix_b,1,137,252056
pusht,AP-CEM,31,clean,1,86,162036
pusht,AP-CEM,31,prefix_a,1,138,252056
pusht,AP-CEM,31,prefix_b,1,138,252056
pusht,AP-CEM,32,clean,1,139,252056
pusht,AP-CEM,32,prefix_a,1,139,252056
pusht,AP-CEM,32,prefix_b,1,139,252056
pusht,AP-CEM,33,clean,0,280,504112
pusht,AP-CEM,33,prefix_a,0,280,504112
pusht,AP-CEM,33,prefix_b,0,280,504112
pusht,AP-CEM,34,clean,1,138,252056
pusht,AP-CEM,34,prefix_a,1,138,252056
pusht,AP-CEM,34,prefix_b,1,138,252056
pusht,AP-CEM,35,clean,0,280,504112
pusht,AP-CEM,35,prefix_a,0,280,504112
pusht,AP-CEM,35,prefix_b,0,280,504112
pusht,AP-CEM,36,clean,0,280,504112
pusht,AP-CEM,36,prefix_a,0,280,504112
pusht,AP-CEM,36,prefix_b,0,280,504112
pusht,AP-CEM,37,clean,0,280,504112
pusht,AP-CEM,37,prefix_a,1,134,243054
pusht,AP-CEM,37,prefix_b,0,280,504112
pusht,AP-CEM,38,clean,0,280,504112
pusht,AP-CEM,38,prefix_a,0,280,504112
pusht,AP-CEM,38,prefix_b,0,280,504112
pusht,AP-CEM,39,clean,1,139,252056
pusht,AP-CEM,39,prefix_a,1,139,252056
pusht,AP-CEM,39,prefix_b,1,139,252056
pusht,AP-CEM,40,clean,1,139,252056
pusht,AP-CEM,40,prefix_a,1,140,252056
pusht,AP-CEM,40,prefix_b,1,140,252056
pusht,AP-CEM,41,clean,1,105,189042
pusht,AP-CEM,41,prefix_a,1,104,189042
pusht,AP-CEM,41,prefix_b,0,280,504112
pusht,AP-CEM,42,clean,1,137,252056
pusht,AP-CEM,42,prefix_a,1,136,252056
pusht,AP-CEM,42,prefix_b,1,135,243054
pusht,AP-CEM,43,clean,1,149,270060
pusht,AP-CEM,43,prefix_a,1,149,270060
pusht,AP-CEM,43,prefix_b,1,155,279062
pusht,AP-CEM,44,clean,1,138,252056
pusht,AP-CEM,44,prefix_a,1,86,162036
pusht,AP-CEM,44,prefix_b,1,139,252056
pusht,AP-CEM,45,clean,0,280,504112
pusht,AP-CEM,45,prefix_a,0,280,504112
pusht,AP-CEM,45,prefix_b,0,280,504112
pusht,AP-CEM,46,clean,1,140,252056
pusht,AP-CEM,46,prefix_a,1,140,252056
pusht,AP-CEM,46,prefix_b,1,140,252056
pusht,AP-CEM,47,clean,1,136,252056
pusht,AP-CEM,47,prefix_a,1,137,252056
pusht,AP-CEM,47,prefix_b,1,136,252056
pusht,AP-CEM,48,clean,1,137,252056
pusht,AP-CEM,48,prefix_a,1,139,252056
pusht,AP-CEM,48,prefix_b,1,137,252056
pusht,AP-CEM,49,clean,1,145,261058
pusht,AP-CEM,49,prefix_a,0,280,504112
pusht,AP-CEM,49,prefix_b,1,140,252056
pusht,AP-CEM,50,clean,1,124,225050
pusht,AP-CEM,50,prefix_a,1,130,234052
pusht,AP-CEM,50,prefix_b,0,280,504112
pusht,AP-CEM,51,clean,1,138,252056
pusht,AP-CEM,51,prefix_a,1,138,252056
pusht,AP-CEM,51,prefix_b,1,139,252056
pusht,AP-CEM,52,clean,1,148,270060
pusht,AP-CEM,52,prefix_a,1,149,270060
pusht,AP-CEM,52,prefix_b,1,142,261058
pusht,AP-CEM,53,clean,1,140,252056
pusht,AP-CEM,53,prefix_a,1,141,261058
pusht,AP-CEM,53,prefix_b,0,280,504112
pusht,AP-CEM,54,clean,1,140,252056
pusht,AP-CEM,54,prefix_a,1,140,252056
pusht,AP-CEM,54,prefix_b,1,140,252056
pusht,AP-CEM,55,clean,0,280,504112
pusht,AP-CEM,55,prefix_a,0,280,504112
pusht,AP-CEM,55,prefix_b,0,280,504112
pusht,AP-CEM,56,clean,1,139,252056
pusht,AP-CEM,56,prefix_a,1,139,252056
pusht,AP-CEM,56,prefix_b,1,139,252056
pusht,AP-CEM,57,clean,1,131,243054
pusht,AP-CEM,57,prefix_a,1,140,252056
pusht,AP-CEM,57,prefix_b,1,140,252056
pusht,AP-CEM,58,clean,0,280,504112
pusht,AP-CEM,58,prefix_a,0,280,504112
pusht,AP-CEM,58,prefix_b,0,280,504112
pusht,AP-CEM,59,clean,1,138,252056
pusht,AP-CEM,59,prefix_a,1,139,252056
pusht,AP-CEM,59,prefix_b,1,139,252056
pusht,AP-CEM,60,clean,1,139,252056
pusht,AP-CEM,60,prefix_a,1,139,252056
pusht,AP-CEM,60,prefix_b,1,140,252056
pusht,AP-CEM,61,clean,1,137,252056
pusht,AP-CEM,61,prefix_a,1,136,252056
pusht,AP-CEM,61,prefix_b,1,151,279062
pusht,AP-CEM,62,clean,1,134,243054
pusht,AP-CEM,62,prefix_a,1,134,243054
pusht,AP-CEM,62,prefix_b,1,136,252056
pusht,AP-CEM,63,clean,1,159,288064
pusht,AP-CEM,63,prefix_a,0,280,504112
pusht,AP-CEM,63,prefix_b,1,140,252056
pusht,AP-CEM,64,clean,0,280,504112
pusht,AP-CEM,64,prefix_a,0,280,504112
pusht,AP-CEM,64,prefix_b,0,280,504112
pusht,AP-CEM,65,clean,1,138,252056
pusht,AP-CEM,65,prefix_a,1,139,252056
pusht,AP-CEM,65,prefix_b,1,139,252056
pusht,AP-CEM,66,clean,1,153,279062
pusht,AP-CEM,66,prefix_a,0,280,504112
pusht,AP-CEM,66,prefix_b,0,280,504112
pusht,AP-CEM,67,clean,0,280,504112
pusht,AP-CEM,67,prefix_a,1,141,261058
pusht,AP-CEM,67,prefix_b,1,139,252056
pusht,AP-CEM,68,clean,1,139,252056
pusht,AP-CEM,68,prefix_a,1,74,135030
pusht,AP-CEM,68,prefix_b,1,78,144032
pusht,AP-CEM,69,clean,1,139,252056
pusht,AP-CEM,69,prefix_a,1,139,252056
pusht,AP-CEM,69,prefix_b,1,138,252056
pusht,AP-CEM,70,clean,0,280,504112
pusht,AP-CEM,70,prefix_a,0,280,504112
pusht,AP-CEM,70,prefix_b,0,280,504112
pusht,AP-CEM,71,clean,0,280,504112
pusht,AP-CEM,71,prefix_a,0,280,504112
pusht,AP-CEM,71,prefix_b,0,280,504112
pusht,AP-CEM,72,clean,1,130,234052
pusht,AP-CEM,72,prefix_a,1,130,234052
pusht,AP-CEM,72,prefix_b,1,129,234052
pusht,AP-CEM,73,clean,0,280,504112
pusht,AP-CEM,73,prefix_a,0,280,504112
pusht,AP-CEM,73,prefix_b,1,145,261058
pusht,AP-CEM,74,clean,1,174,315070
pusht,AP-CEM,74,prefix_a,1,147,270060
pusht,AP-CEM,74,prefix_b,1,147,270060
pusht,AP-CEM,75,clean,1,152,279062
pusht,AP-CEM,75,prefix_a,1,152,279062
pusht,AP-CEM,75,prefix_b,1,149,270060
pusht,AP-CEM,76,clean,0,280,504112
pusht,AP-CEM,76,prefix_a,1,135,243054
pusht,AP-CEM,76,prefix_b,0,280,504112
pusht,AP-CEM,77,clean,0,280,504112
pusht,AP-CEM,77,prefix_a,0,280,504112
pusht,AP-CEM,77,prefix_b,0,280,504112
pusht,AP-CEM,78,clean,1,155,279062
pusht,AP-CEM,78,prefix_a,1,144,261058
pusht,AP-CEM,78,prefix_b,0,280,504112
pusht,AP-CEM,79,clean,1,139,252056
pusht,AP-CEM,79,prefix_a,1,139,252056
pusht,AP-CEM,79,prefix_b,1,139,252056
pusht,AP-CEM,80,clean,0,280,504112
pusht,AP-CEM,80,prefix_a,0,280,504112
pusht,AP-CEM,80,prefix_b,0,280,504112
pusht,AP-CEM,81,clean,0,280,504112
pusht,AP-CEM,81,prefix_a,1,142,261058
pusht,AP-CEM,81,prefix_b,1,142,261058
pusht,AP-CEM,82,clean,1,135,243054
pusht,AP-CEM,82,prefix_a,1,135,243054
pusht,AP-CEM,82,prefix_b,1,135,243054
pusht,AP-CEM,83,clean,1,139,252056
pusht,AP-CEM,83,prefix_a,1,139,252056
pusht,AP-CEM,83,prefix_b,1,138,252056
pusht,AP-CEM,84,clean,1,143,261058
pusht,AP-CEM,84,prefix_a,1,152,279062
pusht,AP-CEM,84,prefix_b,1,138,252056
pusht,AP-CEM,85,clean,1,138,252056
pusht,AP-CEM,85,prefix_a,1,138,252056
pusht,AP-CEM,85,prefix_b,1,138,252056
pusht,AP-CEM,86,clean,1,139,252056
pusht,AP-CEM,86,prefix_a,0,280,504112
pusht,AP-CEM,86,prefix_b,1,138,252056
pusht,AP-CEM,87,clean,0,280,504112
pusht,AP-CEM,87,prefix_a,0,280,504112
pusht,AP-CEM,87,prefix_b,0,280,504112
pusht,AP-CEM,88,clean,1,139,252056
pusht,AP-CEM,88,prefix_a,1,140,252056
pusht,AP-CEM,88,prefix_b,1,140,252056
pusht,AP-CEM,89,clean,1,141,261058
pusht,AP-CEM,89,prefix_a,0,280,504112
pusht,AP-CEM,89,prefix_b,1,143,261058
pusht,AP-CEM,90,clean,1,75,135030
pusht,AP-CEM,90,prefix_a,1,76,144032
pusht,AP-CEM,90,prefix_b,1,75,135030
pusht,AP-CEM,91,clean,1,139,252056
pusht,AP-CEM,91,prefix_a,1,139,252056
pusht,AP-CEM,91,prefix_b,1,139,252056
pusht,AP-CEM,92,clean,0,280,504112
pusht,AP-CEM,92,prefix_a,0,280,504112
pusht,AP-CEM,92,prefix_b,0,280,504112
pusht,AP-CEM,93,clean,1,139,252056
pusht,AP-CEM,93,prefix_a,1,139,252056
pusht,AP-CEM,93,prefix_b,1,140,252056
pusht,AP-CEM,94,clean,0,280,504112
pusht,AP-CEM,94,prefix_a,0,280,504112
pusht,AP-CEM,94,prefix_b,1,83,153034
pusht,AP-CEM,95,clean,1,137,252056
pusht,AP-CEM,95,prefix_a,1,140,252056
pusht,AP-CEM,95,prefix_b,1,140,252056
pusht,AP-CEM,96,clean,1,141,261058
pusht,AP-CEM,96,prefix_a,1,139,252056
pusht,AP-CEM,96,prefix_b,0,280,504112
pusht,AP-CEM,97,clean,1,148,270060
pusht,AP-CEM,97,prefix_a,0,280,504112
pusht,AP-CEM,97,prefix_b,1,144,261058
pusht,AP-CEM,98,clean,0,280,504112
pusht,AP-CEM,98,prefix_a,0,280,504112
pusht,AP-CEM,98,prefix_b,0,280,504112
pusht,AP-CEM,99,clean,1,139,252056
pusht,AP-CEM,99,prefix_a,1,137,252056
pusht,AP-CEM,99,prefix_b,1,140,252056
pusht,AP-CEM,100,clean,1,137,252056
pusht,AP-CEM,100,prefix_a,0,280,504112
pusht,AP-CEM,100,prefix_b,1,138,252056
pusht,AP-CEM,101,clean,1,136,252056
pusht,AP-CEM,101,prefix_a,1,136,252056
pusht,AP-CEM,101,prefix_b,1,136,252056
pusht,AP-CEM,102,clean,1,138,252056
pusht,AP-CEM,102,prefix_a,1,137,252056
pusht,AP-CEM,102,prefix_b,1,138,252056
pusht,AP-CEM,103,clean,1,137,252056
pusht,AP-CEM,103,prefix_a,1,139,252056
pusht,AP-CEM,103,prefix_b,1,139,252056
pusht,AP-CEM,104,clean,0,280,504112
pusht,AP-CEM,104,prefix_a,0,280,504112
pusht,AP-CEM,104,prefix_b,0,280,504112
pusht,AP-CEM,105,clean,1,163,297066
pusht,AP-CEM,105,prefix_a,1,144,261058
pusht,AP-CEM,105,prefix_b,1,140,252056
pusht,AP-CEM,106,clean,1,140,252056
pusht,AP-CEM,106,prefix_a,1,140,252056
pusht,AP-CEM,106,prefix_b,1,139,252056
pusht,AP-CEM,107,clean,1,138,252056
pusht,AP-CEM,107,prefix_a,1,140,252056
pusht,AP-CEM,107,prefix_b,1,138,252056
pusht,AP-CEM,108,clean,1,135,243054
pusht,AP-CEM,108,prefix_a,1,135,243054
pusht,AP-CEM,108,prefix_b,1,135,243054
pusht,AP-CEM,109,clean,1,150,270060
pusht,AP-CEM,109,prefix_a,1,146,270060
pusht,AP-CEM,109,prefix_b,1,140,252056
pusht,AP-CEM,110,clean,1,140,252056
pusht,AP-CEM,110,prefix_a,1,139,252056
pusht,AP-CEM,110,prefix_b,0,280,504112
pusht,AP-CEM,111,clean,1,140,252056
pusht,AP-CEM,111,prefix_a,1,140,252056
pusht,AP-CEM,111,prefix_b,1,140,252056
pusht,AP-CEM,112,clean,0,280,504112
pusht,AP-CEM,112,prefix_a,0,280,504112
pusht,AP-CEM,112,prefix_b,0,280,504112
pusht,AP-CEM,113,clean,0,280,504112
pusht,AP-CEM,113,prefix_a,0,280,504112
pusht,AP-CEM,113,prefix_b,0,280,504112
pusht,AP-CEM,114,clean,1,137,252056
pusht,AP-CEM,114,prefix_a,1,140,252056
pusht,AP-CEM,114,prefix_b,1,139,252056
pusht,AP-CEM,115,clean,0,280,504112
pusht,AP-CEM,115,prefix_a,0,280,504112
pusht,AP-CEM,115,prefix_b,0,280,504112
pusht,AP-CEM,116,clean,0,280,504112
pusht,AP-CEM,116,prefix_a,0,280,504112
pusht,AP-CEM,116,prefix_b,0,280,504112
pusht,AP-CEM,117,clean,1,140,252056
pusht,AP-CEM,117,prefix_a,1,139,252056
pusht,AP-CEM,117,prefix_b,1,139,252056
pusht,AP-CEM,118,clean,0,280,504112
pusht,AP-CEM,118,prefix_a,0,280,504112
pusht,AP-CEM,118,prefix_b,1,161,297066
pusht,AP-CEM,119,clean,1,140,252056
pusht,AP-CEM,119,prefix_a,0,280,504112
pusht,AP-CEM,119,prefix_b,0,280,504112
pusht,AP-CEM,120,clean,1,141,261058
pusht,AP-CEM,120,prefix_a,1,143,261058
pusht,AP-CEM,120,prefix_b,1,165,297066
pusht,AP-CEM,121,clean,1,72,135030
pusht,AP-CEM,121,prefix_a,1,142,261058
pusht,AP-CEM,121,prefix_b,1,72,135030
pusht,AP-CEM,122,clean,1,135,243054
pusht,AP-CEM,122,prefix_a,0,280,504112
pusht,AP-CEM,122,prefix_b,0,280,504112
pusht,AP-CEM,123,clean,1,140,252056
pusht,AP-CEM,123,prefix_a,1,140,252056
pusht,AP-CEM,123,prefix_b,1,140,252056
pusht,AP-CEM,124,clean,0,280,504112
pusht,AP-CEM,124,prefix_a,1,135,243054
pusht,AP-CEM,124,prefix_b,1,140,252056
pusht,AP-CEM,125,clean,1,137,252056
pusht,AP-CEM,125,prefix_a,1,137,252056
pusht,AP-CEM,125,prefix_b,0,280,504112
pusht,AP-CEM,126,clean,1,144,261058
pusht,AP-CEM,126,prefix_a,0,280,504112
pusht,AP-CEM,126,prefix_b,1,146,270060
pusht,AP-CEM,127,clean,1,150,270060
pusht,AP-CEM,127,prefix_a,1,150,270060
pusht,AP-CEM,127,prefix_b,1,150,270060
pusht,AP-rank,0,clean,0,280,448
pusht,AP-rank,0,prefix_a,0,280,448
pusht,AP-rank,0,prefix_b,0,280,448
pusht,AP-rank,1,clean,0,280,448
pusht,AP-rank,1,prefix_a,1,154,248
pusht,AP-rank,1,prefix_b,0,280,448
pusht,AP-rank,2,clean,1,139,224
pusht,AP-rank,2,prefix_a,1,138,224
pusht,AP-rank,2,prefix_b,0,280,448
pusht,AP-rank,3,clean,0,280,448
pusht,AP-rank,3,prefix_a,0,280,448
pusht,AP-rank,3,prefix_b,1,168,272
pusht,AP-rank,4,clean,1,137,224
pusht,AP-rank,4,prefix_a,0,280,448
pusht,AP-rank,4,prefix_b,1,148,240
pusht,AP-rank,5,clean,0,280,448
pusht,AP-rank,5,prefix_a,0,280,448
pusht,AP-rank,5,prefix_b,0,280,448
pusht,AP-rank,6,clean,1,162,264
pusht,AP-rank,6,prefix_a,1,141,232
pusht,AP-rank,6,prefix_b,1,141,232
pusht,AP-rank,7,clean,1,139,224
pusht,AP-rank,7,prefix_a,1,140,224
pusht,AP-rank,7,prefix_b,0,280,448
pusht,AP-rank,8,clean,1,138,224
pusht,AP-rank,8,prefix_a,1,175,280
pusht,AP-rank,8,prefix_b,1,139,224
pusht,AP-rank,9,clean,1,139,224
pusht,AP-rank,9,prefix_a,0,280,448
pusht,AP-rank,9,prefix_b,0,280,448
pusht,AP-rank,10,clean,1,139,224
pusht,AP-rank,10,prefix_a,0,280,448
pusht,AP-rank,10,prefix_b,0,280,448
pusht,AP-rank,11,clean,1,138,224
pusht,AP-rank,11,prefix_a,0,280,448
pusht,AP-rank,11,prefix_b,1,155,248
pusht,AP-rank,12,clean,0,280,448
pusht,AP-rank,12,prefix_a,0,280,448
pusht,AP-rank,12,prefix_b,1,147,240
pusht,AP-rank,13,clean,0,280,448
pusht,AP-rank,13,prefix_a,0,280,448
pusht,AP-rank,13,prefix_b,0,280,448
pusht,AP-rank,14,clean,0,280,448
pusht,AP-rank,14,prefix_a,0,280,448
pusht,AP-rank,14,prefix_b,0,280,448
pusht,AP-rank,15,clean,0,280,448
pusht,AP-rank,15,prefix_a,0,280,448
pusht,AP-rank,15,prefix_b,0,280,448
pusht,AP-rank,16,clean,1,135,216
pusht,AP-rank,16,prefix_a,1,137,224
pusht,AP-rank,16,prefix_b,1,136,224
pusht,AP-rank,17,clean,0,280,448
pusht,AP-rank,17,prefix_a,0,280,448
pusht,AP-rank,17,prefix_b,0,280,448
pusht,AP-rank,18,clean,1,139,224
pusht,AP-rank,18,prefix_a,0,280,448
pusht,AP-rank,18,prefix_b,0,280,448
pusht,AP-rank,19,clean,1,130,208
pusht,AP-rank,19,prefix_a,0,280,448
pusht,AP-rank,19,prefix_b,0,280,448
pusht,AP-rank,20,clean,0,280,448
pusht,AP-rank,20,prefix_a,0,280,448
pusht,AP-rank,20,prefix_b,0,280,448
pusht,AP-rank,21,clean,0,280,448
pusht,AP-rank,21,prefix_a,1,164,264
pusht,AP-rank,21,prefix_b,0,280,448
pusht,AP-rank,22,clean,1,140,224
pusht,AP-rank,22,prefix_a,1,139,224
pusht,AP-rank,22,prefix_b,0,280,448
pusht,AP-rank,23,clean,0,280,448
pusht,AP-rank,23,prefix_a,0,280,448
pusht,AP-rank,23,prefix_b,0,280,448
pusht,AP-rank,24,clean,0,280,448
pusht,AP-rank,24,prefix_a,1,139,224
pusht,AP-rank,24,prefix_b,0,280,448
pusht,AP-rank,25,clean,0,280,448
pusht,AP-rank,25,prefix_a,0,280,448
pusht,AP-rank,25,prefix_b,0,280,448
pusht,AP-rank,26,clean,1,139,224
pusht,AP-rank,26,prefix_a,0,280,448
pusht,AP-rank,26,prefix_b,0,280,448
pusht,AP-rank,27,clean,1,131,216
pusht,AP-rank,27,prefix_a,1,142,232
pusht,AP-rank,27,prefix_b,0,280,448
pusht,AP-rank,28,clean,0,280,448
pusht,AP-rank,28,prefix_a,0,280,448
pusht,AP-rank,28,prefix_b,0,280,448
pusht,AP-rank,29,clean,1,135,216
pusht,AP-rank,29,prefix_a,1,138,224
pusht,AP-rank,29,prefix_b,1,140,224
pusht,AP-rank,30,clean,1,137,224
pusht,AP-rank,30,prefix_a,1,138,224
pusht,AP-rank,30,prefix_b,1,135,216
pusht,AP-rank,31,clean,1,139,224
pusht,AP-rank,31,prefix_a,0,280,448
pusht,AP-rank,31,prefix_b,1,139,224
pusht,AP-rank,32,clean,1,163,264
pusht,AP-rank,32,prefix_a,1,141,232
pusht,AP-rank,32,prefix_b,1,139,224
pusht,AP-rank,33,clean,0,280,448
pusht,AP-rank,33,prefix_a,0,280,448
pusht,AP-rank,33,prefix_b,1,244,392
pusht,AP-rank,34,clean,1,137,224
pusht,AP-rank,34,prefix_a,0,280,448
pusht,AP-rank,34,prefix_b,1,139,224
pusht,AP-rank,35,clean,0,280,448
pusht,AP-rank,35,prefix_a,0,280,448
pusht,AP-rank,35,prefix_b,0,280,448
pusht,AP-rank,36,clean,0,280,448
pusht,AP-rank,36,prefix_a,0,280,448
pusht,AP-rank,36,prefix_b,0,280,448
pusht,AP-rank,37,clean,1,139,224
pusht,AP-rank,37,prefix_a,1,134,216
pusht,AP-rank,37,prefix_b,1,135,216
pusht,AP-rank,38,clean,0,280,448
pusht,AP-rank,38,prefix_a,0,280,448
pusht,AP-rank,38,prefix_b,0,280,448
pusht,AP-rank,39,clean,1,135,216
pusht,AP-rank,39,prefix_a,0,280,448
pusht,AP-rank,39,prefix_b,1,137,224
pusht,AP-rank,40,clean,1,139,224
pusht,AP-rank,40,prefix_a,1,140,224
pusht,AP-rank,40,prefix_b,0,280,448
pusht,AP-rank,41,clean,1,104,168
pusht,AP-rank,41,prefix_a,1,137,224
pusht,AP-rank,41,prefix_b,0,280,448
pusht,AP-rank,42,clean,0,280,448
pusht,AP-rank,42,prefix_a,0,280,448
pusht,AP-rank,42,prefix_b,0,280,448
pusht,AP-rank,43,clean,1,142,232
pusht,AP-rank,43,prefix_a,1,142,232
pusht,AP-rank,43,prefix_b,1,142,232
pusht,AP-rank,44,clean,1,136,224
pusht,AP-rank,44,prefix_a,0,280,448
pusht,AP-rank,44,prefix_b,0,280,448
pusht,AP-rank,45,clean,0,280,448
pusht,AP-rank,45,prefix_a,0,280,448
pusht,AP-rank,45,prefix_b,0,280,448
pusht,AP-rank,46,clean,0,280,448
pusht,AP-rank,46,prefix_a,1,158,256
pusht,AP-rank,46,prefix_b,0,280,448
pusht,AP-rank,47,clean,1,138,224
pusht,AP-rank,47,prefix_a,0,280,448
pusht,AP-rank,47,prefix_b,1,138,224
pusht,AP-rank,48,clean,1,138,224
pusht,AP-rank,48,prefix_a,1,139,224
pusht,AP-rank,48,prefix_b,1,138,224
pusht,AP-rank,49,clean,1,149,240
pusht,AP-rank,49,prefix_a,0,280,448
pusht,AP-rank,49,prefix_b,1,180,288
pusht,AP-rank,50,clean,1,129,208
pusht,AP-rank,50,prefix_a,1,173,280
pusht,AP-rank,50,prefix_b,0,280,448
pusht,AP-rank,51,clean,1,139,224
pusht,AP-rank,51,prefix_a,1,139,224
pusht,AP-rank,51,prefix_b,1,139,224
pusht,AP-rank,52,clean,1,144,232
pusht,AP-rank,52,prefix_a,1,144,232
pusht,AP-rank,52,prefix_b,1,142,232
pusht,AP-rank,53,clean,1,140,224
pusht,AP-rank,53,prefix_a,1,140,224
pusht,AP-rank,53,prefix_b,1,140,224
pusht,AP-rank,54,clean,1,139,224
pusht,AP-rank,54,prefix_a,1,201,328
pusht,AP-rank,54,prefix_b,1,138,224
pusht,AP-rank,55,clean,0,280,448
pusht,AP-rank,55,prefix_a,0,280,448
pusht,AP-rank,55,prefix_b,0,280,448
pusht,AP-rank,56,clean,1,139,224
pusht,AP-rank,56,prefix_a,1,138,224
pusht,AP-rank,56,prefix_b,0,280,448
pusht,AP-rank,57,clean,1,142,232
pusht,AP-rank,57,prefix_a,1,175,280
pusht,AP-rank,57,prefix_b,0,280,448
pusht,AP-rank,58,clean,0,280,448
pusht,AP-rank,58,prefix_a,1,143,232
pusht,AP-rank,58,prefix_b,0,280,448
pusht,AP-rank,59,clean,1,136,224
pusht,AP-rank,59,prefix_a,1,165,264
pusht,AP-rank,59,prefix_b,0,280,448
pusht,AP-rank,60,clean,1,139,224
pusht,AP-rank,60,prefix_a,1,139,224
pusht,AP-rank,60,prefix_b,1,140,224
pusht,AP-rank,61,clean,0,280,448
pusht,AP-rank,61,prefix_a,1,135,216
pusht,AP-rank,61,prefix_b,1,133,216
pusht,AP-rank,62,clean,1,135,216
pusht,AP-rank,62,prefix_a,0,280,448
pusht,AP-rank,62,prefix_b,1,135,216
pusht,AP-rank,63,clean,1,140,224
pusht,AP-rank,63,prefix_a,1,162,264
pusht,AP-rank,63,prefix_b,0,280,448
pusht,AP-rank,64,clean,0,280,448
pusht,AP-rank,64,prefix_a,0,280,448
pusht,AP-rank,64,prefix_b,0,280,448
pusht,AP-rank,65,clean,1,139,224
pusht,AP-rank,65,prefix_a,1,139,224
pusht,AP-rank,65,prefix_b,1,139,224
pusht,AP-rank,66,clean,0,280,448
pusht,AP-rank,66,prefix_a,0,280,448
pusht,AP-rank,66,prefix_b,0,280,448
pusht,AP-rank,67,clean,1,141,232
pusht,AP-rank,67,prefix_a,0,280,448
pusht,AP-rank,67,prefix_b,1,140,224
pusht,AP-rank,68,clean,1,74,120
pusht,AP-rank,68,prefix_a,1,74,120
pusht,AP-rank,68,prefix_b,0,280,448
pusht,AP-rank,69,clean,1,138,224
pusht,AP-rank,69,prefix_a,0,280,448
pusht,AP-rank,69,prefix_b,0,280,448
pusht,AP-rank,70,clean,0,280,448
pusht,AP-rank,70,prefix_a,0,280,448
pusht,AP-rank,70,prefix_b,0,280,448
pusht,AP-rank,71,clean,0,280,448
pusht,AP-rank,71,prefix_a,0,280,448
pusht,AP-rank,71,prefix_b,0,280,448
pusht,AP-rank,72,clean,1,134,216
pusht,AP-rank,72,prefix_a,1,172,280
pusht,AP-rank,72,prefix_b,1,138,224
pusht,AP-rank,73,clean,0,280,448
pusht,AP-rank,73,prefix_a,0,280,448
pusht,AP-rank,73,prefix_b,1,139,224
pusht,AP-rank,74,clean,1,147,240
pusht,AP-rank,74,prefix_a,1,160,256
pusht,AP-rank,74,prefix_b,1,142,232
pusht,AP-rank,75,clean,1,139,224
pusht,AP-rank,75,prefix_a,1,138,224
pusht,AP-rank,75,prefix_b,1,138,224
pusht,AP-rank,76,clean,1,139,224
pusht,AP-rank,76,prefix_a,0,280,448
pusht,AP-rank,76,prefix_b,0,280,448
pusht,AP-rank,77,clean,0,280,448
pusht,AP-rank,77,prefix_a,0,280,448
pusht,AP-rank,77,prefix_b,0,280,448
pusht,AP-rank,78,clean,1,141,232
pusht,AP-rank,78,prefix_a,0,280,448
pusht,AP-rank,78,prefix_b,1,141,232
pusht,AP-rank,79,clean,1,139,224
pusht,AP-rank,79,prefix_a,0,280,448
pusht,AP-rank,79,prefix_b,1,139,224
pusht,AP-rank,80,clean,0,280,448
pusht,AP-rank,80,prefix_a,0,280,448
pusht,AP-rank,80,prefix_b,0,280,448
pusht,AP-rank,81,clean,1,143,232
pusht,AP-rank,81,prefix_a,0,280,448
pusht,AP-rank,81,prefix_b,0,280,448
pusht,AP-rank,82,clean,1,138,224
pusht,AP-rank,82,prefix_a,1,135,216
pusht,AP-rank,82,prefix_b,1,135,216
pusht,AP-rank,83,clean,1,135,216
pusht,AP-rank,83,prefix_a,1,137,224
pusht,AP-rank,83,prefix_b,1,136,224
pusht,AP-rank,84,clean,1,138,224
pusht,AP-rank,84,prefix_a,1,138,224
pusht,AP-rank,84,prefix_b,0,280,448
pusht,AP-rank,85,clean,1,135,216
pusht,AP-rank,85,prefix_a,1,138,224
pusht,AP-rank,85,prefix_b,0,280,448
pusht,AP-rank,86,clean,1,139,224
pusht,AP-rank,86,prefix_a,0,280,448
pusht,AP-rank,86,prefix_b,1,139,224
pusht,AP-rank,87,clean,0,280,448
pusht,AP-rank,87,prefix_a,0,280,448
pusht,AP-rank,87,prefix_b,0,280,448
pusht,AP-rank,88,clean,1,145,232
pusht,AP-rank,88,prefix_a,1,141,232
pusht,AP-rank,88,prefix_b,1,138,224
pusht,AP-rank,89,clean,1,141,232
pusht,AP-rank,89,prefix_a,0,280,448
pusht,AP-rank,89,prefix_b,1,145,232
pusht,AP-rank,90,clean,0,280,448
pusht,AP-rank,90,prefix_a,1,75,120
pusht,AP-rank,90,prefix_b,1,81,136
pusht,AP-rank,91,clean,0,280,448
pusht,AP-rank,91,prefix_a,1,141,232
pusht,AP-rank,91,prefix_b,1,139,224
pusht,AP-rank,92,clean,0,280,448
pusht,AP-rank,92,prefix_a,0,280,448
pusht,AP-rank,92,prefix_b,1,144,232
pusht,AP-rank,93,clean,1,131,216
pusht,AP-rank,93,prefix_a,1,133,216
pusht,AP-rank,93,prefix_b,1,131,216
pusht,AP-rank,94,clean,1,218,352
pusht,AP-rank,94,prefix_a,0,280,448
pusht,AP-rank,94,prefix_b,0,280,448
pusht,AP-rank,95,clean,1,137,224
pusht,AP-rank,95,prefix_a,0,280,448
pusht,AP-rank,95,prefix_b,0,280,448
pusht,AP-rank,96,clean,1,139,224
pusht,AP-rank,96,prefix_a,1,143,232
pusht,AP-rank,96,prefix_b,1,140,224
pusht,AP-rank,97,clean,1,140,224
pusht,AP-rank,97,prefix_a,0,280,448
pusht,AP-rank,97,prefix_b,1,143,232
pusht,AP-rank,98,clean,0,280,448
pusht,AP-rank,98,prefix_a,0,280,448
pusht,AP-rank,98,prefix_b,0,280,448
pusht,AP-rank,99,clean,1,138,224
pusht,AP-rank,99,prefix_a,1,139,224
pusht,AP-rank,99,prefix_b,1,141,232
pusht,AP-rank,100,clean,1,141,232
pusht,AP-rank,100,prefix_a,1,137,224
pusht,AP-rank,100,prefix_b,1,136,224
pusht,AP-rank,101,clean,1,136,224
pusht,AP-rank,101,prefix_a,0,280,448
pusht,AP-rank,101,prefix_b,0,280,448
pusht,AP-rank,102,clean,1,136,224
pusht,AP-rank,102,prefix_a,1,138,224
pusht,AP-rank,102,prefix_b,1,137,224
pusht,AP-rank,103,clean,1,136,224
pusht,AP-rank,103,prefix_a,0,280,448
pusht,AP-rank,103,prefix_b,1,136,224
pusht,AP-rank,104,clean,0,280,448
pusht,AP-rank,104,prefix_a,1,145,232
pusht,AP-rank,104,prefix_b,1,152,248
pusht,AP-rank,105,clean,1,139,224
pusht,AP-rank,105,prefix_a,0,280,448
pusht,AP-rank,105,prefix_b,0,280,448
pusht,AP-rank,106,clean,1,139,224
pusht,AP-rank,106,prefix_a,1,139,224
pusht,AP-rank,106,prefix_b,1,139,224
pusht,AP-rank,107,clean,1,138,224
pusht,AP-rank,107,prefix_a,1,139,224
pusht,AP-rank,107,prefix_b,0,280,448
pusht,AP-rank,108,clean,1,140,224
pusht,AP-rank,108,prefix_a,1,128,208
pusht,AP-rank,108,prefix_b,1,131,216
pusht,AP-rank,109,clean,1,139,224
pusht,AP-rank,109,prefix_a,0,280,448
pusht,AP-rank,109,prefix_b,0,280,448
pusht,AP-rank,110,clean,0,280,448
pusht,AP-rank,110,prefix_a,1,140,224
pusht,AP-rank,110,prefix_b,1,138,224
pusht,AP-rank,111,clean,1,139,224
pusht,AP-rank,111,prefix_a,0,280,448
pusht,AP-rank,111,prefix_b,0,280,448
pusht,AP-rank,112,clean,1,137,224
pusht,AP-rank,112,prefix_a,1,138,224
pusht,AP-rank,112,prefix_b,0,280,448
pusht,AP-rank,113,clean,1,152,248
pusht,AP-rank,113,prefix_a,1,142,232
pusht,AP-rank,113,prefix_b,0,280,448
pusht,AP-rank,114,clean,1,138,224
pusht,AP-rank,114,prefix_a,0,280,448
pusht,AP-rank,114,prefix_b,0,280,448
pusht,AP-rank,115,clean,0,280,448
pusht,AP-rank,115,prefix_a,0,280,448
pusht,AP-rank,115,prefix_b,0,280,448
pusht,AP-rank,116,clean,0,280,448
pusht,AP-rank,116,prefix_a,0,280,448
pusht,AP-rank,116,prefix_b,0,280,448
pusht,AP-rank,117,clean,1,139,224
pusht,AP-rank,117,prefix_a,0,280,448
pusht,AP-rank,117,prefix_b,0,280,448
pusht,AP-rank,118,clean,0,280,448
pusht,AP-rank,118,prefix_a,0,280,448
pusht,AP-rank,118,prefix_b,1,138,224
pusht,AP-rank,119,clean,1,140,224
pusht,AP-rank,119,prefix_a,0,280,448
pusht,AP-rank,119,prefix_b,0,280,448
pusht,AP-rank,120,clean,0,280,448
pusht,AP-rank,120,prefix_a,1,143,232
pusht,AP-rank,120,prefix_b,1,139,224
pusht,AP-rank,121,clean,1,140,224
pusht,AP-rank,121,prefix_a,0,280,448
pusht,AP-rank,121,prefix_b,1,140,224
pusht,AP-rank,122,clean,1,134,216
pusht,AP-rank,122,prefix_a,1,136,224
pusht,AP-rank,122,prefix_b,1,135,216
pusht,AP-rank,123,clean,1,140,224
pusht,AP-rank,123,prefix_a,1,140,224
pusht,AP-rank,123,prefix_b,1,141,232
pusht,AP-rank,124,clean,1,137,224
pusht,AP-rank,124,prefix_a,0,280,448
pusht,AP-rank,124,prefix_b,0,280,448
pusht,AP-rank,125,clean,1,139,224
pusht,AP-rank,125,prefix_a,1,144,232
pusht,AP-rank,125,prefix_b,1,139,224
pusht,AP-rank,126,clean,1,154,248
pusht,AP-rank,126,prefix_a,1,144,232
pusht,AP-rank,126,prefix_b,1,184,296
pusht,AP-rank,127,clean,1,142,232
pusht,AP-rank,127,prefix_a,1,145,232
pusht,AP-rank,127,prefix_b,1,142,232
pusht,CEM (final goal),0,clean,0,280,504112
pusht,CEM (final goal),0,prefix_a,0,280,504112
pusht,CEM (final goal),0,prefix_b,0,280,504112
pusht,CEM (final goal),1,clean,0,280,504112
pusht,CEM (final goal),1,prefix_a,0,280,504112
pusht,CEM (final goal),1,prefix_b,0,280,504112
pusht,CEM (final goal),2,clean,0,280,504112
pusht,CEM (final goal),2,prefix_a,0,280,504112
pusht,CEM (final goal),2,prefix_b,0,280,504112
pusht,CEM (final goal),3,clean,0,280,504112
pusht,CEM (final goal),3,prefix_a,0,280,504112
pusht,CEM (final goal),3,prefix_b,0,280,504112
pusht,CEM (final goal),4,clean,0,280,504112
pusht,CEM (final goal),4,prefix_a,0,280,504112
pusht,CEM (final goal),4,prefix_b,0,280,504112
pusht,CEM (final goal),5,clean,0,280,504112
pusht,CEM (final goal),5,prefix_a,0,280,504112
pusht,CEM (final goal),5,prefix_b,0,280,504112
pusht,CEM (final goal),6,clean,0,280,504112
pusht,CEM (final goal),6,prefix_a,0,280,504112
pusht,CEM (final goal),6,prefix_b,0,280,504112
pusht,CEM (final goal),7,clean,0,280,504112
pusht,CEM (final goal),7,prefix_a,0,280,504112
pusht,CEM (final goal),7,prefix_b,0,280,504112
pusht,CEM (final goal),8,clean,0,280,504112
pusht,CEM (final goal),8,prefix_a,0,280,504112
pusht,CEM (final goal),8,prefix_b,0,280,504112
pusht,CEM (final goal),9,clean,0,280,504112
pusht,CEM (final goal),9,prefix_a,0,280,504112
pusht,CEM (final goal),9,prefix_b,0,280,504112
pusht,CEM (final goal),10,clean,0,280,504112
pusht,CEM (final goal),10,prefix_a,0,280,504112
pusht,CEM (final goal),10,prefix_b,0,280,504112
pusht,CEM (final goal),11,clean,0,280,504112
pusht,CEM (final goal),11,prefix_a,0,280,504112
pusht,CEM (final goal),11,prefix_b,0,280,504112
pusht,CEM (final goal),12,clean,0,280,504112
pusht,CEM (final goal),12,prefix_a,0,280,504112
pusht,CEM (final goal),12,prefix_b,0,280,504112
pusht,CEM (final goal),13,clean,0,280,504112
pusht,CEM (final goal),13,prefix_a,0,280,504112
pusht,CEM (final goal),13,prefix_b,0,280,504112
pusht,CEM (final goal),14,clean,0,280,504112
pusht,CEM (final goal),14,prefix_a,0,280,504112
pusht,CEM (final goal),14,prefix_b,0,280,504112
pusht,CEM (final goal),15,clean,0,280,504112
pusht,CEM (final goal),15,prefix_a,0,280,504112
pusht,CEM (final goal),15,prefix_b,1,21,45010
pusht,CEM (final goal),16,clean,0,280,504112
pusht,CEM (final goal),16,prefix_a,0,280,504112
pusht,CEM (final goal),16,prefix_b,0,280,504112
pusht,CEM (final goal),17,clean,0,280,504112
pusht,CEM (final goal),17,prefix_a,0,280,504112
pusht,CEM (final goal),17,prefix_b,0,280,504112
pusht,CEM (final goal),18,clean,0,280,504112
pusht,CEM (final goal),18,prefix_a,0,280,504112
pusht,CEM (final goal),18,prefix_b,0,280,504112
pusht,CEM (final goal),19,clean,0,280,504112
pusht,CEM (final goal),19,prefix_a,0,280,504112
pusht,CEM (final goal),19,prefix_b,0,280,504112
pusht,CEM (final goal),20,clean,0,280,504112
pusht,CEM (final goal),20,prefix_a,0,280,504112
pusht,CEM (final goal),20,prefix_b,0,280,504112
pusht,CEM (final goal),21,clean,0,280,504112
pusht,CEM (final goal),21,prefix_a,0,280,504112
pusht,CEM (final goal),21,prefix_b,0,280,504112
pusht,CEM (final goal),22,clean,0,280,504112
pusht,CEM (final goal),22,prefix_a,0,280,504112
pusht,CEM (final goal),22,prefix_b,0,280,504112
pusht,CEM (final goal),23,clean,0,280,504112
pusht,CEM (final goal),23,prefix_a,0,280,504112
pusht,CEM (final goal),23,prefix_b,0,280,504112
pusht,CEM (final goal),24,clean,0,280,504112
pusht,CEM (final goal),24,prefix_a,0,280,504112
pusht,CEM (final goal),24,prefix_b,0,280,504112
pusht,CEM (final goal),25,clean,0,280,504112
pusht,CEM (final goal),25,prefix_a,0,280,504112
pusht,CEM (final goal),25,prefix_b,0,280,504112
pusht,CEM (final goal),26,clean,0,280,504112
pusht,CEM (final goal),26,prefix_a,0,280,504112
pusht,CEM (final goal),26,prefix_b,0,280,504112
pusht,CEM (final goal),27,clean,0,280,504112
pusht,CEM (final goal),27,prefix_a,0,280,504112
pusht,CEM (final goal),27,prefix_b,0,280,504112
pusht,CEM (final goal),28,clean,0,280,504112
pusht,CEM (final goal),28,prefix_a,0,280,504112
pusht,CEM (final goal),28,prefix_b,0,280,504112
pusht,CEM (final goal),29,clean,0,280,504112
pusht,CEM (final goal),29,prefix_a,0,280,504112
pusht,CEM (final goal),29,prefix_b,0,280,504112
pusht,CEM (final goal),30,clean,0,280,504112
pusht,CEM (final goal),30,prefix_a,0,280,504112
pusht,CEM (final goal),30,prefix_b,0,280,504112
pusht,CEM (final goal),31,clean,0,280,504112
pusht,CEM (final goal),31,prefix_a,0,280,504112
pusht,CEM (final goal),31,prefix_b,0,280,504112
pusht,CEM (final goal),32,clean,0,280,504112
pusht,CEM (final goal),32,prefix_a,0,280,504112
pusht,CEM (final goal),32,prefix_b,0,280,504112
pusht,CEM (final goal),33,clean,0,280,504112
pusht,CEM (final goal),33,prefix_a,0,280,504112
pusht,CEM (final goal),33,prefix_b,0,280,504112
pusht,CEM (final goal),34,clean,0,280,504112
pusht,CEM (final goal),34,prefix_a,0,280,504112
pusht,CEM (final goal),34,prefix_b,0,280,504112
pusht,CEM (final goal),35,clean,0,280,504112
pusht,CEM (final goal),35,prefix_a,0,280,504112
pusht,CEM (final goal),35,prefix_b,0,280,504112
pusht,CEM (final goal),36,clean,0,280,504112
pusht,CEM (final goal),36,prefix_a,0,280,504112
pusht,CEM (final goal),36,prefix_b,0,280,504112
pusht,CEM (final goal),37,clean,0,280,504112
pusht,CEM (final goal),37,prefix_a,0,280,504112
pusht,CEM (final goal),37,prefix_b,0,280,504112
pusht,CEM (final goal),38,clean,0,280,504112
pusht,CEM (final goal),38,prefix_a,0,280,504112
pusht,CEM (final goal),38,prefix_b,0,280,504112
pusht,CEM (final goal),39,clean,0,280,504112
pusht,CEM (final goal),39,prefix_a,0,280,504112
pusht,CEM (final goal),39,prefix_b,0,280,504112
pusht,CEM (final goal),40,clean,0,280,504112
pusht,CEM (final goal),40,prefix_a,0,280,504112
pusht,CEM (final goal),40,prefix_b,0,280,504112
pusht,CEM (final goal),41,clean,0,280,504112
pusht,CEM (final goal),41,prefix_a,0,280,504112
pusht,CEM (final goal),41,prefix_b,0,280,504112
pusht,CEM (final goal),42,clean,0,280,504112
pusht,CEM (final goal),42,prefix_a,0,280,504112
pusht,CEM (final goal),42,prefix_b,0,280,504112
pusht,CEM (final goal),43,clean,0,280,504112
pusht,CEM (final goal),43,prefix_a,0,280,504112
pusht,CEM (final goal),43,prefix_b,0,280,504112
pusht,CEM (final goal),44,clean,0,280,504112
pusht,CEM (final goal),44,prefix_a,0,280,504112
pusht,CEM (final goal),44,prefix_b,0,280,504112
pusht,CEM (final goal),45,clean,0,280,504112
pusht,CEM (final goal),45,prefix_a,0,280,504112
pusht,CEM (final goal),45,prefix_b,0,280,504112
pusht,CEM (final goal),46,clean,0,280,504112
pusht,CEM (final goal),46,prefix_a,0,280,504112
pusht,CEM (final goal),46,prefix_b,0,280,504112
pusht,CEM (final goal),47,clean,0,280,504112
pusht,CEM (final goal),47,prefix_a,0,280,504112
pusht,CEM (final goal),47,prefix_b,0,280,504112
pusht,CEM (final goal),48,clean,0,280,504112
pusht,CEM (final goal),48,prefix_a,0,280,504112
pusht,CEM (final goal),48,prefix_b,0,280,504112
pusht,CEM (final goal),49,clean,0,280,504112
pusht,CEM (final goal),49,prefix_a,0,280,504112
pusht,CEM (final goal),49,prefix_b,0,280,504112
pusht,CEM (final goal),50,clean,0,280,504112
pusht,CEM (final goal),50,prefix_a,0,280,504112
pusht,CEM (final goal),50,prefix_b,0,280,504112
pusht,CEM (final goal),51,clean,0,280,504112
pusht,CEM (final goal),51,prefix_a,0,280,504112
pusht,CEM (final goal),51,prefix_b,0,280,504112
pusht,CEM (final goal),52,clean,1,14,27006
pusht,CEM (final goal),52,prefix_a,1,9,18004
pusht,CEM (final goal),52,prefix_b,1,14,27006
pusht,CEM (final goal),53,clean,0,280,504112
pusht,CEM (final goal),53,prefix_a,1,19,36008
pusht,CEM (final goal),53,prefix_b,1,10,18004
pusht,CEM (final goal),54,clean,0,280,504112
pusht,CEM (final goal),54,prefix_a,0,280,504112
pusht,CEM (final goal),54,prefix_b,0,280,504112
pusht,CEM (final goal),55,clean,0,280,504112
pusht,CEM (final goal),55,prefix_a,0,280,504112
pusht,CEM (final goal),55,prefix_b,0,280,504112
pusht,CEM (final goal),56,clean,0,280,504112
pusht,CEM (final goal),56,prefix_a,0,280,504112
pusht,CEM (final goal),56,prefix_b,0,280,504112
pusht,CEM (final goal),57,clean,0,280,504112
pusht,CEM (final goal),57,prefix_a,0,280,504112
pusht,CEM (final goal),57,prefix_b,0,280,504112
pusht,CEM (final goal),58,clean,0,280,504112
pusht,CEM (final goal),58,prefix_a,0,280,504112
pusht,CEM (final goal),58,prefix_b,0,280,504112
pusht,CEM (final goal),59,clean,0,280,504112
pusht,CEM (final goal),59,prefix_a,0,280,504112
pusht,CEM (final goal),59,prefix_b,0,280,504112
pusht,CEM (final goal),60,clean,0,280,504112
pusht,CEM (final goal),60,prefix_a,0,280,504112
pusht,CEM (final goal),60,prefix_b,0,280,504112
pusht,CEM (final goal),61,clean,0,280,504112
pusht,CEM (final goal),61,prefix_a,0,280,504112
pusht,CEM (final goal),61,prefix_b,0,280,504112
pusht,CEM (final goal),62,clean,0,280,504112
pusht,CEM (final goal),62,prefix_a,0,280,504112
pusht,CEM (final goal),62,prefix_b,0,280,504112
pusht,CEM (final goal),63,clean,0,280,504112
pusht,CEM (final goal),63,prefix_a,0,280,504112
pusht,CEM (final goal),63,prefix_b,0,280,504112
pusht,CEM (final goal),64,clean,0,280,504112
pusht,CEM (final goal),64,prefix_a,0,280,504112
pusht,CEM (final goal),64,prefix_b,0,280,504112
pusht,CEM (final goal),65,clean,0,280,504112
pusht,CEM (final goal),65,prefix_a,0,280,504112
pusht,CEM (final goal),65,prefix_b,0,280,504112
pusht,CEM (final goal),66,clean,0,280,504112
pusht,CEM (final goal),66,prefix_a,0,280,504112
pusht,CEM (final goal),66,prefix_b,0,280,504112
pusht,CEM (final goal),67,clean,0,280,504112
pusht,CEM (final goal),67,prefix_a,0,280,504112
pusht,CEM (final goal),67,prefix_b,0,280,504112
pusht,CEM (final goal),68,clean,0,280,504112
pusht,CEM (final goal),68,prefix_a,0,280,504112
pusht,CEM (final goal),68,prefix_b,0,280,504112
pusht,CEM (final goal),69,clean,0,280,504112
pusht,CEM (final goal),69,prefix_a,0,280,504112
pusht,CEM (final goal),69,prefix_b,0,280,504112
pusht,CEM (final goal),70,clean,0,280,504112
pusht,CEM (final goal),70,prefix_a,0,280,504112
pusht,CEM (final goal),70,prefix_b,0,280,504112
pusht,CEM (final goal),71,clean,0,280,504112
pusht,CEM (final goal),71,prefix_a,0,280,504112
pusht,CEM (final goal),71,prefix_b,0,280,504112
pusht,CEM (final goal),72,clean,0,280,504112
pusht,CEM (final goal),72,prefix_a,0,280,504112
pusht,CEM (final goal),72,prefix_b,0,280,504112
pusht,CEM (final goal),73,clean,0,280,504112
pusht,CEM (final goal),73,prefix_a,0,280,504112
pusht,CEM (final goal),73,prefix_b,0,280,504112
pusht,CEM (final goal),74,clean,0,280,504112
pusht,CEM (final goal),74,prefix_a,0,280,504112
pusht,CEM (final goal),74,prefix_b,0,280,504112
pusht,CEM (final goal),75,clean,0,280,504112
pusht,CEM (final goal),75,prefix_a,0,280,504112
pusht,CEM (final goal),75,prefix_b,0,280,504112
pusht,CEM (final goal),76,clean,0,280,504112
pusht,CEM (final goal),76,prefix_a,0,280,504112
pusht,CEM (final goal),76,prefix_b,0,280,504112
pusht,CEM (final goal),77,clean,0,280,504112
pusht,CEM (final goal),77,prefix_a,0,280,504112
pusht,CEM (final goal),77,prefix_b,0,280,504112
pusht,CEM (final goal),78,clean,0,280,504112
pusht,CEM (final goal),78,prefix_a,0,280,504112
pusht,CEM (final goal),78,prefix_b,0,280,504112
pusht,CEM (final goal),79,clean,0,280,504112
pusht,CEM (final goal),79,prefix_a,0,280,504112
pusht,CEM (final goal),79,prefix_b,0,280,504112
pusht,CEM (final goal),80,clean,0,280,504112
pusht,CEM (final goal),80,prefix_a,0,280,504112
pusht,CEM (final goal),80,prefix_b,0,280,504112
pusht,CEM (final goal),81,clean,0,280,504112
pusht,CEM (final goal),81,prefix_a,0,280,504112
pusht,CEM (final goal),81,prefix_b,0,280,504112
pusht,CEM (final goal),82,clean,0,280,504112
pusht,CEM (final goal),82,prefix_a,0,280,504112
pusht,CEM (final goal),82,prefix_b,0,280,504112
pusht,CEM (final goal),83,clean,0,280,504112
pusht,CEM (final goal),83,prefix_a,0,280,504112
pusht,CEM (final goal),83,prefix_b,0,280,504112
pusht,CEM (final goal),84,clean,0,280,504112
pusht,CEM (final goal),84,prefix_a,0,280,504112
pusht,CEM (final goal),84,prefix_b,0,280,504112
pusht,CEM (final goal),85,clean,0,280,504112
pusht,CEM (final goal),85,prefix_a,0,280,504112
pusht,CEM (final goal),85,prefix_b,0,280,504112
pusht,CEM (final goal),86,clean,0,280,504112
pusht,CEM (final goal),86,prefix_a,0,280,504112
pusht,CEM (final goal),86,prefix_b,0,280,504112
pusht,CEM (final goal),87,clean,0,280,504112
pusht,CEM (final goal),87,prefix_a,0,280,504112
pusht,CEM (final goal),87,prefix_b,0,280,504112
pusht,CEM (final goal),88,clean,0,280,504112
pusht,CEM (final goal),88,prefix_a,0,280,504112
pusht,CEM (final goal),88,prefix_b,0,280,504112
pusht,CEM (final goal),89,clean,0,280,504112
pusht,CEM (final goal),89,prefix_a,0,280,504112
pusht,CEM (final goal),89,prefix_b,0,280,504112
pusht,CEM (final goal),90,clean,0,280,504112
pusht,CEM (final goal),90,prefix_a,0,280,504112
pusht,CEM (final goal),90,prefix_b,0,280,504112
pusht,CEM (final goal),91,clean,0,280,504112
pusht,CEM (final goal),91,prefix_a,0,280,504112
pusht,CEM (final goal),91,prefix_b,0,280,504112
pusht,CEM (final goal),92,clean,0,280,504112
pusht,CEM (final goal),92,prefix_a,0,280,504112
pusht,CEM (final goal),92,prefix_b,0,280,504112
pusht,CEM (final goal),93,clean,0,280,504112
pusht,CEM (final goal),93,prefix_a,0,280,504112
pusht,CEM (final goal),93,prefix_b,0,280,504112
pusht,CEM (final goal),94,clean,0,280,504112
pusht,CEM (final goal),94,prefix_a,0,280,504112
pusht,CEM (final goal),94,prefix_b,0,280,504112
pusht,CEM (final goal),95,clean,0,280,504112
pusht,CEM (final goal),95,prefix_a,0,280,504112
pusht,CEM (final goal),95,prefix_b,0,280,504112
pusht,CEM (final goal),96,clean,0,280,504112
pusht,CEM (final goal),96,prefix_a,0,280,504112
pusht,CEM (final goal),96,prefix_b,0,280,504112
pusht,CEM (final goal),97,clean,0,280,504112
pusht,CEM (final goal),97,prefix_a,0,280,504112
pusht,CEM (final goal),97,prefix_b,0,280,504112
pusht,CEM (final goal),98,clean,0,280,504112
pusht,CEM (final goal),98,prefix_a,0,280,504112
pusht,CEM (final goal),98,prefix_b,0,280,504112
pusht,CEM (final goal),99,clean,0,280,504112
pusht,CEM (final goal),99,prefix_a,0,280,504112
pusht,CEM (final goal),99,prefix_b,0,280,504112
pusht,CEM (final goal),100,clean,0,280,504112
pusht,CEM (final goal),100,prefix_a,0,280,504112
pusht,CEM (final goal),100,prefix_b,0,280,504112
pusht,CEM (final goal),101,clean,0,280,504112
pusht,CEM (final goal),101,prefix_a,0,280,504112
pusht,CEM (final goal),101,prefix_b,0,280,504112
pusht,CEM (final goal),102,clean,0,280,504112
pusht,CEM (final goal),102,prefix_a,0,280,504112
pusht,CEM (final goal),102,prefix_b,0,280,504112
pusht,CEM (final goal),103,clean,0,280,504112
pusht,CEM (final goal),103,prefix_a,0,280,504112
pusht,CEM (final goal),103,prefix_b,0,280,504112
pusht,CEM (final goal),104,clean,0,280,504112
pusht,CEM (final goal),104,prefix_a,0,280,504112
pusht,CEM (final goal),104,prefix_b,0,280,504112
pusht,CEM (final goal),105,clean,0,280,504112
pusht,CEM (final goal),105,prefix_a,0,280,504112
pusht,CEM (final goal),105,prefix_b,0,280,504112
pusht,CEM (final goal),106,clean,0,280,504112
pusht,CEM (final goal),106,prefix_a,0,280,504112
pusht,CEM (final goal),106,prefix_b,0,280,504112
pusht,CEM (final goal),107,clean,0,280,504112
pusht,CEM (final goal),107,prefix_a,0,280,504112
pusht,CEM (final goal),107,prefix_b,0,280,504112
pusht,CEM (final goal),108,clean,0,280,504112
pusht,CEM (final goal),108,prefix_a,0,280,504112
pusht,CEM (final goal),108,prefix_b,0,280,504112
pusht,CEM (final goal),109,clean,0,280,504112
pusht,CEM (final goal),109,prefix_a,0,280,504112
pusht,CEM (final goal),109,prefix_b,0,280,504112
pusht,CEM (final goal),110,clean,0,280,504112
pusht,CEM (final goal),110,prefix_a,0,280,504112
pusht,CEM (final goal),110,prefix_b,0,280,504112
pusht,CEM (final goal),111,clean,1,60,108024
pusht,CEM (final goal),111,prefix_a,0,280,504112
pusht,CEM (final goal),111,prefix_b,0,280,504112
pusht,CEM (final goal),112,clean,0,280,504112
pusht,CEM (final goal),112,prefix_a,0,280,504112
pusht,CEM (final goal),112,prefix_b,0,280,504112
pusht,CEM (final goal),113,clean,0,280,504112
pusht,CEM (final goal),113,prefix_a,0,280,504112
pusht,CEM (final goal),113,prefix_b,0,280,504112
pusht,CEM (final goal),114,clean,0,280,504112
pusht,CEM (final goal),114,prefix_a,0,280,504112
pusht,CEM (final goal),114,prefix_b,0,280,504112
pusht,CEM (final goal),115,clean,1,13,27006
pusht,CEM (final goal),115,prefix_a,0,280,504112
pusht,CEM (final goal),115,prefix_b,1,6,18004
pusht,CEM (final goal),116,clean,0,280,504112
pusht,CEM (final goal),116,prefix_a,1,19,36008
pusht,CEM (final goal),116,prefix_b,0,280,504112
pusht,CEM (final goal),117,clean,0,280,504112
pusht,CEM (final goal),117,prefix_a,0,280,504112
pusht,CEM (final goal),117,prefix_b,0,280,504112
pusht,CEM (final goal),118,clean,0,280,504112
pusht,CEM (final goal),118,prefix_a,0,280,504112
pusht,CEM (final goal),118,prefix_b,0,280,504112
pusht,CEM (final goal),119,clean,0,280,504112
pusht,CEM (final goal),119,prefix_a,0,280,504112
pusht,CEM (final goal),119,prefix_b,0,280,504112
pusht,CEM (final goal),120,clean,0,280,504112
pusht,CEM (final goal),120,prefix_a,0,280,504112
pusht,CEM (final goal),120,prefix_b,0,280,504112
pusht,CEM (final goal),121,clean,0,280,504112
pusht,CEM (final goal),121,prefix_a,0,280,504112
pusht,CEM (final goal),121,prefix_b,0,280,504112
pusht,CEM (final goal),122,clean,0,280,504112
pusht,CEM (final goal),122,prefix_a,0,280,504112
pusht,CEM (final goal),122,prefix_b,0,280,504112
pusht,CEM (final goal),123,clean,0,280,504112
pusht,CEM (final goal),123,prefix_a,0,280,504112
pusht,CEM (final goal),123,prefix_b,0,280,504112
pusht,CEM (final goal),124,clean,0,280,504112
pusht,CEM (final goal),124,prefix_a,0,280,504112
pusht,CEM (final goal),124,prefix_b,0,280,504112
pusht,CEM (final goal),125,clean,0,280,504112
pusht,CEM (final goal),125,prefix_a,0,280,504112
pusht,CEM (final goal),125,prefix_b,0,280,504112
pusht,CEM (final goal),126,clean,0,280,504112
pusht,CEM (final goal),126,prefix_a,0,280,504112
pusht,CEM (final goal),126,prefix_b,0,280,504112
pusht,CEM (final goal),127,clean,0,280,504112
pusht,CEM (final goal),127,prefix_a,0,280,504112
pusht,CEM (final goal),127,prefix_b,0,280,504112
pusht,CEM (learned target),0,clean,0,280,504112
pusht,CEM (learned target),0,prefix_a,1,248,450100
pusht,CEM (learned target),0,prefix_b,1,253,459102
pusht,CEM (learned target),1,clean,1,75,135030
pusht,CEM (learned target),1,prefix_a,0,280,504112
pusht,CEM (learned target),1,prefix_b,1,70,126028
pusht,CEM (learned target),2,clean,1,158,288064
pusht,CEM (learned target),2,prefix_a,1,156,288064
pusht,CEM (learned target),2,prefix_b,0,280,504112
pusht,CEM (learned target),3,clean,1,140,252056
pusht,CEM (learned target),3,prefix_a,1,140,252056
pusht,CEM (learned target),3,prefix_b,1,145,261058
pusht,CEM (learned target),4,clean,1,139,252056
pusht,CEM (learned target),4,prefix_a,1,140,252056
pusht,CEM (learned target),4,prefix_b,1,138,252056
pusht,CEM (learned target),5,clean,0,280,504112
pusht,CEM (learned target),5,prefix_a,0,280,504112
pusht,CEM (learned target),5,prefix_b,0,280,504112
pusht,CEM (learned target),6,clean,0,280,504112
pusht,CEM (learned target),6,prefix_a,1,162,297066
pusht,CEM (learned target),6,prefix_b,0,280,504112
pusht,CEM (learned target),7,clean,1,154,279062
pusht,CEM (learned target),7,prefix_a,0,280,504112
pusht,CEM (learned target),7,prefix_b,1,140,252056
pusht,CEM (learned target),8,clean,1,144,261058
pusht,CEM (learned target),8,prefix_a,0,280,504112
pusht,CEM (learned target),8,prefix_b,0,280,504112
pusht,CEM (learned target),9,clean,0,280,504112
pusht,CEM (learned target),9,prefix_a,1,144,261058
pusht,CEM (learned target),9,prefix_b,1,146,270060
pusht,CEM (learned target),10,clean,1,163,297066
pusht,CEM (learned target),10,prefix_a,0,280,504112
pusht,CEM (learned target),10,prefix_b,0,280,504112
pusht,CEM (learned target),11,clean,0,280,504112
pusht,CEM (learned target),11,prefix_a,0,280,504112
pusht,CEM (learned target),11,prefix_b,1,139,252056
pusht,CEM (learned target),12,clean,0,280,504112
pusht,CEM (learned target),12,prefix_a,0,280,504112
pusht,CEM (learned target),12,prefix_b,0,280,504112
pusht,CEM (learned target),13,clean,0,280,504112
pusht,CEM (learned target),13,prefix_a,0,280,504112
pusht,CEM (learned target),13,prefix_b,0,280,504112
pusht,CEM (learned target),14,clean,0,280,504112
pusht,CEM (learned target),14,prefix_a,0,280,504112
pusht,CEM (learned target),14,prefix_b,0,280,504112
pusht,CEM (learned target),15,clean,0,280,504112
pusht,CEM (learned target),15,prefix_a,0,280,504112
pusht,CEM (learned target),15,prefix_b,0,280,504112
pusht,CEM (learned target),16,clean,1,217,396088
pusht,CEM (learned target),16,prefix_a,1,142,261058
pusht,CEM (learned target),16,prefix_b,0,280,504112
pusht,CEM (learned target),17,clean,0,280,504112
pusht,CEM (learned target),17,prefix_a,0,280,504112
pusht,CEM (learned target),17,prefix_b,0,280,504112
pusht,CEM (learned target),18,clean,1,149,270060
pusht,CEM (learned target),18,prefix_a,0,280,504112
pusht,CEM (learned target),18,prefix_b,1,198,360080
pusht,CEM (learned target),19,clean,1,121,225050
pusht,CEM (learned target),19,prefix_a,0,280,504112
pusht,CEM (learned target),19,prefix_b,1,98,180040
pusht,CEM (learned target),20,clean,0,280,504112
pusht,CEM (learned target),20,prefix_a,0,280,504112
pusht,CEM (learned target),20,prefix_b,0,280,504112
pusht,CEM (learned target),21,clean,0,280,504112
pusht,CEM (learned target),21,prefix_a,0,280,504112
pusht,CEM (learned target),21,prefix_b,0,280,504112
pusht,CEM (learned target),22,clean,0,280,504112
pusht,CEM (learned target),22,prefix_a,0,280,504112
pusht,CEM (learned target),22,prefix_b,0,280,504112
pusht,CEM (learned target),23,clean,0,280,504112
pusht,CEM (learned target),23,prefix_a,0,280,504112
pusht,CEM (learned target),23,prefix_b,1,180,324072
pusht,CEM (learned target),24,clean,0,280,504112
pusht,CEM (learned target),24,prefix_a,0,280,504112
pusht,CEM (learned target),24,prefix_b,0,280,504112
pusht,CEM (learned target),25,clean,0,280,504112
pusht,CEM (learned target),25,prefix_a,0,280,504112
pusht,CEM (learned target),25,prefix_b,0,280,504112
pusht,CEM (learned target),26,clean,1,142,261058
pusht,CEM (learned target),26,prefix_a,1,138,252056
pusht,CEM (learned target),26,prefix_b,1,148,270060
pusht,CEM (learned target),27,clean,1,138,252056
pusht,CEM (learned target),27,prefix_a,1,219,396088
pusht,CEM (learned target),27,prefix_b,1,160,288064
pusht,CEM (learned target),28,clean,0,280,504112
pusht,CEM (learned target),28,prefix_a,0,280,504112
pusht,CEM (learned target),28,prefix_b,0,280,504112
pusht,CEM (learned target),29,clean,1,143,261058
pusht,CEM (learned target),29,prefix_a,0,280,504112
pusht,CEM (learned target),29,prefix_b,1,140,252056
pusht,CEM (learned target),30,clean,1,135,243054
pusht,CEM (learned target),30,prefix_a,1,145,261058
pusht,CEM (learned target),30,prefix_b,1,219,396088
pusht,CEM (learned target),31,clean,1,143,261058
pusht,CEM (learned target),31,prefix_a,1,136,252056
pusht,CEM (learned target),31,prefix_b,1,144,261058
pusht,CEM (learned target),32,clean,1,151,279062
pusht,CEM (learned target),32,prefix_a,1,192,351078
pusht,CEM (learned target),32,prefix_b,0,280,504112
pusht,CEM (learned target),33,clean,0,280,504112
pusht,CEM (learned target),33,prefix_a,0,280,504112
pusht,CEM (learned target),33,prefix_b,0,280,504112
pusht,CEM (learned target),34,clean,1,97,180040
pusht,CEM (learned target),34,prefix_a,1,112,207046
pusht,CEM (learned target),34,prefix_b,1,100,180040
pusht,CEM (learned target),35,clean,0,280,504112
pusht,CEM (learned target),35,prefix_a,0,280,504112
pusht,CEM (learned target),35,prefix_b,0,280,504112
pusht,CEM (learned target),36,clean,0,280,504112
pusht,CEM (learned target),36,prefix_a,1,141,261058
pusht,CEM (learned target),36,prefix_b,0,280,504112
pusht,CEM (learned target),37,clean,0,280,504112
pusht,CEM (learned target),37,prefix_a,0,280,504112
pusht,CEM (learned target),37,prefix_b,0,280,504112
pusht,CEM (learned target),38,clean,0,280,504112
pusht,CEM (learned target),38,prefix_a,0,280,504112
pusht,CEM (learned target),38,prefix_b,0,280,504112
pusht,CEM (learned target),39,clean,0,280,504112
pusht,CEM (learned target),39,prefix_a,1,128,234052
pusht,CEM (learned target),39,prefix_b,1,132,243054
pusht,CEM (learned target),40,clean,1,153,279062
pusht,CEM (learned target),40,prefix_a,1,164,297066
pusht,CEM (learned target),40,prefix_b,0,280,504112
pusht,CEM (learned target),41,clean,0,280,504112
pusht,CEM (learned target),41,prefix_a,1,128,234052
pusht,CEM (learned target),41,prefix_b,1,130,234052
pusht,CEM (learned target),42,clean,1,142,261058
pusht,CEM (learned target),42,prefix_a,1,134,243054
pusht,CEM (learned target),42,prefix_b,1,137,252056
pusht,CEM (learned target),43,clean,0,280,504112
pusht,CEM (learned target),43,prefix_a,1,265,477106
pusht,CEM (learned target),43,prefix_b,1,150,270060
pusht,CEM (learned target),44,clean,1,135,243054
pusht,CEM (learned target),44,prefix_a,1,143,261058
pusht,CEM (learned target),44,prefix_b,1,138,252056
pusht,CEM (learned target),45,clean,0,280,504112
pusht,CEM (learned target),45,prefix_a,0,280,504112
pusht,CEM (learned target),45,prefix_b,0,280,504112
pusht,CEM (learned target),46,clean,1,150,270060
pusht,CEM (learned target),46,prefix_a,1,152,279062
pusht,CEM (learned target),46,prefix_b,0,280,504112
pusht,CEM (learned target),47,clean,1,152,279062
pusht,CEM (learned target),47,prefix_a,0,280,504112
pusht,CEM (learned target),47,prefix_b,1,116,216048
pusht,CEM (learned target),48,clean,1,145,261058
pusht,CEM (learned target),48,prefix_a,1,149,270060
pusht,CEM (learned target),48,prefix_b,1,144,261058
pusht,CEM (learned target),49,clean,1,137,252056
pusht,CEM (learned target),49,prefix_a,1,138,252056
pusht,CEM (learned target),49,prefix_b,1,142,261058
pusht,CEM (learned target),50,clean,1,141,261058
pusht,CEM (learned target),50,prefix_a,1,117,216048
pusht,CEM (learned target),50,prefix_b,1,142,261058
pusht,CEM (learned target),51,clean,0,280,504112
pusht,CEM (learned target),51,prefix_a,0,280,504112
pusht,CEM (learned target),51,prefix_b,0,280,504112
pusht,CEM (learned target),52,clean,0,280,504112
pusht,CEM (learned target),52,prefix_a,0,280,504112
pusht,CEM (learned target),52,prefix_b,0,280,504112
pusht,CEM (learned target),53,clean,0,280,504112
pusht,CEM (learned target),53,prefix_a,0,280,504112
pusht,CEM (learned target),53,prefix_b,0,280,504112
pusht,CEM (learned target),54,clean,1,145,261058
pusht,CEM (learned target),54,prefix_a,0,280,504112
pusht,CEM (learned target),54,prefix_b,0,280,504112
pusht,CEM (learned target),55,clean,0,280,504112
pusht,CEM (learned target),55,prefix_a,0,280,504112
pusht,CEM (learned target),55,prefix_b,0,280,504112
pusht,CEM (learned target),56,clean,1,149,270060
pusht,CEM (learned target),56,prefix_a,1,144,261058
pusht,CEM (learned target),56,prefix_b,1,150,270060
pusht,CEM (learned target),57,clean,0,280,504112
pusht,CEM (learned target),57,prefix_a,1,158,288064
pusht,CEM (learned target),57,prefix_b,1,191,351078
pusht,CEM (learned target),58,clean,0,280,504112
pusht,CEM (learned target),58,prefix_a,0,280,504112
pusht,CEM (learned target),58,prefix_b,0,280,504112
pusht,CEM (learned target),59,clean,1,140,252056
pusht,CEM (learned target),59,prefix_a,1,141,261058
pusht,CEM (learned target),59,prefix_b,1,140,252056
pusht,CEM (learned target),60,clean,1,134,243054
pusht,CEM (learned target),60,prefix_a,1,135,243054
pusht,CEM (learned target),60,prefix_b,1,135,243054
pusht,CEM (learned target),61,clean,0,280,504112
pusht,CEM (learned target),61,prefix_a,0,280,504112
pusht,CEM (learned target),61,prefix_b,0,280,504112
pusht,CEM (learned target),62,clean,1,138,252056
pusht,CEM (learned target),62,prefix_a,1,137,252056
pusht,CEM (learned target),62,prefix_b,1,137,252056
pusht,CEM (learned target),63,clean,0,280,504112
pusht,CEM (learned target),63,prefix_a,0,280,504112
pusht,CEM (learned target),63,prefix_b,0,280,504112
pusht,CEM (learned target),64,clean,0,280,504112
pusht,CEM (learned target),64,prefix_a,0,280,504112
pusht,CEM (learned target),64,prefix_b,0,280,504112
pusht,CEM (learned target),65,clean,1,139,252056
pusht,CEM (learned target),65,prefix_a,1,141,261058
pusht,CEM (learned target),65,prefix_b,1,151,279062
pusht,CEM (learned target),66,clean,0,280,504112
pusht,CEM (learned target),66,prefix_a,0,280,504112
pusht,CEM (learned target),66,prefix_b,0,280,504112
pusht,CEM (learned target),67,clean,1,155,279062
pusht,CEM (learned target),67,prefix_a,0,280,504112
pusht,CEM (learned target),67,prefix_b,1,170,306068
pusht,CEM (learned target),68,clean,1,79,144032
pusht,CEM (learned target),68,prefix_a,1,70,126028
pusht,CEM (learned target),68,prefix_b,1,77,144032
pusht,CEM (learned target),69,clean,0,280,504112
pusht,CEM (learned target),69,prefix_a,1,202,369082
pusht,CEM (learned target),69,prefix_b,1,254,459102
pusht,CEM (learned target),70,clean,0,280,504112
pusht,CEM (learned target),70,prefix_a,1,147,270060
pusht,CEM (learned target),70,prefix_b,1,127,234052
pusht,CEM (learned target),71,clean,0,280,504112
pusht,CEM (learned target),71,prefix_a,0,280,504112
pusht,CEM (learned target),71,prefix_b,0,280,504112
pusht,CEM (learned target),72,clean,1,134,243054
pusht,CEM (learned target),72,prefix_a,1,134,243054
pusht,CEM (learned target),72,prefix_b,1,134,243054
pusht,CEM (learned target),73,clean,0,280,504112
pusht,CEM (learned target),73,prefix_a,0,280,504112
pusht,CEM (learned target),73,prefix_b,0,280,504112
pusht,CEM (learned target),74,clean,0,280,504112
pusht,CEM (learned target),74,prefix_a,0,280,504112
pusht,CEM (learned target),74,prefix_b,0,280,504112
pusht,CEM (learned target),75,clean,1,109,198044
pusht,CEM (learned target),75,prefix_a,1,129,234052
pusht,CEM (learned target),75,prefix_b,1,134,243054
pusht,CEM (learned target),76,clean,1,145,261058
pusht,CEM (learned target),76,prefix_a,1,123,225050
pusht,CEM (learned target),76,prefix_b,0,280,504112
pusht,CEM (learned target),77,clean,0,280,504112
pusht,CEM (learned target),77,prefix_a,0,280,504112
pusht,CEM (learned target),77,prefix_b,0,280,504112
pusht,CEM (learned target),78,clean,1,145,261058
pusht,CEM (learned target),78,prefix_a,0,280,504112
pusht,CEM (learned target),78,prefix_b,1,235,423094
pusht,CEM (learned target),79,clean,1,144,261058
pusht,CEM (learned target),79,prefix_a,1,149,270060
pusht,CEM (learned target),79,prefix_b,1,140,252056
pusht,CEM (learned target),80,clean,0,280,504112
pusht,CEM (learned target),80,prefix_a,0,280,504112
pusht,CEM (learned target),80,prefix_b,0,280,504112
pusht,CEM (learned target),81,clean,0,280,504112
pusht,CEM (learned target),81,prefix_a,0,280,504112
pusht,CEM (learned target),81,prefix_b,0,280,504112
pusht,CEM (learned target),82,clean,0,280,504112
pusht,CEM (learned target),82,prefix_a,0,280,504112
pusht,CEM (learned target),82,prefix_b,1,133,243054
pusht,CEM (learned target),83,clean,0,280,504112
pusht,CEM (learned target),83,prefix_a,1,141,261058
pusht,CEM (learned target),83,prefix_b,1,140,252056
pusht,CEM (learned target),84,clean,1,136,252056
pusht,CEM (learned target),84,prefix_a,1,136,252056
pusht,CEM (learned target),84,prefix_b,0,280,504112
pusht,CEM (learned target),85,clean,1,139,252056
pusht,CEM (learned target),85,prefix_a,1,153,279062
pusht,CEM (learned target),85,prefix_b,0,280,504112
pusht,CEM (learned target),86,clean,0,280,504112
pusht,CEM (learned target),86,prefix_a,0,280,504112
pusht,CEM (learned target),86,prefix_b,0,280,504112
pusht,CEM (learned target),87,clean,0,280,504112
pusht,CEM (learned target),87,prefix_a,1,138,252056
pusht,CEM (learned target),87,prefix_b,1,142,261058
pusht,CEM (learned target),88,clean,1,144,261058
pusht,CEM (learned target),88,prefix_a,1,152,279062
pusht,CEM (learned target),88,prefix_b,1,147,270060
pusht,CEM (learned target),89,clean,0,280,504112
pusht,CEM (learned target),89,prefix_a,0,280,504112
pusht,CEM (learned target),89,prefix_b,0,280,504112
pusht,CEM (learned target),90,clean,1,75,135030
pusht,CEM (learned target),90,prefix_a,1,75,135030
pusht,CEM (learned target),90,prefix_b,1,80,144032
pusht,CEM (learned target),91,clean,1,152,279062
pusht,CEM (learned target),91,prefix_a,0,280,504112
pusht,CEM (learned target),91,prefix_b,0,280,504112
pusht,CEM (learned target),92,clean,0,280,504112
pusht,CEM (learned target),92,prefix_a,0,280,504112
pusht,CEM (learned target),92,prefix_b,0,280,504112
pusht,CEM (learned target),93,clean,0,280,504112
pusht,CEM (learned target),93,prefix_a,1,143,261058
pusht,CEM (learned target),93,prefix_b,1,139,252056
pusht,CEM (learned target),94,clean,1,152,279062
pusht,CEM (learned target),94,prefix_a,1,219,396088
pusht,CEM (learned target),94,prefix_b,1,136,252056
pusht,CEM (learned target),95,clean,1,210,378084
pusht,CEM (learned target),95,prefix_a,1,145,261058
pusht,CEM (learned target),95,prefix_b,1,139,252056
pusht,CEM (learned target),96,clean,0,280,504112
pusht,CEM (learned target),96,prefix_a,0,280,504112
pusht,CEM (learned target),96,prefix_b,0,280,504112
pusht,CEM (learned target),97,clean,1,122,225050
pusht,CEM (learned target),97,prefix_a,0,280,504112
pusht,CEM (learned target),97,prefix_b,0,280,504112
pusht,CEM (learned target),98,clean,1,121,225050
pusht,CEM (learned target),98,prefix_a,0,280,504112
pusht,CEM (learned target),98,prefix_b,0,280,504112
pusht,CEM (learned target),99,clean,1,145,261058
pusht,CEM (learned target),99,prefix_a,1,126,234052
pusht,CEM (learned target),99,prefix_b,1,159,288064
pusht,CEM (learned target),100,clean,1,145,261058
pusht,CEM (learned target),100,prefix_a,1,177,324072
pusht,CEM (learned target),100,prefix_b,1,167,306068
pusht,CEM (learned target),101,clean,1,134,243054
pusht,CEM (learned target),101,prefix_a,1,138,252056
pusht,CEM (learned target),101,prefix_b,1,136,252056
pusht,CEM (learned target),102,clean,1,138,252056
pusht,CEM (learned target),102,prefix_a,1,139,252056
pusht,CEM (learned target),102,prefix_b,1,138,252056
pusht,CEM (learned target),103,clean,0,280,504112
pusht,CEM (learned target),103,prefix_a,0,280,504112
pusht,CEM (learned target),103,prefix_b,0,280,504112
pusht,CEM (learned target),104,clean,0,280,504112
pusht,CEM (learned target),104,prefix_a,0,280,504112
pusht,CEM (learned target),104,prefix_b,0,280,504112
pusht,CEM (learned target),105,clean,1,143,261058
pusht,CEM (learned target),105,prefix_a,1,139,252056
pusht,CEM (learned target),105,prefix_b,1,111,207046
pusht,CEM (learned target),106,clean,1,146,270060
pusht,CEM (learned target),106,prefix_a,1,148,270060
pusht,CEM (learned target),106,prefix_b,1,149,270060
pusht,CEM (learned target),107,clean,1,165,297066
pusht,CEM (learned target),107,prefix_a,0,280,504112
pusht,CEM (learned target),107,prefix_b,0,280,504112
pusht,CEM (learned target),108,clean,1,139,252056
pusht,CEM (learned target),108,prefix_a,1,137,252056
pusht,CEM (learned target),108,prefix_b,1,137,252056
pusht,CEM (learned target),109,clean,1,157,288064
pusht,CEM (learned target),109,prefix_a,1,100,180040
pusht,CEM (learned target),109,prefix_b,1,165,297066
pusht,CEM (learned target),110,clean,1,138,252056
pusht,CEM (learned target),110,prefix_a,1,136,252056
pusht,CEM (learned target),110,prefix_b,1,138,252056
pusht,CEM (learned target),111,clean,0,280,504112
pusht,CEM (learned target),111,prefix_a,1,150,270060
pusht,CEM (learned target),111,prefix_b,1,140,252056
pusht,CEM (learned target),112,clean,1,139,252056
pusht,CEM (learned target),112,prefix_a,1,145,261058
pusht,CEM (learned target),112,prefix_b,1,144,261058
pusht,CEM (learned target),113,clean,0,280,504112
pusht,CEM (learned target),113,prefix_a,0,280,504112
pusht,CEM (learned target),113,prefix_b,0,280,504112
pusht,CEM (learned target),114,clean,1,138,252056
pusht,CEM (learned target),114,prefix_a,0,280,504112
pusht,CEM (learned target),114,prefix_b,1,145,261058
pusht,CEM (learned target),115,clean,0,280,504112
pusht,CEM (learned target),115,prefix_a,0,280,504112
pusht,CEM (learned target),115,prefix_b,0,280,504112
pusht,CEM (learned target),116,clean,0,280,504112
pusht,CEM (learned target),116,prefix_a,0,280,504112
pusht,CEM (learned target),116,prefix_b,0,280,504112
pusht,CEM (learned target),117,clean,1,144,261058
pusht,CEM (learned target),117,prefix_a,1,140,252056
pusht,CEM (learned target),117,prefix_b,0,280,504112
pusht,CEM (learned target),118,clean,1,274,495110
pusht,CEM (learned target),118,prefix_a,1,131,243054
pusht,CEM (learned target),118,prefix_b,0,280,504112
pusht,CEM (learned target),119,clean,0,280,504112
pusht,CEM (learned target),119,prefix_a,0,280,504112
pusht,CEM (learned target),119,prefix_b,0,280,504112
pusht,CEM (learned target),120,clean,1,138,252056
pusht,CEM (learned target),120,prefix_a,0,280,504112
pusht,CEM (learned target),120,prefix_b,0,280,504112
pusht,CEM (learned target),121,clean,1,75,135030
pusht,CEM (learned target),121,prefix_a,1,73,135030
pusht,CEM (learned target),121,prefix_b,1,152,279062
pusht,CEM (learned target),122,clean,1,142,261058
pusht,CEM (learned target),122,prefix_a,0,280,504112
pusht,CEM (learned target),122,prefix_b,0,280,504112
pusht,CEM (learned target),123,clean,0,280,504112
pusht,CEM (learned target),123,prefix_a,0,280,504112
pusht,CEM (learned target),123,prefix_b,0,280,504112
pusht,CEM (learned target),124,clean,1,137,252056
pusht,CEM (learned target),124,prefix_a,1,140,252056
pusht,CEM (learned target),124,prefix_b,1,140,252056
pusht,CEM (learned target),125,clean,1,130,234052
pusht,CEM (learned target),125,prefix_a,0,280,504112
pusht,CEM (learned target),125,prefix_b,1,133,243054
pusht,CEM (learned target),126,clean,0,280,504112
pusht,CEM (learned target),126,prefix_a,0,280,504112
pusht,CEM (learned target),126,prefix_b,1,147,270060
pusht,CEM (learned target),127,clean,1,141,261058
pusht,CEM (learned target),127,prefix_a,1,142,261058
pusht,CEM (learned target),127,prefix_b,0,280,504112
pusht,Direct,0,clean,0,280,0
pusht,Direct,0,prefix_a,0,280,0
pusht,Direct,0,prefix_b,0,280,0
pusht,Direct,1,clean,0,280,0
pusht,Direct,1,prefix_a,0,280,0
pusht,Direct,1,prefix_b,0,280,0
pusht,Direct,2,clean,1,139,0
pusht,Direct,2,prefix_a,0,280,0
pusht,Direct,2,prefix_b,0,280,0
pusht,Direct,3,clean,0,280,0
pusht,Direct,3,prefix_a,0,280,0
pusht,Direct,3,prefix_b,1,131,0
pusht,Direct,4,clean,1,136,0
pusht,Direct,4,prefix_a,0,280,0
pusht,Direct,4,prefix_b,0,280,0
pusht,Direct,5,clean,0,280,0
pusht,Direct,5,prefix_a,0,280,0
pusht,Direct,5,prefix_b,1,147,0
pusht,Direct,6,clean,1,140,0
pusht,Direct,6,prefix_a,0,280,0
pusht,Direct,6,prefix_b,0,280,0
pusht,Direct,7,clean,0,280,0
pusht,Direct,7,prefix_a,0,280,0
pusht,Direct,7,prefix_b,0,280,0
pusht,Direct,8,clean,1,148,0
pusht,Direct,8,prefix_a,0,280,0
pusht,Direct,8,prefix_b,0,280,0
pusht,Direct,9,clean,1,140,0
pusht,Direct,9,prefix_a,0,280,0
pusht,Direct,9,prefix_b,0,280,0
pusht,Direct,10,clean,1,139,0
pusht,Direct,10,prefix_a,0,280,0
pusht,Direct,10,prefix_b,0,280,0
pusht,Direct,11,clean,0,280,0
pusht,Direct,11,prefix_a,0,280,0
pusht,Direct,11,prefix_b,0,280,0
pusht,Direct,12,clean,0,280,0
pusht,Direct,12,prefix_a,0,280,0
pusht,Direct,12,prefix_b,0,280,0
pusht,Direct,13,clean,0,280,0
pusht,Direct,13,prefix_a,0,280,0
pusht,Direct,13,prefix_b,0,280,0
pusht,Direct,14,clean,0,280,0
pusht,Direct,14,prefix_a,1,141,0
pusht,Direct,14,prefix_b,0,280,0
pusht,Direct,15,clean,0,280,0
pusht,Direct,15,prefix_a,0,280,0
pusht,Direct,15,prefix_b,0,280,0
pusht,Direct,16,clean,1,132,0
pusht,Direct,16,prefix_a,1,133,0
pusht,Direct,16,prefix_b,1,133,0
pusht,Direct,17,clean,0,280,0
pusht,Direct,17,prefix_a,1,154,0
pusht,Direct,17,prefix_b,0,280,0
pusht,Direct,18,clean,1,101,0
pusht,Direct,18,prefix_a,0,280,0
pusht,Direct,18,prefix_b,0,280,0
pusht,Direct,19,clean,0,280,0
pusht,Direct,19,prefix_a,0,280,0
pusht,Direct,19,prefix_b,0,280,0
pusht,Direct,20,clean,0,280,0
pusht,Direct,20,prefix_a,0,280,0
pusht,Direct,20,prefix_b,0,280,0
pusht,Direct,21,clean,0,280,0
pusht,Direct,21,prefix_a,0,280,0
pusht,Direct,21,prefix_b,0,280,0
pusht,Direct,22,clean,1,156,0
pusht,Direct,22,prefix_a,0,280,0
pusht,Direct,22,prefix_b,1,138,0
pusht,Direct,23,clean,0,280,0
pusht,Direct,23,prefix_a,0,280,0
pusht,Direct,23,prefix_b,0,280,0
pusht,Direct,24,clean,1,142,0
pusht,Direct,24,prefix_a,0,280,0
pusht,Direct,24,prefix_b,0,280,0
pusht,Direct,25,clean,0,280,0
pusht,Direct,25,prefix_a,0,280,0
pusht,Direct,25,prefix_b,0,280,0
pusht,Direct,26,clean,1,139,0
pusht,Direct,26,prefix_a,0,280,0
pusht,Direct,26,prefix_b,0,280,0
pusht,Direct,27,clean,0,280,0
pusht,Direct,27,prefix_a,1,113,0
pusht,Direct,27,prefix_b,1,130,0
pusht,Direct,28,clean,0,280,0
pusht,Direct,28,prefix_a,0,280,0
pusht,Direct,28,prefix_b,0,280,0
pusht,Direct,29,clean,1,136,0
pusht,Direct,29,prefix_a,0,280,0
pusht,Direct,29,prefix_b,0,280,0
pusht,Direct,30,clean,1,141,0
pusht,Direct,30,prefix_a,0,280,0
pusht,Direct,30,prefix_b,0,280,0
pusht,Direct,31,clean,0,280,0
pusht,Direct,31,prefix_a,0,280,0
pusht,Direct,31,prefix_b,0,280,0
pusht,Direct,32,clean,0,280,0
pusht,Direct,32,prefix_a,0,280,0
pusht,Direct,32,prefix_b,0,280,0
pusht,Direct,33,clean,0,280,0
pusht,Direct,33,prefix_a,0,280,0
pusht,Direct,33,prefix_b,0,280,0
pusht,Direct,34,clean,1,137,0
pusht,Direct,34,prefix_a,0,280,0
pusht,Direct,34,prefix_b,1,144,0
pusht,Direct,35,clean,0,280,0
pusht,Direct,35,prefix_a,0,280,0
pusht,Direct,35,prefix_b,0,280,0
pusht,Direct,36,clean,0,280,0
pusht,Direct,36,prefix_a,0,280,0
pusht,Direct,36,prefix_b,0,280,0
pusht,Direct,37,clean,1,101,0
pusht,Direct,37,prefix_a,1,144,0
pusht,Direct,37,prefix_b,0,280,0
pusht,Direct,38,clean,0,280,0
pusht,Direct,38,prefix_a,0,280,0
pusht,Direct,38,prefix_b,0,280,0
pusht,Direct,39,clean,1,137,0
pusht,Direct,39,prefix_a,0,280,0
pusht,Direct,39,prefix_b,0,280,0
pusht,Direct,40,clean,1,139,0
pusht,Direct,40,prefix_a,0,280,0
pusht,Direct,40,prefix_b,0,280,0
pusht,Direct,41,clean,1,135,0
pusht,Direct,41,prefix_a,0,280,0
pusht,Direct,41,prefix_b,0,280,0
pusht,Direct,42,clean,0,280,0
pusht,Direct,42,prefix_a,0,280,0
pusht,Direct,42,prefix_b,0,280,0
pusht,Direct,43,clean,0,280,0
pusht,Direct,43,prefix_a,0,280,0
pusht,Direct,43,prefix_b,0,280,0
pusht,Direct,44,clean,1,137,0
pusht,Direct,44,prefix_a,0,280,0
pusht,Direct,44,prefix_b,0,280,0
pusht,Direct,45,clean,0,280,0
pusht,Direct,45,prefix_a,0,280,0
pusht,Direct,45,prefix_b,0,280,0
pusht,Direct,46,clean,1,139,0
pusht,Direct,46,prefix_a,0,280,0
pusht,Direct,46,prefix_b,0,280,0
pusht,Direct,47,clean,0,280,0
pusht,Direct,47,prefix_a,0,280,0
pusht,Direct,47,prefix_b,0,280,0
pusht,Direct,48,clean,1,137,0
pusht,Direct,48,prefix_a,0,280,0
pusht,Direct,48,prefix_b,1,138,0
pusht,Direct,49,clean,1,134,0
pusht,Direct,49,prefix_a,0,280,0
pusht,Direct,49,prefix_b,0,280,0
pusht,Direct,50,clean,1,126,0
pusht,Direct,50,prefix_a,1,268,0
pusht,Direct,50,prefix_b,0,280,0
pusht,Direct,51,clean,1,139,0
pusht,Direct,51,prefix_a,1,132,0
pusht,Direct,51,prefix_b,1,137,0
pusht,Direct,52,clean,1,181,0
pusht,Direct,52,prefix_a,1,138,0
pusht,Direct,52,prefix_b,1,138,0
pusht,Direct,53,clean,1,69,0
pusht,Direct,53,prefix_a,1,72,0
pusht,Direct,53,prefix_b,0,280,0
pusht,Direct,54,clean,1,139,0
pusht,Direct,54,prefix_a,0,280,0
pusht,Direct,54,prefix_b,0,280,0
pusht,Direct,55,clean,0,280,0
pusht,Direct,55,prefix_a,0,280,0
pusht,Direct,55,prefix_b,0,280,0
pusht,Direct,56,clean,0,280,0
pusht,Direct,56,prefix_a,0,280,0
pusht,Direct,56,prefix_b,0,280,0
pusht,Direct,57,clean,1,140,0
pusht,Direct,57,prefix_a,0,280,0
pusht,Direct,57,prefix_b,0,280,0
pusht,Direct,58,clean,1,139,0
pusht,Direct,58,prefix_a,0,280,0
pusht,Direct,58,prefix_b,0,280,0
pusht,Direct,59,clean,1,136,0
pusht,Direct,59,prefix_a,1,137,0
pusht,Direct,59,prefix_b,1,135,0
pusht,Direct,60,clean,1,138,0
pusht,Direct,60,prefix_a,1,139,0
pusht,Direct,60,prefix_b,0,280,0
pusht,Direct,61,clean,1,116,0
pusht,Direct,61,prefix_a,1,136,0
pusht,Direct,61,prefix_b,0,280,0
pusht,Direct,62,clean,1,137,0
pusht,Direct,62,prefix_a,0,280,0
pusht,Direct,62,prefix_b,0,280,0
pusht,Direct,63,clean,0,280,0
pusht,Direct,63,prefix_a,0,280,0
pusht,Direct,63,prefix_b,0,280,0
pusht,Direct,64,clean,0,280,0
pusht,Direct,64,prefix_a,1,115,0
pusht,Direct,64,prefix_b,0,280,0
pusht,Direct,65,clean,0,280,0
pusht,Direct,65,prefix_a,0,280,0
pusht,Direct,65,prefix_b,0,280,0
pusht,Direct,66,clean,0,280,0
pusht,Direct,66,prefix_a,1,139,0
pusht,Direct,66,prefix_b,0,280,0
pusht,Direct,67,clean,0,280,0
pusht,Direct,67,prefix_a,0,280,0
pusht,Direct,67,prefix_b,0,280,0
pusht,Direct,68,clean,1,72,0
pusht,Direct,68,prefix_a,1,75,0
pusht,Direct,68,prefix_b,0,280,0
pusht,Direct,69,clean,1,138,0
pusht,Direct,69,prefix_a,0,280,0
pusht,Direct,69,prefix_b,0,280,0
pusht,Direct,70,clean,0,280,0
pusht,Direct,70,prefix_a,0,280,0
pusht,Direct,70,prefix_b,0,280,0
pusht,Direct,71,clean,0,280,0
pusht,Direct,71,prefix_a,0,280,0
pusht,Direct,71,prefix_b,0,280,0
pusht,Direct,72,clean,0,280,0
pusht,Direct,72,prefix_a,1,181,0
pusht,Direct,72,prefix_b,0,280,0
pusht,Direct,73,clean,1,201,0
pusht,Direct,73,prefix_a,1,140,0
pusht,Direct,73,prefix_b,1,152,0
pusht,Direct,74,clean,0,280,0
pusht,Direct,74,prefix_a,1,144,0
pusht,Direct,74,prefix_b,0,280,0
pusht,Direct,75,clean,1,139,0
pusht,Direct,75,prefix_a,0,280,0
pusht,Direct,75,prefix_b,1,142,0
pusht,Direct,76,clean,0,280,0
pusht,Direct,76,prefix_a,0,280,0
pusht,Direct,76,prefix_b,0,280,0
pusht,Direct,77,clean,0,280,0
pusht,Direct,77,prefix_a,0,280,0
pusht,Direct,77,prefix_b,0,280,0
pusht,Direct,78,clean,1,143,0
pusht,Direct,78,prefix_a,0,280,0
pusht,Direct,78,prefix_b,0,280,0
pusht,Direct,79,clean,1,141,0
pusht,Direct,79,prefix_a,0,280,0
pusht,Direct,79,prefix_b,0,280,0
pusht,Direct,80,clean,0,280,0
pusht,Direct,80,prefix_a,0,280,0
pusht,Direct,80,prefix_b,0,280,0
pusht,Direct,81,clean,1,143,0
pusht,Direct,81,prefix_a,0,280,0
pusht,Direct,81,prefix_b,0,280,0
pusht,Direct,82,clean,0,280,0
pusht,Direct,82,prefix_a,0,280,0
pusht,Direct,82,prefix_b,0,280,0
pusht,Direct,83,clean,1,136,0
pusht,Direct,83,prefix_a,0,280,0
pusht,Direct,83,prefix_b,1,135,0
pusht,Direct,84,clean,0,280,0
pusht,Direct,84,prefix_a,1,134,0
pusht,Direct,84,prefix_b,0,280,0
pusht,Direct,85,clean,1,138,0
pusht,Direct,85,prefix_a,0,280,0
pusht,Direct,85,prefix_b,0,280,0
pusht,Direct,86,clean,0,280,0
pusht,Direct,86,prefix_a,0,280,0
pusht,Direct,86,prefix_b,0,280,0
pusht,Direct,87,clean,0,280,0
pusht,Direct,87,prefix_a,0,280,0
pusht,Direct,87,prefix_b,0,280,0
pusht,Direct,88,clean,1,137,0
pusht,Direct,88,prefix_a,0,280,0
pusht,Direct,88,prefix_b,0,280,0
pusht,Direct,89,clean,1,142,0
pusht,Direct,89,prefix_a,0,280,0
pusht,Direct,89,prefix_b,1,141,0
pusht,Direct,90,clean,0,280,0
pusht,Direct,90,prefix_a,0,280,0
pusht,Direct,90,prefix_b,0,280,0
pusht,Direct,91,clean,1,139,0
pusht,Direct,91,prefix_a,0,280,0
pusht,Direct,91,prefix_b,1,74,0
pusht,Direct,92,clean,0,280,0
pusht,Direct,92,prefix_a,0,280,0
pusht,Direct,92,prefix_b,0,280,0
pusht,Direct,93,clean,0,280,0
pusht,Direct,93,prefix_a,0,280,0
pusht,Direct,93,prefix_b,0,280,0
pusht,Direct,94,clean,0,280,0
pusht,Direct,94,prefix_a,0,280,0
pusht,Direct,94,prefix_b,0,280,0
pusht,Direct,95,clean,1,136,0
pusht,Direct,95,prefix_a,0,280,0
pusht,Direct,95,prefix_b,0,280,0
pusht,Direct,96,clean,0,280,0
pusht,Direct,96,prefix_a,0,280,0
pusht,Direct,96,prefix_b,0,280,0
pusht,Direct,97,clean,0,280,0
pusht,Direct,97,prefix_a,0,280,0
pusht,Direct,97,prefix_b,1,145,0
pusht,Direct,98,clean,0,280,0
pusht,Direct,98,prefix_a,0,280,0
pusht,Direct,98,prefix_b,0,280,0
pusht,Direct,99,clean,1,136,0
pusht,Direct,99,prefix_a,0,280,0
pusht,Direct,99,prefix_b,1,138,0
pusht,Direct,100,clean,0,280,0
pusht,Direct,100,prefix_a,0,280,0
pusht,Direct,100,prefix_b,1,137,0
pusht,Direct,101,clean,1,135,0
pusht,Direct,101,prefix_a,0,280,0
pusht,Direct,101,prefix_b,0,280,0
pusht,Direct,102,clean,1,137,0
pusht,Direct,102,prefix_a,1,178,0
pusht,Direct,102,prefix_b,0,280,0
pusht,Direct,103,clean,1,136,0
pusht,Direct,103,prefix_a,0,280,0
pusht,Direct,103,prefix_b,0,280,0
pusht,Direct,104,clean,0,280,0
pusht,Direct,104,prefix_a,1,145,0
pusht,Direct,104,prefix_b,0,280,0
pusht,Direct,105,clean,1,139,0
pusht,Direct,105,prefix_a,0,280,0
pusht,Direct,105,prefix_b,0,280,0
pusht,Direct,106,clean,1,139,0
pusht,Direct,106,prefix_a,1,139,0
pusht,Direct,106,prefix_b,1,139,0
pusht,Direct,107,clean,1,138,0
pusht,Direct,107,prefix_a,1,138,0
pusht,Direct,107,prefix_b,0,280,0
pusht,Direct,108,clean,0,280,0
pusht,Direct,108,prefix_a,0,280,0
pusht,Direct,108,prefix_b,1,134,0
pusht,Direct,109,clean,1,139,0
pusht,Direct,109,prefix_a,0,280,0
pusht,Direct,109,prefix_b,0,280,0
pusht,Direct,110,clean,1,139,0
pusht,Direct,110,prefix_a,1,139,0
pusht,Direct,110,prefix_b,0,280,0
pusht,Direct,111,clean,1,139,0
pusht,Direct,111,prefix_a,0,280,0
pusht,Direct,111,prefix_b,0,280,0
pusht,Direct,112,clean,1,138,0
pusht,Direct,112,prefix_a,1,137,0
pusht,Direct,112,prefix_b,0,280,0
pusht,Direct,113,clean,0,280,0
pusht,Direct,113,prefix_a,0,280,0
pusht,Direct,113,prefix_b,0,280,0
pusht,Direct,114,clean,1,131,0
pusht,Direct,114,prefix_a,0,280,0
pusht,Direct,114,prefix_b,0,280,0
pusht,Direct,115,clean,0,280,0
pusht,Direct,115,prefix_a,0,280,0
pusht,Direct,115,prefix_b,0,280,0
pusht,Direct,116,clean,1,140,0
pusht,Direct,116,prefix_a,0,280,0
pusht,Direct,116,prefix_b,1,144,0
pusht,Direct,117,clean,1,139,0
pusht,Direct,117,prefix_a,0,280,0
pusht,Direct,117,prefix_b,0,280,0
pusht,Direct,118,clean,0,280,0
pusht,Direct,118,prefix_a,0,280,0
pusht,Direct,118,prefix_b,0,280,0
pusht,Direct,119,clean,1,139,0
pusht,Direct,119,prefix_a,0,280,0
pusht,Direct,119,prefix_b,0,280,0
pusht,Direct,120,clean,1,139,0
pusht,Direct,120,prefix_a,0,280,0
pusht,Direct,120,prefix_b,0,280,0
pusht,Direct,121,clean,1,139,0
pusht,Direct,121,prefix_a,0,280,0
pusht,Direct,121,prefix_b,0,280,0
pusht,Direct,122,clean,0,280,0
pusht,Direct,122,prefix_a,0,280,0
pusht,Direct,122,prefix_b,0,280,0
pusht,Direct,123,clean,1,140,0
pusht,Direct,123,prefix_a,0,280,0
pusht,Direct,123,prefix_b,0,280,0
pusht,Direct,124,clean,1,137,0
pusht,Direct,124,prefix_a,0,280,0
pusht,Direct,124,prefix_b,0,280,0
pusht,Direct,125,clean,0,280,0
pusht,Direct,125,prefix_a,0,280,0
pusht,Direct,125,prefix_b,0,280,0
pusht,Direct,126,clean,0,280,0
pusht,Direct,126,prefix_a,0,280,0
pusht,Direct,126,prefix_b,0,280,0
pusht,Direct,127,clean,1,144,0
pusht,Direct,127,prefix_a,0,280,0
pusht,Direct,127,prefix_b,0,280,0
pusht,LeWM planner,0,clean,0,280,540000
pusht,LeWM planner,0,prefix_a,0,280,540000
pusht,LeWM planner,0,prefix_b,0,280,540000
pusht,LeWM planner,1,clean,0,280,540000
pusht,LeWM planner,1,prefix_a,0,280,540000
pusht,LeWM planner,1,prefix_b,0,280,540000
pusht,LeWM planner,2,clean,0,280,540000
pusht,LeWM planner,2,prefix_a,0,280,540000
pusht,LeWM planner,2,prefix_b,0,280,540000
pusht,LeWM planner,3,clean,0,280,540000
pusht,LeWM planner,3,prefix_a,0,280,540000
pusht,LeWM planner,3,prefix_b,0,280,540000
pusht,LeWM planner,4,clean,0,280,540000
pusht,LeWM planner,4,prefix_a,0,280,540000
pusht,LeWM planner,4,prefix_b,0,280,540000
pusht,LeWM planner,5,clean,0,280,540000
pusht,LeWM planner,5,prefix_a,0,280,540000
pusht,LeWM planner,5,prefix_b,0,280,540000
pusht,LeWM planner,6,clean,1,174,315000
pusht,LeWM planner,6,prefix_a,0,280,540000
pusht,LeWM planner,6,prefix_b,0,280,540000
pusht,LeWM planner,7,clean,0,280,540000
pusht,LeWM planner,7,prefix_a,0,280,540000
pusht,LeWM planner,7,prefix_b,0,280,540000
pusht,LeWM planner,8,clean,0,280,540000
pusht,LeWM planner,8,prefix_a,0,280,540000
pusht,LeWM planner,8,prefix_b,0,280,540000
pusht,LeWM planner,9,clean,0,280,540000
pusht,LeWM planner,9,prefix_a,0,280,540000
pusht,LeWM planner,9,prefix_b,0,280,540000
pusht,LeWM planner,10,clean,0,280,540000
pusht,LeWM planner,10,prefix_a,0,280,540000
pusht,LeWM planner,10,prefix_b,0,280,540000
pusht,LeWM planner,11,clean,0,280,540000
pusht,LeWM planner,11,prefix_a,0,280,540000
pusht,LeWM planner,11,prefix_b,0,280,540000
pusht,LeWM planner,12,clean,0,280,540000
pusht,LeWM planner,12,prefix_a,0,280,540000
pusht,LeWM planner,12,prefix_b,0,280,540000
pusht,LeWM planner,13,clean,0,280,540000
pusht,LeWM planner,13,prefix_a,0,280,540000
pusht,LeWM planner,13,prefix_b,0,280,540000
pusht,LeWM planner,14,clean,0,280,540000
pusht,LeWM planner,14,prefix_a,0,280,540000
pusht,LeWM planner,14,prefix_b,0,280,540000
pusht,LeWM planner,15,clean,1,249,450000
pusht,LeWM planner,15,prefix_a,1,49,90000
pusht,LeWM planner,15,prefix_b,0,280,540000
pusht,LeWM planner,16,clean,0,280,540000
pusht,LeWM planner,16,prefix_a,0,280,540000
pusht,LeWM planner,16,prefix_b,0,280,540000
pusht,LeWM planner,17,clean,1,74,135000
pusht,LeWM planner,17,prefix_a,1,75,135000
pusht,LeWM planner,17,prefix_b,1,75,135000
pusht,LeWM planner,18,clean,0,280,540000
pusht,LeWM planner,18,prefix_a,0,280,540000
pusht,LeWM planner,18,prefix_b,0,280,540000
pusht,LeWM planner,19,clean,0,280,540000
pusht,LeWM planner,19,prefix_a,0,280,540000
pusht,LeWM planner,19,prefix_b,0,280,540000
pusht,LeWM planner,20,clean,0,280,540000
pusht,LeWM planner,20,prefix_a,0,280,540000
pusht,LeWM planner,20,prefix_b,0,280,540000
pusht,LeWM planner,21,clean,0,280,540000
pusht,LeWM planner,21,prefix_a,0,280,540000
pusht,LeWM planner,21,prefix_b,0,280,540000
pusht,LeWM planner,22,clean,0,280,540000
pusht,LeWM planner,22,prefix_a,0,280,540000
pusht,LeWM planner,22,prefix_b,0,280,540000
pusht,LeWM planner,23,clean,1,24,45000
pusht,LeWM planner,23,prefix_a,1,24,45000
pusht,LeWM planner,23,prefix_b,1,24,45000
pusht,LeWM planner,24,clean,1,49,90000
pusht,LeWM planner,24,prefix_a,1,201,405000
pusht,LeWM planner,24,prefix_b,1,49,90000
pusht,LeWM planner,25,clean,0,280,540000
pusht,LeWM planner,25,prefix_a,0,280,540000
pusht,LeWM planner,25,prefix_b,0,280,540000
pusht,LeWM planner,26,clean,0,280,540000
pusht,LeWM planner,26,prefix_a,0,280,540000
pusht,LeWM planner,26,prefix_b,0,280,540000
pusht,LeWM planner,27,clean,0,280,540000
pusht,LeWM planner,27,prefix_a,0,280,540000
pusht,LeWM planner,27,prefix_b,0,280,540000
pusht,LeWM planner,28,clean,0,280,540000
pusht,LeWM planner,28,prefix_a,0,280,540000
pusht,LeWM planner,28,prefix_b,0,280,540000
pusht,LeWM planner,29,clean,0,280,540000
pusht,LeWM planner,29,prefix_a,0,280,540000
pusht,LeWM planner,29,prefix_b,0,280,540000
pusht,LeWM planner,30,clean,0,280,540000
pusht,LeWM planner,30,prefix_a,0,280,540000
pusht,LeWM planner,30,prefix_b,0,280,540000
pusht,LeWM planner,31,clean,0,280,540000
pusht,LeWM planner,31,prefix_a,0,280,540000
pusht,LeWM planner,31,prefix_b,0,280,540000
pusht,LeWM planner,32,clean,0,280,540000
pusht,LeWM planner,32,prefix_a,1,25,45000
pusht,LeWM planner,32,prefix_b,0,280,540000
pusht,LeWM planner,33,clean,0,280,540000
pusht,LeWM planner,33,prefix_a,0,280,540000
pusht,LeWM planner,33,prefix_b,0,280,540000
pusht,LeWM planner,34,clean,0,280,540000
pusht,LeWM planner,34,prefix_a,0,280,540000
pusht,LeWM planner,34,prefix_b,0,280,540000
pusht,LeWM planner,35,clean,0,280,540000
pusht,LeWM planner,35,prefix_a,0,280,540000
pusht,LeWM planner,35,prefix_b,0,280,540000
pusht,LeWM planner,36,clean,0,280,540000
pusht,LeWM planner,36,prefix_a,0,280,540000
pusht,LeWM planner,36,prefix_b,0,280,540000
pusht,LeWM planner,37,clean,0,280,540000
pusht,LeWM planner,37,prefix_a,0,280,540000
pusht,LeWM planner,37,prefix_b,0,280,540000
pusht,LeWM planner,38,clean,0,280,540000
pusht,LeWM planner,38,prefix_a,0,280,540000
pusht,LeWM planner,38,prefix_b,0,280,540000
pusht,LeWM planner,39,clean,0,280,540000
pusht,LeWM planner,39,prefix_a,0,280,540000
pusht,LeWM planner,39,prefix_b,0,280,540000
pusht,LeWM planner,40,clean,0,280,540000
pusht,LeWM planner,40,prefix_a,0,280,540000
pusht,LeWM planner,40,prefix_b,0,280,540000
pusht,LeWM planner,41,clean,0,280,540000
pusht,LeWM planner,41,prefix_a,0,280,540000
pusht,LeWM planner,41,prefix_b,0,280,540000
pusht,LeWM planner,42,clean,0,280,540000
pusht,LeWM planner,42,prefix_a,0,280,540000
pusht,LeWM planner,42,prefix_b,0,280,540000
pusht,LeWM planner,43,clean,0,280,540000
pusht,LeWM planner,43,prefix_a,0,280,540000
pusht,LeWM planner,43,prefix_b,0,280,540000
pusht,LeWM planner,44,clean,0,280,540000
pusht,LeWM planner,44,prefix_a,0,280,540000
pusht,LeWM planner,44,prefix_b,0,280,540000
pusht,LeWM planner,45,clean,0,280,540000
pusht,LeWM planner,45,prefix_a,0,280,540000
pusht,LeWM planner,45,prefix_b,0,280,540000
pusht,LeWM planner,46,clean,0,280,540000
pusht,LeWM planner,46,prefix_a,0,280,540000
pusht,LeWM planner,46,prefix_b,0,280,540000
pusht,LeWM planner,47,clean,0,280,540000
pusht,LeWM planner,47,prefix_a,0,280,540000
pusht,LeWM planner,47,prefix_b,0,280,540000
pusht,LeWM planner,48,clean,0,280,540000
pusht,LeWM planner,48,prefix_a,0,280,540000
pusht,LeWM planner,48,prefix_b,0,280,540000
pusht,LeWM planner,49,clean,0,280,540000
pusht,LeWM planner,49,prefix_a,0,280,540000
pusht,LeWM planner,49,prefix_b,0,280,540000
pusht,LeWM planner,50,clean,0,280,540000
pusht,LeWM planner,50,prefix_a,0,280,540000
pusht,LeWM planner,50,prefix_b,0,280,540000
pusht,LeWM planner,51,clean,0,280,540000
pusht,LeWM planner,51,prefix_a,0,280,540000
pusht,LeWM planner,51,prefix_b,0,280,540000
pusht,LeWM planner,52,clean,1,25,45000
pusht,LeWM planner,52,prefix_a,1,24,45000
pusht,LeWM planner,52,prefix_b,1,25,45000
pusht,LeWM planner,53,clean,1,33,90000
pusht,LeWM planner,53,prefix_a,1,45,90000
pusht,LeWM planner,53,prefix_b,1,48,90000
pusht,LeWM planner,54,clean,0,280,540000
pusht,LeWM planner,54,prefix_a,0,280,540000
pusht,LeWM planner,54,prefix_b,0,280,540000
pusht,LeWM planner,55,clean,0,280,540000
pusht,LeWM planner,55,prefix_a,0,280,540000
pusht,LeWM planner,55,prefix_b,1,78,180000
pusht,LeWM planner,56,clean,0,280,540000
pusht,LeWM planner,56,prefix_a,0,280,540000
pusht,LeWM planner,56,prefix_b,0,280,540000
pusht,LeWM planner,57,clean,0,280,540000
pusht,LeWM planner,57,prefix_a,0,280,540000
pusht,LeWM planner,57,prefix_b,1,122,225000
pusht,LeWM planner,58,clean,0,280,540000
pusht,LeWM planner,58,prefix_a,0,280,540000
pusht,LeWM planner,58,prefix_b,0,280,540000
pusht,LeWM planner,59,clean,0,280,540000
pusht,LeWM planner,59,prefix_a,0,280,540000
pusht,LeWM planner,59,prefix_b,0,280,540000
pusht,LeWM planner,60,clean,0,280,540000
pusht,LeWM planner,60,prefix_a,0,280,540000
pusht,LeWM planner,60,prefix_b,0,280,540000
pusht,LeWM planner,61,clean,0,280,540000
pusht,LeWM planner,61,prefix_a,0,280,540000
pusht,LeWM planner,61,prefix_b,0,280,540000
pusht,LeWM planner,62,clean,0,280,540000
pusht,LeWM planner,62,prefix_a,0,280,540000
pusht,LeWM planner,62,prefix_b,0,280,540000
pusht,LeWM planner,63,clean,0,280,540000
pusht,LeWM planner,63,prefix_a,0,280,540000
pusht,LeWM planner,63,prefix_b,0,280,540000
pusht,LeWM planner,64,clean,0,280,540000
pusht,LeWM planner,64,prefix_a,0,280,540000
pusht,LeWM planner,64,prefix_b,1,85,180000
pusht,LeWM planner,65,clean,0,280,540000
pusht,LeWM planner,65,prefix_a,0,280,540000
pusht,LeWM planner,65,prefix_b,0,280,540000
pusht,LeWM planner,66,clean,0,280,540000
pusht,LeWM planner,66,prefix_a,0,280,540000
pusht,LeWM planner,66,prefix_b,0,280,540000
pusht,LeWM planner,67,clean,0,280,540000
pusht,LeWM planner,67,prefix_a,0,280,540000
pusht,LeWM planner,67,prefix_b,0,280,540000
pusht,LeWM planner,68,clean,0,280,540000
pusht,LeWM planner,68,prefix_a,0,280,540000
pusht,LeWM planner,68,prefix_b,0,280,540000
pusht,LeWM planner,69,clean,0,280,540000
pusht,LeWM planner,69,prefix_a,0,280,540000
pusht,LeWM planner,69,prefix_b,0,280,540000
pusht,LeWM planner,70,clean,0,280,540000
pusht,LeWM planner,70,prefix_a,0,280,540000
pusht,LeWM planner,70,prefix_b,0,280,540000
pusht,LeWM planner,71,clean,0,280,540000
pusht,LeWM planner,71,prefix_a,0,280,540000
pusht,LeWM planner,71,prefix_b,0,280,540000
pusht,LeWM planner,72,clean,0,280,540000
pusht,LeWM planner,72,prefix_a,0,280,540000
pusht,LeWM planner,72,prefix_b,0,280,540000
pusht,LeWM planner,73,clean,0,280,540000
pusht,LeWM planner,73,prefix_a,0,280,540000
pusht,LeWM planner,73,prefix_b,0,280,540000
pusht,LeWM planner,74,clean,1,75,135000
pusht,LeWM planner,74,prefix_a,0,280,540000
pusht,LeWM planner,74,prefix_b,1,175,315000
pusht,LeWM planner,75,clean,0,280,540000
pusht,LeWM planner,75,prefix_a,0,280,540000
pusht,LeWM planner,75,prefix_b,0,280,540000
pusht,LeWM planner,76,clean,0,280,540000
pusht,LeWM planner,76,prefix_a,0,280,540000
pusht,LeWM planner,76,prefix_b,0,280,540000
pusht,LeWM planner,77,clean,0,280,540000
pusht,LeWM planner,77,prefix_a,0,280,540000
pusht,LeWM planner,77,prefix_b,0,280,540000
pusht,LeWM planner,78,clean,0,280,540000
pusht,LeWM planner,78,prefix_a,0,280,540000
pusht,LeWM planner,78,prefix_b,0,280,540000
pusht,LeWM planner,79,clean,0,280,540000
pusht,LeWM planner,79,prefix_a,0,280,540000
pusht,LeWM planner,79,prefix_b,0,280,540000
pusht,LeWM planner,80,clean,0,280,540000
pusht,LeWM planner,80,prefix_a,0,280,540000
pusht,LeWM planner,80,prefix_b,0,280,540000
pusht,LeWM planner,81,clean,0,280,540000
pusht,LeWM planner,81,prefix_a,0,280,540000
pusht,LeWM planner,81,prefix_b,0,280,540000
pusht,LeWM planner,82,clean,0,280,540000
pusht,LeWM planner,82,prefix_a,0,280,540000
pusht,LeWM planner,82,prefix_b,1,244,450000
pusht,LeWM planner,83,clean,0,280,540000
pusht,LeWM planner,83,prefix_a,0,280,540000
pusht,LeWM planner,83,prefix_b,0,280,540000
pusht,LeWM planner,84,clean,0,280,540000
pusht,LeWM planner,84,prefix_a,0,280,540000
pusht,LeWM planner,84,prefix_b,0,280,540000
pusht,LeWM planner,85,clean,0,280,540000
pusht,LeWM planner,85,prefix_a,0,280,540000
pusht,LeWM planner,85,prefix_b,0,280,540000
pusht,LeWM planner,86,clean,0,280,540000
pusht,LeWM planner,86,prefix_a,0,280,540000
pusht,LeWM planner,86,prefix_b,0,280,540000
pusht,LeWM planner,87,clean,0,280,540000
pusht,LeWM planner,87,prefix_a,1,63,135000
pusht,LeWM planner,87,prefix_b,0,280,540000
pusht,LeWM planner,88,clean,0,280,540000
pusht,LeWM planner,88,prefix_a,0,280,540000
pusht,LeWM planner,88,prefix_b,0,280,540000
pusht,LeWM planner,89,clean,0,280,540000
pusht,LeWM planner,89,prefix_a,0,280,540000
pusht,LeWM planner,89,prefix_b,0,280,540000
pusht,LeWM planner,90,clean,0,280,540000
pusht,LeWM planner,90,prefix_a,0,280,540000
pusht,LeWM planner,90,prefix_b,0,280,540000
pusht,LeWM planner,91,clean,0,280,540000
pusht,LeWM planner,91,prefix_a,0,280,540000
pusht,LeWM planner,91,prefix_b,0,280,540000
pusht,LeWM planner,92,clean,0,280,540000
pusht,LeWM planner,92,prefix_a,0,280,540000
pusht,LeWM planner,92,prefix_b,0,280,540000
pusht,LeWM planner,93,clean,0,280,540000
pusht,LeWM planner,93,prefix_a,0,280,540000
pusht,LeWM planner,93,prefix_b,0,280,540000
pusht,LeWM planner,94,clean,0,280,540000
pusht,LeWM planner,94,prefix_a,0,280,540000
pusht,LeWM planner,94,prefix_b,0,280,540000
pusht,LeWM planner,95,clean,0,280,540000
pusht,LeWM planner,95,prefix_a,0,280,540000
pusht,LeWM planner,95,prefix_b,0,280,540000
pusht,LeWM planner,96,clean,0,280,540000
pusht,LeWM planner,96,prefix_a,0,280,540000
pusht,LeWM planner,96,prefix_b,0,280,540000
pusht,LeWM planner,97,clean,0,280,540000
pusht,LeWM planner,97,prefix_a,0,280,540000
pusht,LeWM planner,97,prefix_b,0,280,540000
pusht,LeWM planner,98,clean,0,280,540000
pusht,LeWM planner,98,prefix_a,0,280,540000
pusht,LeWM planner,98,prefix_b,0,280,540000
pusht,LeWM planner,99,clean,0,280,540000
pusht,LeWM planner,99,prefix_a,0,280,540000
pusht,LeWM planner,99,prefix_b,0,280,540000
pusht,LeWM planner,100,clean,0,280,540000
pusht,LeWM planner,100,prefix_a,0,280,540000
pusht,LeWM planner,100,prefix_b,0,280,540000
pusht,LeWM planner,101,clean,0,280,540000
pusht,LeWM planner,101,prefix_a,0,280,540000
pusht,LeWM planner,101,prefix_b,0,280,540000
pusht,LeWM planner,102,clean,0,280,540000
pusht,LeWM planner,102,prefix_a,0,280,540000
pusht,LeWM planner,102,prefix_b,0,280,540000
pusht,LeWM planner,103,clean,1,175,315000
pusht,LeWM planner,103,prefix_a,0,280,540000
pusht,LeWM planner,103,prefix_b,0,280,540000
pusht,LeWM planner,104,clean,0,280,540000
pusht,LeWM planner,104,prefix_a,0,280,540000
pusht,LeWM planner,104,prefix_b,1,98,180000
pusht,LeWM planner,105,clean,0,280,540000
pusht,LeWM planner,105,prefix_a,0,280,540000
pusht,LeWM planner,105,prefix_b,0,280,540000
pusht,LeWM planner,106,clean,0,280,540000
pusht,LeWM planner,106,prefix_a,0,280,540000
pusht,LeWM planner,106,prefix_b,0,280,540000
pusht,LeWM planner,107,clean,0,280,540000
pusht,LeWM planner,107,prefix_a,0,280,540000
pusht,LeWM planner,107,prefix_b,0,280,540000
pusht,LeWM planner,108,clean,0,280,540000
pusht,LeWM planner,108,prefix_a,0,280,540000
pusht,LeWM planner,108,prefix_b,0,280,540000
pusht,LeWM planner,109,clean,0,280,540000
pusht,LeWM planner,109,prefix_a,0,280,540000
pusht,LeWM planner,109,prefix_b,0,280,540000
pusht,LeWM planner,110,clean,0,280,540000
pusht,LeWM planner,110,prefix_a,0,280,540000
pusht,LeWM planner,110,prefix_b,0,280,540000
pusht,LeWM planner,111,clean,0,280,540000
pusht,LeWM planner,111,prefix_a,1,250,450000
pusht,LeWM planner,111,prefix_b,0,280,540000
pusht,LeWM planner,112,clean,0,280,540000
pusht,LeWM planner,112,prefix_a,0,280,540000
pusht,LeWM planner,112,prefix_b,0,280,540000
pusht,LeWM planner,113,clean,0,280,540000
pusht,LeWM planner,113,prefix_a,0,280,540000
pusht,LeWM planner,113,prefix_b,0,280,540000
pusht,LeWM planner,114,clean,0,280,540000
pusht,LeWM planner,114,prefix_a,0,280,540000
pusht,LeWM planner,114,prefix_b,0,280,540000
pusht,LeWM planner,115,clean,0,280,540000
pusht,LeWM planner,115,prefix_a,0,280,540000
pusht,LeWM planner,115,prefix_b,0,280,540000
pusht,LeWM planner,116,clean,0,280,540000
pusht,LeWM planner,116,prefix_a,1,25,45000
pusht,LeWM planner,116,prefix_b,0,280,540000
pusht,LeWM planner,117,clean,0,280,540000
pusht,LeWM planner,117,prefix_a,0,280,540000
pusht,LeWM planner,117,prefix_b,0,280,540000
pusht,LeWM planner,118,clean,0,280,540000
pusht,LeWM planner,118,prefix_a,1,199,360000
pusht,LeWM planner,118,prefix_b,0,280,540000
pusht,LeWM planner,119,clean,0,280,540000
pusht,LeWM planner,119,prefix_a,0,280,540000
pusht,LeWM planner,119,prefix_b,1,99,180000
pusht,LeWM planner,120,clean,0,280,540000
pusht,LeWM planner,120,prefix_a,0,280,540000
pusht,LeWM planner,120,prefix_b,1,75,135000
pusht,LeWM planner,121,clean,0,280,540000
pusht,LeWM planner,121,prefix_a,0,280,540000
pusht,LeWM planner,121,prefix_b,0,280,540000
pusht,LeWM planner,122,clean,0,280,540000
pusht,LeWM planner,122,prefix_a,0,280,540000
pusht,LeWM planner,122,prefix_b,0,280,540000
pusht,LeWM planner,123,clean,0,280,540000
pusht,LeWM planner,123,prefix_a,0,280,540000
pusht,LeWM planner,123,prefix_b,0,280,540000
pusht,LeWM planner,124,clean,0,280,540000
pusht,LeWM planner,124,prefix_a,0,280,540000
pusht,LeWM planner,124,prefix_b,0,280,540000
pusht,LeWM planner,125,clean,0,280,540000
pusht,LeWM planner,125,prefix_a,0,280,540000
pusht,LeWM planner,125,prefix_b,0,280,540000
pusht,LeWM planner,126,clean,0,280,540000
pusht,LeWM planner,126,prefix_a,0,280,540000
pusht,LeWM planner,126,prefix_b,0,280,540000
pusht,LeWM planner,127,clean,0,280,540000
pusht,LeWM planner,127,prefix_a,0,280,540000
pusht,LeWM planner,127,prefix_b,0,280,540000
pusht,Rank (final goal),0,clean,0,280,448
pusht,Rank (final goal),0,prefix_a,0,280,448
pusht,Rank (final goal),0,prefix_b,0,280,448
pusht,Rank (final goal),1,clean,0,280,448
pusht,Rank (final goal),1,prefix_a,1,116,192
pusht,Rank (final goal),1,prefix_b,0,280,448
pusht,Rank (final goal),2,clean,1,136,224
pusht,Rank (final goal),2,prefix_a,1,150,240
pusht,Rank (final goal),2,prefix_b,0,280,448
pusht,Rank (final goal),3,clean,0,280,448
pusht,Rank (final goal),3,prefix_a,0,280,448
pusht,Rank (final goal),3,prefix_b,0,280,448
pusht,Rank (final goal),4,clean,1,129,208
pusht,Rank (final goal),4,prefix_a,0,280,448
pusht,Rank (final goal),4,prefix_b,0,280,448
pusht,Rank (final goal),5,clean,0,280,448
pusht,Rank (final goal),5,prefix_a,0,280,448
pusht,Rank (final goal),5,prefix_b,0,280,448
pusht,Rank (final goal),6,clean,0,280,448
pusht,Rank (final goal),6,prefix_a,0,280,448
pusht,Rank (final goal),6,prefix_b,0,280,448
pusht,Rank (final goal),7,clean,0,280,448
pusht,Rank (final goal),7,prefix_a,0,280,448
pusht,Rank (final goal),7,prefix_b,0,280,448
pusht,Rank (final goal),8,clean,0,280,448
pusht,Rank (final goal),8,prefix_a,0,280,448
pusht,Rank (final goal),8,prefix_b,0,280,448
pusht,Rank (final goal),9,clean,0,280,448
pusht,Rank (final goal),9,prefix_a,0,280,448
pusht,Rank (final goal),9,prefix_b,0,280,448
pusht,Rank (final goal),10,clean,1,138,224
pusht,Rank (final goal),10,prefix_a,0,280,448
pusht,Rank (final goal),10,prefix_b,0,280,448
pusht,Rank (final goal),11,clean,0,280,448
pusht,Rank (final goal),11,prefix_a,0,280,448
pusht,Rank (final goal),11,prefix_b,0,280,448
pusht,Rank (final goal),12,clean,0,280,448
pusht,Rank (final goal),12,prefix_a,0,280,448
pusht,Rank (final goal),12,prefix_b,0,280,448
pusht,Rank (final goal),13,clean,0,280,448
pusht,Rank (final goal),13,prefix_a,0,280,448
pusht,Rank (final goal),13,prefix_b,0,280,448
pusht,Rank (final goal),14,clean,0,280,448
pusht,Rank (final goal),14,prefix_a,0,280,448
pusht,Rank (final goal),14,prefix_b,0,280,448
pusht,Rank (final goal),15,clean,0,280,448
pusht,Rank (final goal),15,prefix_a,0,280,448
pusht,Rank (final goal),15,prefix_b,0,280,448
pusht,Rank (final goal),16,clean,1,138,224
pusht,Rank (final goal),16,prefix_a,0,280,448
pusht,Rank (final goal),16,prefix_b,1,128,208
pusht,Rank (final goal),17,clean,1,120,192
pusht,Rank (final goal),17,prefix_a,1,122,200
pusht,Rank (final goal),17,prefix_b,0,280,448
pusht,Rank (final goal),18,clean,1,135,216
pusht,Rank (final goal),18,prefix_a,0,280,448
pusht,Rank (final goal),18,prefix_b,0,280,448
pusht,Rank (final goal),19,clean,0,280,448
pusht,Rank (final goal),19,prefix_a,0,280,448
pusht,Rank (final goal),19,prefix_b,0,280,448
pusht,Rank (final goal),20,clean,0,280,448
pusht,Rank (final goal),20,prefix_a,0,280,448
pusht,Rank (final goal),20,prefix_b,0,280,448
pusht,Rank (final goal),21,clean,0,280,448
pusht,Rank (final goal),21,prefix_a,0,280,448
pusht,Rank (final goal),21,prefix_b,0,280,448
pusht,Rank (final goal),22,clean,0,280,448
pusht,Rank (final goal),22,prefix_a,0,280,448
pusht,Rank (final goal),22,prefix_b,1,130,208
pusht,Rank (final goal),23,clean,1,97,160
pusht,Rank (final goal),23,prefix_a,1,80,128
pusht,Rank (final goal),23,prefix_b,1,98,160
pusht,Rank (final goal),24,clean,0,280,448
pusht,Rank (final goal),24,prefix_a,1,136,224
pusht,Rank (final goal),24,prefix_b,0,280,448
pusht,Rank (final goal),25,clean,0,280,448
pusht,Rank (final goal),25,prefix_a,0,280,448
pusht,Rank (final goal),25,prefix_b,0,280,448
pusht,Rank (final goal),26,clean,1,135,216
pusht,Rank (final goal),26,prefix_a,0,280,448
pusht,Rank (final goal),26,prefix_b,0,280,448
pusht,Rank (final goal),27,clean,1,130,208
pusht,Rank (final goal),27,prefix_a,0,280,448
pusht,Rank (final goal),27,prefix_b,1,118,192
pusht,Rank (final goal),28,clean,0,280,448
pusht,Rank (final goal),28,prefix_a,0,280,448
pusht,Rank (final goal),28,prefix_b,0,280,448
pusht,Rank (final goal),29,clean,0,280,448
pusht,Rank (final goal),29,prefix_a,1,135,216
pusht,Rank (final goal),29,prefix_b,1,128,208
pusht,Rank (final goal),30,clean,0,280,448
pusht,Rank (final goal),30,prefix_a,0,280,448
pusht,Rank (final goal),30,prefix_b,0,280,448
pusht,Rank (final goal),31,clean,0,280,448
pusht,Rank (final goal),31,prefix_a,0,280,448
pusht,Rank (final goal),31,prefix_b,0,280,448
pusht,Rank (final goal),32,clean,0,280,448
pusht,Rank (final goal),32,prefix_a,0,280,448
pusht,Rank (final goal),32,prefix_b,0,280,448
pusht,Rank (final goal),33,clean,0,280,448
pusht,Rank (final goal),33,prefix_a,0,280,448
pusht,Rank (final goal),33,prefix_b,0,280,448
pusht,Rank (final goal),34,clean,0,280,448
pusht,Rank (final goal),34,prefix_a,0,280,448
pusht,Rank (final goal),34,prefix_b,0,280,448
pusht,Rank (final goal),35,clean,0,280,448
pusht,Rank (final goal),35,prefix_a,0,280,448
pusht,Rank (final goal),35,prefix_b,0,280,448
pusht,Rank (final goal),36,clean,0,280,448
pusht,Rank (final goal),36,prefix_a,0,280,448
pusht,Rank (final goal),36,prefix_b,0,280,448
pusht,Rank (final goal),37,clean,0,280,448
pusht,Rank (final goal),37,prefix_a,0,280,448
pusht,Rank (final goal),37,prefix_b,0,280,448
pusht,Rank (final goal),38,clean,0,280,448
pusht,Rank (final goal),38,prefix_a,0,280,448
pusht,Rank (final goal),38,prefix_b,0,280,448
pusht,Rank (final goal),39,clean,0,280,448
pusht,Rank (final goal),39,prefix_a,0,280,448
pusht,Rank (final goal),39,prefix_b,0,280,448
pusht,Rank (final goal),40,clean,1,140,224
pusht,Rank (final goal),40,prefix_a,1,115,184
pusht,Rank (final goal),40,prefix_b,0,280,448
pusht,Rank (final goal),41,clean,1,101,168
pusht,Rank (final goal),41,prefix_a,0,280,448
pusht,Rank (final goal),41,prefix_b,0,280,448
pusht,Rank (final goal),42,clean,0,280,448
pusht,Rank (final goal),42,prefix_a,0,280,448
pusht,Rank (final goal),42,prefix_b,0,280,448
pusht,Rank (final goal),43,clean,0,280,448
pusht,Rank (final goal),43,prefix_a,0,280,448
pusht,Rank (final goal),43,prefix_b,0,280,448
pusht,Rank (final goal),44,clean,0,280,448
pusht,Rank (final goal),44,prefix_a,0,280,448
pusht,Rank (final goal),44,prefix_b,1,135,216
pusht,Rank (final goal),45,clean,0,280,448
pusht,Rank (final goal),45,prefix_a,0,280,448
pusht,Rank (final goal),45,prefix_b,0,280,448
pusht,Rank (final goal),46,clean,0,280,448
pusht,Rank (final goal),46,prefix_a,0,280,448
pusht,Rank (final goal),46,prefix_b,0,280,448
pusht,Rank (final goal),47,clean,0,280,448
pusht,Rank (final goal),47,prefix_a,0,280,448
pusht,Rank (final goal),47,prefix_b,0,280,448
pusht,Rank (final goal),48,clean,1,137,224
pusht,Rank (final goal),48,prefix_a,0,280,448
pusht,Rank (final goal),48,prefix_b,0,280,448
pusht,Rank (final goal),49,clean,0,280,448
pusht,Rank (final goal),49,prefix_a,0,280,448
pusht,Rank (final goal),49,prefix_b,0,280,448
pusht,Rank (final goal),50,clean,1,131,216
pusht,Rank (final goal),50,prefix_a,0,280,448
pusht,Rank (final goal),50,prefix_b,0,280,448
pusht,Rank (final goal),51,clean,0,280,448
pusht,Rank (final goal),51,prefix_a,1,123,200
pusht,Rank (final goal),51,prefix_b,1,132,216
pusht,Rank (final goal),52,clean,1,98,160
pusht,Rank (final goal),52,prefix_a,0,280,448
pusht,Rank (final goal),52,prefix_b,1,100,160
pusht,Rank (final goal),53,clean,0,280,448
pusht,Rank (final goal),53,prefix_a,0,280,448
pusht,Rank (final goal),53,prefix_b,0,280,448
pusht,Rank (final goal),54,clean,0,280,448
pusht,Rank (final goal),54,prefix_a,0,280,448
pusht,Rank (final goal),54,prefix_b,0,280,448
pusht,Rank (final goal),55,clean,0,280,448
pusht,Rank (final goal),55,prefix_a,0,280,448
pusht,Rank (final goal),55,prefix_b,0,280,448
pusht,Rank (final goal),56,clean,0,280,448
pusht,Rank (final goal),56,prefix_a,0,280,448
pusht,Rank (final goal),56,prefix_b,0,280,448
pusht,Rank (final goal),57,clean,0,280,448
pusht,Rank (final goal),57,prefix_a,0,280,448
pusht,Rank (final goal),57,prefix_b,0,280,448
pusht,Rank (final goal),58,clean,0,280,448
pusht,Rank (final goal),58,prefix_a,1,132,216
pusht,Rank (final goal),58,prefix_b,0,280,448
pusht,Rank (final goal),59,clean,0,280,448
pusht,Rank (final goal),59,prefix_a,0,280,448
pusht,Rank (final goal),59,prefix_b,1,138,224
pusht,Rank (final goal),60,clean,0,280,448
pusht,Rank (final goal),60,prefix_a,0,280,448
pusht,Rank (final goal),60,prefix_b,0,280,448
pusht,Rank (final goal),61,clean,0,280,448
pusht,Rank (final goal),61,prefix_a,0,280,448
pusht,Rank (final goal),61,prefix_b,0,280,448
pusht,Rank (final goal),62,clean,0,280,448
pusht,Rank (final goal),62,prefix_a,0,280,448
pusht,Rank (final goal),62,prefix_b,1,137,224
pusht,Rank (final goal),63,clean,0,280,448
pusht,Rank (final goal),63,prefix_a,0,280,448
pusht,Rank (final goal),63,prefix_b,1,96,160
pusht,Rank (final goal),64,clean,0,280,448
pusht,Rank (final goal),64,prefix_a,0,280,448
pusht,Rank (final goal),64,prefix_b,0,280,448
pusht,Rank (final goal),65,clean,0,280,448
pusht,Rank (final goal),65,prefix_a,0,280,448
pusht,Rank (final goal),65,prefix_b,0,280,448
pusht,Rank (final goal),66,clean,0,280,448
pusht,Rank (final goal),66,prefix_a,0,280,448
pusht,Rank (final goal),66,prefix_b,0,280,448
pusht,Rank (final goal),67,clean,0,280,448
pusht,Rank (final goal),67,prefix_a,0,280,448
pusht,Rank (final goal),67,prefix_b,0,280,448
pusht,Rank (final goal),68,clean,0,280,448
pusht,Rank (final goal),68,prefix_a,0,280,448
pusht,Rank (final goal),68,prefix_b,0,280,448
pusht,Rank (final goal),69,clean,1,119,192
pusht,Rank (final goal),69,prefix_a,0,280,448
pusht,Rank (final goal),69,prefix_b,0,280,448
pusht,Rank (final goal),70,clean,0,280,448
pusht,Rank (final goal),70,prefix_a,0,280,448
pusht,Rank (final goal),70,prefix_b,0,280,448
pusht,Rank (final goal),71,clean,1,105,168
pusht,Rank (final goal),71,prefix_a,0,280,448
pusht,Rank (final goal),71,prefix_b,0,280,448
pusht,Rank (final goal),72,clean,0,280,448
pusht,Rank (final goal),72,prefix_a,0,280,448
pusht,Rank (final goal),72,prefix_b,0,280,448
pusht,Rank (final goal),73,clean,0,280,448
pusht,Rank (final goal),73,prefix_a,0,280,448
pusht,Rank (final goal),73,prefix_b,1,137,224
pusht,Rank (final goal),74,clean,1,91,152
pusht,Rank (final goal),74,prefix_a,0,280,448
pusht,Rank (final goal),74,prefix_b,0,280,448
pusht,Rank (final goal),75,clean,1,99,160
pusht,Rank (final goal),75,prefix_a,0,280,448
pusht,Rank (final goal),75,prefix_b,0,280,448
pusht,Rank (final goal),76,clean,0,280,448
pusht,Rank (final goal),76,prefix_a,0,280,448
pusht,Rank (final goal),76,prefix_b,0,280,448
pusht,Rank (final goal),77,clean,0,280,448
pusht,Rank (final goal),77,prefix_a,0,280,448
pusht,Rank (final goal),77,prefix_b,0,280,448
pusht,Rank (final goal),78,clean,0,280,448
pusht,Rank (final goal),78,prefix_a,0,280,448
pusht,Rank (final goal),78,prefix_b,0,280,448
pusht,Rank (final goal),79,clean,0,280,448
pusht,Rank (final goal),79,prefix_a,0,280,448
pusht,Rank (final goal),79,prefix_b,0,280,448
pusht,Rank (final goal),80,clean,0,280,448
pusht,Rank (final goal),80,prefix_a,0,280,448
pusht,Rank (final goal),80,prefix_b,0,280,448
pusht,Rank (final goal),81,clean,0,280,448
pusht,Rank (final goal),81,prefix_a,0,280,448
pusht,Rank (final goal),81,prefix_b,0,280,448
pusht,Rank (final goal),82,clean,1,134,216
pusht,Rank (final goal),82,prefix_a,0,280,448
pusht,Rank (final goal),82,prefix_b,0,280,448
pusht,Rank (final goal),83,clean,1,134,216
pusht,Rank (final goal),83,prefix_a,1,132,216
pusht,Rank (final goal),83,prefix_b,1,129,208
pusht,Rank (final goal),84,clean,0,280,448
pusht,Rank (final goal),84,prefix_a,0,280,448
pusht,Rank (final goal),84,prefix_b,0,280,448
pusht,Rank (final goal),85,clean,0,280,448
pusht,Rank (final goal),85,prefix_a,0,280,448
pusht,Rank (final goal),85,prefix_b,0,280,448
pusht,Rank (final goal),86,clean,0,280,448
pusht,Rank (final goal),86,prefix_a,0,280,448
pusht,Rank (final goal),86,prefix_b,0,280,448
pusht,Rank (final goal),87,clean,0,280,448
pusht,Rank (final goal),87,prefix_a,0,280,448
pusht,Rank (final goal),87,prefix_b,0,280,448
pusht,Rank (final goal),88,clean,1,139,224
pusht,Rank (final goal),88,prefix_a,0,280,448
pusht,Rank (final goal),88,prefix_b,0,280,448
pusht,Rank (final goal),89,clean,1,135,216
pusht,Rank (final goal),89,prefix_a,0,280,448
pusht,Rank (final goal),89,prefix_b,0,280,448
pusht,Rank (final goal),90,clean,0,280,448
pusht,Rank (final goal),90,prefix_a,0,280,448
pusht,Rank (final goal),90,prefix_b,0,280,448
pusht,Rank (final goal),91,clean,0,280,448
pusht,Rank (final goal),91,prefix_a,0,280,448
pusht,Rank (final goal),91,prefix_b,0,280,448
pusht,Rank (final goal),92,clean,0,280,448
pusht,Rank (final goal),92,prefix_a,0,280,448
pusht,Rank (final goal),92,prefix_b,0,280,448
pusht,Rank (final goal),93,clean,0,280,448
pusht,Rank (final goal),93,prefix_a,0,280,448
pusht,Rank (final goal),93,prefix_b,0,280,448
pusht,Rank (final goal),94,clean,0,280,448
pusht,Rank (final goal),94,prefix_a,0,280,448
pusht,Rank (final goal),94,prefix_b,0,280,448
pusht,Rank (final goal),95,clean,0,280,448
pusht,Rank (final goal),95,prefix_a,0,280,448
pusht,Rank (final goal),95,prefix_b,0,280,448
pusht,Rank (final goal),96,clean,0,280,448
pusht,Rank (final goal),96,prefix_a,0,280,448
pusht,Rank (final goal),96,prefix_b,0,280,448
pusht,Rank (final goal),97,clean,0,280,448
pusht,Rank (final goal),97,prefix_a,0,280,448
pusht,Rank (final goal),97,prefix_b,0,280,448
pusht,Rank (final goal),98,clean,0,280,448
pusht,Rank (final goal),98,prefix_a,0,280,448
pusht,Rank (final goal),98,prefix_b,0,280,448
pusht,Rank (final goal),99,clean,1,140,224
pusht,Rank (final goal),99,prefix_a,1,138,224
pusht,Rank (final goal),99,prefix_b,0,280,448
pusht,Rank (final goal),100,clean,0,280,448
pusht,Rank (final goal),100,prefix_a,0,280,448
pusht,Rank (final goal),100,prefix_b,0,280,448
pusht,Rank (final goal),101,clean,0,280,448
pusht,Rank (final goal),101,prefix_a,0,280,448
pusht,Rank (final goal),101,prefix_b,0,280,448
pusht,Rank (final goal),102,clean,1,136,224
pusht,Rank (final goal),102,prefix_a,1,139,224
pusht,Rank (final goal),102,prefix_b,0,280,448
pusht,Rank (final goal),103,clean,0,280,448
pusht,Rank (final goal),103,prefix_a,0,280,448
pusht,Rank (final goal),103,prefix_b,0,280,448
pusht,Rank (final goal),104,clean,0,280,448
pusht,Rank (final goal),104,prefix_a,0,280,448
pusht,Rank (final goal),104,prefix_b,0,280,448
pusht,Rank (final goal),105,clean,1,145,232
pusht,Rank (final goal),105,prefix_a,0,280,448
pusht,Rank (final goal),105,prefix_b,0,280,448
pusht,Rank (final goal),106,clean,1,139,224
pusht,Rank (final goal),106,prefix_a,0,280,448
pusht,Rank (final goal),106,prefix_b,1,129,208
pusht,Rank (final goal),107,clean,1,138,224
pusht,Rank (final goal),107,prefix_a,1,138,224
pusht,Rank (final goal),107,prefix_b,0,280,448
pusht,Rank (final goal),108,clean,0,280,448
pusht,Rank (final goal),108,prefix_a,1,129,208
pusht,Rank (final goal),108,prefix_b,0,280,448
pusht,Rank (final goal),109,clean,1,139,224
pusht,Rank (final goal),109,prefix_a,0,280,448
pusht,Rank (final goal),109,prefix_b,0,280,448
pusht,Rank (final goal),110,clean,0,280,448
pusht,Rank (final goal),110,prefix_a,1,94,152
pusht,Rank (final goal),110,prefix_b,0,280,448
pusht,Rank (final goal),111,clean,1,141,232
pusht,Rank (final goal),111,prefix_a,0,280,448
pusht,Rank (final goal),111,prefix_b,0,280,448
pusht,Rank (final goal),112,clean,0,280,448
pusht,Rank (final goal),112,prefix_a,0,280,448
pusht,Rank (final goal),112,prefix_b,0,280,448
pusht,Rank (final goal),113,clean,0,280,448
pusht,Rank (final goal),113,prefix_a,0,280,448
pusht,Rank (final goal),113,prefix_b,0,280,448
pusht,Rank (final goal),114,clean,0,280,448
pusht,Rank (final goal),114,prefix_a,0,280,448
pusht,Rank (final goal),114,prefix_b,0,280,448
pusht,Rank (final goal),115,clean,0,280,448
pusht,Rank (final goal),115,prefix_a,1,160,256
pusht,Rank (final goal),115,prefix_b,0,280,448
pusht,Rank (final goal),116,clean,1,34,56
pusht,Rank (final goal),116,prefix_a,0,280,448
pusht,Rank (final goal),116,prefix_b,1,136,224
pusht,Rank (final goal),117,clean,1,138,224
pusht,Rank (final goal),117,prefix_a,0,280,448
pusht,Rank (final goal),117,prefix_b,0,280,448
pusht,Rank (final goal),118,clean,0,280,448
pusht,Rank (final goal),118,prefix_a,0,280,448
pusht,Rank (final goal),118,prefix_b,0,280,448
pusht,Rank (final goal),119,clean,0,280,448
pusht,Rank (final goal),119,prefix_a,0,280,448
pusht,Rank (final goal),119,prefix_b,0,280,448
pusht,Rank (final goal),120,clean,0,280,448
pusht,Rank (final goal),120,prefix_a,0,280,448
pusht,Rank (final goal),120,prefix_b,0,280,448
pusht,Rank (final goal),121,clean,0,280,448
pusht,Rank (final goal),121,prefix_a,1,70,112
pusht,Rank (final goal),121,prefix_b,0,280,448
pusht,Rank (final goal),122,clean,0,280,448
pusht,Rank (final goal),122,prefix_a,0,280,448
pusht,Rank (final goal),122,prefix_b,1,138,224
pusht,Rank (final goal),123,clean,1,117,192
pusht,Rank (final goal),123,prefix_a,0,280,448
pusht,Rank (final goal),123,prefix_b,0,280,448
pusht,Rank (final goal),124,clean,0,280,448
pusht,Rank (final goal),124,prefix_a,0,280,448
pusht,Rank (final goal),124,prefix_b,0,280,448
pusht,Rank (final goal),125,clean,0,280,448
pusht,Rank (final goal),125,prefix_a,0,280,448
pusht,Rank (final goal),125,prefix_b,0,280,448
pusht,Rank (final goal),126,clean,1,144,232
pusht,Rank (final goal),126,prefix_a,0,280,448
pusht,Rank (final goal),126,prefix_b,0,280,448
pusht,Rank (final goal),127,clean,0,280,448
pusht,Rank (final goal),127,prefix_a,0,280,448
pusht,Rank (final goal),127,prefix_b,0,280,448
pusht,Rank (learned target),0,clean,0,280,448
pusht,Rank (learned target),0,prefix_a,0,280,448
pusht,Rank (learned target),0,prefix_b,0,280,448
pusht,Rank (learned target),1,clean,0,280,448
pusht,Rank (learned target),1,prefix_a,1,165,264
pusht,Rank (learned target),1,prefix_b,0,280,448
pusht,Rank (learned target),2,clean,1,142,232
pusht,Rank (learned target),2,prefix_a,0,280,448
pusht,Rank (learned target),2,prefix_b,0,280,448
pusht,Rank (learned target),3,clean,1,138,224
pusht,Rank (learned target),3,prefix_a,1,135,216
pusht,Rank (learned target),3,prefix_b,1,138,224
pusht,Rank (learned target),4,clean,1,137,224
pusht,Rank (learned target),4,prefix_a,1,136,224
pusht,Rank (learned target),4,prefix_b,1,139,224
pusht,Rank (learned target),5,clean,0,280,448
pusht,Rank (learned target),5,prefix_a,0,280,448
pusht,Rank (learned target),5,prefix_b,0,280,448
pusht,Rank (learned target),6,clean,1,151,248
pusht,Rank (learned target),6,prefix_a,1,149,240
pusht,Rank (learned target),6,prefix_b,1,150,240
pusht,Rank (learned target),7,clean,0,280,448
pusht,Rank (learned target),7,prefix_a,0,280,448
pusht,Rank (learned target),7,prefix_b,1,177,288
pusht,Rank (learned target),8,clean,1,151,248
pusht,Rank (learned target),8,prefix_a,1,138,224
pusht,Rank (learned target),8,prefix_b,1,133,216
pusht,Rank (learned target),9,clean,1,141,232
pusht,Rank (learned target),9,prefix_a,0,280,448
pusht,Rank (learned target),9,prefix_b,0,280,448
pusht,Rank (learned target),10,clean,1,138,224
pusht,Rank (learned target),10,prefix_a,0,280,448
pusht,Rank (learned target),10,prefix_b,0,280,448
pusht,Rank (learned target),11,clean,0,280,448
pusht,Rank (learned target),11,prefix_a,0,280,448
pusht,Rank (learned target),11,prefix_b,1,249,400
pusht,Rank (learned target),12,clean,1,138,224
pusht,Rank (learned target),12,prefix_a,0,280,448
pusht,Rank (learned target),12,prefix_b,0,280,448
pusht,Rank (learned target),13,clean,0,280,448
pusht,Rank (learned target),13,prefix_a,0,280,448
pusht,Rank (learned target),13,prefix_b,0,280,448
pusht,Rank (learned target),14,clean,0,280,448
pusht,Rank (learned target),14,prefix_a,0,280,448
pusht,Rank (learned target),14,prefix_b,0,280,448
pusht,Rank (learned target),15,clean,0,280,448
pusht,Rank (learned target),15,prefix_a,0,280,448
pusht,Rank (learned target),15,prefix_b,0,280,448
pusht,Rank (learned target),16,clean,1,138,224
pusht,Rank (learned target),16,prefix_a,0,280,448
pusht,Rank (learned target),16,prefix_b,1,137,224
pusht,Rank (learned target),17,clean,0,280,448
pusht,Rank (learned target),17,prefix_a,1,150,240
pusht,Rank (learned target),17,prefix_b,0,280,448
pusht,Rank (learned target),18,clean,1,103,168
pusht,Rank (learned target),18,prefix_a,0,280,448
pusht,Rank (learned target),18,prefix_b,0,280,448
pusht,Rank (learned target),19,clean,0,280,448
pusht,Rank (learned target),19,prefix_a,0,280,448
pusht,Rank (learned target),19,prefix_b,0,280,448
pusht,Rank (learned target),20,clean,0,280,448
pusht,Rank (learned target),20,prefix_a,0,280,448
pusht,Rank (learned target),20,prefix_b,1,144,232
pusht,Rank (learned target),21,clean,0,280,448
pusht,Rank (learned target),21,prefix_a,0,280,448
pusht,Rank (learned target),21,prefix_b,0,280,448
pusht,Rank (learned target),22,clean,1,139,224
pusht,Rank (learned target),22,prefix_a,1,134,216
pusht,Rank (learned target),22,prefix_b,1,134,216
pusht,Rank (learned target),23,clean,0,280,448
pusht,Rank (learned target),23,prefix_a,0,280,448
pusht,Rank (learned target),23,prefix_b,0,280,448
pusht,Rank (learned target),24,clean,1,144,232
pusht,Rank (learned target),24,prefix_a,1,145,232
pusht,Rank (learned target),24,prefix_b,0,280,448
pusht,Rank (learned target),25,clean,0,280,448
pusht,Rank (learned target),25,prefix_a,0,280,448
pusht,Rank (learned target),25,prefix_b,0,280,448
pusht,Rank (learned target),26,clean,1,139,224
pusht,Rank (learned target),26,prefix_a,0,280,448
pusht,Rank (learned target),26,prefix_b,0,280,448
pusht,Rank (learned target),27,clean,1,139,224
pusht,Rank (learned target),27,prefix_a,0,280,448
pusht,Rank (learned target),27,prefix_b,1,140,224
pusht,Rank (learned target),28,clean,0,280,448
pusht,Rank (learned target),28,prefix_a,0,280,448
pusht,Rank (learned target),28,prefix_b,0,280,448
pusht,Rank (learned target),29,clean,1,136,224
pusht,Rank (learned target),29,prefix_a,1,139,224
pusht,Rank (learned target),29,prefix_b,1,142,232
pusht,Rank (learned target),30,clean,1,150,240
pusht,Rank (learned target),30,prefix_a,1,136,224
pusht,Rank (learned target),30,prefix_b,0,280,448
pusht,Rank (learned target),31,clean,0,280,448
pusht,Rank (learned target),31,prefix_a,0,280,448
pusht,Rank (learned target),31,prefix_b,0,280,448
pusht,Rank (learned target),32,clean,0,280,448
pusht,Rank (learned target),32,prefix_a,0,280,448
pusht,Rank (learned target),32,prefix_b,1,149,240
pusht,Rank (learned target),33,clean,0,280,448
pusht,Rank (learned target),33,prefix_a,0,280,448
pusht,Rank (learned target),33,prefix_b,0,280,448
pusht,Rank (learned target),34,clean,1,129,208
pusht,Rank (learned target),34,prefix_a,0,280,448
pusht,Rank (learned target),34,prefix_b,1,108,176
pusht,Rank (learned target),35,clean,1,164,264
pusht,Rank (learned target),35,prefix_a,0,280,448
pusht,Rank (learned target),35,prefix_b,0,280,448
pusht,Rank (learned target),36,clean,0,280,448
pusht,Rank (learned target),36,prefix_a,0,280,448
pusht,Rank (learned target),36,prefix_b,1,133,216
pusht,Rank (learned target),37,clean,0,280,448
pusht,Rank (learned target),37,prefix_a,0,280,448
pusht,Rank (learned target),37,prefix_b,1,136,224
pusht,Rank (learned target),38,clean,0,280,448
pusht,Rank (learned target),38,prefix_a,0,280,448
pusht,Rank (learned target),38,prefix_b,0,280,448
pusht,Rank (learned target),39,clean,0,280,448
pusht,Rank (learned target),39,prefix_a,1,139,224
pusht,Rank (learned target),39,prefix_b,0,280,448
pusht,Rank (learned target),40,clean,1,139,224
pusht,Rank (learned target),40,prefix_a,0,280,448
pusht,Rank (learned target),40,prefix_b,0,280,448
pusht,Rank (learned target),41,clean,1,106,176
pusht,Rank (learned target),41,prefix_a,0,280,448
pusht,Rank (learned target),41,prefix_b,0,280,448
pusht,Rank (learned target),42,clean,0,280,448
pusht,Rank (learned target),42,prefix_a,0,280,448
pusht,Rank (learned target),42,prefix_b,1,137,224
pusht,Rank (learned target),43,clean,0,280,448
pusht,Rank (learned target),43,prefix_a,1,151,248
pusht,Rank (learned target),43,prefix_b,0,280,448
pusht,Rank (learned target),44,clean,1,140,224
pusht,Rank (learned target),44,prefix_a,0,280,448
pusht,Rank (learned target),44,prefix_b,0,280,448
pusht,Rank (learned target),45,clean,0,280,448
pusht,Rank (learned target),45,prefix_a,0,280,448
pusht,Rank (learned target),45,prefix_b,0,280,448
pusht,Rank (learned target),46,clean,1,170,272
pusht,Rank (learned target),46,prefix_a,1,138,224
pusht,Rank (learned target),46,prefix_b,0,280,448
pusht,Rank (learned target),47,clean,1,183,296
pusht,Rank (learned target),47,prefix_a,0,280,448
pusht,Rank (learned target),47,prefix_b,1,111,184
pusht,Rank (learned target),48,clean,1,139,224
pusht,Rank (learned target),48,prefix_a,0,280,448
pusht,Rank (learned target),48,prefix_b,1,139,224
pusht,Rank (learned target),49,clean,1,141,232
pusht,Rank (learned target),49,prefix_a,1,140,224
pusht,Rank (learned target),49,prefix_b,0,280,448
pusht,Rank (learned target),50,clean,1,145,232
pusht,Rank (learned target),50,prefix_a,0,280,448
pusht,Rank (learned target),50,prefix_b,0,280,448
pusht,Rank (learned target),51,clean,1,135,216
pusht,Rank (learned target),51,prefix_a,1,139,224
pusht,Rank (learned target),51,prefix_b,1,143,232
pusht,Rank (learned target),52,clean,1,148,240
pusht,Rank (learned target),52,prefix_a,0,280,448
pusht,Rank (learned target),52,prefix_b,1,144,232
pusht,Rank (learned target),53,clean,1,155,248
pusht,Rank (learned target),53,prefix_a,0,280,448
pusht,Rank (learned target),53,prefix_b,0,280,448
pusht,Rank (learned target),54,clean,1,140,224
pusht,Rank (learned target),54,prefix_a,1,140,224
pusht,Rank (learned target),54,prefix_b,0,280,448
pusht,Rank (learned target),55,clean,0,280,448
pusht,Rank (learned target),55,prefix_a,0,280,448
pusht,Rank (learned target),55,prefix_b,0,280,448
pusht,Rank (learned target),56,clean,0,280,448
pusht,Rank (learned target),56,prefix_a,0,280,448
pusht,Rank (learned target),56,prefix_b,0,280,448
pusht,Rank (learned target),57,clean,1,193,312
pusht,Rank (learned target),57,prefix_a,1,141,232
pusht,Rank (learned target),57,prefix_b,0,280,448
pusht,Rank (learned target),58,clean,0,280,448
pusht,Rank (learned target),58,prefix_a,0,280,448
pusht,Rank (learned target),58,prefix_b,0,280,448
pusht,Rank (learned target),59,clean,1,138,224
pusht,Rank (learned target),59,prefix_a,1,137,224
pusht,Rank (learned target),59,prefix_b,1,135,216
pusht,Rank (learned target),60,clean,1,138,224
pusht,Rank (learned target),60,prefix_a,1,138,224
pusht,Rank (learned target),60,prefix_b,1,170,272
pusht,Rank (learned target),61,clean,1,125,200
pusht,Rank (learned target),61,prefix_a,0,280,448
pusht,Rank (learned target),61,prefix_b,1,181,296
pusht,Rank (learned target),62,clean,0,280,448
pusht,Rank (learned target),62,prefix_a,0,280,448
pusht,Rank (learned target),62,prefix_b,1,137,224
pusht,Rank (learned target),63,clean,0,280,448
pusht,Rank (learned target),63,prefix_a,0,280,448
pusht,Rank (learned target),63,prefix_b,0,280,448
pusht,Rank (learned target),64,clean,0,280,448
pusht,Rank (learned target),64,prefix_a,0,280,448
pusht,Rank (learned target),64,prefix_b,0,280,448
pusht,Rank (learned target),65,clean,0,280,448
pusht,Rank (learned target),65,prefix_a,1,139,224
pusht,Rank (learned target),65,prefix_b,1,134,216
pusht,Rank (learned target),66,clean,0,280,448
pusht,Rank (learned target),66,prefix_a,0,280,448
pusht,Rank (learned target),66,prefix_b,0,280,448
pusht,Rank (learned target),67,clean,0,280,448
pusht,Rank (learned target),67,prefix_a,0,280,448
pusht,Rank (learned target),67,prefix_b,1,155,248
pusht,Rank (learned target),68,clean,1,137,224
pusht,Rank (learned target),68,prefix_a,0,280,448
pusht,Rank (learned target),68,prefix_b,0,280,448
pusht,Rank (learned target),69,clean,1,138,224
pusht,Rank (learned target),69,prefix_a,0,280,448
pusht,Rank (learned target),69,prefix_b,0,280,448
pusht,Rank (learned target),70,clean,0,280,448
pusht,Rank (learned target),70,prefix_a,0,280,448
pusht,Rank (learned target),70,prefix_b,0,280,448
pusht,Rank (learned target),71,clean,0,280,448
pusht,Rank (learned target),71,prefix_a,0,280,448
pusht,Rank (learned target),71,prefix_b,0,280,448
pusht,Rank (learned target),72,clean,1,151,248
pusht,Rank (learned target),72,prefix_a,1,128,208
pusht,Rank (learned target),72,prefix_b,1,155,248
pusht,Rank (learned target),73,clean,1,172,280
pusht,Rank (learned target),73,prefix_a,0,280,448
pusht,Rank (learned target),73,prefix_b,1,144,232
pusht,Rank (learned target),74,clean,0,280,448
pusht,Rank (learned target),74,prefix_a,0,280,448
pusht,Rank (learned target),74,prefix_b,0,280,448
pusht,Rank (learned target),75,clean,1,139,224
pusht,Rank (learned target),75,prefix_a,1,140,224
pusht,Rank (learned target),75,prefix_b,0,280,448
pusht,Rank (learned target),76,clean,1,136,224
pusht,Rank (learned target),76,prefix_a,0,280,448
pusht,Rank (learned target),76,prefix_b,0,280,448
pusht,Rank (learned target),77,clean,1,200,320
pusht,Rank (learned target),77,prefix_a,0,280,448
pusht,Rank (learned target),77,prefix_b,0,280,448
pusht,Rank (learned target),78,clean,1,138,224
pusht,Rank (learned target),78,prefix_a,0,280,448
pusht,Rank (learned target),78,prefix_b,1,155,248
pusht,Rank (learned target),79,clean,0,280,448
pusht,Rank (learned target),79,prefix_a,0,280,448
pusht,Rank (learned target),79,prefix_b,0,280,448
pusht,Rank (learned target),80,clean,0,280,448
pusht,Rank (learned target),80,prefix_a,0,280,448
pusht,Rank (learned target),80,prefix_b,0,280,448
pusht,Rank (learned target),81,clean,1,145,232
pusht,Rank (learned target),81,prefix_a,1,149,240
pusht,Rank (learned target),81,prefix_b,0,280,448
pusht,Rank (learned target),82,clean,0,280,448
pusht,Rank (learned target),82,prefix_a,0,280,448
pusht,Rank (learned target),82,prefix_b,0,280,448
pusht,Rank (learned target),83,clean,1,136,224
pusht,Rank (learned target),83,prefix_a,1,139,224
pusht,Rank (learned target),83,prefix_b,1,141,232
pusht,Rank (learned target),84,clean,1,128,208
pusht,Rank (learned target),84,prefix_a,1,131,216
pusht,Rank (learned target),84,prefix_b,1,135,216
pusht,Rank (learned target),85,clean,1,138,224
pusht,Rank (learned target),85,prefix_a,1,132,216
pusht,Rank (learned target),85,prefix_b,0,280,448
pusht,Rank (learned target),86,clean,1,136,224
pusht,Rank (learned target),86,prefix_a,0,280,448
pusht,Rank (learned target),86,prefix_b,1,134,216
pusht,Rank (learned target),87,clean,0,280,448
pusht,Rank (learned target),87,prefix_a,1,148,240
pusht,Rank (learned target),87,prefix_b,0,280,448
pusht,Rank (learned target),88,clean,1,137,224
pusht,Rank (learned target),88,prefix_a,1,145,232
pusht,Rank (learned target),88,prefix_b,1,139,224
pusht,Rank (learned target),89,clean,1,140,224
pusht,Rank (learned target),89,prefix_a,1,157,256
pusht,Rank (learned target),89,prefix_b,0,280,448
pusht,Rank (learned target),90,clean,1,77,128
pusht,Rank (learned target),90,prefix_a,1,73,120
pusht,Rank (learned target),90,prefix_b,1,73,120
pusht,Rank (learned target),91,clean,0,280,448
pusht,Rank (learned target),91,prefix_a,0,280,448
pusht,Rank (learned target),91,prefix_b,1,141,232
pusht,Rank (learned target),92,clean,0,280,448
pusht,Rank (learned target),92,prefix_a,0,280,448
pusht,Rank (learned target),92,prefix_b,0,280,448
pusht,Rank (learned target),93,clean,0,280,448
pusht,Rank (learned target),93,prefix_a,1,132,216
pusht,Rank (learned target),93,prefix_b,0,280,448
pusht,Rank (learned target),94,clean,0,280,448
pusht,Rank (learned target),94,prefix_a,0,280,448
pusht,Rank (learned target),94,prefix_b,1,174,280
pusht,Rank (learned target),95,clean,1,136,224
pusht,Rank (learned target),95,prefix_a,0,280,448
pusht,Rank (learned target),95,prefix_b,1,135,216
pusht,Rank (learned target),96,clean,0,280,448
pusht,Rank (learned target),96,prefix_a,0,280,448
pusht,Rank (learned target),96,prefix_b,1,141,232
pusht,Rank (learned target),97,clean,0,280,448
pusht,Rank (learned target),97,prefix_a,0,280,448
pusht,Rank (learned target),97,prefix_b,1,139,224
pusht,Rank (learned target),98,clean,0,280,448
pusht,Rank (learned target),98,prefix_a,0,280,448
pusht,Rank (learned target),98,prefix_b,0,280,448
pusht,Rank (learned target),99,clean,1,138,224
pusht,Rank (learned target),99,prefix_a,1,135,216
pusht,Rank (learned target),99,prefix_b,1,123,200
pusht,Rank (learned target),100,clean,1,137,224
pusht,Rank (learned target),100,prefix_a,1,153,248
pusht,Rank (learned target),100,prefix_b,1,149,240
pusht,Rank (learned target),101,clean,0,280,448
pusht,Rank (learned target),101,prefix_a,1,136,224
pusht,Rank (learned target),101,prefix_b,0,280,448
pusht,Rank (learned target),102,clean,1,137,224
pusht,Rank (learned target),102,prefix_a,0,280,448
pusht,Rank (learned target),102,prefix_b,0,280,448
pusht,Rank (learned target),103,clean,0,280,448
pusht,Rank (learned target),103,prefix_a,0,280,448
pusht,Rank (learned target),103,prefix_b,0,280,448
pusht,Rank (learned target),104,clean,1,114,184
pusht,Rank (learned target),104,prefix_a,1,136,224
pusht,Rank (learned target),104,prefix_b,0,280,448
pusht,Rank (learned target),105,clean,0,280,448
pusht,Rank (learned target),105,prefix_a,0,280,448
pusht,Rank (learned target),105,prefix_b,0,280,448
pusht,Rank (learned target),106,clean,1,139,224
pusht,Rank (learned target),106,prefix_a,1,138,224
pusht,Rank (learned target),106,prefix_b,0,280,448
pusht,Rank (learned target),107,clean,1,138,224
pusht,Rank (learned target),107,prefix_a,1,142,232
pusht,Rank (learned target),107,prefix_b,0,280,448
pusht,Rank (learned target),108,clean,1,141,232
pusht,Rank (learned target),108,prefix_a,1,147,240
pusht,Rank (learned target),108,prefix_b,1,136,224
pusht,Rank (learned target),109,clean,1,139,224
pusht,Rank (learned target),109,prefix_a,0,280,448
pusht,Rank (learned target),109,prefix_b,0,280,448
pusht,Rank (learned target),110,clean,1,141,232
pusht,Rank (learned target),110,prefix_a,0,280,448
pusht,Rank (learned target),110,prefix_b,0,280,448
pusht,Rank (learned target),111,clean,1,139,224
pusht,Rank (learned target),111,prefix_a,0,280,448
pusht,Rank (learned target),111,prefix_b,0,280,448
pusht,Rank (learned target),112,clean,0,280,448
pusht,Rank (learned target),112,prefix_a,0,280,448
pusht,Rank (learned target),112,prefix_b,1,141,232
pusht,Rank (learned target),113,clean,0,280,448
pusht,Rank (learned target),113,prefix_a,0,280,448
pusht,Rank (learned target),113,prefix_b,0,280,448
pusht,Rank (learned target),114,clean,1,145,232
pusht,Rank (learned target),114,prefix_a,0,280,448
pusht,Rank (learned target),114,prefix_b,0,280,448
pusht,Rank (learned target),115,clean,0,280,448
pusht,Rank (learned target),115,prefix_a,0,280,448
pusht,Rank (learned target),115,prefix_b,0,280,448
pusht,Rank (learned target),116,clean,1,152,248
pusht,Rank (learned target),116,prefix_a,0,280,448
pusht,Rank (learned target),116,prefix_b,0,280,448
pusht,Rank (learned target),117,clean,1,139,224
pusht,Rank (learned target),117,prefix_a,0,280,448
pusht,Rank (learned target),117,prefix_b,0,280,448
pusht,Rank (learned target),118,clean,1,154,248
pusht,Rank (learned target),118,prefix_a,0,280,448
pusht,Rank (learned target),118,prefix_b,0,280,448
pusht,Rank (learned target),119,clean,0,280,448
pusht,Rank (learned target),119,prefix_a,1,140,224
pusht,Rank (learned target),119,prefix_b,1,142,232
pusht,Rank (learned target),120,clean,1,127,208
pusht,Rank (learned target),120,prefix_a,1,128,208
pusht,Rank (learned target),120,prefix_b,0,280,448
pusht,Rank (learned target),121,clean,1,140,224
pusht,Rank (learned target),121,prefix_a,1,71,120
pusht,Rank (learned target),121,prefix_b,0,280,448
pusht,Rank (learned target),122,clean,1,140,224
pusht,Rank (learned target),122,prefix_a,1,140,224
pusht,Rank (learned target),122,prefix_b,0,280,448
pusht,Rank (learned target),123,clean,0,280,448
pusht,Rank (learned target),123,prefix_a,0,280,448
pusht,Rank (learned target),123,prefix_b,0,280,448
pusht,Rank (learned target),124,clean,1,133,216
pusht,Rank (learned target),124,prefix_a,1,138,224
pusht,Rank (learned target),124,prefix_b,0,280,448
pusht,Rank (learned target),125,clean,1,156,256
pusht,Rank (learned target),125,prefix_a,1,141,232
pusht,Rank (learned target),125,prefix_b,1,159,256
pusht,Rank (learned target),126,clean,0,280,448
pusht,Rank (learned target),126,prefix_a,0,280,448
pusht,Rank (learned target),126,prefix_b,1,203,328
pusht,Rank (learned target),127,clean,0,280,448
pusht,Rank (learned target),127,prefix_a,0,280,448
pusht,Rank (learned target),127,prefix_b,1,140,224
reacher,AP-CEM,0,clean,1,133,243054
reacher,AP-CEM,0,prefix_a,1,146,270060
reacher,AP-CEM,0,prefix_b,0,300,540120
reacher,AP-CEM,1,clean,0,300,540120
reacher,AP-CEM,1,prefix_a,1,138,252056
reacher,AP-CEM,1,prefix_b,0,300,540120
reacher,AP-CEM,2,clean,1,164,297066
reacher,AP-CEM,2,prefix_a,1,147,270060
reacher,AP-CEM,2,prefix_b,1,126,234052
reacher,AP-CEM,3,clean,0,300,540120
reacher,AP-CEM,3,prefix_a,1,297,540120
reacher,AP-CEM,3,prefix_b,1,145,261058
reacher,AP-CEM,4,clean,0,300,540120
reacher,AP-CEM,4,prefix_a,1,128,234052
reacher,AP-CEM,4,prefix_b,1,150,270060
reacher,AP-CEM,5,clean,1,149,270060
reacher,AP-CEM,5,prefix_a,1,149,270060
reacher,AP-CEM,5,prefix_b,1,154,279062
reacher,AP-CEM,6,clean,1,2,9002
reacher,AP-CEM,6,prefix_a,1,0,0
reacher,AP-CEM,6,prefix_b,1,145,261058
reacher,AP-CEM,7,clean,0,300,540120
reacher,AP-CEM,7,prefix_a,1,196,360080
reacher,AP-CEM,7,prefix_b,1,168,306068
reacher,AP-CEM,8,clean,1,155,279062
reacher,AP-CEM,8,prefix_a,1,159,288064
reacher,AP-CEM,8,prefix_b,1,158,288064
reacher,AP-CEM,9,clean,1,150,270060
reacher,AP-CEM,9,prefix_a,1,155,279062
reacher,AP-CEM,9,prefix_b,1,160,288064
reacher,AP-CEM,10,clean,1,208,378084
reacher,AP-CEM,10,prefix_a,1,145,261058
reacher,AP-CEM,10,prefix_b,1,247,450100
reacher,AP-CEM,11,clean,1,149,270060
reacher,AP-CEM,11,prefix_a,1,193,351078
reacher,AP-CEM,11,prefix_b,1,103,189042
reacher,AP-CEM,12,clean,1,160,288064
reacher,AP-CEM,12,prefix_a,1,156,288064
reacher,AP-CEM,12,prefix_b,1,157,288064
reacher,AP-CEM,13,clean,1,142,261058
reacher,AP-CEM,13,prefix_a,1,149,270060
reacher,AP-CEM,13,prefix_b,1,143,261058
reacher,AP-CEM,14,clean,1,15,27006
reacher,AP-CEM,14,prefix_a,1,140,252056
reacher,AP-CEM,14,prefix_b,0,300,540120
reacher,AP-CEM,15,clean,1,142,261058
reacher,AP-CEM,15,prefix_a,1,148,270060
reacher,AP-CEM,15,prefix_b,1,134,243054
reacher,AP-CEM,16,clean,1,161,297066
reacher,AP-CEM,16,prefix_a,1,151,279062
reacher,AP-CEM,16,prefix_b,1,160,288064
reacher,AP-CEM,17,clean,1,234,423094
reacher,AP-CEM,17,prefix_a,1,174,315070
reacher,AP-CEM,17,prefix_b,1,173,315070
reacher,AP-CEM,18,clean,1,181,333074
reacher,AP-CEM,18,prefix_a,1,158,288064
reacher,AP-CEM,18,prefix_b,1,153,279062
reacher,AP-CEM,19,clean,0,300,540120
reacher,AP-CEM,19,prefix_a,1,139,252056
reacher,AP-CEM,19,prefix_b,1,150,270060
reacher,AP-CEM,20,clean,1,144,261058
reacher,AP-CEM,20,prefix_a,1,157,288064
reacher,AP-CEM,20,prefix_b,1,159,288064
reacher,AP-CEM,21,clean,1,150,270060
reacher,AP-CEM,21,prefix_a,1,155,279062
reacher,AP-CEM,21,prefix_b,1,162,297066
reacher,AP-CEM,22,clean,1,146,270060
reacher,AP-CEM,22,prefix_a,1,76,144032
reacher,AP-CEM,22,prefix_b,1,151,279062
reacher,AP-CEM,23,clean,1,147,270060
reacher,AP-CEM,23,prefix_a,1,151,279062
reacher,AP-CEM,23,prefix_b,1,93,171038
reacher,AP-CEM,24,clean,1,153,279062
reacher,AP-CEM,24,prefix_a,1,197,360080
reacher,AP-CEM,24,prefix_b,1,141,261058
reacher,AP-CEM,25,clean,1,148,270060
reacher,AP-CEM,25,prefix_a,1,168,306068
reacher,AP-CEM,25,prefix_b,1,170,306068
reacher,AP-CEM,26,clean,1,175,315070
reacher,AP-CEM,26,prefix_a,1,152,279062
reacher,AP-CEM,26,prefix_b,1,160,288064
reacher,AP-CEM,27,clean,1,32,63014
reacher,AP-CEM,27,prefix_a,0,300,540120
reacher,AP-CEM,27,prefix_b,0,300,540120
reacher,AP-CEM,28,clean,1,154,279062
reacher,AP-CEM,28,prefix_a,1,149,270060
reacher,AP-CEM,28,prefix_b,0,300,540120
reacher,AP-CEM,29,clean,0,300,540120
reacher,AP-CEM,29,prefix_a,1,2,9002
reacher,AP-CEM,29,prefix_b,1,4,9002
reacher,AP-CEM,30,clean,1,162,297066
reacher,AP-CEM,30,prefix_a,1,190,342076
reacher,AP-CEM,30,prefix_b,1,117,216048
reacher,AP-CEM,31,clean,1,152,279062
reacher,AP-CEM,31,prefix_a,1,154,279062
reacher,AP-CEM,31,prefix_b,1,121,225050
reacher,AP-CEM,32,clean,1,244,441098
reacher,AP-CEM,32,prefix_a,1,225,405090
reacher,AP-CEM,32,prefix_b,1,149,270060
reacher,AP-CEM,33,clean,0,300,540120
reacher,AP-CEM,33,prefix_a,0,300,540120
reacher,AP-CEM,33,prefix_b,0,300,540120
reacher,AP-CEM,34,clean,1,112,207046
reacher,AP-CEM,34,prefix_a,1,155,279062
reacher,AP-CEM,34,prefix_b,1,164,297066
reacher,AP-CEM,35,clean,1,127,234052
reacher,AP-CEM,35,prefix_a,0,300,540120
reacher,AP-CEM,35,prefix_b,1,129,234052
reacher,AP-CEM,36,clean,1,74,135030
reacher,AP-CEM,36,prefix_a,1,76,144032
reacher,AP-CEM,36,prefix_b,1,154,279062
reacher,AP-CEM,37,clean,1,116,216048
reacher,AP-CEM,37,prefix_a,0,300,540120
reacher,AP-CEM,37,prefix_b,1,273,495110
reacher,AP-CEM,38,clean,1,112,207046
reacher,AP-CEM,38,prefix_a,1,148,270060
reacher,AP-CEM,38,prefix_b,1,149,270060
reacher,AP-CEM,39,clean,1,169,306068
reacher,AP-CEM,39,prefix_a,0,300,540120
reacher,AP-CEM,39,prefix_b,1,159,288064
reacher,AP-CEM,40,clean,0,300,540120
reacher,AP-CEM,40,prefix_a,1,77,144032
reacher,AP-CEM,40,prefix_b,1,148,270060
reacher,AP-CEM,41,clean,1,163,297066
reacher,AP-CEM,41,prefix_a,1,154,279062
reacher,AP-CEM,41,prefix_b,1,161,297066
reacher,AP-CEM,42,clean,0,300,540120
reacher,AP-CEM,42,prefix_a,0,300,540120
reacher,AP-CEM,42,prefix_b,0,300,540120
reacher,AP-CEM,43,clean,0,300,540120
reacher,AP-CEM,43,prefix_a,0,300,540120
reacher,AP-CEM,43,prefix_b,0,300,540120
reacher,AP-CEM,44,clean,0,300,540120
reacher,AP-CEM,44,prefix_a,1,149,270060
reacher,AP-CEM,44,prefix_b,0,300,540120
reacher,AP-CEM,45,clean,0,300,540120
reacher,AP-CEM,45,prefix_a,0,300,540120
reacher,AP-CEM,45,prefix_b,1,184,333074
reacher,AP-CEM,46,clean,0,300,540120
reacher,AP-CEM,46,prefix_a,1,139,252056
reacher,AP-CEM,46,prefix_b,1,168,306068
reacher,AP-CEM,47,clean,1,147,270060
reacher,AP-CEM,47,prefix_a,1,147,270060
reacher,AP-CEM,47,prefix_b,1,122,225050
reacher,AP-CEM,48,clean,1,179,324072
reacher,AP-CEM,48,prefix_a,1,148,270060
reacher,AP-CEM,48,prefix_b,1,147,270060
reacher,AP-CEM,49,clean,1,134,243054
reacher,AP-CEM,49,prefix_a,0,300,540120
reacher,AP-CEM,49,prefix_b,1,97,180040
reacher,AP-CEM,50,clean,1,141,261058
reacher,AP-CEM,50,prefix_a,1,87,162036
reacher,AP-CEM,50,prefix_b,1,149,270060
reacher,AP-CEM,51,clean,1,141,261058
reacher,AP-CEM,51,prefix_a,1,143,261058
reacher,AP-CEM,51,prefix_b,1,111,207046
reacher,AP-CEM,52,clean,1,156,288064
reacher,AP-CEM,52,prefix_a,1,137,252056
reacher,AP-CEM,52,prefix_b,1,129,234052
reacher,AP-CEM,53,clean,1,7,18004
reacher,AP-CEM,53,prefix_a,1,176,324072
reacher,AP-CEM,53,prefix_b,1,119,216048
reacher,AP-CEM,54,clean,0,300,540120
reacher,AP-CEM,54,prefix_a,1,148,270060
reacher,AP-CEM,54,prefix_b,1,34,63014
reacher,AP-CEM,55,clean,1,225,405090
reacher,AP-CEM,55,prefix_a,1,201,369082
reacher,AP-CEM,55,prefix_b,1,139,252056
reacher,AP-CEM,56,clean,0,300,540120
reacher,AP-CEM,56,prefix_a,0,300,540120
reacher,AP-CEM,56,prefix_b,1,149,270060
reacher,AP-CEM,57,clean,1,149,270060
reacher,AP-CEM,57,prefix_a,0,300,540120
reacher,AP-CEM,57,prefix_b,0,300,540120
reacher,AP-CEM,58,clean,1,101,189042
reacher,AP-CEM,58,prefix_a,1,150,270060
reacher,AP-CEM,58,prefix_b,1,118,216048
reacher,AP-CEM,59,clean,0,300,540120
reacher,AP-CEM,59,prefix_a,0,300,540120
reacher,AP-CEM,59,prefix_b,0,300,540120
reacher,AP-CEM,60,clean,1,277,504112
reacher,AP-CEM,60,prefix_a,1,77,144032
reacher,AP-CEM,60,prefix_b,1,184,333074
reacher,AP-CEM,61,clean,1,149,270060
reacher,AP-CEM,61,prefix_a,1,150,270060
reacher,AP-CEM,61,prefix_b,1,147,270060
reacher,AP-CEM,62,clean,0,300,540120
reacher,AP-CEM,62,prefix_a,1,83,153034
reacher,AP-CEM,62,prefix_b,1,108,198044
reacher,AP-CEM,63,clean,1,48,90020
reacher,AP-CEM,63,prefix_a,1,141,261058
reacher,AP-CEM,63,prefix_b,1,161,297066
reacher,AP-CEM,64,clean,1,21,45010
reacher,AP-CEM,64,prefix_a,1,135,243054
reacher,AP-CEM,64,prefix_b,1,151,279062
reacher,AP-CEM,65,clean,1,136,252056
reacher,AP-CEM,65,prefix_a,1,128,234052
reacher,AP-CEM,65,prefix_b,1,154,279062
reacher,AP-CEM,66,clean,1,224,405090
reacher,AP-CEM,66,prefix_a,0,300,540120
reacher,AP-CEM,66,prefix_b,0,300,540120
reacher,AP-CEM,67,clean,1,141,261058
reacher,AP-CEM,67,prefix_a,0,300,540120
reacher,AP-CEM,67,prefix_b,0,300,540120
reacher,AP-CEM,68,clean,1,146,270060
reacher,AP-CEM,68,prefix_a,1,142,261058
reacher,AP-CEM,68,prefix_b,1,142,261058
reacher,AP-CEM,69,clean,0,300,540120
reacher,AP-CEM,69,prefix_a,1,46,90020
reacher,AP-CEM,69,prefix_b,0,300,540120
reacher,AP-CEM,70,clean,0,300,540120
reacher,AP-CEM,70,prefix_a,1,108,198044
reacher,AP-CEM,70,prefix_b,0,300,540120
reacher,AP-CEM,71,clean,0,300,540120
reacher,AP-CEM,71,prefix_a,1,54,99022
reacher,AP-CEM,71,prefix_b,1,54,99022
reacher,AP-CEM,72,clean,1,286,522116
reacher,AP-CEM,72,prefix_a,1,2,9002
reacher,AP-CEM,72,prefix_b,1,147,270060
reacher,AP-CEM,73,clean,1,165,297066
reacher,AP-CEM,73,prefix_a,1,153,279062
reacher,AP-CEM,73,prefix_b,1,159,288064
reacher,AP-CEM,74,clean,1,61,117026
reacher,AP-CEM,74,prefix_a,1,112,207046
reacher,AP-CEM,74,prefix_b,1,149,270060
reacher,AP-CEM,75,clean,1,274,495110
reacher,AP-CEM,75,prefix_a,1,136,252056
reacher,AP-CEM,75,prefix_b,1,147,270060
reacher,AP-CEM,76,clean,1,155,279062
reacher,AP-CEM,76,prefix_a,1,167,306068
reacher,AP-CEM,76,prefix_b,1,159,288064
reacher,AP-CEM,77,clean,0,300,540120
reacher,AP-CEM,77,prefix_a,1,267,486108
reacher,AP-CEM,77,prefix_b,0,300,540120
reacher,AP-CEM,78,clean,0,300,540120
reacher,AP-CEM,78,prefix_a,0,300,540120
reacher,AP-CEM,78,prefix_b,0,300,540120
reacher,AP-CEM,79,clean,1,150,270060
reacher,AP-CEM,79,prefix_a,1,151,279062
reacher,AP-CEM,79,prefix_b,1,150,270060
reacher,AP-CEM,80,clean,1,153,279062
reacher,AP-CEM,80,prefix_a,1,150,270060
reacher,AP-CEM,80,prefix_b,1,150,270060
reacher,AP-CEM,81,clean,0,300,540120
reacher,AP-CEM,81,prefix_a,1,156,288064
reacher,AP-CEM,81,prefix_b,1,175,315070
reacher,AP-CEM,82,clean,1,163,297066
reacher,AP-CEM,82,prefix_a,1,141,261058
reacher,AP-CEM,82,prefix_b,0,300,540120
reacher,AP-CEM,83,clean,0,300,540120
reacher,AP-CEM,83,prefix_a,0,300,540120
reacher,AP-CEM,83,prefix_b,0,300,540120
reacher,AP-CEM,84,clean,1,191,351078
reacher,AP-CEM,84,prefix_a,1,153,279062
reacher,AP-CEM,84,prefix_b,1,148,270060
reacher,AP-CEM,85,clean,0,300,540120
reacher,AP-CEM,85,prefix_a,0,300,540120
reacher,AP-CEM,85,prefix_b,0,300,540120
reacher,AP-CEM,86,clean,1,150,270060
reacher,AP-CEM,86,prefix_a,1,98,180040
reacher,AP-CEM,86,prefix_b,1,153,279062
reacher,AP-CEM,87,clean,1,71,135030
reacher,AP-CEM,87,prefix_a,0,300,540120
reacher,AP-CEM,87,prefix_b,1,71,135030
reacher,AP-CEM,88,clean,1,150,270060
reacher,AP-CEM,88,prefix_a,1,151,279062
reacher,AP-CEM,88,prefix_b,1,150,270060
reacher,AP-CEM,89,clean,1,5,9002
reacher,AP-CEM,89,prefix_a,1,147,270060
reacher,AP-CEM,89,prefix_b,1,5,9002
reacher,AP-CEM,90,clean,0,300,540120
reacher,AP-CEM,90,prefix_a,1,140,252056
reacher,AP-CEM,90,prefix_b,0,300,540120
reacher,AP-CEM,91,clean,1,155,279062
reacher,AP-CEM,91,prefix_a,1,158,288064
reacher,AP-CEM,91,prefix_b,1,128,234052
reacher,AP-CEM,92,clean,1,90,162036
reacher,AP-CEM,92,prefix_a,1,132,243054
reacher,AP-CEM,92,prefix_b,1,107,198044
reacher,AP-CEM,93,clean,1,139,252056
reacher,AP-CEM,93,prefix_a,1,150,270060
reacher,AP-CEM,93,prefix_b,1,0,0
reacher,AP-CEM,94,clean,1,23,45010
reacher,AP-CEM,94,prefix_a,1,143,261058
reacher,AP-CEM,94,prefix_b,1,122,225050
reacher,AP-CEM,95,clean,1,125,225050
reacher,AP-CEM,95,prefix_a,0,300,540120
reacher,AP-CEM,95,prefix_b,0,300,540120
reacher,AP-CEM,96,clean,1,155,279062
reacher,AP-CEM,96,prefix_a,1,217,396088
reacher,AP-CEM,96,prefix_b,1,164,297066
reacher,AP-CEM,97,clean,1,159,288064
reacher,AP-CEM,97,prefix_a,1,143,261058
reacher,AP-CEM,97,prefix_b,1,150,270060
reacher,AP-CEM,98,clean,1,229,414092
reacher,AP-CEM,98,prefix_a,1,145,261058
reacher,AP-CEM,98,prefix_b,1,204,369082
reacher,AP-CEM,99,clean,1,150,270060
reacher,AP-CEM,99,prefix_a,0,300,540120
reacher,AP-CEM,99,prefix_b,0,300,540120
reacher,AP-CEM,100,clean,1,145,261058
reacher,AP-CEM,100,prefix_a,1,126,234052
reacher,AP-CEM,100,prefix_b,1,148,270060
reacher,AP-CEM,101,clean,0,300,540120
reacher,AP-CEM,101,prefix_a,1,149,270060
reacher,AP-CEM,101,prefix_b,0,300,540120
reacher,AP-CEM,102,clean,1,143,261058
reacher,AP-CEM,102,prefix_a,1,144,261058
reacher,AP-CEM,102,prefix_b,0,300,540120
reacher,AP-CEM,103,clean,0,300,540120
reacher,AP-CEM,103,prefix_a,1,142,261058
reacher,AP-CEM,103,prefix_b,0,300,540120
reacher,AP-CEM,104,clean,1,153,279062
reacher,AP-CEM,104,prefix_a,1,113,207046
reacher,AP-CEM,104,prefix_b,1,154,279062
reacher,AP-CEM,105,clean,1,148,270060
reacher,AP-CEM,105,prefix_a,1,172,315070
reacher,AP-CEM,105,prefix_b,1,166,306068
reacher,AP-CEM,106,clean,1,147,270060
reacher,AP-CEM,106,prefix_a,1,158,288064
reacher,AP-CEM,106,prefix_b,1,148,270060
reacher,AP-CEM,107,clean,1,151,279062
reacher,AP-CEM,107,prefix_a,1,124,225050
reacher,AP-CEM,107,prefix_b,1,150,270060
reacher,AP-CEM,108,clean,1,112,207046
reacher,AP-CEM,108,prefix_a,0,300,540120
reacher,AP-CEM,108,prefix_b,1,156,288064
reacher,AP-CEM,109,clean,1,151,279062
reacher,AP-CEM,109,prefix_a,1,153,279062
reacher,AP-CEM,109,prefix_b,1,136,252056
reacher,AP-CEM,110,clean,1,162,297066
reacher,AP-CEM,110,prefix_a,1,149,270060
reacher,AP-CEM,110,prefix_b,1,119,216048
reacher,AP-CEM,111,clean,0,300,540120
reacher,AP-CEM,111,prefix_a,1,62,117026
reacher,AP-CEM,111,prefix_b,0,300,540120
reacher,AP-CEM,112,clean,1,157,288064
reacher,AP-CEM,112,prefix_a,1,139,252056
reacher,AP-CEM,112,prefix_b,1,152,279062
reacher,AP-CEM,113,clean,1,82,153034
reacher,AP-CEM,113,prefix_a,1,225,405090
reacher,AP-CEM,113,prefix_b,1,73,135030
reacher,AP-CEM,114,clean,0,300,540120
reacher,AP-CEM,114,prefix_a,0,300,540120
reacher,AP-CEM,114,prefix_b,1,128,234052
reacher,AP-CEM,115,clean,1,31,63014
reacher,AP-CEM,115,prefix_a,1,152,279062
reacher,AP-CEM,115,prefix_b,1,0,0
reacher,AP-CEM,116,clean,1,152,279062
reacher,AP-CEM,116,prefix_a,1,213,387086
reacher,AP-CEM,116,prefix_b,1,149,270060
reacher,AP-CEM,117,clean,1,74,135030
reacher,AP-CEM,117,prefix_a,1,110,198044
reacher,AP-CEM,117,prefix_b,1,38,72016
reacher,AP-CEM,118,clean,1,129,234052
reacher,AP-CEM,118,prefix_a,1,192,351078
reacher,AP-CEM,118,prefix_b,1,194,351078
reacher,AP-CEM,119,clean,1,144,261058
reacher,AP-CEM,119,prefix_a,1,162,297066
reacher,AP-CEM,119,prefix_b,1,92,171038
reacher,AP-CEM,120,clean,1,105,189042
reacher,AP-CEM,120,prefix_a,1,46,90020
reacher,AP-CEM,120,prefix_b,0,300,540120
reacher,AP-CEM,121,clean,1,136,252056
reacher,AP-CEM,121,prefix_a,1,17,36008
reacher,AP-CEM,121,prefix_b,0,300,540120
reacher,AP-CEM,122,clean,0,300,540120
reacher,AP-CEM,122,prefix_a,1,143,261058
reacher,AP-CEM,122,prefix_b,0,300,540120
reacher,AP-CEM,123,clean,1,140,252056
reacher,AP-CEM,123,prefix_a,1,41,81018
reacher,AP-CEM,123,prefix_b,1,20,36008
reacher,AP-CEM,124,clean,1,150,270060
reacher,AP-CEM,124,prefix_a,1,148,270060
reacher,AP-CEM,124,prefix_b,1,149,270060
reacher,AP-CEM,125,clean,1,150,270060
reacher,AP-CEM,125,prefix_a,1,141,261058
reacher,AP-CEM,125,prefix_b,0,300,540120
reacher,AP-CEM,126,clean,1,63,117026
reacher,AP-CEM,126,prefix_a,1,75,135030
reacher,AP-CEM,126,prefix_b,0,300,540120
reacher,AP-CEM,127,clean,1,148,270060
reacher,AP-CEM,127,prefix_a,1,161,297066
reacher,AP-CEM,127,prefix_b,1,158,288064
reacher,AP-rank,0,clean,1,146,240
reacher,AP-rank,0,prefix_a,1,145,232
reacher,AP-rank,0,prefix_b,1,166,272
reacher,AP-rank,1,clean,1,120,192
reacher,AP-rank,1,prefix_a,1,43,72
reacher,AP-rank,1,prefix_b,1,287,464
reacher,AP-rank,2,clean,1,152,248
reacher,AP-rank,2,prefix_a,1,150,240
reacher,AP-rank,2,prefix_b,1,149,240
reacher,AP-rank,3,clean,1,151,248
reacher,AP-rank,3,prefix_a,1,151,248
reacher,AP-rank,3,prefix_b,1,166,272
reacher,AP-rank,4,clean,1,206,336
reacher,AP-rank,4,prefix_a,1,271,440
reacher,AP-rank,4,prefix_b,1,70,112
reacher,AP-rank,5,clean,1,129,208
reacher,AP-rank,5,prefix_a,1,64,104
reacher,AP-rank,5,prefix_b,1,134,216
reacher,AP-rank,6,clean,1,128,208
reacher,AP-rank,6,prefix_a,1,0,0
reacher,AP-rank,6,prefix_b,1,176,288
reacher,AP-rank,7,clean,1,152,248
reacher,AP-rank,7,prefix_a,1,170,272
reacher,AP-rank,7,prefix_b,1,151,248
reacher,AP-rank,8,clean,1,161,264
reacher,AP-rank,8,prefix_a,1,173,280
reacher,AP-rank,8,prefix_b,1,152,248
reacher,AP-rank,9,clean,1,163,264
reacher,AP-rank,9,prefix_a,1,141,232
reacher,AP-rank,9,prefix_b,1,88,144
reacher,AP-rank,10,clean,1,52,88
reacher,AP-rank,10,prefix_a,1,163,264
reacher,AP-rank,10,prefix_b,1,102,168
reacher,AP-rank,11,clean,1,146,240
reacher,AP-rank,11,prefix_a,1,149,240
reacher,AP-rank,11,prefix_b,1,150,240
reacher,AP-rank,12,clean,1,4,8
reacher,AP-rank,12,prefix_a,1,35,56
reacher,AP-rank,12,prefix_b,1,160,256
reacher,AP-rank,13,clean,1,137,224
reacher,AP-rank,13,prefix_a,1,162,264
reacher,AP-rank,13,prefix_b,1,102,168
reacher,AP-rank,14,clean,1,222,360
reacher,AP-rank,14,prefix_a,1,213,344
reacher,AP-rank,14,prefix_b,1,173,280
reacher,AP-rank,15,clean,1,138,224
reacher,AP-rank,15,prefix_a,1,174,280
reacher,AP-rank,15,prefix_b,1,148,240
reacher,AP-rank,16,clean,1,82,136
reacher,AP-rank,16,prefix_a,1,158,256
reacher,AP-rank,16,prefix_b,1,178,288
reacher,AP-rank,17,clean,1,169,272
reacher,AP-rank,17,prefix_a,1,138,224
reacher,AP-rank,17,prefix_b,1,139,224
reacher,AP-rank,18,clean,1,94,152
reacher,AP-rank,18,prefix_a,1,79,128
reacher,AP-rank,18,prefix_b,1,164,264
reacher,AP-rank,19,clean,1,144,232
reacher,AP-rank,19,prefix_a,1,163,264
reacher,AP-rank,19,prefix_b,1,167,272
reacher,AP-rank,20,clean,1,165,264
reacher,AP-rank,20,prefix_a,1,142,232
reacher,AP-rank,20,prefix_b,1,182,296
reacher,AP-rank,21,clean,1,69,112
reacher,AP-rank,21,prefix_a,1,141,232
reacher,AP-rank,21,prefix_b,1,170,272
reacher,AP-rank,22,clean,1,150,240
reacher,AP-rank,22,prefix_a,1,146,240
reacher,AP-rank,22,prefix_b,1,155,248
reacher,AP-rank,23,clean,1,153,248
reacher,AP-rank,23,prefix_a,1,50,80
reacher,AP-rank,23,prefix_b,1,66,112
reacher,AP-rank,24,clean,1,149,240
reacher,AP-rank,24,prefix_a,1,103,168
reacher,AP-rank,24,prefix_b,1,150,240
reacher,AP-rank,25,clean,1,143,232
reacher,AP-rank,25,prefix_a,1,138,224
reacher,AP-rank,25,prefix_b,1,158,256
reacher,AP-rank,26,clean,1,158,256
reacher,AP-rank,26,prefix_a,1,149,240
reacher,AP-rank,26,prefix_b,1,144,232
reacher,AP-rank,27,clean,1,130,208
reacher,AP-rank,27,prefix_a,1,100,160
reacher,AP-rank,27,prefix_b,1,24,40
reacher,AP-rank,28,clean,1,150,240
reacher,AP-rank,28,prefix_a,1,122,200
reacher,AP-rank,28,prefix_b,1,126,208
reacher,AP-rank,29,clean,1,21,40
reacher,AP-rank,29,prefix_a,1,167,272
reacher,AP-rank,29,prefix_b,1,150,240
reacher,AP-rank,30,clean,1,165,264
reacher,AP-rank,30,prefix_a,1,124,200
reacher,AP-rank,30,prefix_b,1,164,264
reacher,AP-rank,31,clean,1,150,240
reacher,AP-rank,31,prefix_a,1,142,232
reacher,AP-rank,31,prefix_b,1,150,240
reacher,AP-rank,32,clean,1,150,240
reacher,AP-rank,32,prefix_a,1,153,248
reacher,AP-rank,32,prefix_b,1,161,264
reacher,AP-rank,33,clean,1,150,240
reacher,AP-rank,33,prefix_a,1,145,232
reacher,AP-rank,33,prefix_b,1,146,240
reacher,AP-rank,34,clean,1,99,160
reacher,AP-rank,34,prefix_a,1,159,256
reacher,AP-rank,34,prefix_b,1,164,264
reacher,AP-rank,35,clean,1,154,248
reacher,AP-rank,35,prefix_a,1,122,200
reacher,AP-rank,35,prefix_b,1,133,216
reacher,AP-rank,36,clean,1,135,216
reacher,AP-rank,36,prefix_a,1,162,264
reacher,AP-rank,36,prefix_b,1,162,264
reacher,AP-rank,37,clean,1,199,320
reacher,AP-rank,37,prefix_a,1,166,272
reacher,AP-rank,37,prefix_b,1,151,248
reacher,AP-rank,38,clean,1,152,248
reacher,AP-rank,38,prefix_a,1,172,280
reacher,AP-rank,38,prefix_b,1,96,160
reacher,AP-rank,39,clean,1,115,184
reacher,AP-rank,39,prefix_a,1,145,232
reacher,AP-rank,39,prefix_b,1,160,256
reacher,AP-rank,40,clean,1,159,256
reacher,AP-rank,40,prefix_a,1,156,256
reacher,AP-rank,40,prefix_b,1,148,240
reacher,AP-rank,41,clean,1,130,208
reacher,AP-rank,41,prefix_a,1,154,248
reacher,AP-rank,41,prefix_b,1,160,256
reacher,AP-rank,42,clean,1,135,216
reacher,AP-rank,42,prefix_a,1,142,232
reacher,AP-rank,42,prefix_b,1,131,216
reacher,AP-rank,43,clean,0,300,480
reacher,AP-rank,43,prefix_a,0,300,480
reacher,AP-rank,43,prefix_b,0,300,480
reacher,AP-rank,44,clean,1,148,240
reacher,AP-rank,44,prefix_a,1,119,192
reacher,AP-rank,44,prefix_b,1,150,240
reacher,AP-rank,45,clean,1,159,256
reacher,AP-rank,45,prefix_a,1,154,248
reacher,AP-rank,45,prefix_b,1,165,264
reacher,AP-rank,46,clean,1,153,248
reacher,AP-rank,46,prefix_a,1,151,248
reacher,AP-rank,46,prefix_b,1,164,264
reacher,AP-rank,47,clean,1,133,216
reacher,AP-rank,47,prefix_a,1,135,216
reacher,AP-rank,47,prefix_b,1,154,248
reacher,AP-rank,48,clean,1,147,240
reacher,AP-rank,48,prefix_a,1,160,256
reacher,AP-rank,48,prefix_b,1,150,240
reacher,AP-rank,49,clean,1,136,224
reacher,AP-rank,49,prefix_a,1,168,272
reacher,AP-rank,49,prefix_b,1,146,240
reacher,AP-rank,50,clean,1,63,104
reacher,AP-rank,50,prefix_a,1,153,248
reacher,AP-rank,50,prefix_b,1,147,240
reacher,AP-rank,51,clean,1,162,264
reacher,AP-rank,51,prefix_a,1,142,232
reacher,AP-rank,51,prefix_b,1,143,232
reacher,AP-rank,52,clean,1,164,264
reacher,AP-rank,52,prefix_a,1,155,248
reacher,AP-rank,52,prefix_b,1,139,224
reacher,AP-rank,53,clean,1,53,88
reacher,AP-rank,53,prefix_a,1,153,248
reacher,AP-rank,53,prefix_b,1,148,240
reacher,AP-rank,54,clean,1,161,264
reacher,AP-rank,54,prefix_a,1,158,256
reacher,AP-rank,54,prefix_b,1,159,256
reacher,AP-rank,55,clean,1,148,240
reacher,AP-rank,55,prefix_a,1,131,216
reacher,AP-rank,55,prefix_b,1,156,256
reacher,AP-rank,56,clean,1,170,272
reacher,AP-rank,56,prefix_a,1,155,248
reacher,AP-rank,56,prefix_b,1,139,224
reacher,AP-rank,57,clean,1,160,256
reacher,AP-rank,57,prefix_a,1,162,264
reacher,AP-rank,57,prefix_b,1,135,216
reacher,AP-rank,58,clean,1,138,224
reacher,AP-rank,58,prefix_a,1,150,240
reacher,AP-rank,58,prefix_b,1,148,240
reacher,AP-rank,59,clean,0,300,480
reacher,AP-rank,59,prefix_a,0,300,480
reacher,AP-rank,59,prefix_b,0,300,480
reacher,AP-rank,60,clean,1,172,280
reacher,AP-rank,60,prefix_a,1,108,176
reacher,AP-rank,60,prefix_b,1,124,200
reacher,AP-rank,61,clean,1,155,248
reacher,AP-rank,61,prefix_a,1,148,240
reacher,AP-rank,61,prefix_b,1,159,256
reacher,AP-rank,62,clean,1,131,216
reacher,AP-rank,62,prefix_a,1,222,360
reacher,AP-rank,62,prefix_b,0,300,480
reacher,AP-rank,63,clean,1,152,248
reacher,AP-rank,63,prefix_a,1,133,216
reacher,AP-rank,63,prefix_b,1,100,160
reacher,AP-rank,64,clean,1,150,240
reacher,AP-rank,64,prefix_a,1,149,240
reacher,AP-rank,64,prefix_b,1,143,232
reacher,AP-rank,65,clean,1,150,240
reacher,AP-rank,65,prefix_a,1,150,240
reacher,AP-rank,65,prefix_b,1,151,248
reacher,AP-rank,66,clean,1,145,232
reacher,AP-rank,66,prefix_a,1,150,240
reacher,AP-rank,66,prefix_b,1,146,240
reacher,AP-rank,67,clean,0,300,480
reacher,AP-rank,67,prefix_a,1,137,224
reacher,AP-rank,67,prefix_b,0,300,480
reacher,AP-rank,68,clean,1,150,240
reacher,AP-rank,68,prefix_a,1,153,248
reacher,AP-rank,68,prefix_b,1,134,216
reacher,AP-rank,69,clean,1,197,320
reacher,AP-rank,69,prefix_a,1,99,160
reacher,AP-rank,69,prefix_b,1,172,280
reacher,AP-rank,70,clean,1,187,304
reacher,AP-rank,70,prefix_a,1,88,144
reacher,AP-rank,70,prefix_b,1,183,296
reacher,AP-rank,71,clean,1,148,240
reacher,AP-rank,71,prefix_a,1,127,208
reacher,AP-rank,71,prefix_b,1,72,120
reacher,AP-rank,72,clean,1,151,248
reacher,AP-rank,72,prefix_a,1,2,8
reacher,AP-rank,72,prefix_b,1,156,256
reacher,AP-rank,73,clean,1,172,280
reacher,AP-rank,73,prefix_a,1,152,248
reacher,AP-rank,73,prefix_b,1,151,248
reacher,AP-rank,74,clean,1,167,272
reacher,AP-rank,74,prefix_a,1,109,176
reacher,AP-rank,74,prefix_b,1,166,272
reacher,AP-rank,75,clean,1,154,248
reacher,AP-rank,75,prefix_a,1,241,392
reacher,AP-rank,75,prefix_b,1,162,264
reacher,AP-rank,76,clean,1,111,184
reacher,AP-rank,76,prefix_a,1,160,256
reacher,AP-rank,76,prefix_b,1,156,256
reacher,AP-rank,77,clean,1,149,240
reacher,AP-rank,77,prefix_a,1,59,96
reacher,AP-rank,77,prefix_b,1,153,248
reacher,AP-rank,78,clean,0,300,480
reacher,AP-rank,78,prefix_a,1,149,240
reacher,AP-rank,78,prefix_b,1,184,296
reacher,AP-rank,79,clean,1,79,128
reacher,AP-rank,79,prefix_a,1,123,200
reacher,AP-rank,79,prefix_b,1,171,280
reacher,AP-rank,80,clean,1,150,240
reacher,AP-rank,80,prefix_a,1,147,240
reacher,AP-rank,80,prefix_b,1,133,216
reacher,AP-rank,81,clean,1,156,256
reacher,AP-rank,81,prefix_a,1,154,248
reacher,AP-rank,81,prefix_b,1,150,240
reacher,AP-rank,82,clean,1,180,288
reacher,AP-rank,82,prefix_a,1,150,240
reacher,AP-rank,82,prefix_b,1,163,264
reacher,AP-rank,83,clean,1,157,256
reacher,AP-rank,83,prefix_a,1,244,392
reacher,AP-rank,83,prefix_b,1,156,256
reacher,AP-rank,84,clean,1,118,192
reacher,AP-rank,84,prefix_a,1,96,160
reacher,AP-rank,84,prefix_b,1,179,288
reacher,AP-rank,85,clean,1,167,272
reacher,AP-rank,85,prefix_a,1,19,32
reacher,AP-rank,85,prefix_b,1,176,288
reacher,AP-rank,86,clean,1,155,248
reacher,AP-rank,86,prefix_a,1,151,248
reacher,AP-rank,86,prefix_b,0,300,480
reacher,AP-rank,87,clean,1,135,216
reacher,AP-rank,87,prefix_a,0,300,480
reacher,AP-rank,87,prefix_b,1,150,240
reacher,AP-rank,88,clean,1,150,240
reacher,AP-rank,88,prefix_a,1,145,232
reacher,AP-rank,88,prefix_b,1,162,264
reacher,AP-rank,89,clean,1,141,232
reacher,AP-rank,89,prefix_a,1,18,32
reacher,AP-rank,89,prefix_b,1,147,240
reacher,AP-rank,90,clean,1,134,216
reacher,AP-rank,90,prefix_a,1,159,256
reacher,AP-rank,90,prefix_b,1,172,280
reacher,AP-rank,91,clean,1,145,232
reacher,AP-rank,91,prefix_a,1,96,160
reacher,AP-rank,91,prefix_b,1,65,104
reacher,AP-rank,92,clean,1,157,256
reacher,AP-rank,92,prefix_a,1,178,288
reacher,AP-rank,92,prefix_b,1,149,240
reacher,AP-rank,93,clean,1,140,224
reacher,AP-rank,93,prefix_a,1,143,232
reacher,AP-rank,93,prefix_b,1,0,0
reacher,AP-rank,94,clean,1,155,248
reacher,AP-rank,94,prefix_a,1,151,248
reacher,AP-rank,94,prefix_b,1,41,72
reacher,AP-rank,95,clean,1,47,80
reacher,AP-rank,95,prefix_a,1,142,232
reacher,AP-rank,95,prefix_b,1,151,248
reacher,AP-rank,96,clean,1,169,272
reacher,AP-rank,96,prefix_a,1,164,264
reacher,AP-rank,96,prefix_b,1,168,272
reacher,AP-rank,97,clean,1,104,168
reacher,AP-rank,97,prefix_a,1,147,240
reacher,AP-rank,97,prefix_b,1,140,224
reacher,AP-rank,98,clean,1,169,272
reacher,AP-rank,98,prefix_a,1,187,304
reacher,AP-rank,98,prefix_b,1,150,240
reacher,AP-rank,99,clean,1,151,248
reacher,AP-rank,99,prefix_a,0,300,480
reacher,AP-rank,99,prefix_b,1,144,232
reacher,AP-rank,100,clean,1,147,240
reacher,AP-rank,100,prefix_a,1,160,256
reacher,AP-rank,100,prefix_b,1,164,264
reacher,AP-rank,101,clean,1,119,192
reacher,AP-rank,101,prefix_a,1,141,232
reacher,AP-rank,101,prefix_b,1,161,264
reacher,AP-rank,102,clean,1,140,224
reacher,AP-rank,102,prefix_a,1,148,240
reacher,AP-rank,102,prefix_b,1,178,288
reacher,AP-rank,103,clean,1,145,232
reacher,AP-rank,103,prefix_a,1,257,416
reacher,AP-rank,103,prefix_b,0,300,480
reacher,AP-rank,104,clean,1,90,144
reacher,AP-rank,104,prefix_a,1,150,240
reacher,AP-rank,104,prefix_b,1,73,120
reacher,AP-rank,105,clean,1,150,240
reacher,AP-rank,105,prefix_a,1,166,272
reacher,AP-rank,105,prefix_b,1,43,72
reacher,AP-rank,106,clean,1,151,248
reacher,AP-rank,106,prefix_a,1,159,256
reacher,AP-rank,106,prefix_b,1,150,240
reacher,AP-rank,107,clean,1,157,256
reacher,AP-rank,107,prefix_a,1,164,264
reacher,AP-rank,107,prefix_b,1,155,248
reacher,AP-rank,108,clean,1,145,232
reacher,AP-rank,108,prefix_a,1,153,248
reacher,AP-rank,108,prefix_b,1,105,168
reacher,AP-rank,109,clean,1,161,264
reacher,AP-rank,109,prefix_a,1,73,120
reacher,AP-rank,109,prefix_b,1,170,272
reacher,AP-rank,110,clean,1,165,264
reacher,AP-rank,110,prefix_a,1,172,280
reacher,AP-rank,110,prefix_b,1,115,184
reacher,AP-rank,111,clean,1,148,240
reacher,AP-rank,111,prefix_a,1,124,200
reacher,AP-rank,111,prefix_b,1,145,232
reacher,AP-rank,112,clean,1,147,240
reacher,AP-rank,112,prefix_a,1,160,256
reacher,AP-rank,112,prefix_b,1,42,72
reacher,AP-rank,113,clean,1,151,248
reacher,AP-rank,113,prefix_a,1,155,248
reacher,AP-rank,113,prefix_b,1,135,216
reacher,AP-rank,114,clean,1,144,232
reacher,AP-rank,114,prefix_a,0,300,480
reacher,AP-rank,114,prefix_b,1,129,208
reacher,AP-rank,115,clean,1,1,8
reacher,AP-rank,115,prefix_a,1,147,240
reacher,AP-rank,115,prefix_b,1,0,0
reacher,AP-rank,116,clean,1,156,256
reacher,AP-rank,116,prefix_a,1,155,248
reacher,AP-rank,116,prefix_b,1,162,264
reacher,AP-rank,117,clean,1,156,256
reacher,AP-rank,117,prefix_a,1,165,264
reacher,AP-rank,117,prefix_b,1,149,240
reacher,AP-rank,118,clean,1,160,256
reacher,AP-rank,118,prefix_a,1,23,40
reacher,AP-rank,118,prefix_b,1,148,240
reacher,AP-rank,119,clean,1,194,312
reacher,AP-rank,119,prefix_a,1,70,112
reacher,AP-rank,119,prefix_b,1,68,112
reacher,AP-rank,120,clean,1,154,248
reacher,AP-rank,120,prefix_a,1,105,168
reacher,AP-rank,120,prefix_b,1,121,200
reacher,AP-rank,121,clean,1,166,272
reacher,AP-rank,121,prefix_a,1,151,248
reacher,AP-rank,121,prefix_b,1,18,32
reacher,AP-rank,122,clean,1,147,240
reacher,AP-rank,122,prefix_a,1,194,312
reacher,AP-rank,122,prefix_b,1,176,288
reacher,AP-rank,123,clean,1,128,208
reacher,AP-rank,123,prefix_a,1,46,80
reacher,AP-rank,123,prefix_b,1,25,40
reacher,AP-rank,124,clean,1,161,264
reacher,AP-rank,124,prefix_a,1,147,240
reacher,AP-rank,124,prefix_b,1,154,248
reacher,AP-rank,125,clean,1,141,232
reacher,AP-rank,125,prefix_a,1,187,304
reacher,AP-rank,125,prefix_b,1,48,80
reacher,AP-rank,126,clean,1,146,240
reacher,AP-rank,126,prefix_a,1,158,256
reacher,AP-rank,126,prefix_b,1,160,256
reacher,AP-rank,127,clean,1,112,184
reacher,AP-rank,127,prefix_a,1,160,256
reacher,AP-rank,127,prefix_b,1,141,232
reacher,CEM (final goal),0,clean,0,300,540120
reacher,CEM (final goal),0,prefix_a,0,300,540120
reacher,CEM (final goal),0,prefix_b,0,300,540120
reacher,CEM (final goal),1,clean,0,300,540120
reacher,CEM (final goal),1,prefix_a,0,300,540120
reacher,CEM (final goal),1,prefix_b,0,300,540120
reacher,CEM (final goal),2,clean,0,300,540120
reacher,CEM (final goal),2,prefix_a,0,300,540120
reacher,CEM (final goal),2,prefix_b,0,300,540120
reacher,CEM (final goal),3,clean,0,300,540120
reacher,CEM (final goal),3,prefix_a,0,300,540120
reacher,CEM (final goal),3,prefix_b,0,300,540120
reacher,CEM (final goal),4,clean,0,300,540120
reacher,CEM (final goal),4,prefix_a,0,300,540120
reacher,CEM (final goal),4,prefix_b,0,300,540120
reacher,CEM (final goal),5,clean,0,300,540120
reacher,CEM (final goal),5,prefix_a,0,300,540120
reacher,CEM (final goal),5,prefix_b,0,300,540120
reacher,CEM (final goal),6,clean,1,2,9002
reacher,CEM (final goal),6,prefix_a,1,0,0
reacher,CEM (final goal),6,prefix_b,1,248,450100
reacher,CEM (final goal),7,clean,0,300,540120
reacher,CEM (final goal),7,prefix_a,0,300,540120
reacher,CEM (final goal),7,prefix_b,0,300,540120
reacher,CEM (final goal),8,clean,0,300,540120
reacher,CEM (final goal),8,prefix_a,1,8,18004
reacher,CEM (final goal),8,prefix_b,0,300,540120
reacher,CEM (final goal),9,clean,0,300,540120
reacher,CEM (final goal),9,prefix_a,0,300,540120
reacher,CEM (final goal),9,prefix_b,0,300,540120
reacher,CEM (final goal),10,clean,0,300,540120
reacher,CEM (final goal),10,prefix_a,0,300,540120
reacher,CEM (final goal),10,prefix_b,0,300,540120
reacher,CEM (final goal),11,clean,0,300,540120
reacher,CEM (final goal),11,prefix_a,0,300,540120
reacher,CEM (final goal),11,prefix_b,0,300,540120
reacher,CEM (final goal),12,clean,1,14,27006
reacher,CEM (final goal),12,prefix_a,1,5,9002
reacher,CEM (final goal),12,prefix_b,1,5,9002
reacher,CEM (final goal),13,clean,1,30,54012
reacher,CEM (final goal),13,prefix_a,1,29,54012
reacher,CEM (final goal),13,prefix_b,0,300,540120
reacher,CEM (final goal),14,clean,1,7,18004
reacher,CEM (final goal),14,prefix_a,1,8,18004
reacher,CEM (final goal),14,prefix_b,0,300,540120
reacher,CEM (final goal),15,clean,1,6,18004
reacher,CEM (final goal),15,prefix_a,1,7,18004
reacher,CEM (final goal),15,prefix_b,1,5,9002
reacher,CEM (final goal),16,clean,0,300,540120
reacher,CEM (final goal),16,prefix_a,0,300,540120
reacher,CEM (final goal),16,prefix_b,0,300,540120
reacher,CEM (final goal),17,clean,0,300,540120
reacher,CEM (final goal),17,prefix_a,0,300,540120
reacher,CEM (final goal),17,prefix_b,0,300,540120
reacher,CEM (final goal),18,clean,0,300,540120
reacher,CEM (final goal),18,prefix_a,0,300,540120
reacher,CEM (final goal),18,prefix_b,0,300,540120
reacher,CEM (final goal),19,clean,0,300,540120
reacher,CEM (final goal),19,prefix_a,0,300,540120
reacher,CEM (final goal),19,prefix_b,0,300,540120
reacher,CEM (final goal),20,clean,0,300,540120
reacher,CEM (final goal),20,prefix_a,0,300,540120
reacher,CEM (final goal),20,prefix_b,0,300,540120
reacher,CEM (final goal),21,clean,0,300,540120
reacher,CEM (final goal),21,prefix_a,0,300,540120
reacher,CEM (final goal),21,prefix_b,0,300,540120
reacher,CEM (final goal),22,clean,0,300,540120
reacher,CEM (final goal),22,prefix_a,0,300,540120
reacher,CEM (final goal),22,prefix_b,0,300,540120
reacher,CEM (final goal),23,clean,1,18,36008
reacher,CEM (final goal),23,prefix_a,0,300,540120
reacher,CEM (final goal),23,prefix_b,1,5,9002
reacher,CEM (final goal),24,clean,0,300,540120
reacher,CEM (final goal),24,prefix_a,0,300,540120
reacher,CEM (final goal),24,prefix_b,0,300,540120
reacher,CEM (final goal),25,clean,0,300,540120
reacher,CEM (final goal),25,prefix_a,0,300,540120
reacher,CEM (final goal),25,prefix_b,0,300,540120
reacher,CEM (final goal),26,clean,0,300,540120
reacher,CEM (final goal),26,prefix_a,0,300,540120
reacher,CEM (final goal),26,prefix_b,0,300,540120
reacher,CEM (final goal),27,clean,1,4,9002
reacher,CEM (final goal),27,prefix_a,1,4,9002
reacher,CEM (final goal),27,prefix_b,0,300,540120
reacher,CEM (final goal),28,clean,1,7,18004
reacher,CEM (final goal),28,prefix_a,0,300,540120
reacher,CEM (final goal),28,prefix_b,1,7,18004
reacher,CEM (final goal),29,clean,0,300,540120
reacher,CEM (final goal),29,prefix_a,0,300,540120
reacher,CEM (final goal),29,prefix_b,1,18,36008
reacher,CEM (final goal),30,clean,0,300,540120
reacher,CEM (final goal),30,prefix_a,0,300,540120
reacher,CEM (final goal),30,prefix_b,0,300,540120
reacher,CEM (final goal),31,clean,1,16,36008
reacher,CEM (final goal),31,prefix_a,0,300,540120
reacher,CEM (final goal),31,prefix_b,0,300,540120
reacher,CEM (final goal),32,clean,0,300,540120
reacher,CEM (final goal),32,prefix_a,0,300,540120
reacher,CEM (final goal),32,prefix_b,0,300,540120
reacher,CEM (final goal),33,clean,0,300,540120
reacher,CEM (final goal),33,prefix_a,0,300,540120
reacher,CEM (final goal),33,prefix_b,0,300,540120
reacher,CEM (final goal),34,clean,0,300,540120
reacher,CEM (final goal),34,prefix_a,0,300,540120
reacher,CEM (final goal),34,prefix_b,0,300,540120
reacher,CEM (final goal),35,clean,0,300,540120
reacher,CEM (final goal),35,prefix_a,0,300,540120
reacher,CEM (final goal),35,prefix_b,0,300,540120
reacher,CEM (final goal),36,clean,0,300,540120
reacher,CEM (final goal),36,prefix_a,0,300,540120
reacher,CEM (final goal),36,prefix_b,1,15,27006
reacher,CEM (final goal),37,clean,0,300,540120
reacher,CEM (final goal),37,prefix_a,0,300,540120
reacher,CEM (final goal),37,prefix_b,0,300,540120
reacher,CEM (final goal),38,clean,0,300,540120
reacher,CEM (final goal),38,prefix_a,0,300,540120
reacher,CEM (final goal),38,prefix_b,0,300,540120
reacher,CEM (final goal),39,clean,0,300,540120
reacher,CEM (final goal),39,prefix_a,0,300,540120
reacher,CEM (final goal),39,prefix_b,0,300,540120
reacher,CEM (final goal),40,clean,0,300,540120
reacher,CEM (final goal),40,prefix_a,0,300,540120
reacher,CEM (final goal),40,prefix_b,0,300,540120
reacher,CEM (final goal),41,clean,0,300,540120
reacher,CEM (final goal),41,prefix_a,0,300,540120
reacher,CEM (final goal),41,prefix_b,0,300,540120
reacher,CEM (final goal),42,clean,0,300,540120
reacher,CEM (final goal),42,prefix_a,0,300,540120
reacher,CEM (final goal),42,prefix_b,0,300,540120
reacher,CEM (final goal),43,clean,0,300,540120
reacher,CEM (final goal),43,prefix_a,0,300,540120
reacher,CEM (final goal),43,prefix_b,0,300,540120
reacher,CEM (final goal),44,clean,0,300,540120
reacher,CEM (final goal),44,prefix_a,0,300,540120
reacher,CEM (final goal),44,prefix_b,0,300,540120
reacher,CEM (final goal),45,clean,0,300,540120
reacher,CEM (final goal),45,prefix_a,0,300,540120
reacher,CEM (final goal),45,prefix_b,0,300,540120
reacher,CEM (final goal),46,clean,0,300,540120
reacher,CEM (final goal),46,prefix_a,0,300,540120
reacher,CEM (final goal),46,prefix_b,0,300,540120
reacher,CEM (final goal),47,clean,1,17,36008
reacher,CEM (final goal),47,prefix_a,1,23,45010
reacher,CEM (final goal),47,prefix_b,1,21,45010
reacher,CEM (final goal),48,clean,0,300,540120
reacher,CEM (final goal),48,prefix_a,0,300,540120
reacher,CEM (final goal),48,prefix_b,0,300,540120
reacher,CEM (final goal),49,clean,0,300,540120
reacher,CEM (final goal),49,prefix_a,0,300,540120
reacher,CEM (final goal),49,prefix_b,0,300,540120
reacher,CEM (final goal),50,clean,0,300,540120
reacher,CEM (final goal),50,prefix_a,0,300,540120
reacher,CEM (final goal),50,prefix_b,0,300,540120
reacher,CEM (final goal),51,clean,0,300,540120
reacher,CEM (final goal),51,prefix_a,0,300,540120
reacher,CEM (final goal),51,prefix_b,0,300,540120
reacher,CEM (final goal),52,clean,1,5,9002
reacher,CEM (final goal),52,prefix_a,1,26,54012
reacher,CEM (final goal),52,prefix_b,1,6,18004
reacher,CEM (final goal),53,clean,1,12,27006
reacher,CEM (final goal),53,prefix_a,1,13,27006
reacher,CEM (final goal),53,prefix_b,0,300,540120
reacher,CEM (final goal),54,clean,1,5,9002
reacher,CEM (final goal),54,prefix_a,0,300,540120
reacher,CEM (final goal),54,prefix_b,1,5,9002
reacher,CEM (final goal),55,clean,1,10,18004
reacher,CEM (final goal),55,prefix_a,1,5,9002
reacher,CEM (final goal),55,prefix_b,1,5,9002
reacher,CEM (final goal),56,clean,0,300,540120
reacher,CEM (final goal),56,prefix_a,0,300,540120
reacher,CEM (final goal),56,prefix_b,0,300,540120
reacher,CEM (final goal),57,clean,0,300,540120
reacher,CEM (final goal),57,prefix_a,0,300,540120
reacher,CEM (final goal),57,prefix_b,0,300,540120
reacher,CEM (final goal),58,clean,0,300,540120
reacher,CEM (final goal),58,prefix_a,0,300,540120
reacher,CEM (final goal),58,prefix_b,0,300,540120
reacher,CEM (final goal),59,clean,0,300,540120
reacher,CEM (final goal),59,prefix_a,0,300,540120
reacher,CEM (final goal),59,prefix_b,0,300,540120
reacher,CEM (final goal),60,clean,1,18,36008
reacher,CEM (final goal),60,prefix_a,1,20,36008
reacher,CEM (final goal),60,prefix_b,1,20,36008
reacher,CEM (final goal),61,clean,0,300,540120
reacher,CEM (final goal),61,prefix_a,1,8,18004
reacher,CEM (final goal),61,prefix_b,1,7,18004
reacher,CEM (final goal),62,clean,0,300,540120
reacher,CEM (final goal),62,prefix_a,0,300,540120
reacher,CEM (final goal),62,prefix_b,0,300,540120
reacher,CEM (final goal),63,clean,1,5,9002
reacher,CEM (final goal),63,prefix_a,1,6,18004
reacher,CEM (final goal),63,prefix_b,1,5,9002
reacher,CEM (final goal),64,clean,1,29,54012
reacher,CEM (final goal),64,prefix_a,1,29,54012
reacher,CEM (final goal),64,prefix_b,0,300,540120
reacher,CEM (final goal),65,clean,0,300,540120
reacher,CEM (final goal),65,prefix_a,0,300,540120
reacher,CEM (final goal),65,prefix_b,0,300,540120
reacher,CEM (final goal),66,clean,0,300,540120
reacher,CEM (final goal),66,prefix_a,0,300,540120
reacher,CEM (final goal),66,prefix_b,0,300,540120
reacher,CEM (final goal),67,clean,0,300,540120
reacher,CEM (final goal),67,prefix_a,0,300,540120
reacher,CEM (final goal),67,prefix_b,0,300,540120
reacher,CEM (final goal),68,clean,0,300,540120
reacher,CEM (final goal),68,prefix_a,0,300,540120
reacher,CEM (final goal),68,prefix_b,0,300,540120
reacher,CEM (final goal),69,clean,0,300,540120
reacher,CEM (final goal),69,prefix_a,0,300,540120
reacher,CEM (final goal),69,prefix_b,0,300,540120
reacher,CEM (final goal),70,clean,0,300,540120
reacher,CEM (final goal),70,prefix_a,0,300,540120
reacher,CEM (final goal),70,prefix_b,0,300,540120
reacher,CEM (final goal),71,clean,0,300,540120
reacher,CEM (final goal),71,prefix_a,0,300,540120
reacher,CEM (final goal),71,prefix_b,0,300,540120
reacher,CEM (final goal),72,clean,0,300,540120
reacher,CEM (final goal),72,prefix_a,0,300,540120
reacher,CEM (final goal),72,prefix_b,0,300,540120
reacher,CEM (final goal),73,clean,0,300,540120
reacher,CEM (final goal),73,prefix_a,0,300,540120
reacher,CEM (final goal),73,prefix_b,0,300,540120
reacher,CEM (final goal),74,clean,0,300,540120
reacher,CEM (final goal),74,prefix_a,1,69,126028
reacher,CEM (final goal),74,prefix_b,0,300,540120
reacher,CEM (final goal),75,clean,0,300,540120
reacher,CEM (final goal),75,prefix_a,0,300,540120
reacher,CEM (final goal),75,prefix_b,0,300,540120
reacher,CEM (final goal),76,clean,0,300,540120
reacher,CEM (final goal),76,prefix_a,0,300,540120
reacher,CEM (final goal),76,prefix_b,0,300,540120
reacher,CEM (final goal),77,clean,0,300,540120
reacher,CEM (final goal),77,prefix_a,0,300,540120
reacher,CEM (final goal),77,prefix_b,0,300,540120
reacher,CEM (final goal),78,clean,0,300,540120
reacher,CEM (final goal),78,prefix_a,0,300,540120
reacher,CEM (final goal),78,prefix_b,0,300,540120
reacher,CEM (final goal),79,clean,0,300,540120
reacher,CEM (final goal),79,prefix_a,0,300,540120
reacher,CEM (final goal),79,prefix_b,0,300,540120
reacher,CEM (final goal),80,clean,0,300,540120
reacher,CEM (final goal),80,prefix_a,0,300,540120
reacher,CEM (final goal),80,prefix_b,0,300,540120
reacher,CEM (final goal),81,clean,0,300,540120
reacher,CEM (final goal),81,prefix_a,0,300,540120
reacher,CEM (final goal),81,prefix_b,0,300,540120
reacher,CEM (final goal),82,clean,0,300,540120
reacher,CEM (final goal),82,prefix_a,0,300,540120
reacher,CEM (final goal),82,prefix_b,0,300,540120
reacher,CEM (final goal),83,clean,0,300,540120
reacher,CEM (final goal),83,prefix_a,0,300,540120
reacher,CEM (final goal),83,prefix_b,0,300,540120
reacher,CEM (final goal),84,clean,1,43,81018
reacher,CEM (final goal),84,prefix_a,0,300,540120
reacher,CEM (final goal),84,prefix_b,1,6,18004
reacher,CEM (final goal),85,clean,1,5,9002
reacher,CEM (final goal),85,prefix_a,0,300,540120
reacher,CEM (final goal),85,prefix_b,1,5,9002
reacher,CEM (final goal),86,clean,0,300,540120
reacher,CEM (final goal),86,prefix_a,0,300,540120
reacher,CEM (final goal),86,prefix_b,0,300,540120
reacher,CEM (final goal),87,clean,0,300,540120
reacher,CEM (final goal),87,prefix_a,0,300,540120
reacher,CEM (final goal),87,prefix_b,0,300,540120
reacher,CEM (final goal),88,clean,0,300,540120
reacher,CEM (final goal),88,prefix_a,0,300,540120
reacher,CEM (final goal),88,prefix_b,0,300,540120
reacher,CEM (final goal),89,clean,1,5,9002
reacher,CEM (final goal),89,prefix_a,1,5,9002
reacher,CEM (final goal),89,prefix_b,1,5,9002
reacher,CEM (final goal),90,clean,0,300,540120
reacher,CEM (final goal),90,prefix_a,0,300,540120
reacher,CEM (final goal),90,prefix_b,0,300,540120
reacher,CEM (final goal),91,clean,0,300,540120
reacher,CEM (final goal),91,prefix_a,0,300,540120
reacher,CEM (final goal),91,prefix_b,0,300,540120
reacher,CEM (final goal),92,clean,0,300,540120
reacher,CEM (final goal),92,prefix_a,0,300,540120
reacher,CEM (final goal),92,prefix_b,0,300,540120
reacher,CEM (final goal),93,clean,1,10,18004
reacher,CEM (final goal),93,prefix_a,1,10,18004
reacher,CEM (final goal),93,prefix_b,1,0,0
reacher,CEM (final goal),94,clean,1,10,18004
reacher,CEM (final goal),94,prefix_a,1,4,9002
reacher,CEM (final goal),94,prefix_b,1,15,27006
reacher,CEM (final goal),95,clean,0,300,540120
reacher,CEM (final goal),95,prefix_a,0,300,540120
reacher,CEM (final goal),95,prefix_b,0,300,540120
reacher,CEM (final goal),96,clean,1,29,54012
reacher,CEM (final goal),96,prefix_a,0,300,540120
reacher,CEM (final goal),96,prefix_b,1,29,54012
reacher,CEM (final goal),97,clean,0,300,540120
reacher,CEM (final goal),97,prefix_a,0,300,540120
reacher,CEM (final goal),97,prefix_b,0,300,540120
reacher,CEM (final goal),98,clean,0,300,540120
reacher,CEM (final goal),98,prefix_a,0,300,540120
reacher,CEM (final goal),98,prefix_b,0,300,540120
reacher,CEM (final goal),99,clean,0,300,540120
reacher,CEM (final goal),99,prefix_a,0,300,540120
reacher,CEM (final goal),99,prefix_b,0,300,540120
reacher,CEM (final goal),100,clean,0,300,540120
reacher,CEM (final goal),100,prefix_a,0,300,540120
reacher,CEM (final goal),100,prefix_b,0,300,540120
reacher,CEM (final goal),101,clean,0,300,540120
reacher,CEM (final goal),101,prefix_a,0,300,540120
reacher,CEM (final goal),101,prefix_b,0,300,540120
reacher,CEM (final goal),102,clean,0,300,540120
reacher,CEM (final goal),102,prefix_a,0,300,540120
reacher,CEM (final goal),102,prefix_b,0,300,540120
reacher,CEM (final goal),103,clean,0,300,540120
reacher,CEM (final goal),103,prefix_a,0,300,540120
reacher,CEM (final goal),103,prefix_b,0,300,540120
reacher,CEM (final goal),104,clean,0,300,540120
reacher,CEM (final goal),104,prefix_a,0,300,540120
reacher,CEM (final goal),104,prefix_b,1,31,63014
reacher,CEM (final goal),105,clean,0,300,540120
reacher,CEM (final goal),105,prefix_a,0,300,540120
reacher,CEM (final goal),105,prefix_b,0,300,540120
reacher,CEM (final goal),106,clean,0,300,540120
reacher,CEM (final goal),106,prefix_a,1,14,27006
reacher,CEM (final goal),106,prefix_b,1,17,36008
reacher,CEM (final goal),107,clean,1,40,72016
reacher,CEM (final goal),107,prefix_a,1,40,72016
reacher,CEM (final goal),107,prefix_b,1,39,72016
reacher,CEM (final goal),108,clean,0,300,540120
reacher,CEM (final goal),108,prefix_a,0,300,540120
reacher,CEM (final goal),108,prefix_b,0,300,540120
reacher,CEM (final goal),109,clean,1,12,27006
reacher,CEM (final goal),109,prefix_a,1,8,18004
reacher,CEM (final goal),109,prefix_b,0,300,540120
reacher,CEM (final goal),110,clean,0,300,540120
reacher,CEM (final goal),110,prefix_a,0,300,540120
reacher,CEM (final goal),110,prefix_b,0,300,540120
reacher,CEM (final goal),111,clean,0,300,540120
reacher,CEM (final goal),111,prefix_a,0,300,540120
reacher,CEM (final goal),111,prefix_b,0,300,540120
reacher,CEM (final goal),112,clean,1,8,18004
reacher,CEM (final goal),112,prefix_a,1,8,18004
reacher,CEM (final goal),112,prefix_b,1,7,18004
reacher,CEM (final goal),113,clean,0,300,540120
reacher,CEM (final goal),113,prefix_a,0,300,540120
reacher,CEM (final goal),113,prefix_b,0,300,540120
reacher,CEM (final goal),114,clean,0,300,540120
reacher,CEM (final goal),114,prefix_a,0,300,540120
reacher,CEM (final goal),114,prefix_b,0,300,540120
reacher,CEM (final goal),115,clean,1,2,9002
reacher,CEM (final goal),115,prefix_a,1,5,9002
reacher,CEM (final goal),115,prefix_b,1,0,0
reacher,CEM (final goal),116,clean,0,300,540120
reacher,CEM (final goal),116,prefix_a,0,300,540120
reacher,CEM (final goal),116,prefix_b,1,11,27006
reacher,CEM (final goal),117,clean,1,18,36008
reacher,CEM (final goal),117,prefix_a,0,300,540120
reacher,CEM (final goal),117,prefix_b,1,17,36008
reacher,CEM (final goal),118,clean,1,8,18004
reacher,CEM (final goal),118,prefix_a,1,6,18004
reacher,CEM (final goal),118,prefix_b,0,300,540120
reacher,CEM (final goal),119,clean,0,300,540120
reacher,CEM (final goal),119,prefix_a,0,300,540120
reacher,CEM (final goal),119,prefix_b,0,300,540120
reacher,CEM (final goal),120,clean,1,18,36008
reacher,CEM (final goal),120,prefix_a,0,300,540120
reacher,CEM (final goal),120,prefix_b,1,6,18004
reacher,CEM (final goal),121,clean,1,7,18004
reacher,CEM (final goal),121,prefix_a,0,300,540120
reacher,CEM (final goal),121,prefix_b,1,4,9002
reacher,CEM (final goal),122,clean,0,300,540120
reacher,CEM (final goal),122,prefix_a,0,300,540120
reacher,CEM (final goal),122,prefix_b,0,300,540120
reacher,CEM (final goal),123,clean,1,7,18004
reacher,CEM (final goal),123,prefix_a,1,27,54012
reacher,CEM (final goal),123,prefix_b,1,13,27006
reacher,CEM (final goal),124,clean,0,300,540120
reacher,CEM (final goal),124,prefix_a,1,17,36008
reacher,CEM (final goal),124,prefix_b,0,300,540120
reacher,CEM (final goal),125,clean,1,7,18004
reacher,CEM (final goal),125,prefix_a,1,5,9002
reacher,CEM (final goal),125,prefix_b,0,300,540120
reacher,CEM (final goal),126,clean,0,300,540120
reacher,CEM (final goal),126,prefix_a,0,300,540120
reacher,CEM (final goal),126,prefix_b,0,300,540120
reacher,CEM (final goal),127,clean,0,300,540120
reacher,CEM (final goal),127,prefix_a,0,300,540120
reacher,CEM (final goal),127,prefix_b,0,300,540120
reacher,CEM (learned target),0,clean,1,139,252056
reacher,CEM (learned target),0,prefix_a,1,144,261058
reacher,CEM (learned target),0,prefix_b,1,118,216048
reacher,CEM (learned target),1,clean,0,300,540120
reacher,CEM (learned target),1,prefix_a,0,300,540120
reacher,CEM (learned target),1,prefix_b,0,300,540120
reacher,CEM (learned target),2,clean,1,143,261058
reacher,CEM (learned target),2,prefix_a,1,143,261058
reacher,CEM (learned target),2,prefix_b,1,143,261058
reacher,CEM (learned target),3,clean,1,160,288064
reacher,CEM (learned target),3,prefix_a,1,159,288064
reacher,CEM (learned target),3,prefix_b,1,160,288064
reacher,CEM (learned target),4,clean,0,300,540120
reacher,CEM (learned target),4,prefix_a,1,211,387086
reacher,CEM (learned target),4,prefix_b,1,182,333074
reacher,CEM (learned target),5,clean,1,150,270060
reacher,CEM (learned target),5,prefix_a,1,149,270060
reacher,CEM (learned target),5,prefix_b,1,149,270060
reacher,CEM (learned target),6,clean,0,300,540120
reacher,CEM (learned target),6,prefix_a,1,0,0
reacher,CEM (learned target),6,prefix_b,1,135,243054
reacher,CEM (learned target),7,clean,1,148,270060
reacher,CEM (learned target),7,prefix_a,1,146,270060
reacher,CEM (learned target),7,prefix_b,1,149,270060
reacher,CEM (learned target),8,clean,1,157,288064
reacher,CEM (learned target),8,prefix_a,1,150,270060
reacher,CEM (learned target),8,prefix_b,1,150,270060
reacher,CEM (learned target),9,clean,1,141,261058
reacher,CEM (learned target),9,prefix_a,1,141,261058
reacher,CEM (learned target),9,prefix_b,1,141,261058
reacher,CEM (learned target),10,clean,0,300,540120
reacher,CEM (learned target),10,prefix_a,0,300,540120
reacher,CEM (learned target),10,prefix_b,0,300,540120
reacher,CEM (learned target),11,clean,1,143,261058
reacher,CEM (learned target),11,prefix_a,1,142,261058
reacher,CEM (learned target),11,prefix_b,1,143,261058
reacher,CEM (learned target),12,clean,1,160,288064
reacher,CEM (learned target),12,prefix_a,1,160,288064
reacher,CEM (learned target),12,prefix_b,1,160,288064
reacher,CEM (learned target),13,clean,1,130,234052
reacher,CEM (learned target),13,prefix_a,1,130,234052
reacher,CEM (learned target),13,prefix_b,1,119,216048
reacher,CEM (learned target),14,clean,0,300,540120
reacher,CEM (learned target),14,prefix_a,0,300,540120
reacher,CEM (learned target),14,prefix_b,0,300,540120
reacher,CEM (learned target),15,clean,1,144,261058
reacher,CEM (learned target),15,prefix_a,1,144,261058
reacher,CEM (learned target),15,prefix_b,1,146,270060
reacher,CEM (learned target),16,clean,1,151,279062
reacher,CEM (learned target),16,prefix_a,1,152,279062
reacher,CEM (learned target),16,prefix_b,1,145,261058
reacher,CEM (learned target),17,clean,0,300,540120
reacher,CEM (learned target),17,prefix_a,0,300,540120
reacher,CEM (learned target),17,prefix_b,0,300,540120
reacher,CEM (learned target),18,clean,1,153,279062
reacher,CEM (learned target),18,prefix_a,1,148,270060
reacher,CEM (learned target),18,prefix_b,1,148,270060
reacher,CEM (learned target),19,clean,0,300,540120
reacher,CEM (learned target),19,prefix_a,0,300,540120
reacher,CEM (learned target),19,prefix_b,0,300,540120
reacher,CEM (learned target),20,clean,0,300,540120
reacher,CEM (learned target),20,prefix_a,0,300,540120
reacher,CEM (learned target),20,prefix_b,0,300,540120
reacher,CEM (learned target),21,clean,1,221,405090
reacher,CEM (learned target),21,prefix_a,1,221,405090
reacher,CEM (learned target),21,prefix_b,1,221,405090
reacher,CEM (learned target),22,clean,1,165,297066
reacher,CEM (learned target),22,prefix_a,1,134,243054
reacher,CEM (learned target),22,prefix_b,1,146,270060
reacher,CEM (learned target),23,clean,1,145,261058
reacher,CEM (learned target),23,prefix_a,1,145,261058
reacher,CEM (learned target),23,prefix_b,1,146,270060
reacher,CEM (learned target),24,clean,1,169,306068
reacher,CEM (learned target),24,prefix_a,1,199,360080
reacher,CEM (learned target),24,prefix_b,1,169,306068
reacher,CEM (learned target),25,clean,1,132,243054
reacher,CEM (learned target),25,prefix_a,1,133,243054
reacher,CEM (learned target),25,prefix_b,1,128,234052
reacher,CEM (learned target),26,clean,1,189,342076
reacher,CEM (learned target),26,prefix_a,1,159,288064
reacher,CEM (learned target),26,prefix_b,1,169,306068
reacher,CEM (learned target),27,clean,0,300,540120
reacher,CEM (learned target),27,prefix_a,0,300,540120
reacher,CEM (learned target),27,prefix_b,0,300,540120
reacher,CEM (learned target),28,clean,1,154,279062
reacher,CEM (learned target),28,prefix_a,1,149,270060
reacher,CEM (learned target),28,prefix_b,1,149,270060
reacher,CEM (learned target),29,clean,0,300,540120
reacher,CEM (learned target),29,prefix_a,0,300,540120
reacher,CEM (learned target),29,prefix_b,0,300,540120
reacher,CEM (learned target),30,clean,1,149,270060
reacher,CEM (learned target),30,prefix_a,1,149,270060
reacher,CEM (learned target),30,prefix_b,1,149,270060
reacher,CEM (learned target),31,clean,1,150,270060
reacher,CEM (learned target),31,prefix_a,1,150,270060
reacher,CEM (learned target),31,prefix_b,1,150,270060
reacher,CEM (learned target),32,clean,1,162,297066
reacher,CEM (learned target),32,prefix_a,1,161,297066
reacher,CEM (learned target),32,prefix_b,1,162,297066
reacher,CEM (learned target),33,clean,1,149,270060
reacher,CEM (learned target),33,prefix_a,1,150,270060
reacher,CEM (learned target),33,prefix_b,1,150,270060
reacher,CEM (learned target),34,clean,1,154,279062
reacher,CEM (learned target),34,prefix_a,1,162,297066
reacher,CEM (learned target),34,prefix_b,1,154,279062
reacher,CEM (learned target),35,clean,0,300,540120
reacher,CEM (learned target),35,prefix_a,0,300,540120
reacher,CEM (learned target),35,prefix_b,0,300,540120
reacher,CEM (learned target),36,clean,0,300,540120
reacher,CEM (learned target),36,prefix_a,0,300,540120
reacher,CEM (learned target),36,prefix_b,0,300,540120
reacher,CEM (learned target),37,clean,0,300,540120
reacher,CEM (learned target),37,prefix_a,0,300,540120
reacher,CEM (learned target),37,prefix_b,0,300,540120
reacher,CEM (learned target),38,clean,1,134,243054
reacher,CEM (learned target),38,prefix_a,1,134,243054
reacher,CEM (learned target),38,prefix_b,1,134,243054
reacher,CEM (learned target),39,clean,1,114,207046
reacher,CEM (learned target),39,prefix_a,1,116,216048
reacher,CEM (learned target),39,prefix_b,1,115,207046
reacher,CEM (learned target),40,clean,0,300,540120
reacher,CEM (learned target),40,prefix_a,0,300,540120
reacher,CEM (learned target),40,prefix_b,0,300,540120
reacher,CEM (learned target),41,clean,1,154,279062
reacher,CEM (learned target),41,prefix_a,1,148,270060
reacher,CEM (learned target),41,prefix_b,1,148,270060
reacher,CEM (learned target),42,clean,0,300,540120
reacher,CEM (learned target),42,prefix_a,0,300,540120
reacher,CEM (learned target),42,prefix_b,0,300,540120
reacher,CEM (learned target),43,clean,0,300,540120
reacher,CEM (learned target),43,prefix_a,0,300,540120
reacher,CEM (learned target),43,prefix_b,0,300,540120
reacher,CEM (learned target),44,clean,1,191,351078
reacher,CEM (learned target),44,prefix_a,1,232,423094
reacher,CEM (learned target),44,prefix_b,1,183,333074
reacher,CEM (learned target),45,clean,0,300,540120
reacher,CEM (learned target),45,prefix_a,0,300,540120
reacher,CEM (learned target),45,prefix_b,1,154,279062
reacher,CEM (learned target),46,clean,1,153,279062
reacher,CEM (learned target),46,prefix_a,1,149,270060
reacher,CEM (learned target),46,prefix_b,1,153,279062
reacher,CEM (learned target),47,clean,0,300,540120
reacher,CEM (learned target),47,prefix_a,1,130,234052
reacher,CEM (learned target),47,prefix_b,1,138,252056
reacher,CEM (learned target),48,clean,1,169,306068
reacher,CEM (learned target),48,prefix_a,1,169,306068
reacher,CEM (learned target),48,prefix_b,1,173,315070
reacher,CEM (learned target),49,clean,0,300,540120
reacher,CEM (learned target),49,prefix_a,0,300,540120
reacher,CEM (learned target),49,prefix_b,0,300,540120
reacher,CEM (learned target),50,clean,1,146,270060
reacher,CEM (learned target),50,prefix_a,1,128,234052
reacher,CEM (learned target),50,prefix_b,1,138,252056
reacher,CEM (learned target),51,clean,1,142,261058
reacher,CEM (learned target),51,prefix_a,1,140,252056
reacher,CEM (learned target),51,prefix_b,1,140,252056
reacher,CEM (learned target),52,clean,1,147,270060
reacher,CEM (learned target),52,prefix_a,1,147,270060
reacher,CEM (learned target),52,prefix_b,1,148,270060
reacher,CEM (learned target),53,clean,1,144,261058
reacher,CEM (learned target),53,prefix_a,1,143,261058
reacher,CEM (learned target),53,prefix_b,1,141,261058
reacher,CEM (learned target),54,clean,0,300,540120
reacher,CEM (learned target),54,prefix_a,0,300,540120
reacher,CEM (learned target),54,prefix_b,0,300,540120
reacher,CEM (learned target),55,clean,1,138,252056
reacher,CEM (learned target),55,prefix_a,1,140,252056
reacher,CEM (learned target),55,prefix_b,1,140,252056
reacher,CEM (learned target),56,clean,0,300,540120
reacher,CEM (learned target),56,prefix_a,0,300,540120
reacher,CEM (learned target),56,prefix_b,0,300,540120
reacher,CEM (learned target),57,clean,0,300,540120
reacher,CEM (learned target),57,prefix_a,0,300,540120
reacher,CEM (learned target),57,prefix_b,0,300,540120
reacher,CEM (learned target),58,clean,1,150,270060
reacher,CEM (learned target),58,prefix_a,1,158,288064
reacher,CEM (learned target),58,prefix_b,1,151,279062
reacher,CEM (learned target),59,clean,0,300,540120
reacher,CEM (learned target),59,prefix_a,0,300,540120
reacher,CEM (learned target),59,prefix_b,0,300,540120
reacher,CEM (learned target),60,clean,0,300,540120
reacher,CEM (learned target),60,prefix_a,0,300,540120
reacher,CEM (learned target),60,prefix_b,0,300,540120
reacher,CEM (learned target),61,clean,1,141,261058
reacher,CEM (learned target),61,prefix_a,1,133,243054
reacher,CEM (learned target),61,prefix_b,1,133,243054
reacher,CEM (learned target),62,clean,1,146,270060
reacher,CEM (learned target),62,prefix_a,1,147,270060
reacher,CEM (learned target),62,prefix_b,1,145,261058
reacher,CEM (learned target),63,clean,0,300,540120
reacher,CEM (learned target),63,prefix_a,0,300,540120
reacher,CEM (learned target),63,prefix_b,0,300,540120
reacher,CEM (learned target),64,clean,0,300,540120
reacher,CEM (learned target),64,prefix_a,0,300,540120
reacher,CEM (learned target),64,prefix_b,0,300,540120
reacher,CEM (learned target),65,clean,0,300,540120
reacher,CEM (learned target),65,prefix_a,0,300,540120
reacher,CEM (learned target),65,prefix_b,0,300,540120
reacher,CEM (learned target),66,clean,0,300,540120
reacher,CEM (learned target),66,prefix_a,0,300,540120
reacher,CEM (learned target),66,prefix_b,0,300,540120
reacher,CEM (learned target),67,clean,0,300,540120
reacher,CEM (learned target),67,prefix_a,0,300,540120
reacher,CEM (learned target),67,prefix_b,0,300,540120
reacher,CEM (learned target),68,clean,1,150,270060
reacher,CEM (learned target),68,prefix_a,1,150,270060
reacher,CEM (learned target),68,prefix_b,1,150,270060
reacher,CEM (learned target),69,clean,0,300,540120
reacher,CEM (learned target),69,prefix_a,0,300,540120
reacher,CEM (learned target),69,prefix_b,1,141,261058
reacher,CEM (learned target),70,clean,0,300,540120
reacher,CEM (learned target),70,prefix_a,0,300,540120
reacher,CEM (learned target),70,prefix_b,0,300,540120
reacher,CEM (learned target),71,clean,0,300,540120
reacher,CEM (learned target),71,prefix_a,0,300,540120
reacher,CEM (learned target),71,prefix_b,0,300,540120
reacher,CEM (learned target),72,clean,1,142,261058
reacher,CEM (learned target),72,prefix_a,1,141,261058
reacher,CEM (learned target),72,prefix_b,1,142,261058
reacher,CEM (learned target),73,clean,0,300,540120
reacher,CEM (learned target),73,prefix_a,0,300,540120
reacher,CEM (learned target),73,prefix_b,0,300,540120
reacher,CEM (learned target),74,clean,0,300,540120
reacher,CEM (learned target),74,prefix_a,0,300,540120
reacher,CEM (learned target),74,prefix_b,0,300,540120
reacher,CEM (learned target),75,clean,0,300,540120
reacher,CEM (learned target),75,prefix_a,1,145,261058
reacher,CEM (learned target),75,prefix_b,0,300,540120
reacher,CEM (learned target),76,clean,1,225,405090
reacher,CEM (learned target),76,prefix_a,1,299,540120
reacher,CEM (learned target),76,prefix_b,1,140,252056
reacher,CEM (learned target),77,clean,1,152,279062
reacher,CEM (learned target),77,prefix_a,1,151,279062
reacher,CEM (learned target),77,prefix_b,1,154,279062
reacher,CEM (learned target),78,clean,0,300,540120
reacher,CEM (learned target),78,prefix_a,0,300,540120
reacher,CEM (learned target),78,prefix_b,0,300,540120
reacher,CEM (learned target),79,clean,1,145,261058
reacher,CEM (learned target),79,prefix_a,1,145,261058
reacher,CEM (learned target),79,prefix_b,1,141,261058
reacher,CEM (learned target),80,clean,1,136,252056
reacher,CEM (learned target),80,prefix_a,1,132,243054
reacher,CEM (learned target),80,prefix_b,1,137,252056
reacher,CEM (learned target),81,clean,1,169,306068
reacher,CEM (learned target),81,prefix_a,1,178,324072
reacher,CEM (learned target),81,prefix_b,1,178,324072
reacher,CEM (learned target),82,clean,1,145,261058
reacher,CEM (learned target),82,prefix_a,1,145,261058
reacher,CEM (learned target),82,prefix_b,1,145,261058
reacher,CEM (learned target),83,clean,0,300,540120
reacher,CEM (learned target),83,prefix_a,0,300,540120
reacher,CEM (learned target),83,prefix_b,0,300,540120
reacher,CEM (learned target),84,clean,0,300,540120
reacher,CEM (learned target),84,prefix_a,0,300,540120
reacher,CEM (learned target),84,prefix_b,0,300,540120
reacher,CEM (learned target),85,clean,0,300,540120
reacher,CEM (learned target),85,prefix_a,0,300,540120
reacher,CEM (learned target),85,prefix_b,0,300,540120
reacher,CEM (learned target),86,clean,1,146,270060
reacher,CEM (learned target),86,prefix_a,1,146,270060
reacher,CEM (learned target),86,prefix_b,1,146,270060
reacher,CEM (learned target),87,clean,0,300,540120
reacher,CEM (learned target),87,prefix_a,0,300,540120
reacher,CEM (learned target),87,prefix_b,0,300,540120
reacher,CEM (learned target),88,clean,0,300,540120
reacher,CEM (learned target),88,prefix_a,1,160,288064
reacher,CEM (learned target),88,prefix_b,1,155,279062
reacher,CEM (learned target),89,clean,1,108,198044
reacher,CEM (learned target),89,prefix_a,1,108,198044
reacher,CEM (learned target),89,prefix_b,1,108,198044
reacher,CEM (learned target),90,clean,0,300,540120
reacher,CEM (learned target),90,prefix_a,0,300,540120
reacher,CEM (learned target),90,prefix_b,0,300,540120
reacher,CEM (learned target),91,clean,1,154,279062
reacher,CEM (learned target),91,prefix_a,1,148,270060
reacher,CEM (learned target),91,prefix_b,1,148,270060
reacher,CEM (learned target),92,clean,1,144,261058
reacher,CEM (learned target),92,prefix_a,1,139,252056
reacher,CEM (learned target),92,prefix_b,1,142,261058
reacher,CEM (learned target),93,clean,1,134,243054
reacher,CEM (learned target),93,prefix_a,1,136,252056
reacher,CEM (learned target),93,prefix_b,1,0,0
reacher,CEM (learned target),94,clean,1,25,45010
reacher,CEM (learned target),94,prefix_a,0,300,540120
reacher,CEM (learned target),94,prefix_b,0,300,540120
reacher,CEM (learned target),95,clean,0,300,540120
reacher,CEM (learned target),95,prefix_a,0,300,540120
reacher,CEM (learned target),95,prefix_b,0,300,540120
reacher,CEM (learned target),96,clean,0,300,540120
reacher,CEM (learned target),96,prefix_a,0,300,540120
reacher,CEM (learned target),96,prefix_b,0,300,540120
reacher,CEM (learned target),97,clean,1,164,297066
reacher,CEM (learned target),97,prefix_a,0,300,540120
reacher,CEM (learned target),97,prefix_b,1,164,297066
reacher,CEM (learned target),98,clean,1,152,279062
reacher,CEM (learned target),98,prefix_a,1,152,279062
reacher,CEM (learned target),98,prefix_b,1,152,279062
reacher,CEM (learned target),99,clean,0,300,540120
reacher,CEM (learned target),99,prefix_a,0,300,540120
reacher,CEM (learned target),99,prefix_b,0,300,540120
reacher,CEM (learned target),100,clean,1,153,279062
reacher,CEM (learned target),100,prefix_a,1,153,279062
reacher,CEM (learned target),100,prefix_b,1,153,279062
reacher,CEM (learned target),101,clean,0,300,540120
reacher,CEM (learned target),101,prefix_a,0,300,540120
reacher,CEM (learned target),101,prefix_b,0,300,540120
reacher,CEM (learned target),102,clean,0,300,540120
reacher,CEM (learned target),102,prefix_a,1,121,225050
reacher,CEM (learned target),102,prefix_b,1,135,243054
reacher,CEM (learned target),103,clean,1,152,279062
reacher,CEM (learned target),103,prefix_a,1,152,279062
reacher,CEM (learned target),103,prefix_b,1,152,279062
reacher,CEM (learned target),104,clean,0,300,540120
reacher,CEM (learned target),104,prefix_a,0,300,540120
reacher,CEM (learned target),104,prefix_b,0,300,540120
reacher,CEM (learned target),105,clean,1,138,252056
reacher,CEM (learned target),105,prefix_a,1,137,252056
reacher,CEM (learned target),105,prefix_b,1,137,252056
reacher,CEM (learned target),106,clean,0,300,540120
reacher,CEM (learned target),106,prefix_a,0,300,540120
reacher,CEM (learned target),106,prefix_b,0,300,540120
reacher,CEM (learned target),107,clean,0,300,540120
reacher,CEM (learned target),107,prefix_a,0,300,540120
reacher,CEM (learned target),107,prefix_b,0,300,540120
reacher,CEM (learned target),108,clean,1,219,396088
reacher,CEM (learned target),108,prefix_a,1,219,396088
reacher,CEM (learned target),108,prefix_b,1,219,396088
reacher,CEM (learned target),109,clean,1,150,270060
reacher,CEM (learned target),109,prefix_a,1,149,270060
reacher,CEM (learned target),109,prefix_b,1,149,270060
reacher,CEM (learned target),110,clean,0,300,540120
reacher,CEM (learned target),110,prefix_a,0,300,540120
reacher,CEM (learned target),110,prefix_b,1,135,243054
reacher,CEM (learned target),111,clean,0,300,540120
reacher,CEM (learned target),111,prefix_a,0,300,540120
reacher,CEM (learned target),111,prefix_b,0,300,540120
reacher,CEM (learned target),112,clean,1,143,261058
reacher,CEM (learned target),112,prefix_a,1,139,252056
reacher,CEM (learned target),112,prefix_b,1,139,252056
reacher,CEM (learned target),113,clean,1,139,252056
reacher,CEM (learned target),113,prefix_a,1,139,252056
reacher,CEM (learned target),113,prefix_b,1,139,252056
reacher,CEM (learned target),114,clean,1,105,189042
reacher,CEM (learned target),114,prefix_a,0,300,540120
reacher,CEM (learned target),114,prefix_b,0,300,540120
reacher,CEM (learned target),115,clean,1,130,234052
reacher,CEM (learned target),115,prefix_a,1,136,252056
reacher,CEM (learned target),115,prefix_b,1,0,0
reacher,CEM (learned target),116,clean,1,243,441098
reacher,CEM (learned target),116,prefix_a,1,179,324072
reacher,CEM (learned target),116,prefix_b,1,158,288064
reacher,CEM (learned target),117,clean,1,150,270060
reacher,CEM (learned target),117,prefix_a,1,150,270060
reacher,CEM (learned target),117,prefix_b,1,150,270060
reacher,CEM (learned target),118,clean,0,300,540120
reacher,CEM (learned target),118,prefix_a,0,300,540120
reacher,CEM (learned target),118,prefix_b,0,300,540120
reacher,CEM (learned target),119,clean,0,300,540120
reacher,CEM (learned target),119,prefix_a,0,300,540120
reacher,CEM (learned target),119,prefix_b,0,300,540120
reacher,CEM (learned target),120,clean,1,148,270060
reacher,CEM (learned target),120,prefix_a,1,153,279062
reacher,CEM (learned target),120,prefix_b,1,149,270060
reacher,CEM (learned target),121,clean,1,119,216048
reacher,CEM (learned target),121,prefix_a,0,300,540120
reacher,CEM (learned target),121,prefix_b,1,113,207046
reacher,CEM (learned target),122,clean,0,300,540120
reacher,CEM (learned target),122,prefix_a,0,300,540120
reacher,CEM (learned target),122,prefix_b,0,300,540120
reacher,CEM (learned target),123,clean,0,300,540120
reacher,CEM (learned target),123,prefix_a,0,300,540120
reacher,CEM (learned target),123,prefix_b,0,300,540120
reacher,CEM (learned target),124,clean,1,132,243054
reacher,CEM (learned target),124,prefix_a,1,133,243054
reacher,CEM (learned target),124,prefix_b,1,132,243054
reacher,CEM (learned target),125,clean,0,300,540120
reacher,CEM (learned target),125,prefix_a,0,300,540120
reacher,CEM (learned target),125,prefix_b,1,45,81018
reacher,CEM (learned target),126,clean,0,300,540120
reacher,CEM (learned target),126,prefix_a,1,187,342076
reacher,CEM (learned target),126,prefix_b,1,183,333074
reacher,CEM (learned target),127,clean,1,154,279062
reacher,CEM (learned target),127,prefix_a,1,154,279062
reacher,CEM (learned target),127,prefix_b,1,209,378084
reacher,Direct,0,clean,1,154,0
reacher,Direct,0,prefix_a,1,163,0
reacher,Direct,0,prefix_b,1,131,0
reacher,Direct,1,clean,1,181,0
reacher,Direct,1,prefix_a,1,145,0
reacher,Direct,1,prefix_b,1,159,0
reacher,Direct,2,clean,1,169,0
reacher,Direct,2,prefix_a,1,142,0
reacher,Direct,2,prefix_b,1,149,0
reacher,Direct,3,clean,1,149,0
reacher,Direct,3,prefix_a,1,150,0
reacher,Direct,3,prefix_b,1,160,0
reacher,Direct,4,clean,1,138,0
reacher,Direct,4,prefix_a,1,150,0
reacher,Direct,4,prefix_b,1,36,0
reacher,Direct,5,clean,1,158,0
reacher,Direct,5,prefix_a,1,62,0
reacher,Direct,5,prefix_b,1,129,0
reacher,Direct,6,clean,1,2,0
reacher,Direct,6,prefix_a,1,0,0
reacher,Direct,6,prefix_b,1,149,0
reacher,Direct,7,clean,1,136,0
reacher,Direct,7,prefix_a,1,134,0
reacher,Direct,7,prefix_b,1,162,0
reacher,Direct,8,clean,1,151,0
reacher,Direct,8,prefix_a,1,157,0
reacher,Direct,8,prefix_b,1,154,0
reacher,Direct,9,clean,1,122,0
reacher,Direct,9,prefix_a,1,104,0
reacher,Direct,9,prefix_b,1,148,0
reacher,Direct,10,clean,1,155,0
reacher,Direct,10,prefix_a,1,148,0
reacher,Direct,10,prefix_b,1,172,0
reacher,Direct,11,clean,1,163,0
reacher,Direct,11,prefix_a,1,147,0
reacher,Direct,11,prefix_b,1,156,0
reacher,Direct,12,clean,1,4,0
reacher,Direct,12,prefix_a,1,124,0
reacher,Direct,12,prefix_b,1,140,0
reacher,Direct,13,clean,1,81,0
reacher,Direct,13,prefix_a,1,155,0
reacher,Direct,13,prefix_b,1,125,0
reacher,Direct,14,clean,1,159,0
reacher,Direct,14,prefix_a,1,147,0
reacher,Direct,14,prefix_b,1,238,0
reacher,Direct,15,clean,1,190,0
reacher,Direct,15,prefix_a,1,148,0
reacher,Direct,15,prefix_b,1,149,0
reacher,Direct,16,clean,1,149,0
reacher,Direct,16,prefix_a,1,150,0
reacher,Direct,16,prefix_b,1,147,0
reacher,Direct,17,clean,1,149,0
reacher,Direct,17,prefix_a,1,224,0
reacher,Direct,17,prefix_b,1,223,0
reacher,Direct,18,clean,1,117,0
reacher,Direct,18,prefix_a,1,231,0
reacher,Direct,18,prefix_b,1,161,0
reacher,Direct,19,clean,1,156,0
reacher,Direct,19,prefix_a,1,120,0
reacher,Direct,19,prefix_b,1,261,0
reacher,Direct,20,clean,1,188,0
reacher,Direct,20,prefix_a,1,188,0
reacher,Direct,20,prefix_b,1,151,0
reacher,Direct,21,clean,1,152,0
reacher,Direct,21,prefix_a,1,151,0
reacher,Direct,21,prefix_b,1,160,0
reacher,Direct,22,clean,1,148,0
reacher,Direct,22,prefix_a,1,73,0
reacher,Direct,22,prefix_b,1,165,0
reacher,Direct,23,clean,1,153,0
reacher,Direct,23,prefix_a,1,155,0
reacher,Direct,23,prefix_b,1,160,0
reacher,Direct,24,clean,1,163,0
reacher,Direct,24,prefix_a,1,173,0
reacher,Direct,24,prefix_b,1,129,0
reacher,Direct,25,clean,1,147,0
reacher,Direct,25,prefix_a,1,87,0
reacher,Direct,25,prefix_b,1,153,0
reacher,Direct,26,clean,1,155,0
reacher,Direct,26,prefix_a,1,148,0
reacher,Direct,26,prefix_b,1,171,0
reacher,Direct,27,clean,1,145,0
reacher,Direct,27,prefix_a,1,29,0
reacher,Direct,27,prefix_b,1,7,0
reacher,Direct,28,clean,1,175,0
reacher,Direct,28,prefix_a,1,164,0
reacher,Direct,28,prefix_b,1,44,0
reacher,Direct,29,clean,1,6,0
reacher,Direct,29,prefix_a,1,141,0
reacher,Direct,29,prefix_b,1,16,0
reacher,Direct,30,clean,1,147,0
reacher,Direct,30,prefix_a,1,187,0
reacher,Direct,30,prefix_b,1,152,0
reacher,Direct,31,clean,1,151,0
reacher,Direct,31,prefix_a,1,151,0
reacher,Direct,31,prefix_b,1,185,0
reacher,Direct,32,clean,1,151,0
reacher,Direct,32,prefix_a,1,132,0
reacher,Direct,32,prefix_b,1,200,0
reacher,Direct,33,clean,1,174,0
reacher,Direct,33,prefix_a,1,149,0
reacher,Direct,33,prefix_b,1,148,0
reacher,Direct,34,clean,1,180,0
reacher,Direct,34,prefix_a,1,150,0
reacher,Direct,34,prefix_b,1,162,0
reacher,Direct,35,clean,1,141,0
reacher,Direct,35,prefix_a,1,141,0
reacher,Direct,35,prefix_b,1,149,0
reacher,Direct,36,clean,1,153,0
reacher,Direct,36,prefix_a,1,195,0
reacher,Direct,36,prefix_b,1,117,0
reacher,Direct,37,clean,1,142,0
reacher,Direct,37,prefix_a,1,164,0
reacher,Direct,37,prefix_b,1,164,0
reacher,Direct,38,clean,1,203,0
reacher,Direct,38,prefix_a,1,150,0
reacher,Direct,38,prefix_b,1,146,0
reacher,Direct,39,clean,1,174,0
reacher,Direct,39,prefix_a,1,151,0
reacher,Direct,39,prefix_b,1,150,0
reacher,Direct,40,clean,1,161,0
reacher,Direct,40,prefix_a,1,173,0
reacher,Direct,40,prefix_b,1,159,0
reacher,Direct,41,clean,1,153,0
reacher,Direct,41,prefix_a,1,121,0
reacher,Direct,41,prefix_b,1,107,0
reacher,Direct,42,clean,1,161,0
reacher,Direct,42,prefix_a,1,91,0
reacher,Direct,42,prefix_b,1,138,0
reacher,Direct,43,clean,0,300,0
reacher,Direct,43,prefix_a,0,300,0
reacher,Direct,43,prefix_b,0,300,0
reacher,Direct,44,clean,1,149,0
reacher,Direct,44,prefix_a,1,149,0
reacher,Direct,44,prefix_b,1,156,0
reacher,Direct,45,clean,1,161,0
reacher,Direct,45,prefix_a,1,166,0
reacher,Direct,45,prefix_b,1,169,0
reacher,Direct,46,clean,1,132,0
reacher,Direct,46,prefix_a,1,163,0
reacher,Direct,46,prefix_b,1,142,0
reacher,Direct,47,clean,1,148,0
reacher,Direct,47,prefix_a,1,168,0
reacher,Direct,47,prefix_b,1,17,0
reacher,Direct,48,clean,1,148,0
reacher,Direct,48,prefix_a,1,101,0
reacher,Direct,48,prefix_b,1,135,0
reacher,Direct,49,clean,1,154,0
reacher,Direct,49,prefix_a,1,147,0
reacher,Direct,49,prefix_b,1,298,0
reacher,Direct,50,clean,1,170,0
reacher,Direct,50,prefix_a,1,94,0
reacher,Direct,50,prefix_b,1,155,0
reacher,Direct,51,clean,1,173,0
reacher,Direct,51,prefix_a,1,144,0
reacher,Direct,51,prefix_b,1,150,0
reacher,Direct,52,clean,1,137,0
reacher,Direct,52,prefix_a,1,20,0
reacher,Direct,52,prefix_b,1,16,0
reacher,Direct,53,clean,1,151,0
reacher,Direct,53,prefix_a,1,154,0
reacher,Direct,53,prefix_b,1,66,0
reacher,Direct,54,clean,1,157,0
reacher,Direct,54,prefix_a,1,21,0
reacher,Direct,54,prefix_b,1,80,0
reacher,Direct,55,clean,1,134,0
reacher,Direct,55,prefix_a,1,186,0
reacher,Direct,55,prefix_b,1,65,0
reacher,Direct,56,clean,1,140,0
reacher,Direct,56,prefix_a,1,112,0
reacher,Direct,56,prefix_b,1,146,0
reacher,Direct,57,clean,1,179,0
reacher,Direct,57,prefix_a,1,182,0
reacher,Direct,57,prefix_b,1,137,0
reacher,Direct,58,clean,1,154,0
reacher,Direct,58,prefix_a,1,148,0
reacher,Direct,58,prefix_b,1,151,0
reacher,Direct,59,clean,1,154,0
reacher,Direct,59,prefix_a,0,300,0
reacher,Direct,59,prefix_b,0,300,0
reacher,Direct,60,clean,1,162,0
reacher,Direct,60,prefix_a,1,150,0
reacher,Direct,60,prefix_b,1,165,0
reacher,Direct,61,clean,1,142,0
reacher,Direct,61,prefix_a,1,144,0
reacher,Direct,61,prefix_b,1,176,0
reacher,Direct,62,clean,1,147,0
reacher,Direct,62,prefix_a,1,189,0
reacher,Direct,62,prefix_b,1,148,0
reacher,Direct,63,clean,1,127,0
reacher,Direct,63,prefix_a,1,163,0
reacher,Direct,63,prefix_b,1,158,0
reacher,Direct,64,clean,1,156,0
reacher,Direct,64,prefix_a,1,184,0
reacher,Direct,64,prefix_b,1,189,0
reacher,Direct,65,clean,1,102,0
reacher,Direct,65,prefix_a,1,156,0
reacher,Direct,65,prefix_b,1,152,0
reacher,Direct,66,clean,1,163,0
reacher,Direct,66,prefix_a,1,111,0
reacher,Direct,66,prefix_b,1,205,0
reacher,Direct,67,clean,1,150,0
reacher,Direct,67,prefix_a,1,155,0
reacher,Direct,67,prefix_b,0,300,0
reacher,Direct,68,clean,1,156,0
reacher,Direct,68,prefix_a,1,149,0
reacher,Direct,68,prefix_b,1,154,0
reacher,Direct,69,clean,1,102,0
reacher,Direct,69,prefix_a,1,41,0
reacher,Direct,69,prefix_b,1,49,0
reacher,Direct,70,clean,1,67,0
reacher,Direct,70,prefix_a,1,56,0
reacher,Direct,70,prefix_b,1,166,0
reacher,Direct,71,clean,1,150,0
reacher,Direct,71,prefix_a,1,137,0
reacher,Direct,71,prefix_b,1,150,0
reacher,Direct,72,clean,1,173,0
reacher,Direct,72,prefix_a,1,3,0
reacher,Direct,72,prefix_b,1,156,0
reacher,Direct,73,clean,1,160,0
reacher,Direct,73,prefix_a,1,149,0
reacher,Direct,73,prefix_b,1,165,0
reacher,Direct,74,clean,1,176,0
reacher,Direct,74,prefix_a,1,151,0
reacher,Direct,74,prefix_b,1,80,0
reacher,Direct,75,clean,1,137,0
reacher,Direct,75,prefix_a,1,178,0
reacher,Direct,75,prefix_b,1,172,0
reacher,Direct,76,clean,1,84,0
reacher,Direct,76,prefix_a,1,148,0
reacher,Direct,76,prefix_b,1,131,0
reacher,Direct,77,clean,1,174,0
reacher,Direct,77,prefix_a,1,169,0
reacher,Direct,77,prefix_b,1,169,0
reacher,Direct,78,clean,1,164,0
reacher,Direct,78,prefix_a,1,149,0
reacher,Direct,78,prefix_b,1,149,0
reacher,Direct,79,clean,1,143,0
reacher,Direct,79,prefix_a,1,73,0
reacher,Direct,79,prefix_b,1,148,0
reacher,Direct,80,clean,1,211,0
reacher,Direct,80,prefix_a,1,135,0
reacher,Direct,80,prefix_b,1,155,0
reacher,Direct,81,clean,1,154,0
reacher,Direct,81,prefix_a,1,148,0
reacher,Direct,81,prefix_b,1,155,0
reacher,Direct,82,clean,1,154,0
reacher,Direct,82,prefix_a,1,194,0
reacher,Direct,82,prefix_b,1,160,0
reacher,Direct,83,clean,1,161,0
reacher,Direct,83,prefix_a,1,166,0
reacher,Direct,83,prefix_b,1,149,0
reacher,Direct,84,clean,1,215,0
reacher,Direct,84,prefix_a,1,150,0
reacher,Direct,84,prefix_b,1,77,0
reacher,Direct,85,clean,1,148,0
reacher,Direct,85,prefix_a,1,73,0
reacher,Direct,85,prefix_b,1,155,0
reacher,Direct,86,clean,1,148,0
reacher,Direct,86,prefix_a,1,160,0
reacher,Direct,86,prefix_b,1,157,0
reacher,Direct,87,clean,1,144,0
reacher,Direct,87,prefix_a,0,300,0
reacher,Direct,87,prefix_b,1,108,0
reacher,Direct,88,clean,1,150,0
reacher,Direct,88,prefix_a,1,160,0
reacher,Direct,88,prefix_b,0,300,0
reacher,Direct,89,clean,1,168,0
reacher,Direct,89,prefix_a,1,10,0
reacher,Direct,89,prefix_b,1,154,0
reacher,Direct,90,clean,1,150,0
reacher,Direct,90,prefix_a,1,174,0
reacher,Direct,90,prefix_b,1,52,0
reacher,Direct,91,clean,1,168,0
reacher,Direct,91,prefix_a,1,112,0
reacher,Direct,91,prefix_b,1,165,0
reacher,Direct,92,clean,1,96,0
reacher,Direct,92,prefix_a,1,141,0
reacher,Direct,92,prefix_b,1,142,0
reacher,Direct,93,clean,1,176,0
reacher,Direct,93,prefix_a,1,154,0
reacher,Direct,93,prefix_b,1,0,0
reacher,Direct,94,clean,1,158,0
reacher,Direct,94,prefix_a,1,153,0
reacher,Direct,94,prefix_b,1,147,0
reacher,Direct,95,clean,1,102,0
reacher,Direct,95,prefix_a,1,150,0
reacher,Direct,95,prefix_b,1,147,0
reacher,Direct,96,clean,1,202,0
reacher,Direct,96,prefix_a,1,145,0
reacher,Direct,96,prefix_b,1,177,0
reacher,Direct,97,clean,1,150,0
reacher,Direct,97,prefix_a,1,129,0
reacher,Direct,97,prefix_b,1,190,0
reacher,Direct,98,clean,1,153,0
reacher,Direct,98,prefix_a,1,156,0
reacher,Direct,98,prefix_b,1,156,0
reacher,Direct,99,clean,1,163,0
reacher,Direct,99,prefix_a,0,300,0
reacher,Direct,99,prefix_b,1,151,0
reacher,Direct,100,clean,1,148,0
reacher,Direct,100,prefix_a,1,156,0
reacher,Direct,100,prefix_b,1,152,0
reacher,Direct,101,clean,1,73,0
reacher,Direct,101,prefix_a,1,182,0
reacher,Direct,101,prefix_b,1,148,0
reacher,Direct,102,clean,1,246,0
reacher,Direct,102,prefix_a,1,293,0
reacher,Direct,102,prefix_b,1,204,0
reacher,Direct,103,clean,1,192,0
reacher,Direct,103,prefix_a,1,256,0
reacher,Direct,103,prefix_b,1,150,0
reacher,Direct,104,clean,1,149,0
reacher,Direct,104,prefix_a,1,150,0
reacher,Direct,104,prefix_b,1,72,0
reacher,Direct,105,clean,1,144,0
reacher,Direct,105,prefix_a,1,152,0
reacher,Direct,105,prefix_b,1,166,0
reacher,Direct,106,clean,1,143,0
reacher,Direct,106,prefix_a,1,85,0
reacher,Direct,106,prefix_b,1,150,0
reacher,Direct,107,clean,1,108,0
reacher,Direct,107,prefix_a,1,160,0
reacher,Direct,107,prefix_b,1,138,0
reacher,Direct,108,clean,1,164,0
reacher,Direct,108,prefix_a,1,167,0
reacher,Direct,108,prefix_b,1,174,0
reacher,Direct,109,clean,1,159,0
reacher,Direct,109,prefix_a,1,175,0
reacher,Direct,109,prefix_b,1,132,0
reacher,Direct,110,clean,1,165,0
reacher,Direct,110,prefix_a,1,141,0
reacher,Direct,110,prefix_b,1,151,0
reacher,Direct,111,clean,1,167,0
reacher,Direct,111,prefix_a,1,213,0
reacher,Direct,111,prefix_b,1,144,0
reacher,Direct,112,clean,1,118,0
reacher,Direct,112,prefix_a,1,149,0
reacher,Direct,112,prefix_b,1,141,0
reacher,Direct,113,clean,1,160,0
reacher,Direct,113,prefix_a,1,170,0
reacher,Direct,113,prefix_b,1,140,0
reacher,Direct,114,clean,1,147,0
reacher,Direct,114,prefix_a,1,173,0
reacher,Direct,114,prefix_b,1,108,0
reacher,Direct,115,clean,1,127,0
reacher,Direct,115,prefix_a,1,145,0
reacher,Direct,115,prefix_b,1,0,0
reacher,Direct,116,clean,1,137,0
reacher,Direct,116,prefix_a,1,182,0
reacher,Direct,116,prefix_b,1,149,0
reacher,Direct,117,clean,1,151,0
reacher,Direct,117,prefix_a,1,170,0
reacher,Direct,117,prefix_b,1,156,0
reacher,Direct,118,clean,1,152,0
reacher,Direct,118,prefix_a,1,151,0
reacher,Direct,118,prefix_b,1,142,0
reacher,Direct,119,clean,1,158,0
reacher,Direct,119,prefix_a,1,227,0
reacher,Direct,119,prefix_b,1,92,0
reacher,Direct,120,clean,1,151,0
reacher,Direct,120,prefix_a,1,154,0
reacher,Direct,120,prefix_b,1,230,0
reacher,Direct,121,clean,1,133,0
reacher,Direct,121,prefix_a,1,150,0
reacher,Direct,121,prefix_b,1,125,0
reacher,Direct,122,clean,1,293,0
reacher,Direct,122,prefix_a,1,173,0
reacher,Direct,122,prefix_b,1,114,0
reacher,Direct,123,clean,1,168,0
reacher,Direct,123,prefix_a,1,100,0
reacher,Direct,123,prefix_b,1,21,0
reacher,Direct,124,clean,1,151,0
reacher,Direct,124,prefix_a,1,104,0
reacher,Direct,124,prefix_b,1,147,0
reacher,Direct,125,clean,1,154,0
reacher,Direct,125,prefix_a,1,146,0
reacher,Direct,125,prefix_b,1,9,0
reacher,Direct,126,clean,1,174,0
reacher,Direct,126,prefix_a,1,154,0
reacher,Direct,126,prefix_b,1,150,0
reacher,Direct,127,clean,1,155,0
reacher,Direct,127,prefix_a,1,148,0
reacher,Direct,127,prefix_b,1,147,0
reacher,LeWM planner,0,clean,1,24,45000
reacher,LeWM planner,0,prefix_a,1,50,90000
reacher,LeWM planner,0,prefix_b,1,96,180000
reacher,LeWM planner,1,clean,1,260,495000
reacher,LeWM planner,1,prefix_a,1,257,495000
reacher,LeWM planner,1,prefix_b,1,44,90000
reacher,LeWM planner,2,clean,1,39,90000
reacher,LeWM planner,2,prefix_a,1,25,45000
reacher,LeWM planner,2,prefix_b,1,73,135000
reacher,LeWM planner,3,clean,0,300,540000
reacher,LeWM planner,3,prefix_a,0,300,540000
reacher,LeWM planner,3,prefix_b,0,300,540000
reacher,LeWM planner,4,clean,1,25,45000
reacher,LeWM planner,4,prefix_a,1,26,90000
reacher,LeWM planner,4,prefix_b,1,50,90000
reacher,LeWM planner,5,clean,1,25,45000
reacher,LeWM planner,5,prefix_a,1,25,45000
reacher,LeWM planner,5,prefix_b,1,51,135000
reacher,LeWM planner,6,clean,1,2,45000
reacher,LeWM planner,6,prefix_a,1,0,0
reacher,LeWM planner,6,prefix_b,1,105,225000
reacher,LeWM planner,7,clean,0,300,540000
reacher,LeWM planner,7,prefix_a,1,49,90000
reacher,LeWM planner,7,prefix_b,0,300,540000
reacher,LeWM planner,8,clean,1,20,45000
reacher,LeWM planner,8,prefix_a,1,42,90000
reacher,LeWM planner,8,prefix_b,1,30,90000
reacher,LeWM planner,9,clean,1,16,45000
reacher,LeWM planner,9,prefix_a,0,300,540000
reacher,LeWM planner,9,prefix_b,1,75,135000
reacher,LeWM planner,10,clean,1,53,135000
reacher,LeWM planner,10,prefix_a,1,31,90000
reacher,LeWM planner,10,prefix_b,1,28,90000
reacher,LeWM planner,11,clean,0,300,540000
reacher,LeWM planner,11,prefix_a,1,52,135000
reacher,LeWM planner,11,prefix_b,0,300,540000
reacher,LeWM planner,12,clean,1,54,135000
reacher,LeWM planner,12,prefix_a,1,24,45000
reacher,LeWM planner,12,prefix_b,1,12,45000
reacher,LeWM planner,13,clean,1,52,135000
reacher,LeWM planner,13,prefix_a,1,67,135000
reacher,LeWM planner,13,prefix_b,1,53,135000
reacher,LeWM planner,14,clean,1,50,90000
reacher,LeWM planner,14,prefix_a,1,38,90000
reacher,LeWM planner,14,prefix_b,1,27,90000
reacher,LeWM planner,15,clean,1,50,90000
reacher,LeWM planner,15,prefix_a,1,43,90000
reacher,LeWM planner,15,prefix_b,1,25,45000
reacher,LeWM planner,16,clean,1,38,90000
reacher,LeWM planner,16,prefix_a,0,300,540000
reacher,LeWM planner,16,prefix_b,0,300,540000
reacher,LeWM planner,17,clean,1,54,135000
reacher,LeWM planner,17,prefix_a,1,93,180000
reacher,LeWM planner,17,prefix_b,1,49,90000
reacher,LeWM planner,18,clean,1,43,90000
reacher,LeWM planner,18,prefix_a,1,32,90000
reacher,LeWM planner,18,prefix_b,1,45,90000
reacher,LeWM planner,19,clean,0,300,540000
reacher,LeWM planner,19,prefix_a,0,300,540000
reacher,LeWM planner,19,prefix_b,1,134,270000
reacher,LeWM planner,20,clean,1,87,180000
reacher,LeWM planner,20,prefix_a,1,31,90000
reacher,LeWM planner,20,prefix_b,1,120,225000
reacher,LeWM planner,21,clean,1,42,90000
reacher,LeWM planner,21,prefix_a,1,68,135000
reacher,LeWM planner,21,prefix_b,1,43,90000
reacher,LeWM planner,22,clean,0,300,540000
reacher,LeWM planner,22,prefix_a,0,300,540000
reacher,LeWM planner,22,prefix_b,0,300,540000
reacher,LeWM planner,23,clean,1,35,90000
reacher,LeWM planner,23,prefix_a,1,43,90000
reacher,LeWM planner,23,prefix_b,1,24,45000
reacher,LeWM planner,24,clean,1,27,90000
reacher,LeWM planner,24,prefix_a,1,46,90000
reacher,LeWM planner,24,prefix_b,1,18,45000
reacher,LeWM planner,25,clean,1,50,90000
reacher,LeWM planner,25,prefix_a,1,50,90000
reacher,LeWM planner,25,prefix_b,1,23,45000
reacher,LeWM planner,26,clean,0,300,540000
reacher,LeWM planner,26,prefix_a,0,300,540000
reacher,LeWM planner,26,prefix_b,0,300,540000
reacher,LeWM planner,27,clean,1,158,315000
reacher,LeWM planner,27,prefix_a,1,20,45000
reacher,LeWM planner,27,prefix_b,1,20,45000
reacher,LeWM planner,28,clean,1,41,90000
reacher,LeWM planner,28,prefix_a,1,136,270000
reacher,LeWM planner,28,prefix_b,1,89,180000
reacher,LeWM planner,29,clean,1,75,135000
reacher,LeWM planner,29,prefix_a,1,2,45000
reacher,LeWM planner,29,prefix_b,1,201,405000
reacher,LeWM planner,30,clean,1,64,135000
reacher,LeWM planner,30,prefix_a,1,28,90000
reacher,LeWM planner,30,prefix_b,1,73,135000
reacher,LeWM planner,31,clean,1,30,90000
reacher,LeWM planner,31,prefix_a,1,50,90000
reacher,LeWM planner,31,prefix_b,1,50,90000
reacher,LeWM planner,32,clean,1,74,135000
reacher,LeWM planner,32,prefix_a,1,66,135000
reacher,LeWM planner,32,prefix_b,1,25,45000
reacher,LeWM planner,33,clean,0,300,540000
reacher,LeWM planner,33,prefix_a,0,300,540000
reacher,LeWM planner,33,prefix_b,0,300,540000
reacher,LeWM planner,34,clean,1,101,225000
reacher,LeWM planner,34,prefix_a,1,71,135000
reacher,LeWM planner,34,prefix_b,1,37,90000
reacher,LeWM planner,35,clean,1,100,180000
reacher,LeWM planner,35,prefix_a,1,35,90000
reacher,LeWM planner,35,prefix_b,1,71,135000
reacher,LeWM planner,36,clean,1,61,135000
reacher,LeWM planner,36,prefix_a,1,24,45000
reacher,LeWM planner,36,prefix_b,1,101,225000
reacher,LeWM planner,37,clean,1,77,180000
reacher,LeWM planner,37,prefix_a,1,31,90000
reacher,LeWM planner,37,prefix_b,1,30,90000
reacher,LeWM planner,38,clean,1,50,90000
reacher,LeWM planner,38,prefix_a,1,34,90000
reacher,LeWM planner,38,prefix_b,1,120,225000
reacher,LeWM planner,39,clean,0,300,540000
reacher,LeWM planner,39,prefix_a,0,300,540000
reacher,LeWM planner,39,prefix_b,0,300,540000
reacher,LeWM planner,40,clean,0,300,540000
reacher,LeWM planner,40,prefix_a,0,300,540000
reacher,LeWM planner,40,prefix_b,0,300,540000
reacher,LeWM planner,41,clean,1,50,90000
reacher,LeWM planner,41,prefix_a,1,27,90000
reacher,LeWM planner,41,prefix_b,1,50,90000
reacher,LeWM planner,42,clean,0,300,540000
reacher,LeWM planner,42,prefix_a,0,300,540000
reacher,LeWM planner,42,prefix_b,0,300,540000
reacher,LeWM planner,43,clean,0,300,540000
reacher,LeWM planner,43,prefix_a,0,300,540000
reacher,LeWM planner,43,prefix_b,0,300,540000
reacher,LeWM planner,44,clean,0,300,540000
reacher,LeWM planner,44,prefix_a,0,300,540000
reacher,LeWM planner,44,prefix_b,0,300,540000
reacher,LeWM planner,45,clean,0,300,540000
reacher,LeWM planner,45,prefix_a,0,300,540000
reacher,LeWM planner,45,prefix_b,0,300,540000
reacher,LeWM planner,46,clean,1,50,90000
reacher,LeWM planner,46,prefix_a,1,50,90000
reacher,LeWM planner,46,prefix_b,1,52,135000
reacher,LeWM planner,47,clean,1,25,45000
reacher,LeWM planner,47,prefix_a,1,14,45000
reacher,LeWM planner,47,prefix_b,1,26,90000
reacher,LeWM planner,48,clean,1,24,45000
reacher,LeWM planner,48,prefix_a,1,29,90000
reacher,LeWM planner,48,prefix_b,1,25,45000
reacher,LeWM planner,49,clean,1,66,135000
reacher,LeWM planner,49,prefix_a,1,49,90000
reacher,LeWM planner,49,prefix_b,1,25,45000
reacher,LeWM planner,50,clean,1,54,135000
reacher,LeWM planner,50,prefix_a,1,41,90000
reacher,LeWM planner,50,prefix_b,1,53,135000
reacher,LeWM planner,51,clean,0,300,540000
reacher,LeWM planner,51,prefix_a,0,300,540000
reacher,LeWM planner,51,prefix_b,0,300,540000
reacher,LeWM planner,52,clean,1,24,45000
reacher,LeWM planner,52,prefix_a,1,19,45000
reacher,LeWM planner,52,prefix_b,1,45,90000
reacher,LeWM planner,53,clean,1,75,135000
reacher,LeWM planner,53,prefix_a,1,50,90000
reacher,LeWM planner,53,prefix_b,1,31,90000
reacher,LeWM planner,54,clean,1,24,45000
reacher,LeWM planner,54,prefix_a,1,34,90000
reacher,LeWM planner,54,prefix_b,1,101,225000
reacher,LeWM planner,55,clean,1,47,90000
reacher,LeWM planner,55,prefix_a,1,25,45000
reacher,LeWM planner,55,prefix_b,1,25,45000
reacher,LeWM planner,56,clean,0,300,540000
reacher,LeWM planner,56,prefix_a,1,25,45000
reacher,LeWM planner,56,prefix_b,1,165,315000
reacher,LeWM planner,57,clean,0,300,540000
reacher,LeWM planner,57,prefix_a,0,300,540000
reacher,LeWM planner,57,prefix_b,0,300,540000
reacher,LeWM planner,58,clean,1,154,315000
reacher,LeWM planner,58,prefix_a,1,251,495000
reacher,LeWM planner,58,prefix_b,1,172,315000
reacher,LeWM planner,59,clean,0,300,540000
reacher,LeWM planner,59,prefix_a,0,300,540000
reacher,LeWM planner,59,prefix_b,0,300,540000
reacher,LeWM planner,60,clean,1,49,90000
reacher,LeWM planner,60,prefix_a,1,27,90000
reacher,LeWM planner,60,prefix_b,1,38,90000
reacher,LeWM planner,61,clean,1,25,45000
reacher,LeWM planner,61,prefix_a,1,47,90000
reacher,LeWM planner,61,prefix_b,1,126,270000
reacher,LeWM planner,62,clean,1,82,180000
reacher,LeWM planner,62,prefix_a,1,27,90000
reacher,LeWM planner,62,prefix_b,1,116,225000
reacher,LeWM planner,63,clean,1,24,45000
reacher,LeWM planner,63,prefix_a,1,26,90000
reacher,LeWM planner,63,prefix_b,1,20,45000
reacher,LeWM planner,64,clean,1,23,45000
reacher,LeWM planner,64,prefix_a,1,24,45000
reacher,LeWM planner,64,prefix_b,1,35,90000
reacher,LeWM planner,65,clean,1,157,315000
reacher,LeWM planner,65,prefix_a,1,51,135000
reacher,LeWM planner,65,prefix_b,1,54,135000
reacher,LeWM planner,66,clean,0,300,540000
reacher,LeWM planner,66,prefix_a,0,300,540000
reacher,LeWM planner,66,prefix_b,0,300,540000
reacher,LeWM planner,67,clean,0,300,540000
reacher,LeWM planner,67,prefix_a,0,300,540000
reacher,LeWM planner,67,prefix_b,0,300,540000
reacher,LeWM planner,68,clean,0,300,540000
reacher,LeWM planner,68,prefix_a,0,300,540000
reacher,LeWM planner,68,prefix_b,0,300,540000
reacher,LeWM planner,69,clean,1,27,90000
reacher,LeWM planner,69,prefix_a,1,25,45000
reacher,LeWM planner,69,prefix_b,1,30,90000
reacher,LeWM planner,70,clean,1,25,45000
reacher,LeWM planner,70,prefix_a,1,28,90000
reacher,LeWM planner,70,prefix_b,1,51,135000
reacher,LeWM planner,71,clean,0,300,540000
reacher,LeWM planner,71,prefix_a,0,300,540000
reacher,LeWM planner,71,prefix_b,0,300,540000
reacher,LeWM planner,72,clean,1,52,135000
reacher,LeWM planner,72,prefix_a,1,5,45000
reacher,LeWM planner,72,prefix_b,1,43,90000
reacher,LeWM planner,73,clean,0,300,540000
reacher,LeWM planner,73,prefix_a,0,300,540000
reacher,LeWM planner,73,prefix_b,0,300,540000
reacher,LeWM planner,74,clean,1,24,45000
reacher,LeWM planner,74,prefix_a,1,53,135000
reacher,LeWM planner,74,prefix_b,1,94,180000
reacher,LeWM planner,75,clean,0,300,540000
reacher,LeWM planner,75,prefix_a,0,300,540000
reacher,LeWM planner,75,prefix_b,0,300,540000
reacher,LeWM planner,76,clean,0,300,540000
reacher,LeWM planner,76,prefix_a,0,300,540000
reacher,LeWM planner,76,prefix_b,0,300,540000
reacher,LeWM planner,77,clean,0,300,540000
reacher,LeWM planner,77,prefix_a,0,300,540000
reacher,LeWM planner,77,prefix_b,0,300,540000
reacher,LeWM planner,78,clean,0,300,540000
reacher,LeWM planner,78,prefix_a,0,300,540000
reacher,LeWM planner,78,prefix_b,0,300,540000
reacher,LeWM planner,79,clean,0,300,540000
reacher,LeWM planner,79,prefix_a,0,300,540000
reacher,LeWM planner,79,prefix_b,0,300,540000
reacher,LeWM planner,80,clean,0,300,540000
reacher,LeWM planner,80,prefix_a,1,48,90000
reacher,LeWM planner,80,prefix_b,0,300,540000
reacher,LeWM planner,81,clean,0,300,540000
reacher,LeWM planner,81,prefix_a,0,300,540000
reacher,LeWM planner,81,prefix_b,0,300,540000
reacher,LeWM planner,82,clean,0,300,540000
reacher,LeWM planner,82,prefix_a,0,300,540000
reacher,LeWM planner,82,prefix_b,0,300,540000
reacher,LeWM planner,83,clean,0,300,540000
reacher,LeWM planner,83,prefix_a,0,300,540000
reacher,LeWM planner,83,prefix_b,0,300,540000
reacher,LeWM planner,84,clean,1,100,180000
reacher,LeWM planner,84,prefix_a,1,18,45000
reacher,LeWM planner,84,prefix_b,1,34,90000
reacher,LeWM planner,85,clean,1,25,45000
reacher,LeWM planner,85,prefix_a,1,17,45000
reacher,LeWM planner,85,prefix_b,1,58,135000
reacher,LeWM planner,86,clean,0,300,540000
reacher,LeWM planner,86,prefix_a,0,300,540000
reacher,LeWM planner,86,prefix_b,0,300,540000
reacher,LeWM planner,87,clean,0,300,540000
reacher,LeWM planner,87,prefix_a,0,300,540000
reacher,LeWM planner,87,prefix_b,0,300,540000
reacher,LeWM planner,88,clean,0,300,540000
reacher,LeWM planner,88,prefix_a,0,300,540000
reacher,LeWM planner,88,prefix_b,0,300,540000
reacher,LeWM planner,89,clean,1,26,90000
reacher,LeWM planner,89,prefix_a,1,48,90000
reacher,LeWM planner,89,prefix_b,1,26,90000
reacher,LeWM planner,90,clean,1,47,90000
reacher,LeWM planner,90,prefix_a,1,38,90000
reacher,LeWM planner,90,prefix_b,1,45,90000
reacher,LeWM planner,91,clean,0,300,540000
reacher,LeWM planner,91,prefix_a,0,300,540000
reacher,LeWM planner,91,prefix_b,0,300,540000
reacher,LeWM planner,92,clean,0,300,540000
reacher,LeWM planner,92,prefix_a,1,47,90000
reacher,LeWM planner,92,prefix_b,1,40,90000
reacher,LeWM planner,93,clean,1,19,45000
reacher,LeWM planner,93,prefix_a,1,90,180000
reacher,LeWM planner,93,prefix_b,1,0,0
reacher,LeWM planner,94,clean,1,50,90000
reacher,LeWM planner,94,prefix_a,1,7,45000
reacher,LeWM planner,94,prefix_b,1,52,135000
reacher,LeWM planner,95,clean,1,50,90000
reacher,LeWM planner,95,prefix_a,1,50,90000
reacher,LeWM planner,95,prefix_b,1,25,45000
reacher,LeWM planner,96,clean,1,49,90000
reacher,LeWM planner,96,prefix_a,1,14,45000
reacher,LeWM planner,96,prefix_b,1,23,45000
reacher,LeWM planner,97,clean,1,99,180000
reacher,LeWM planner,97,prefix_a,0,300,540000
reacher,LeWM planner,97,prefix_b,1,107,225000
reacher,LeWM planner,98,clean,0,300,540000
reacher,LeWM planner,98,prefix_a,1,49,90000
reacher,LeWM planner,98,prefix_b,0,300,540000
reacher,LeWM planner,99,clean,0,300,540000
reacher,LeWM planner,99,prefix_a,0,300,540000
reacher,LeWM planner,99,prefix_b,0,300,540000
reacher,LeWM planner,100,clean,1,60,135000
reacher,LeWM planner,100,prefix_a,1,78,180000
reacher,LeWM planner,100,prefix_b,1,151,315000
reacher,LeWM planner,101,clean,1,58,135000
reacher,LeWM planner,101,prefix_a,1,24,45000
reacher,LeWM planner,101,prefix_b,1,25,45000
reacher,LeWM planner,102,clean,1,24,45000
reacher,LeWM planner,102,prefix_a,1,49,90000
reacher,LeWM planner,102,prefix_b,1,49,90000
reacher,LeWM planner,103,clean,0,300,540000
reacher,LeWM planner,103,prefix_a,0,300,540000
reacher,LeWM planner,103,prefix_b,0,300,540000
reacher,LeWM planner,104,clean,1,45,90000
reacher,LeWM planner,104,prefix_a,1,53,135000
reacher,LeWM planner,104,prefix_b,1,18,45000
reacher,LeWM planner,105,clean,0,300,540000
reacher,LeWM planner,105,prefix_a,0,300,540000
reacher,LeWM planner,105,prefix_b,0,300,540000
reacher,LeWM planner,106,clean,1,49,90000
reacher,LeWM planner,106,prefix_a,1,50,90000
reacher,LeWM planner,106,prefix_b,1,49,90000
reacher,LeWM planner,107,clean,1,17,45000
reacher,LeWM planner,107,prefix_a,1,18,45000
reacher,LeWM planner,107,prefix_b,1,23,45000
reacher,LeWM planner,108,clean,1,24,45000
reacher,LeWM planner,108,prefix_a,1,32,90000
reacher,LeWM planner,108,prefix_b,1,32,90000
reacher,LeWM planner,109,clean,1,37,90000
reacher,LeWM planner,109,prefix_a,1,77,180000
reacher,LeWM planner,109,prefix_b,1,27,90000
reacher,LeWM planner,110,clean,1,51,135000
reacher,LeWM planner,110,prefix_a,1,50,90000
reacher,LeWM planner,110,prefix_b,1,71,135000
reacher,LeWM planner,111,clean,1,9,45000
reacher,LeWM planner,111,prefix_a,1,24,45000
reacher,LeWM planner,111,prefix_b,1,24,45000
reacher,LeWM planner,112,clean,1,61,135000
reacher,LeWM planner,112,prefix_a,1,18,45000
reacher,LeWM planner,112,prefix_b,1,25,45000
reacher,LeWM planner,113,clean,0,300,540000
reacher,LeWM planner,113,prefix_a,0,300,540000
reacher,LeWM planner,113,prefix_b,0,300,540000
reacher,LeWM planner,114,clean,1,47,90000
reacher,LeWM planner,114,prefix_a,1,24,45000
reacher,LeWM planner,114,prefix_b,1,268,495000
reacher,LeWM planner,115,clean,1,53,135000
reacher,LeWM planner,115,prefix_a,1,19,45000
reacher,LeWM planner,115,prefix_b,1,0,0
reacher,LeWM planner,116,clean,1,43,90000
reacher,LeWM planner,116,prefix_a,1,36,90000
reacher,LeWM planner,116,prefix_b,1,25,45000
reacher,LeWM planner,117,clean,1,24,45000
reacher,LeWM planner,117,prefix_a,1,24,45000
reacher,LeWM planner,117,prefix_b,1,30,90000
reacher,LeWM planner,118,clean,1,26,90000
reacher,LeWM planner,118,prefix_a,1,151,315000
reacher,LeWM planner,118,prefix_b,1,25,45000
reacher,LeWM planner,119,clean,0,300,540000
reacher,LeWM planner,119,prefix_a,1,46,90000
reacher,LeWM planner,119,prefix_b,0,300,540000
reacher,LeWM planner,120,clean,1,49,90000
reacher,LeWM planner,120,prefix_a,1,31,90000
reacher,LeWM planner,120,prefix_b,1,27,90000
reacher,LeWM planner,121,clean,1,126,270000
reacher,LeWM planner,121,prefix_a,1,105,225000
reacher,LeWM planner,121,prefix_b,1,51,135000
reacher,LeWM planner,122,clean,1,99,180000
reacher,LeWM planner,122,prefix_a,1,50,90000
reacher,LeWM planner,122,prefix_b,1,50,90000
reacher,LeWM planner,123,clean,1,24,45000
reacher,LeWM planner,123,prefix_a,1,99,180000
reacher,LeWM planner,123,prefix_b,1,21,45000
reacher,LeWM planner,124,clean,1,23,45000
reacher,LeWM planner,124,prefix_a,1,77,180000
reacher,LeWM planner,124,prefix_b,1,16,45000
reacher,LeWM planner,125,clean,1,22,45000
reacher,LeWM planner,125,prefix_a,1,24,45000
reacher,LeWM planner,125,prefix_b,1,24,45000
reacher,LeWM planner,126,clean,0,300,540000
reacher,LeWM planner,126,prefix_a,0,300,540000
reacher,LeWM planner,126,prefix_b,0,300,540000
reacher,LeWM planner,127,clean,1,126,270000
reacher,LeWM planner,127,prefix_a,1,146,270000
reacher,LeWM planner,127,prefix_b,1,22,45000
reacher,Rank (final goal),0,clean,1,143,232
reacher,Rank (final goal),0,prefix_a,1,161,264
reacher,Rank (final goal),0,prefix_b,1,159,256
reacher,Rank (final goal),1,clean,0,300,480
reacher,Rank (final goal),1,prefix_a,0,300,480
reacher,Rank (final goal),1,prefix_b,1,24,40
reacher,Rank (final goal),2,clean,1,138,224
reacher,Rank (final goal),2,prefix_a,1,163,264
reacher,Rank (final goal),2,prefix_b,1,168,272
reacher,Rank (final goal),3,clean,1,161,264
reacher,Rank (final goal),3,prefix_a,1,139,224
reacher,Rank (final goal),3,prefix_b,1,164,264
reacher,Rank (final goal),4,clean,1,38,64
reacher,Rank (final goal),4,prefix_a,1,19,32
reacher,Rank (final goal),4,prefix_b,1,153,248
reacher,Rank (final goal),5,clean,1,159,256
reacher,Rank (final goal),5,prefix_a,1,155,248
reacher,Rank (final goal),5,prefix_b,1,145,232
reacher,Rank (final goal),6,clean,1,2,8
reacher,Rank (final goal),6,prefix_a,1,0,0
reacher,Rank (final goal),6,prefix_b,1,48,80
reacher,Rank (final goal),7,clean,1,152,248
reacher,Rank (final goal),7,prefix_a,1,150,240
reacher,Rank (final goal),7,prefix_b,1,152,248
reacher,Rank (final goal),8,clean,1,151,248
reacher,Rank (final goal),8,prefix_a,1,151,248
reacher,Rank (final goal),8,prefix_b,1,146,240
reacher,Rank (final goal),9,clean,1,150,240
reacher,Rank (final goal),9,prefix_a,1,131,216
reacher,Rank (final goal),9,prefix_b,1,150,240
reacher,Rank (final goal),10,clean,1,146,240
reacher,Rank (final goal),10,prefix_a,1,147,240
reacher,Rank (final goal),10,prefix_b,1,182,296
reacher,Rank (final goal),11,clean,1,201,328
reacher,Rank (final goal),11,prefix_a,1,58,96
reacher,Rank (final goal),11,prefix_b,1,216,352
reacher,Rank (final goal),12,clean,1,4,8
reacher,Rank (final goal),12,prefix_a,1,51,88
reacher,Rank (final goal),12,prefix_b,1,24,40
reacher,Rank (final goal),13,clean,1,45,72
reacher,Rank (final goal),13,prefix_a,1,57,96
reacher,Rank (final goal),13,prefix_b,1,138,224
reacher,Rank (final goal),14,clean,1,17,32
reacher,Rank (final goal),14,prefix_a,1,88,144
reacher,Rank (final goal),14,prefix_b,1,84,136
reacher,Rank (final goal),15,clean,1,51,88
reacher,Rank (final goal),15,prefix_a,1,16,32
reacher,Rank (final goal),15,prefix_b,1,50,80
reacher,Rank (final goal),16,clean,1,158,256
reacher,Rank (final goal),16,prefix_a,0,300,480
reacher,Rank (final goal),16,prefix_b,1,152,248
reacher,Rank (final goal),17,clean,1,150,240
reacher,Rank (final goal),17,prefix_a,1,170,272
reacher,Rank (final goal),17,prefix_b,1,164,264
reacher,Rank (final goal),18,clean,0,300,480
reacher,Rank (final goal),18,prefix_a,0,300,480
reacher,Rank (final goal),18,prefix_b,0,300,480
reacher,Rank (final goal),19,clean,1,162,264
reacher,Rank (final goal),19,prefix_a,1,168,272
reacher,Rank (final goal),19,prefix_b,1,192,312
reacher,Rank (final goal),20,clean,1,156,256
reacher,Rank (final goal),20,prefix_a,1,145,232
reacher,Rank (final goal),20,prefix_b,1,166,272
reacher,Rank (final goal),21,clean,1,158,256
reacher,Rank (final goal),21,prefix_a,1,148,240
reacher,Rank (final goal),21,prefix_b,1,141,232
reacher,Rank (final goal),22,clean,1,175,280
reacher,Rank (final goal),22,prefix_a,1,46,80
reacher,Rank (final goal),22,prefix_b,0,300,480
reacher,Rank (final goal),23,clean,1,49,80
reacher,Rank (final goal),23,prefix_a,1,78,128
reacher,Rank (final goal),23,prefix_b,1,37,64
reacher,Rank (final goal),24,clean,1,133,216
reacher,Rank (final goal),24,prefix_a,1,91,152
reacher,Rank (final goal),24,prefix_b,1,98,160
reacher,Rank (final goal),25,clean,1,169,272
reacher,Rank (final goal),25,prefix_a,1,147,240
reacher,Rank (final goal),25,prefix_b,0,300,480
reacher,Rank (final goal),26,clean,1,148,240
reacher,Rank (final goal),26,prefix_a,1,157,256
reacher,Rank (final goal),26,prefix_b,0,300,480
reacher,Rank (final goal),27,clean,1,22,40
reacher,Rank (final goal),27,prefix_a,1,5,8
reacher,Rank (final goal),27,prefix_b,1,45,72
reacher,Rank (final goal),28,clean,1,53,88
reacher,Rank (final goal),28,prefix_a,1,93,152
reacher,Rank (final goal),28,prefix_b,1,25,40
reacher,Rank (final goal),29,clean,1,50,80
reacher,Rank (final goal),29,prefix_a,1,1,8
reacher,Rank (final goal),29,prefix_b,1,71,120
reacher,Rank (final goal),30,clean,1,149,240
reacher,Rank (final goal),30,prefix_a,1,95,152
reacher,Rank (final goal),30,prefix_b,1,164,264
reacher,Rank (final goal),31,clean,1,18,32
reacher,Rank (final goal),31,prefix_a,1,157,256
reacher,Rank (final goal),31,prefix_b,1,146,240
reacher,Rank (final goal),32,clean,1,156,256
reacher,Rank (final goal),32,prefix_a,1,110,176
reacher,Rank (final goal),32,prefix_b,1,181,296
reacher,Rank (final goal),33,clean,1,149,240
reacher,Rank (final goal),33,prefix_a,1,191,312
reacher,Rank (final goal),33,prefix_b,0,300,480
reacher,Rank (final goal),34,clean,1,21,40
reacher,Rank (final goal),34,prefix_a,1,57,96
reacher,Rank (final goal),34,prefix_b,1,21,40
reacher,Rank (final goal),35,clean,1,158,256
reacher,Rank (final goal),35,prefix_a,1,149,240
reacher,Rank (final goal),35,prefix_b,1,159,256
reacher,Rank (final goal),36,clean,1,55,88
reacher,Rank (final goal),36,prefix_a,1,50,80
reacher,Rank (final goal),36,prefix_b,1,57,96
reacher,Rank (final goal),37,clean,1,173,280
reacher,Rank (final goal),37,prefix_a,1,175,280
reacher,Rank (final goal),37,prefix_b,1,137,224
reacher,Rank (final goal),38,clean,0,300,480
reacher,Rank (final goal),38,prefix_a,1,160,256
reacher,Rank (final goal),38,prefix_b,1,144,232
reacher,Rank (final goal),39,clean,1,154,248
reacher,Rank (final goal),39,prefix_a,1,174,280
reacher,Rank (final goal),39,prefix_b,1,165,264
reacher,Rank (final goal),40,clean,1,181,296
reacher,Rank (final goal),40,prefix_a,1,163,264
reacher,Rank (final goal),40,prefix_b,1,172,280
reacher,Rank (final goal),41,clean,1,121,200
reacher,Rank (final goal),41,prefix_a,1,155,248
reacher,Rank (final goal),41,prefix_b,1,80,128
reacher,Rank (final goal),42,clean,1,173,280
reacher,Rank (final goal),42,prefix_a,0,300,480
reacher,Rank (final goal),42,prefix_b,1,173,280
reacher,Rank (final goal),43,clean,0,300,480
reacher,Rank (final goal),43,prefix_a,0,300,480
reacher,Rank (final goal),43,prefix_b,0,300,480
reacher,Rank (final goal),44,clean,1,159,256
reacher,Rank (final goal),44,prefix_a,1,163,264
reacher,Rank (final goal),44,prefix_b,1,168,272
reacher,Rank (final goal),45,clean,0,300,480
reacher,Rank (final goal),45,prefix_a,0,300,480
reacher,Rank (final goal),45,prefix_b,0,300,480
reacher,Rank (final goal),46,clean,1,157,256
reacher,Rank (final goal),46,prefix_a,1,20,32
reacher,Rank (final goal),46,prefix_b,1,157,256
reacher,Rank (final goal),47,clean,1,18,32
reacher,Rank (final goal),47,prefix_a,1,9,16
reacher,Rank (final goal),47,prefix_b,1,29,48
reacher,Rank (final goal),48,clean,1,160,256
reacher,Rank (final goal),48,prefix_a,1,175,280
reacher,Rank (final goal),48,prefix_b,1,147,240
reacher,Rank (final goal),49,clean,1,46,80
reacher,Rank (final goal),49,prefix_a,1,163,264
reacher,Rank (final goal),49,prefix_b,1,129,208
reacher,Rank (final goal),50,clean,0,300,480
reacher,Rank (final goal),50,prefix_a,1,169,272
reacher,Rank (final goal),50,prefix_b,1,166,272
reacher,Rank (final goal),51,clean,1,151,248
reacher,Rank (final goal),51,prefix_a,1,180,288
reacher,Rank (final goal),51,prefix_b,1,165,264
reacher,Rank (final goal),52,clean,1,25,40
reacher,Rank (final goal),52,prefix_a,1,32,56
reacher,Rank (final goal),52,prefix_b,1,43,72
reacher,Rank (final goal),53,clean,1,6,16
reacher,Rank (final goal),53,prefix_a,1,16,32
reacher,Rank (final goal),53,prefix_b,1,150,240
reacher,Rank (final goal),54,clean,1,33,56
reacher,Rank (final goal),54,prefix_a,1,18,32
reacher,Rank (final goal),54,prefix_b,1,25,40
reacher,Rank (final goal),55,clean,1,153,248
reacher,Rank (final goal),55,prefix_a,1,76,128
reacher,Rank (final goal),55,prefix_b,1,29,48
reacher,Rank (final goal),56,clean,1,161,264
reacher,Rank (final goal),56,prefix_a,1,78,128
reacher,Rank (final goal),56,prefix_b,1,151,248
reacher,Rank (final goal),57,clean,1,84,136
reacher,Rank (final goal),57,prefix_a,1,159,256
reacher,Rank (final goal),57,prefix_b,1,168,272
reacher,Rank (final goal),58,clean,1,141,232
reacher,Rank (final goal),58,prefix_a,1,190,304
reacher,Rank (final goal),58,prefix_b,1,140,224
reacher,Rank (final goal),59,clean,0,300,480
reacher,Rank (final goal),59,prefix_a,1,146,240
reacher,Rank (final goal),59,prefix_b,0,300,480
reacher,Rank (final goal),60,clean,1,52,88
reacher,Rank (final goal),60,prefix_a,1,7,16
reacher,Rank (final goal),60,prefix_b,1,63,104
reacher,Rank (final goal),61,clean,1,155,248
reacher,Rank (final goal),61,prefix_a,1,24,40
reacher,Rank (final goal),61,prefix_b,1,50,80
reacher,Rank (final goal),62,clean,1,196,320
reacher,Rank (final goal),62,prefix_a,0,300,480
reacher,Rank (final goal),62,prefix_b,0,300,480
reacher,Rank (final goal),63,clean,1,38,64
reacher,Rank (final goal),63,prefix_a,1,63,104
reacher,Rank (final goal),63,prefix_b,1,31,56
reacher,Rank (final goal),64,clean,1,19,32
reacher,Rank (final goal),64,prefix_a,1,33,56
reacher,Rank (final goal),64,prefix_b,1,39,64
reacher,Rank (final goal),65,clean,1,159,256
reacher,Rank (final goal),65,prefix_a,1,90,144
reacher,Rank (final goal),65,prefix_b,1,18,32
reacher,Rank (final goal),66,clean,1,148,240
reacher,Rank (final goal),66,prefix_a,1,148,240
reacher,Rank (final goal),66,prefix_b,1,197,320
reacher,Rank (final goal),67,clean,1,131,216
reacher,Rank (final goal),67,prefix_a,1,160,256
reacher,Rank (final goal),67,prefix_b,1,146,240
reacher,Rank (final goal),68,clean,0,300,480
reacher,Rank (final goal),68,prefix_a,0,300,480
reacher,Rank (final goal),68,prefix_b,1,158,256
reacher,Rank (final goal),69,clean,1,134,216
reacher,Rank (final goal),69,prefix_a,1,151,248
reacher,Rank (final goal),69,prefix_b,1,145,232
reacher,Rank (final goal),70,clean,1,13,24
reacher,Rank (final goal),70,prefix_a,1,35,56
reacher,Rank (final goal),70,prefix_b,1,16,32
reacher,Rank (final goal),71,clean,1,152,248
reacher,Rank (final goal),71,prefix_a,1,143,232
reacher,Rank (final goal),71,prefix_b,1,118,192
reacher,Rank (final goal),72,clean,1,7,16
reacher,Rank (final goal),72,prefix_a,1,18,32
reacher,Rank (final goal),72,prefix_b,1,3,8
reacher,Rank (final goal),73,clean,1,139,224
reacher,Rank (final goal),73,prefix_a,1,161,264
reacher,Rank (final goal),73,prefix_b,1,139,224
reacher,Rank (final goal),74,clean,1,35,56
reacher,Rank (final goal),74,prefix_a,1,15,24
reacher,Rank (final goal),74,prefix_b,1,28,48
reacher,Rank (final goal),75,clean,0,300,480
reacher,Rank (final goal),75,prefix_a,0,300,480
reacher,Rank (final goal),75,prefix_b,1,164,264
reacher,Rank (final goal),76,clean,1,125,200
reacher,Rank (final goal),76,prefix_a,1,147,240
reacher,Rank (final goal),76,prefix_b,1,133,216
reacher,Rank (final goal),77,clean,1,151,248
reacher,Rank (final goal),77,prefix_a,1,156,256
reacher,Rank (final goal),77,prefix_b,1,145,232
reacher,Rank (final goal),78,clean,1,192,312
reacher,Rank (final goal),78,prefix_a,1,145,232
reacher,Rank (final goal),78,prefix_b,0,300,480
reacher,Rank (final goal),79,clean,0,300,480
reacher,Rank (final goal),79,prefix_a,0,300,480
reacher,Rank (final goal),79,prefix_b,0,300,480
reacher,Rank (final goal),80,clean,0,300,480
reacher,Rank (final goal),80,prefix_a,1,149,240
reacher,Rank (final goal),80,prefix_b,0,300,480
reacher,Rank (final goal),81,clean,1,162,264
reacher,Rank (final goal),81,prefix_a,0,300,480
reacher,Rank (final goal),81,prefix_b,0,300,480
reacher,Rank (final goal),82,clean,1,157,256
reacher,Rank (final goal),82,prefix_a,1,159,256
reacher,Rank (final goal),82,prefix_b,0,300,480
reacher,Rank (final goal),83,clean,1,161,264
reacher,Rank (final goal),83,prefix_a,0,300,480
reacher,Rank (final goal),83,prefix_b,0,300,480
reacher,Rank (final goal),84,clean,1,18,32
reacher,Rank (final goal),84,prefix_a,1,16,32
reacher,Rank (final goal),84,prefix_b,1,34,56
reacher,Rank (final goal),85,clean,1,29,48
reacher,Rank (final goal),85,prefix_a,1,51,88
reacher,Rank (final goal),85,prefix_b,1,12,24
reacher,Rank (final goal),86,clean,1,145,232
reacher,Rank (final goal),86,prefix_a,1,140,224
reacher,Rank (final goal),86,prefix_b,1,149,240
reacher,Rank (final goal),87,clean,0,300,480
reacher,Rank (final goal),87,prefix_a,0,300,480
reacher,Rank (final goal),87,prefix_b,1,143,232
reacher,Rank (final goal),88,clean,1,144,232
reacher,Rank (final goal),88,prefix_a,0,300,480
reacher,Rank (final goal),88,prefix_b,1,149,240
reacher,Rank (final goal),89,clean,1,20,32
reacher,Rank (final goal),89,prefix_a,1,7,16
reacher,Rank (final goal),89,prefix_b,1,10,16
reacher,Rank (final goal),90,clean,1,118,192
reacher,Rank (final goal),90,prefix_a,1,48,80
reacher,Rank (final goal),90,prefix_b,1,37,64
reacher,Rank (final goal),91,clean,1,165,264
reacher,Rank (final goal),91,prefix_a,1,143,232
reacher,Rank (final goal),91,prefix_b,1,145,232
reacher,Rank (final goal),92,clean,1,157,256
reacher,Rank (final goal),92,prefix_a,1,132,216
reacher,Rank (final goal),92,prefix_b,1,162,264
reacher,Rank (final goal),93,clean,1,26,48
reacher,Rank (final goal),93,prefix_a,1,11,24
reacher,Rank (final goal),93,prefix_b,1,0,0
reacher,Rank (final goal),94,clean,1,9,16
reacher,Rank (final goal),94,prefix_a,1,10,16
reacher,Rank (final goal),94,prefix_b,1,11,24
reacher,Rank (final goal),95,clean,1,166,272
reacher,Rank (final goal),95,prefix_a,1,97,160
reacher,Rank (final goal),95,prefix_b,1,91,152
reacher,Rank (final goal),96,clean,1,21,40
reacher,Rank (final goal),96,prefix_a,1,20,32
reacher,Rank (final goal),96,prefix_b,1,41,72
reacher,Rank (final goal),97,clean,1,163,264
reacher,Rank (final goal),97,prefix_a,1,144,232
reacher,Rank (final goal),97,prefix_b,1,137,224
reacher,Rank (final goal),98,clean,1,162,264
reacher,Rank (final goal),98,prefix_a,1,145,232
reacher,Rank (final goal),98,prefix_b,0,300,480
reacher,Rank (final goal),99,clean,1,169,272
reacher,Rank (final goal),99,prefix_a,1,175,280
reacher,Rank (final goal),99,prefix_b,1,170,272
reacher,Rank (final goal),100,clean,1,65,104
reacher,Rank (final goal),100,prefix_a,1,96,160
reacher,Rank (final goal),100,prefix_b,1,80,128
reacher,Rank (final goal),101,clean,1,87,144
reacher,Rank (final goal),101,prefix_a,1,155,248
reacher,Rank (final goal),101,prefix_b,1,140,224
reacher,Rank (final goal),102,clean,1,162,264
reacher,Rank (final goal),102,prefix_a,1,208,336
reacher,Rank (final goal),102,prefix_b,1,208,336
reacher,Rank (final goal),103,clean,1,144,232
reacher,Rank (final goal),103,prefix_a,0,300,480
reacher,Rank (final goal),103,prefix_b,0,300,480
reacher,Rank (final goal),104,clean,1,164,264
reacher,Rank (final goal),104,prefix_a,1,152,248
reacher,Rank (final goal),104,prefix_b,1,50,80
reacher,Rank (final goal),105,clean,1,191,312
reacher,Rank (final goal),105,prefix_a,1,148,240
reacher,Rank (final goal),105,prefix_b,1,136,224
reacher,Rank (final goal),106,clean,1,33,56
reacher,Rank (final goal),106,prefix_a,1,25,40
reacher,Rank (final goal),106,prefix_b,1,36,64
reacher,Rank (final goal),107,clean,1,155,248
reacher,Rank (final goal),107,prefix_a,1,21,40
reacher,Rank (final goal),107,prefix_b,1,52,88
reacher,Rank (final goal),108,clean,1,142,232
reacher,Rank (final goal),108,prefix_a,1,149,240
reacher,Rank (final goal),108,prefix_b,1,158,256
reacher,Rank (final goal),109,clean,1,9,16
reacher,Rank (final goal),109,prefix_a,1,22,40
reacher,Rank (final goal),109,prefix_b,1,144,232
reacher,Rank (final goal),110,clean,1,145,232
reacher,Rank (final goal),110,prefix_a,1,160,256
reacher,Rank (final goal),110,prefix_b,1,157,256
reacher,Rank (final goal),111,clean,1,41,72
reacher,Rank (final goal),111,prefix_a,1,20,32
reacher,Rank (final goal),111,prefix_b,1,20,32
reacher,Rank (final goal),112,clean,1,23,40
reacher,Rank (final goal),112,prefix_a,1,13,24
reacher,Rank (final goal),112,prefix_b,1,18,32
reacher,Rank (final goal),113,clean,1,149,240
reacher,Rank (final goal),113,prefix_a,1,165,264
reacher,Rank (final goal),113,prefix_b,1,164,264
reacher,Rank (final goal),114,clean,1,197,320
reacher,Rank (final goal),114,prefix_a,1,117,192
reacher,Rank (final goal),114,prefix_b,1,252,408
reacher,Rank (final goal),115,clean,1,2,8
reacher,Rank (final goal),115,prefix_a,1,5,8
reacher,Rank (final goal),115,prefix_b,1,0,0
reacher,Rank (final goal),116,clean,1,77,128
reacher,Rank (final goal),116,prefix_a,1,34,56
reacher,Rank (final goal),116,prefix_b,1,13,24
reacher,Rank (final goal),117,clean,1,25,40
reacher,Rank (final goal),117,prefix_a,1,16,32
reacher,Rank (final goal),117,prefix_b,1,43,72
reacher,Rank (final goal),118,clean,1,13,24
reacher,Rank (final goal),118,prefix_a,1,27,48
reacher,Rank (final goal),118,prefix_b,1,41,72
reacher,Rank (final goal),119,clean,1,31,56
reacher,Rank (final goal),119,prefix_a,1,153,248
reacher,Rank (final goal),119,prefix_b,1,23,40
reacher,Rank (final goal),120,clean,1,13,24
reacher,Rank (final goal),120,prefix_a,1,17,32
reacher,Rank (final goal),120,prefix_b,1,13,24
reacher,Rank (final goal),121,clean,1,22,40
reacher,Rank (final goal),121,prefix_a,1,23,40
reacher,Rank (final goal),121,prefix_b,1,17,32
reacher,Rank (final goal),122,clean,1,66,112
reacher,Rank (final goal),122,prefix_a,1,90,144
reacher,Rank (final goal),122,prefix_b,1,252,408
reacher,Rank (final goal),123,clean,1,27,48
reacher,Rank (final goal),123,prefix_a,1,45,72
reacher,Rank (final goal),123,prefix_b,1,13,24
reacher,Rank (final goal),124,clean,1,21,40
reacher,Rank (final goal),124,prefix_a,1,17,32
reacher,Rank (final goal),124,prefix_b,1,28,48
reacher,Rank (final goal),125,clean,1,140,224
reacher,Rank (final goal),125,prefix_a,1,25,40
reacher,Rank (final goal),125,prefix_b,1,8,16
reacher,Rank (final goal),126,clean,1,153,248
reacher,Rank (final goal),126,prefix_a,1,150,240
reacher,Rank (final goal),126,prefix_b,1,159,256
reacher,Rank (final goal),127,clean,1,156,256
reacher,Rank (final goal),127,prefix_a,1,156,256
reacher,Rank (final goal),127,prefix_b,1,148,240
reacher,Rank (learned target),0,clean,1,120,192
reacher,Rank (learned target),0,prefix_a,1,160,256
reacher,Rank (learned target),0,prefix_b,1,142,232
reacher,Rank (learned target),1,clean,0,300,480
reacher,Rank (learned target),1,prefix_a,1,149,240
reacher,Rank (learned target),1,prefix_b,1,152,248
reacher,Rank (learned target),2,clean,1,133,216
reacher,Rank (learned target),2,prefix_a,1,124,200
reacher,Rank (learned target),2,prefix_b,1,141,232
reacher,Rank (learned target),3,clean,1,152,248
reacher,Rank (learned target),3,prefix_a,1,159,256
reacher,Rank (learned target),3,prefix_b,1,163,264
reacher,Rank (learned target),4,clean,1,96,160
reacher,Rank (learned target),4,prefix_a,1,61,104
reacher,Rank (learned target),4,prefix_b,1,126,208
reacher,Rank (learned target),5,clean,1,125,200
reacher,Rank (learned target),5,prefix_a,1,143,232
reacher,Rank (learned target),5,prefix_b,1,147,240
reacher,Rank (learned target),6,clean,1,3,8
reacher,Rank (learned target),6,prefix_a,1,0,0
reacher,Rank (learned target),6,prefix_b,1,144,232
reacher,Rank (learned target),7,clean,1,147,240
reacher,Rank (learned target),7,prefix_a,1,141,232
reacher,Rank (learned target),7,prefix_b,1,155,248
reacher,Rank (learned target),8,clean,1,157,256
reacher,Rank (learned target),8,prefix_a,1,120,192
reacher,Rank (learned target),8,prefix_b,1,150,240
reacher,Rank (learned target),9,clean,1,141,232
reacher,Rank (learned target),9,prefix_a,1,140,224
reacher,Rank (learned target),9,prefix_b,1,135,216
reacher,Rank (learned target),10,clean,1,163,264
reacher,Rank (learned target),10,prefix_a,1,121,200
reacher,Rank (learned target),10,prefix_b,1,150,240
reacher,Rank (learned target),11,clean,1,146,240
reacher,Rank (learned target),11,prefix_a,1,136,224
reacher,Rank (learned target),11,prefix_b,1,136,224
reacher,Rank (learned target),12,clean,1,95,152
reacher,Rank (learned target),12,prefix_a,1,93,152
reacher,Rank (learned target),12,prefix_b,1,76,128
reacher,Rank (learned target),13,clean,1,129,208
reacher,Rank (learned target),13,prefix_a,1,106,176
reacher,Rank (learned target),13,prefix_b,1,136,224
reacher,Rank (learned target),14,clean,1,140,224
reacher,Rank (learned target),14,prefix_a,1,142,232
reacher,Rank (learned target),14,prefix_b,1,135,216
reacher,Rank (learned target),15,clean,1,150,240
reacher,Rank (learned target),15,prefix_a,1,141,232
reacher,Rank (learned target),15,prefix_b,1,115,184
reacher,Rank (learned target),16,clean,1,150,240
reacher,Rank (learned target),16,prefix_a,1,160,256
reacher,Rank (learned target),16,prefix_b,1,166,272
reacher,Rank (learned target),17,clean,1,156,256
reacher,Rank (learned target),17,prefix_a,1,151,248
reacher,Rank (learned target),17,prefix_b,1,158,256
reacher,Rank (learned target),18,clean,1,160,256
reacher,Rank (learned target),18,prefix_a,1,150,240
reacher,Rank (learned target),18,prefix_b,1,141,232
reacher,Rank (learned target),19,clean,1,136,224
reacher,Rank (learned target),19,prefix_a,1,157,256
reacher,Rank (learned target),19,prefix_b,1,158,256
reacher,Rank (learned target),20,clean,1,145,232
reacher,Rank (learned target),20,prefix_a,1,130,208
reacher,Rank (learned target),20,prefix_b,1,139,224
reacher,Rank (learned target),21,clean,1,200,320
reacher,Rank (learned target),21,prefix_a,1,148,240
reacher,Rank (learned target),21,prefix_b,1,153,248
reacher,Rank (learned target),22,clean,1,169,272
reacher,Rank (learned target),22,prefix_a,1,153,248
reacher,Rank (learned target),22,prefix_b,1,152,248
reacher,Rank (learned target),23,clean,1,145,232
reacher,Rank (learned target),23,prefix_a,1,141,232
reacher,Rank (learned target),23,prefix_b,1,117,192
reacher,Rank (learned target),24,clean,1,142,232
reacher,Rank (learned target),24,prefix_a,1,150,240
reacher,Rank (learned target),24,prefix_b,1,130,208
reacher,Rank (learned target),25,clean,1,165,264
reacher,Rank (learned target),25,prefix_a,1,144,232
reacher,Rank (learned target),25,prefix_b,1,101,168
reacher,Rank (learned target),26,clean,1,148,240
reacher,Rank (learned target),26,prefix_a,1,146,240
reacher,Rank (learned target),26,prefix_b,1,160,256
reacher,Rank (learned target),27,clean,1,12,24
reacher,Rank (learned target),27,prefix_a,1,16,32
reacher,Rank (learned target),27,prefix_b,1,9,16
reacher,Rank (learned target),28,clean,1,120,192
reacher,Rank (learned target),28,prefix_a,1,126,208
reacher,Rank (learned target),28,prefix_b,1,65,104
reacher,Rank (learned target),29,clean,1,156,256
reacher,Rank (learned target),29,prefix_a,1,1,8
reacher,Rank (learned target),29,prefix_b,1,147,240
reacher,Rank (learned target),30,clean,1,146,240
reacher,Rank (learned target),30,prefix_a,1,150,240
reacher,Rank (learned target),30,prefix_b,1,163,264
reacher,Rank (learned target),31,clean,1,111,184
reacher,Rank (learned target),31,prefix_a,1,150,240
reacher,Rank (learned target),31,prefix_b,1,129,208
reacher,Rank (learned target),32,clean,1,176,288
reacher,Rank (learned target),32,prefix_a,1,151,248
reacher,Rank (learned target),32,prefix_b,1,154,248
reacher,Rank (learned target),33,clean,1,148,240
reacher,Rank (learned target),33,prefix_a,1,154,248
reacher,Rank (learned target),33,prefix_b,1,149,240
reacher,Rank (learned target),34,clean,1,155,248
reacher,Rank (learned target),34,prefix_a,1,118,192
reacher,Rank (learned target),34,prefix_b,1,102,168
reacher,Rank (learned target),35,clean,1,101,168
reacher,Rank (learned target),35,prefix_a,1,125,200
reacher,Rank (learned target),35,prefix_b,1,133,216
reacher,Rank (learned target),36,clean,1,147,240
reacher,Rank (learned target),36,prefix_a,1,154,248
reacher,Rank (learned target),36,prefix_b,1,180,288
reacher,Rank (learned target),37,clean,1,158,256
reacher,Rank (learned target),37,prefix_a,1,148,240
reacher,Rank (learned target),37,prefix_b,1,161,264
reacher,Rank (learned target),38,clean,1,142,232
reacher,Rank (learned target),38,prefix_a,1,135,216
reacher,Rank (learned target),38,prefix_b,1,146,240
reacher,Rank (learned target),39,clean,1,169,272
reacher,Rank (learned target),39,prefix_a,1,103,168
reacher,Rank (learned target),39,prefix_b,1,133,216
reacher,Rank (learned target),40,clean,1,178,288
reacher,Rank (learned target),40,prefix_a,1,164,264
reacher,Rank (learned target),40,prefix_b,1,121,200
reacher,Rank (learned target),41,clean,1,133,216
reacher,Rank (learned target),41,prefix_a,1,129,208
reacher,Rank (learned target),41,prefix_b,1,144,232
reacher,Rank (learned target),42,clean,1,182,296
reacher,Rank (learned target),42,prefix_a,1,212,344
reacher,Rank (learned target),42,prefix_b,1,261,424
reacher,Rank (learned target),43,clean,0,300,480
reacher,Rank (learned target),43,prefix_a,0,300,480
reacher,Rank (learned target),43,prefix_b,0,300,480
reacher,Rank (learned target),44,clean,1,160,256
reacher,Rank (learned target),44,prefix_a,1,149,240
reacher,Rank (learned target),44,prefix_b,1,160,256
reacher,Rank (learned target),45,clean,1,130,208
reacher,Rank (learned target),45,prefix_a,1,122,200
reacher,Rank (learned target),45,prefix_b,1,170,272
reacher,Rank (learned target),46,clean,1,140,224
reacher,Rank (learned target),46,prefix_a,1,157,256
reacher,Rank (learned target),46,prefix_b,1,147,240
reacher,Rank (learned target),47,clean,1,135,216
reacher,Rank (learned target),47,prefix_a,1,127,208
reacher,Rank (learned target),47,prefix_b,1,145,232
reacher,Rank (learned target),48,clean,1,153,248
reacher,Rank (learned target),48,prefix_a,1,150,240
reacher,Rank (learned target),48,prefix_b,1,151,248
reacher,Rank (learned target),49,clean,1,166,272
reacher,Rank (learned target),49,prefix_a,1,114,184
reacher,Rank (learned target),49,prefix_b,1,137,224
reacher,Rank (learned target),50,clean,1,150,240
reacher,Rank (learned target),50,prefix_a,1,122,200
reacher,Rank (learned target),50,prefix_b,1,145,232
reacher,Rank (learned target),51,clean,1,140,224
reacher,Rank (learned target),51,prefix_a,1,156,256
reacher,Rank (learned target),51,prefix_b,1,158,256
reacher,Rank (learned target),52,clean,1,125,200
reacher,Rank (learned target),52,prefix_a,1,154,248
reacher,Rank (learned target),52,prefix_b,1,79,128
reacher,Rank (learned target),53,clean,1,106,176
reacher,Rank (learned target),53,prefix_a,1,125,200
reacher,Rank (learned target),53,prefix_b,1,120,192
reacher,Rank (learned target),54,clean,1,151,248
reacher,Rank (learned target),54,prefix_a,1,31,56
reacher,Rank (learned target),54,prefix_b,1,120,192
reacher,Rank (learned target),55,clean,1,168,272
reacher,Rank (learned target),55,prefix_a,1,153,248
reacher,Rank (learned target),55,prefix_b,1,117,192
reacher,Rank (learned target),56,clean,1,171,280
reacher,Rank (learned target),56,prefix_a,1,169,272
reacher,Rank (learned target),56,prefix_b,1,190,304
reacher,Rank (learned target),57,clean,1,248,400
reacher,Rank (learned target),57,prefix_a,1,120,192
reacher,Rank (learned target),57,prefix_b,1,202,328
reacher,Rank (learned target),58,clean,1,151,248
reacher,Rank (learned target),58,prefix_a,1,156,256
reacher,Rank (learned target),58,prefix_b,1,149,240
reacher,Rank (learned target),59,clean,0,300,480
reacher,Rank (learned target),59,prefix_a,0,300,480
reacher,Rank (learned target),59,prefix_b,0,300,480
reacher,Rank (learned target),60,clean,1,97,160
reacher,Rank (learned target),60,prefix_a,1,95,152
reacher,Rank (learned target),60,prefix_b,1,201,328
reacher,Rank (learned target),61,clean,1,143,232
reacher,Rank (learned target),61,prefix_a,1,128,208
reacher,Rank (learned target),61,prefix_b,1,125,200
reacher,Rank (learned target),62,clean,1,146,240
reacher,Rank (learned target),62,prefix_a,1,146,240
reacher,Rank (learned target),62,prefix_b,0,300,480
reacher,Rank (learned target),63,clean,1,158,256
reacher,Rank (learned target),63,prefix_a,1,146,240
reacher,Rank (learned target),63,prefix_b,1,151,248
reacher,Rank (learned target),64,clean,1,172,280
reacher,Rank (learned target),64,prefix_a,1,157,256
reacher,Rank (learned target),64,prefix_b,1,152,248
reacher,Rank (learned target),65,clean,1,168,272
reacher,Rank (learned target),65,prefix_a,1,152,248
reacher,Rank (learned target),65,prefix_b,1,147,240
reacher,Rank (learned target),66,clean,1,152,248
reacher,Rank (learned target),66,prefix_a,1,141,232
reacher,Rank (learned target),66,prefix_b,1,126,208
reacher,Rank (learned target),67,clean,0,300,480
reacher,Rank (learned target),67,prefix_a,1,148,240
reacher,Rank (learned target),67,prefix_b,1,139,224
reacher,Rank (learned target),68,clean,1,153,248
reacher,Rank (learned target),68,prefix_a,1,145,232
reacher,Rank (learned target),68,prefix_b,1,140,224
reacher,Rank (learned target),69,clean,1,132,216
reacher,Rank (learned target),69,prefix_a,1,161,264
reacher,Rank (learned target),69,prefix_b,1,136,224
reacher,Rank (learned target),70,clean,1,140,224
reacher,Rank (learned target),70,prefix_a,1,117,192
reacher,Rank (learned target),70,prefix_b,1,105,168
reacher,Rank (learned target),71,clean,1,122,200
reacher,Rank (learned target),71,prefix_a,1,146,240
reacher,Rank (learned target),71,prefix_b,1,122,200
reacher,Rank (learned target),72,clean,1,83,136
reacher,Rank (learned target),72,prefix_a,1,123,200
reacher,Rank (learned target),72,prefix_b,1,112,184
reacher,Rank (learned target),73,clean,1,160,256
reacher,Rank (learned target),73,prefix_a,1,162,264
reacher,Rank (learned target),73,prefix_b,1,179,288
reacher,Rank (learned target),74,clean,1,215,344
reacher,Rank (learned target),74,prefix_a,1,206,336
reacher,Rank (learned target),74,prefix_b,1,204,328
reacher,Rank (learned target),75,clean,1,177,288
reacher,Rank (learned target),75,prefix_a,1,161,264
reacher,Rank (learned target),75,prefix_b,1,151,248
reacher,Rank (learned target),76,clean,1,133,216
reacher,Rank (learned target),76,prefix_a,1,121,200
reacher,Rank (learned target),76,prefix_b,1,112,184
reacher,Rank (learned target),77,clean,1,153,248
reacher,Rank (learned target),77,prefix_a,1,156,256
reacher,Rank (learned target),77,prefix_b,1,175,280
reacher,Rank (learned target),78,clean,1,231,376
reacher,Rank (learned target),78,prefix_a,1,281,456
reacher,Rank (learned target),78,prefix_b,1,160,256
reacher,Rank (learned target),79,clean,1,146,240
reacher,Rank (learned target),79,prefix_a,1,126,208
reacher,Rank (learned target),79,prefix_b,1,132,216
reacher,Rank (learned target),80,clean,1,150,240
reacher,Rank (learned target),80,prefix_a,1,145,232
reacher,Rank (learned target),80,prefix_b,1,128,208
reacher,Rank (learned target),81,clean,1,160,256
reacher,Rank (learned target),81,prefix_a,1,154,248
reacher,Rank (learned target),81,prefix_b,0,300,480
reacher,Rank (learned target),82,clean,1,154,248
reacher,Rank (learned target),82,prefix_a,1,150,240
reacher,Rank (learned target),82,prefix_b,1,151,248
reacher,Rank (learned target),83,clean,1,176,288
reacher,Rank (learned target),83,prefix_a,1,148,240
reacher,Rank (learned target),83,prefix_b,1,176,288
reacher,Rank (learned target),84,clean,1,246,400
reacher,Rank (learned target),84,prefix_a,1,159,256
reacher,Rank (learned target),84,prefix_b,1,120,192
reacher,Rank (learned target),85,clean,1,147,240
reacher,Rank (learned target),85,prefix_a,1,107,176
reacher,Rank (learned target),85,prefix_b,1,76,128
reacher,Rank (learned target),86,clean,1,160,256
reacher,Rank (learned target),86,prefix_a,1,127,208
reacher,Rank (learned target),86,prefix_b,1,137,224
reacher,Rank (learned target),87,clean,0,300,480
reacher,Rank (learned target),87,prefix_a,0,300,480
reacher,Rank (learned target),87,prefix_b,1,148,240
reacher,Rank (learned target),88,clean,1,149,240
reacher,Rank (learned target),88,prefix_a,1,155,248
reacher,Rank (learned target),88,prefix_b,1,137,224
reacher,Rank (learned target),89,clean,1,71,120
reacher,Rank (learned target),89,prefix_a,1,24,40
reacher,Rank (learned target),89,prefix_b,1,23,40
reacher,Rank (learned target),90,clean,1,183,296
reacher,Rank (learned target),90,prefix_a,1,162,264
reacher,Rank (learned target),90,prefix_b,1,55,88
reacher,Rank (learned target),91,clean,1,145,232
reacher,Rank (learned target),91,prefix_a,1,136,224
reacher,Rank (learned target),91,prefix_b,1,125,200
reacher,Rank (learned target),92,clean,1,136,224
reacher,Rank (learned target),92,prefix_a,1,135,216
reacher,Rank (learned target),92,prefix_b,1,150,240
reacher,Rank (learned target),93,clean,1,11,24
reacher,Rank (learned target),93,prefix_a,1,108,176
reacher,Rank (learned target),93,prefix_b,1,0,0
reacher,Rank (learned target),94,clean,1,120,192
reacher,Rank (learned target),94,prefix_a,1,120,192
reacher,Rank (learned target),94,prefix_b,1,170,272
reacher,Rank (learned target),95,clean,1,164,264
reacher,Rank (learned target),95,prefix_a,1,162,264
reacher,Rank (learned target),95,prefix_b,1,150,240
reacher,Rank (learned target),96,clean,1,71,120
reacher,Rank (learned target),96,prefix_a,1,118,192
reacher,Rank (learned target),96,prefix_b,1,134,216
reacher,Rank (learned target),97,clean,1,150,240
reacher,Rank (learned target),97,prefix_a,1,149,240
reacher,Rank (learned target),97,prefix_b,1,150,240
reacher,Rank (learned target),98,clean,1,155,248
reacher,Rank (learned target),98,prefix_a,1,132,216
reacher,Rank (learned target),98,prefix_b,1,155,248
reacher,Rank (learned target),99,clean,1,135,216
reacher,Rank (learned target),99,prefix_a,0,300,480
reacher,Rank (learned target),99,prefix_b,1,164,264
reacher,Rank (learned target),100,clean,1,144,232
reacher,Rank (learned target),100,prefix_a,1,152,248
reacher,Rank (learned target),100,prefix_b,1,144,232
reacher,Rank (learned target),101,clean,1,148,240
reacher,Rank (learned target),101,prefix_a,1,163,264
reacher,Rank (learned target),101,prefix_b,1,129,208
reacher,Rank (learned target),102,clean,1,146,240
reacher,Rank (learned target),102,prefix_a,1,113,184
reacher,Rank (learned target),102,prefix_b,1,174,280
reacher,Rank (learned target),103,clean,1,140,224
reacher,Rank (learned target),103,prefix_a,1,249,400
reacher,Rank (learned target),103,prefix_b,1,167,272
reacher,Rank (learned target),104,clean,1,145,232
reacher,Rank (learned target),104,prefix_a,1,152,248
reacher,Rank (learned target),104,prefix_b,1,142,232
reacher,Rank (learned target),105,clean,1,139,224
reacher,Rank (learned target),105,prefix_a,1,143,232
reacher,Rank (learned target),105,prefix_b,1,133,216
reacher,Rank (learned target),106,clean,1,151,248
reacher,Rank (learned target),106,prefix_a,1,147,240
reacher,Rank (learned target),106,prefix_b,1,145,232
reacher,Rank (learned target),107,clean,1,155,248
reacher,Rank (learned target),107,prefix_a,1,112,184
reacher,Rank (learned target),107,prefix_b,1,138,224
reacher,Rank (learned target),108,clean,1,171,280
reacher,Rank (learned target),108,prefix_a,1,156,256
reacher,Rank (learned target),108,prefix_b,1,151,248
reacher,Rank (learned target),109,clean,1,174,280
reacher,Rank (learned target),109,prefix_a,1,64,104
reacher,Rank (learned target),109,prefix_b,1,148,240
reacher,Rank (learned target),110,clean,1,147,240
reacher,Rank (learned target),110,prefix_a,1,139,224
reacher,Rank (learned target),110,prefix_b,1,166,272
reacher,Rank (learned target),111,clean,1,137,224
reacher,Rank (learned target),111,prefix_a,1,140,224
reacher,Rank (learned target),111,prefix_b,1,67,112
reacher,Rank (learned target),112,clean,1,137,224
reacher,Rank (learned target),112,prefix_a,1,118,192
reacher,Rank (learned target),112,prefix_b,1,70,112
reacher,Rank (learned target),113,clean,0,300,480
reacher,Rank (learned target),113,prefix_a,1,154,248
reacher,Rank (learned target),113,prefix_b,1,153,248
reacher,Rank (learned target),114,clean,1,90,144
reacher,Rank (learned target),114,prefix_a,1,167,272
reacher,Rank (learned target),114,prefix_b,1,212,344
reacher,Rank (learned target),115,clean,1,145,232
reacher,Rank (learned target),115,prefix_a,1,154,248
reacher,Rank (learned target),115,prefix_b,1,0,0
reacher,Rank (learned target),116,clean,1,133,216
reacher,Rank (learned target),116,prefix_a,1,150,240
reacher,Rank (learned target),116,prefix_b,1,145,232
reacher,Rank (learned target),117,clean,1,131,216
reacher,Rank (learned target),117,prefix_a,1,141,232
reacher,Rank (learned target),117,prefix_b,1,150,240
reacher,Rank (learned target),118,clean,1,161,264
reacher,Rank (learned target),118,prefix_a,1,171,280
reacher,Rank (learned target),118,prefix_b,1,121,200
reacher,Rank (learned target),119,clean,1,179,288
reacher,Rank (learned target),119,prefix_a,1,122,200
reacher,Rank (learned target),119,prefix_b,1,143,232
reacher,Rank (learned target),120,clean,1,126,208
reacher,Rank (learned target),120,prefix_a,1,163,264
reacher,Rank (learned target),120,prefix_b,1,169,272
reacher,Rank (learned target),121,clean,1,25,40
reacher,Rank (learned target),121,prefix_a,1,60,96
reacher,Rank (learned target),121,prefix_b,1,84,136
reacher,Rank (learned target),122,clean,1,150,240
reacher,Rank (learned target),122,prefix_a,1,208,336
reacher,Rank (learned target),122,prefix_b,1,90,144
reacher,Rank (learned target),123,clean,1,124,200
reacher,Rank (learned target),123,prefix_a,1,144,232
reacher,Rank (learned target),123,prefix_b,1,46,80
reacher,Rank (learned target),124,clean,1,128,208
reacher,Rank (learned target),124,prefix_a,1,156,256
reacher,Rank (learned target),124,prefix_b,1,143,232
reacher,Rank (learned target),125,clean,1,94,152
reacher,Rank (learned target),125,prefix_a,1,141,232
reacher,Rank (learned target),125,prefix_b,1,15,24
reacher,Rank (learned target),126,clean,1,165,264
reacher,Rank (learned target),126,prefix_a,1,148,240
reacher,Rank (learned target),126,prefix_b,1,156,256
reacher,Rank (learned target),127,clean,1,133,216
reacher,Rank (learned target),127,prefix_a,1,154,248
reacher,Rank (learned target),127,prefix_b,1,132,216
tworoom,AP-CEM,0,clean,0,200,360080
tworoom,AP-CEM,0,prefix_a,0,200,360080
tworoom,AP-CEM,0,prefix_b,0,200,360080
tworoom,AP-CEM,1,clean,0,200,360080
tworoom,AP-CEM,1,prefix_a,0,200,360080
tworoom,AP-CEM,1,prefix_b,0,200,360080
tworoom,AP-CEM,2,clean,0,200,360080
tworoom,AP-CEM,2,prefix_a,0,200,360080
tworoom,AP-CEM,2,prefix_b,0,200,360080
tworoom,AP-CEM,3,clean,0,200,360080
tworoom,AP-CEM,3,prefix_a,0,200,360080
tworoom,AP-CEM,3,prefix_b,0,200,360080
tworoom,AP-CEM,4,clean,0,200,360080
tworoom,AP-CEM,4,prefix_a,0,200,360080
tworoom,AP-CEM,4,prefix_b,0,200,360080
tworoom,AP-CEM,5,clean,0,200,360080
tworoom,AP-CEM,5,prefix_a,0,200,360080
tworoom,AP-CEM,5,prefix_b,0,200,360080
tworoom,AP-CEM,6,clean,0,200,360080
tworoom,AP-CEM,6,prefix_a,0,200,360080
tworoom,AP-CEM,6,prefix_b,0,200,360080
tworoom,AP-CEM,7,clean,0,200,360080
tworoom,AP-CEM,7,prefix_a,0,200,360080
tworoom,AP-CEM,7,prefix_b,0,200,360080
tworoom,AP-CEM,8,clean,1,95,171038
tworoom,AP-CEM,8,prefix_a,1,75,135030
tworoom,AP-CEM,8,prefix_b,1,95,171038
tworoom,AP-CEM,9,clean,0,200,360080
tworoom,AP-CEM,9,prefix_a,0,200,360080
tworoom,AP-CEM,9,prefix_b,0,200,360080
tworoom,AP-CEM,10,clean,0,200,360080
tworoom,AP-CEM,10,prefix_a,0,200,360080
tworoom,AP-CEM,10,prefix_b,0,200,360080
tworoom,AP-CEM,11,clean,0,200,360080
tworoom,AP-CEM,11,prefix_a,0,200,360080
tworoom,AP-CEM,11,prefix_b,0,200,360080
tworoom,AP-CEM,12,clean,1,93,171038
tworoom,AP-CEM,12,prefix_a,0,200,360080
tworoom,AP-CEM,12,prefix_b,0,200,360080
tworoom,AP-CEM,13,clean,0,200,360080
tworoom,AP-CEM,13,prefix_a,0,200,360080
tworoom,AP-CEM,13,prefix_b,0,200,360080
tworoom,AP-CEM,14,clean,0,200,360080
tworoom,AP-CEM,14,prefix_a,0,200,360080
tworoom,AP-CEM,14,prefix_b,1,85,153034
tworoom,AP-CEM,15,clean,1,98,180040
tworoom,AP-CEM,15,prefix_a,1,98,180040
tworoom,AP-CEM,15,prefix_b,1,77,144032
tworoom,AP-CEM,16,clean,0,200,360080
tworoom,AP-CEM,16,prefix_a,0,200,360080
tworoom,AP-CEM,16,prefix_b,0,200,360080
tworoom,AP-CEM,17,clean,1,82,153034
tworoom,AP-CEM,17,prefix_a,1,102,189042
tworoom,AP-CEM,17,prefix_b,1,88,162036
tworoom,AP-CEM,18,clean,1,20,36008
tworoom,AP-CEM,18,prefix_a,1,19,36008
tworoom,AP-CEM,18,prefix_b,1,19,36008
tworoom,AP-CEM,19,clean,0,200,360080
tworoom,AP-CEM,19,prefix_a,0,200,360080
tworoom,AP-CEM,19,prefix_b,0,200,360080
tworoom,AP-CEM,20,clean,0,200,360080
tworoom,AP-CEM,20,prefix_a,1,58,108024
tworoom,AP-CEM,20,prefix_b,1,89,162036
tworoom,AP-CEM,21,clean,0,200,360080
tworoom,AP-CEM,21,prefix_a,0,200,360080
tworoom,AP-CEM,21,prefix_b,1,96,180040
tworoom,AP-CEM,22,clean,0,200,360080
tworoom,AP-CEM,22,prefix_a,0,200,360080
tworoom,AP-CEM,22,prefix_b,0,200,360080
tworoom,AP-CEM,23,clean,1,72,135030
tworoom,AP-CEM,23,prefix_a,1,66,126028
tworoom,AP-CEM,23,prefix_b,1,29,54012
tworoom,AP-CEM,24,clean,0,200,360080
tworoom,AP-CEM,24,prefix_a,0,200,360080
tworoom,AP-CEM,24,prefix_b,0,200,360080
tworoom,AP-CEM,25,clean,1,59,108024
tworoom,AP-CEM,25,prefix_a,1,79,144032
tworoom,AP-CEM,25,prefix_b,1,25,45010
tworoom,AP-CEM,26,clean,0,200,360080
tworoom,AP-CEM,26,prefix_a,0,200,360080
tworoom,AP-CEM,26,prefix_b,0,200,360080
tworoom,AP-CEM,27,clean,0,200,360080
tworoom,AP-CEM,27,prefix_a,0,200,360080
tworoom,AP-CEM,27,prefix_b,0,200,360080
tworoom,AP-CEM,28,clean,1,75,135030
tworoom,AP-CEM,28,prefix_a,0,200,360080
tworoom,AP-CEM,28,prefix_b,1,154,279062
tworoom,AP-CEM,29,clean,1,106,198044
tworoom,AP-CEM,29,prefix_a,1,98,180040
tworoom,AP-CEM,29,prefix_b,1,106,198044
tworoom,AP-CEM,30,clean,0,200,360080
tworoom,AP-CEM,30,prefix_a,0,200,360080
tworoom,AP-CEM,30,prefix_b,0,200,360080
tworoom,AP-CEM,31,clean,0,200,360080
tworoom,AP-CEM,31,prefix_a,0,200,360080
tworoom,AP-CEM,31,prefix_b,0,200,360080
tworoom,AP-CEM,32,clean,1,104,189042
tworoom,AP-CEM,32,prefix_a,1,103,189042
tworoom,AP-CEM,32,prefix_b,1,104,189042
tworoom,AP-CEM,33,clean,1,96,180040
tworoom,AP-CEM,33,prefix_a,0,200,360080
tworoom,AP-CEM,33,prefix_b,1,63,117026
tworoom,AP-CEM,34,clean,1,29,54012
tworoom,AP-CEM,34,prefix_a,0,200,360080
tworoom,AP-CEM,34,prefix_b,0,200,360080
tworoom,AP-CEM,35,clean,1,28,54012
tworoom,AP-CEM,35,prefix_a,1,28,54012
tworoom,AP-CEM,35,prefix_b,1,28,54012
tworoom,AP-CEM,36,clean,0,200,360080
tworoom,AP-CEM,36,prefix_a,0,200,360080
tworoom,AP-CEM,36,prefix_b,1,98,180040
tworoom,AP-CEM,37,clean,0,200,360080
tworoom,AP-CEM,37,prefix_a,1,93,171038
tworoom,AP-CEM,37,prefix_b,0,200,360080
tworoom,AP-CEM,38,clean,0,200,360080
tworoom,AP-CEM,38,prefix_a,0,200,360080
tworoom,AP-CEM,38,prefix_b,0,200,360080
tworoom,AP-CEM,39,clean,0,200,360080
tworoom,AP-CEM,39,prefix_a,0,200,360080
tworoom,AP-CEM,39,prefix_b,0,200,360080
tworoom,AP-CEM,40,clean,0,200,360080
tworoom,AP-CEM,40,prefix_a,0,200,360080
tworoom,AP-CEM,40,prefix_b,0,200,360080
tworoom,AP-CEM,41,clean,0,200,360080
tworoom,AP-CEM,41,prefix_a,0,200,360080
tworoom,AP-CEM,41,prefix_b,0,200,360080
tworoom,AP-CEM,42,clean,0,200,360080
tworoom,AP-CEM,42,prefix_a,1,100,180040
tworoom,AP-CEM,42,prefix_b,0,200,360080
tworoom,AP-CEM,43,clean,1,105,189042
tworoom,AP-CEM,43,prefix_a,1,125,225050
tworoom,AP-CEM,43,prefix_b,1,91,171038
tworoom,AP-CEM,44,clean,0,200,360080
tworoom,AP-CEM,44,prefix_a,0,200,360080
tworoom,AP-CEM,44,prefix_b,0,200,360080
tworoom,AP-CEM,45,clean,0,200,360080
tworoom,AP-CEM,45,prefix_a,0,200,360080
tworoom,AP-CEM,45,prefix_b,0,200,360080
tworoom,AP-CEM,46,clean,1,54,99022
tworoom,AP-CEM,46,prefix_a,1,54,99022
tworoom,AP-CEM,46,prefix_b,1,54,99022
tworoom,AP-CEM,47,clean,0,200,360080
tworoom,AP-CEM,47,prefix_a,1,133,243054
tworoom,AP-CEM,47,prefix_b,1,79,144032
tworoom,AP-CEM,48,clean,1,75,135030
tworoom,AP-CEM,48,prefix_a,1,75,135030
tworoom,AP-CEM,48,prefix_b,0,200,360080
tworoom,AP-CEM,49,clean,1,79,144032
tworoom,AP-CEM,49,prefix_a,0,200,360080
tworoom,AP-CEM,49,prefix_b,1,86,162036
tworoom,AP-CEM,50,clean,0,200,360080
tworoom,AP-CEM,50,prefix_a,0,200,360080
tworoom,AP-CEM,50,prefix_b,0,200,360080
tworoom,AP-CEM,51,clean,1,78,144032
tworoom,AP-CEM,51,prefix_a,1,92,171038
tworoom,AP-CEM,51,prefix_b,1,86,162036
tworoom,AP-CEM,52,clean,0,200,360080
tworoom,AP-CEM,52,prefix_a,0,200,360080
tworoom,AP-CEM,52,prefix_b,0,200,360080
tworoom,AP-CEM,53,clean,1,90,162036
tworoom,AP-CEM,53,prefix_a,0,200,360080
tworoom,AP-CEM,53,prefix_b,1,90,162036
tworoom,AP-CEM,54,clean,0,200,360080
tworoom,AP-CEM,54,prefix_a,0,200,360080
tworoom,AP-CEM,54,prefix_b,1,93,171038
tworoom,AP-CEM,55,clean,0,200,360080
tworoom,AP-CEM,55,prefix_a,0,200,360080
tworoom,AP-CEM,55,prefix_b,0,200,360080
tworoom,AP-CEM,56,clean,0,200,360080
tworoom,AP-CEM,56,prefix_a,0,200,360080
tworoom,AP-CEM,56,prefix_b,0,200,360080
tworoom,AP-CEM,57,clean,1,64,117026
tworoom,AP-CEM,57,prefix_a,0,200,360080
tworoom,AP-CEM,57,prefix_b,1,89,162036
tworoom,AP-CEM,58,clean,0,200,360080
tworoom,AP-CEM,58,prefix_a,0,200,360080
tworoom,AP-CEM,58,prefix_b,0,200,360080
tworoom,AP-CEM,59,clean,1,88,162036
tworoom,AP-CEM,59,prefix_a,1,55,99022
tworoom,AP-CEM,59,prefix_b,1,88,162036
tworoom,AP-CEM,60,clean,1,97,180040
tworoom,AP-CEM,60,prefix_a,1,97,180040
tworoom,AP-CEM,60,prefix_b,1,78,144032
tworoom,AP-CEM,61,clean,0,200,360080
tworoom,AP-CEM,61,prefix_a,0,200,360080
tworoom,AP-CEM,61,prefix_b,0,200,360080
tworoom,AP-CEM,62,clean,0,200,360080
tworoom,AP-CEM,62,prefix_a,0,200,360080
tworoom,AP-CEM,62,prefix_b,0,200,360080
tworoom,AP-CEM,63,clean,1,103,189042
tworoom,AP-CEM,63,prefix_a,1,79,144032
tworoom,AP-CEM,63,prefix_b,1,95,171038
tworoom,AP-CEM,64,clean,0,200,360080
tworoom,AP-CEM,64,prefix_a,1,92,171038
tworoom,AP-CEM,64,prefix_b,1,93,171038
tworoom,AP-CEM,65,clean,1,93,171038
tworoom,AP-CEM,65,prefix_a,1,87,162036
tworoom,AP-CEM,65,prefix_b,1,93,171038
tworoom,AP-CEM,66,clean,0,200,360080
tworoom,AP-CEM,66,prefix_a,0,200,360080
tworoom,AP-CEM,66,prefix_b,0,200,360080
tworoom,AP-CEM,67,clean,0,200,360080
tworoom,AP-CEM,67,prefix_a,0,200,360080
tworoom,AP-CEM,67,prefix_b,0,200,360080
tworoom,AP-CEM,68,clean,1,95,171038
tworoom,AP-CEM,68,prefix_a,0,200,360080
tworoom,AP-CEM,68,prefix_b,0,200,360080
tworoom,AP-CEM,69,clean,0,200,360080
tworoom,AP-CEM,69,prefix_a,0,200,360080
tworoom,AP-CEM,69,prefix_b,0,200,360080
tworoom,AP-CEM,70,clean,0,200,360080
tworoom,AP-CEM,70,prefix_a,0,200,360080
tworoom,AP-CEM,70,prefix_b,0,200,360080
tworoom,AP-CEM,71,clean,0,200,360080
tworoom,AP-CEM,71,prefix_a,0,200,360080
tworoom,AP-CEM,71,prefix_b,0,200,360080
tworoom,AP-CEM,72,clean,1,103,189042
tworoom,AP-CEM,72,prefix_a,1,95,171038
tworoom,AP-CEM,72,prefix_b,1,89,162036
tworoom,AP-CEM,73,clean,1,64,117026
tworoom,AP-CEM,73,prefix_a,1,64,117026
tworoom,AP-CEM,73,prefix_b,1,102,189042
tworoom,AP-CEM,74,clean,1,94,171038
tworoom,AP-CEM,74,prefix_a,1,94,171038
tworoom,AP-CEM,74,prefix_b,1,93,171038
tworoom,AP-CEM,75,clean,1,100,180040
tworoom,AP-CEM,75,prefix_a,1,105,189042
tworoom,AP-CEM,75,prefix_b,1,99,180040
tworoom,AP-CEM,76,clean,1,90,162036
tworoom,AP-CEM,76,prefix_a,1,182,333074
tworoom,AP-CEM,76,prefix_b,1,106,198044
tworoom,AP-CEM,77,clean,1,93,171038
tworoom,AP-CEM,77,prefix_a,0,200,360080
tworoom,AP-CEM,77,prefix_b,0,200,360080
tworoom,AP-CEM,78,clean,1,98,180040
tworoom,AP-CEM,78,prefix_a,1,89,162036
tworoom,AP-CEM,78,prefix_b,1,104,189042
tworoom,AP-CEM,79,clean,1,68,126028
tworoom,AP-CEM,79,prefix_a,1,91,171038
tworoom,AP-CEM,79,prefix_b,1,93,171038
tworoom,AP-CEM,80,clean,0,200,360080
tworoom,AP-CEM,80,prefix_a,1,48,90020
tworoom,AP-CEM,80,prefix_b,1,48,90020
tworoom,AP-CEM,81,clean,0,200,360080
tworoom,AP-CEM,81,prefix_a,0,200,360080
tworoom,AP-CEM,81,prefix_b,0,200,360080
tworoom,AP-CEM,82,clean,1,94,171038
tworoom,AP-CEM,82,prefix_a,1,93,171038
tworoom,AP-CEM,82,prefix_b,1,75,135030
tworoom,AP-CEM,83,clean,0,200,360080
tworoom,AP-CEM,83,prefix_a,0,200,360080
tworoom,AP-CEM,83,prefix_b,0,200,360080
tworoom,AP-CEM,84,clean,1,84,153034
tworoom,AP-CEM,84,prefix_a,1,95,171038
tworoom,AP-CEM,84,prefix_b,1,177,324072
tworoom,AP-CEM,85,clean,1,46,90020
tworoom,AP-CEM,85,prefix_a,1,85,153034
tworoom,AP-CEM,85,prefix_b,1,85,153034
tworoom,AP-CEM,86,clean,1,82,153034
tworoom,AP-CEM,86,prefix_a,1,82,153034
tworoom,AP-CEM,86,prefix_b,1,82,153034
tworoom,AP-CEM,87,clean,0,200,360080
tworoom,AP-CEM,87,prefix_a,0,200,360080
tworoom,AP-CEM,87,prefix_b,0,200,360080
tworoom,AP-CEM,88,clean,1,104,189042
tworoom,AP-CEM,88,prefix_a,1,98,180040
tworoom,AP-CEM,88,prefix_b,1,89,162036
tworoom,AP-CEM,89,clean,1,26,54012
tworoom,AP-CEM,89,prefix_a,1,119,216048
tworoom,AP-CEM,89,prefix_b,1,28,54012
tworoom,AP-CEM,90,clean,0,200,360080
tworoom,AP-CEM,90,prefix_a,0,200,360080
tworoom,AP-CEM,90,prefix_b,0,200,360080
tworoom,AP-CEM,91,clean,0,200,360080
tworoom,AP-CEM,91,prefix_a,0,200,360080
tworoom,AP-CEM,91,prefix_b,0,200,360080
tworoom,AP-CEM,92,clean,0,200,360080
tworoom,AP-CEM,92,prefix_a,0,200,360080
tworoom,AP-CEM,92,prefix_b,0,200,360080
tworoom,AP-CEM,93,clean,1,73,135030
tworoom,AP-CEM,93,prefix_a,1,100,180040
tworoom,AP-CEM,93,prefix_b,1,78,144032
tworoom,AP-CEM,94,clean,0,200,360080
tworoom,AP-CEM,94,prefix_a,1,95,171038
tworoom,AP-CEM,94,prefix_b,1,90,162036
tworoom,AP-CEM,95,clean,0,200,360080
tworoom,AP-CEM,95,prefix_a,0,200,360080
tworoom,AP-CEM,95,prefix_b,0,200,360080
tworoom,AP-CEM,96,clean,1,89,162036
tworoom,AP-CEM,96,prefix_a,0,200,360080
tworoom,AP-CEM,96,prefix_b,0,200,360080
tworoom,AP-CEM,97,clean,1,94,171038
tworoom,AP-CEM,97,prefix_a,0,200,360080
tworoom,AP-CEM,97,prefix_b,1,84,153034
tworoom,AP-CEM,98,clean,1,77,144032
tworoom,AP-CEM,98,prefix_a,1,77,144032
tworoom,AP-CEM,98,prefix_b,1,77,144032
tworoom,AP-CEM,99,clean,1,91,171038
tworoom,AP-CEM,99,prefix_a,1,89,162036
tworoom,AP-CEM,99,prefix_b,1,130,234052
tworoom,AP-CEM,100,clean,1,65,117026
tworoom,AP-CEM,100,prefix_a,1,65,117026
tworoom,AP-CEM,100,prefix_b,0,200,360080
tworoom,AP-CEM,101,clean,1,89,162036
tworoom,AP-CEM,101,prefix_a,1,88,162036
tworoom,AP-CEM,101,prefix_b,1,89,162036
tworoom,AP-CEM,102,clean,1,104,189042
tworoom,AP-CEM,102,prefix_a,0,200,360080
tworoom,AP-CEM,102,prefix_b,1,89,162036
tworoom,AP-CEM,103,clean,1,98,180040
tworoom,AP-CEM,103,prefix_a,0,200,360080
tworoom,AP-CEM,103,prefix_b,0,200,360080
tworoom,AP-CEM,104,clean,1,97,180040
tworoom,AP-CEM,104,prefix_a,1,96,180040
tworoom,AP-CEM,104,prefix_b,1,97,180040
tworoom,AP-CEM,105,clean,0,200,360080
tworoom,AP-CEM,105,prefix_a,1,90,162036
tworoom,AP-CEM,105,prefix_b,0,200,360080
tworoom,AP-CEM,106,clean,0,200,360080
tworoom,AP-CEM,106,prefix_a,0,200,360080
tworoom,AP-CEM,106,prefix_b,0,200,360080
tworoom,AP-CEM,107,clean,1,101,189042
tworoom,AP-CEM,107,prefix_a,1,97,180040
tworoom,AP-CEM,107,prefix_b,1,96,180040
tworoom,AP-CEM,108,clean,0,200,360080
tworoom,AP-CEM,108,prefix_a,0,200,360080
tworoom,AP-CEM,108,prefix_b,0,200,360080
tworoom,AP-CEM,109,clean,0,200,360080
tworoom,AP-CEM,109,prefix_a,0,200,360080
tworoom,AP-CEM,109,prefix_b,0,200,360080
tworoom,AP-CEM,110,clean,1,80,144032
tworoom,AP-CEM,110,prefix_a,1,80,144032
tworoom,AP-CEM,110,prefix_b,1,80,144032
tworoom,AP-CEM,111,clean,1,32,63014
tworoom,AP-CEM,111,prefix_a,1,32,63014
tworoom,AP-CEM,111,prefix_b,1,32,63014
tworoom,AP-CEM,112,clean,1,92,171038
tworoom,AP-CEM,112,prefix_a,1,98,180040
tworoom,AP-CEM,112,prefix_b,0,200,360080
tworoom,AP-CEM,113,clean,0,200,360080
tworoom,AP-CEM,113,prefix_a,1,97,180040
tworoom,AP-CEM,113,prefix_b,1,97,180040
tworoom,AP-CEM,114,clean,1,91,171038
tworoom,AP-CEM,114,prefix_a,1,25,45010
tworoom,AP-CEM,114,prefix_b,1,55,99022
tworoom,AP-CEM,115,clean,0,200,360080
tworoom,AP-CEM,115,prefix_a,0,200,360080
tworoom,AP-CEM,115,prefix_b,0,200,360080
tworoom,AP-CEM,116,clean,0,200,360080
tworoom,AP-CEM,116,prefix_a,1,92,171038
tworoom,AP-CEM,116,prefix_b,1,83,153034
tworoom,AP-CEM,117,clean,0,200,360080
tworoom,AP-CEM,117,prefix_a,0,200,360080
tworoom,AP-CEM,117,prefix_b,0,200,360080
tworoom,AP-CEM,118,clean,1,40,72016
tworoom,AP-CEM,118,prefix_a,1,97,180040
tworoom,AP-CEM,118,prefix_b,1,77,144032
tworoom,AP-CEM,119,clean,1,93,171038
tworoom,AP-CEM,119,prefix_a,1,93,171038
tworoom,AP-CEM,119,prefix_b,1,90,162036
tworoom,AP-CEM,120,clean,0,200,360080
tworoom,AP-CEM,120,prefix_a,0,200,360080
tworoom,AP-CEM,120,prefix_b,0,200,360080
tworoom,AP-CEM,121,clean,1,172,315070
tworoom,AP-CEM,121,prefix_a,1,146,270060
tworoom,AP-CEM,121,prefix_b,1,63,117026
tworoom,AP-CEM,122,clean,1,79,144032
tworoom,AP-CEM,122,prefix_a,1,79,144032
tworoom,AP-CEM,122,prefix_b,1,79,144032
tworoom,AP-CEM,123,clean,0,200,360080
tworoom,AP-CEM,123,prefix_a,0,200,360080
tworoom,AP-CEM,123,prefix_b,1,95,171038
tworoom,AP-CEM,124,clean,1,100,180040
tworoom,AP-CEM,124,prefix_a,1,100,180040
tworoom,AP-CEM,124,prefix_b,1,100,180040
tworoom,AP-CEM,125,clean,1,88,162036
tworoom,AP-CEM,125,prefix_a,1,88,162036
tworoom,AP-CEM,125,prefix_b,1,97,180040
tworoom,AP-CEM,126,clean,0,200,360080
tworoom,AP-CEM,126,prefix_a,0,200,360080
tworoom,AP-CEM,126,prefix_b,0,200,360080
tworoom,AP-CEM,127,clean,0,200,360080
tworoom,AP-CEM,127,prefix_a,0,200,360080
tworoom,AP-CEM,127,prefix_b,0,200,360080
tworoom,AP-rank,0,clean,1,98,160
tworoom,AP-rank,0,prefix_a,1,98,160
tworoom,AP-rank,0,prefix_b,1,92,152
tworoom,AP-rank,1,clean,1,96,160
tworoom,AP-rank,1,prefix_a,1,94,152
tworoom,AP-rank,1,prefix_b,1,91,152
tworoom,AP-rank,2,clean,1,96,160
tworoom,AP-rank,2,prefix_a,1,73,120
tworoom,AP-rank,2,prefix_b,1,98,160
tworoom,AP-rank,3,clean,1,91,152
tworoom,AP-rank,3,prefix_a,1,95,152
tworoom,AP-rank,3,prefix_b,1,84,136
tworoom,AP-rank,4,clean,1,85,136
tworoom,AP-rank,4,prefix_a,1,84,136
tworoom,AP-rank,4,prefix_b,1,85,136
tworoom,AP-rank,5,clean,1,96,160
tworoom,AP-rank,5,prefix_a,1,91,152
tworoom,AP-rank,5,prefix_b,1,98,160
tworoom,AP-rank,6,clean,1,87,144
tworoom,AP-rank,6,prefix_a,1,83,136
tworoom,AP-rank,6,prefix_b,1,91,152
tworoom,AP-rank,7,clean,1,92,152
tworoom,AP-rank,7,prefix_a,1,95,152
tworoom,AP-rank,7,prefix_b,1,98,160
tworoom,AP-rank,8,clean,1,91,152
tworoom,AP-rank,8,prefix_a,1,92,152
tworoom,AP-rank,8,prefix_b,1,93,152
tworoom,AP-rank,9,clean,1,99,160
tworoom,AP-rank,9,prefix_a,1,92,152
tworoom,AP-rank,9,prefix_b,1,91,152
tworoom,AP-rank,10,clean,1,97,160
tworoom,AP-rank,10,prefix_a,1,90,144
tworoom,AP-rank,10,prefix_b,1,57,96
tworoom,AP-rank,11,clean,1,85,136
tworoom,AP-rank,11,prefix_a,1,97,160
tworoom,AP-rank,11,prefix_b,1,92,152
tworoom,AP-rank,12,clean,1,92,152
tworoom,AP-rank,12,prefix_a,1,94,152
tworoom,AP-rank,12,prefix_b,1,91,152
tworoom,AP-rank,13,clean,1,98,160
tworoom,AP-rank,13,prefix_a,1,90,144
tworoom,AP-rank,13,prefix_b,1,92,152
tworoom,AP-rank,14,clean,1,28,48
tworoom,AP-rank,14,prefix_a,1,82,136
tworoom,AP-rank,14,prefix_b,1,44,72
tworoom,AP-rank,15,clean,1,94,152
tworoom,AP-rank,15,prefix_a,1,91,152
tworoom,AP-rank,15,prefix_b,1,92,152
tworoom,AP-rank,16,clean,1,89,144
tworoom,AP-rank,16,prefix_a,1,90,144
tworoom,AP-rank,16,prefix_b,1,96,160
tworoom,AP-rank,17,clean,1,81,136
tworoom,AP-rank,17,prefix_a,1,59,96
tworoom,AP-rank,17,prefix_b,1,57,96
tworoom,AP-rank,18,clean,1,36,64
tworoom,AP-rank,18,prefix_a,1,11,24
tworoom,AP-rank,18,prefix_b,1,32,56
tworoom,AP-rank,19,clean,1,96,160
tworoom,AP-rank,19,prefix_a,1,95,152
tworoom,AP-rank,19,prefix_b,1,97,160
tworoom,AP-rank,20,clean,1,72,120
tworoom,AP-rank,20,prefix_a,1,82,136
tworoom,AP-rank,20,prefix_b,1,59,96
tworoom,AP-rank,21,clean,1,77,128
tworoom,AP-rank,21,prefix_a,1,95,152
tworoom,AP-rank,21,prefix_b,1,78,128
tworoom,AP-rank,22,clean,1,89,144
tworoom,AP-rank,22,prefix_a,1,95,152
tworoom,AP-rank,22,prefix_b,1,89,144
tworoom,AP-rank,23,clean,1,24,40
tworoom,AP-rank,23,prefix_a,1,10,16
tworoom,AP-rank,23,prefix_b,1,16,32
tworoom,AP-rank,24,clean,1,93,152
tworoom,AP-rank,24,prefix_a,1,97,160
tworoom,AP-rank,24,prefix_b,1,96,160
tworoom,AP-rank,25,clean,1,87,144
tworoom,AP-rank,25,prefix_a,1,71,120
tworoom,AP-rank,25,prefix_b,1,72,120
tworoom,AP-rank,26,clean,1,91,152
tworoom,AP-rank,26,prefix_a,1,91,152
tworoom,AP-rank,26,prefix_b,1,97,160
tworoom,AP-rank,27,clean,1,84,136
tworoom,AP-rank,27,prefix_a,1,91,152
tworoom,AP-rank,27,prefix_b,1,77,128
tworoom,AP-rank,28,clean,1,89,144
tworoom,AP-rank,28,prefix_a,1,95,152
tworoom,AP-rank,28,prefix_b,1,90,144
tworoom,AP-rank,29,clean,1,84,136
tworoom,AP-rank,29,prefix_a,1,93,152
tworoom,AP-rank,29,prefix_b,1,97,160
tworoom,AP-rank,30,clean,1,96,160
tworoom,AP-rank,30,prefix_a,1,88,144
tworoom,AP-rank,30,prefix_b,1,92,152
tworoom,AP-rank,31,clean,1,90,144
tworoom,AP-rank,31,prefix_a,1,90,144
tworoom,AP-rank,31,prefix_b,1,94,152
tworoom,AP-rank,32,clean,1,95,152
tworoom,AP-rank,32,prefix_a,1,76,128
tworoom,AP-rank,32,prefix_b,1,89,144
tworoom,AP-rank,33,clean,1,71,120
tworoom,AP-rank,33,prefix_a,1,85,136
tworoom,AP-rank,33,prefix_b,1,71,120
tworoom,AP-rank,34,clean,1,93,152
tworoom,AP-rank,34,prefix_a,1,70,112
tworoom,AP-rank,34,prefix_b,1,51,88
tworoom,AP-rank,35,clean,1,26,48
tworoom,AP-rank,35,prefix_a,1,26,48
tworoom,AP-rank,35,prefix_b,1,26,48
tworoom,AP-rank,36,clean,1,96,160
tworoom,AP-rank,36,prefix_a,1,87,144
tworoom,AP-rank,36,prefix_b,1,92,152
tworoom,AP-rank,37,clean,1,58,96
tworoom,AP-rank,37,prefix_a,1,62,104
tworoom,AP-rank,37,prefix_b,1,75,120
tworoom,AP-rank,38,clean,1,90,144
tworoom,AP-rank,38,prefix_a,1,86,144
tworoom,AP-rank,38,prefix_b,1,89,144
tworoom,AP-rank,39,clean,1,93,152
tworoom,AP-rank,39,prefix_a,1,94,152
tworoom,AP-rank,39,prefix_b,1,88,144
tworoom,AP-rank,40,clean,1,45,72
tworoom,AP-rank,40,prefix_a,1,68,112
tworoom,AP-rank,40,prefix_b,1,88,144
tworoom,AP-rank,41,clean,1,89,144
tworoom,AP-rank,41,prefix_a,1,98,160
tworoom,AP-rank,41,prefix_b,1,84,136
tworoom,AP-rank,42,clean,1,88,144
tworoom,AP-rank,42,prefix_a,1,97,160
tworoom,AP-rank,42,prefix_b,1,92,152
tworoom,AP-rank,43,clean,1,82,136
tworoom,AP-rank,43,prefix_a,1,85,136
tworoom,AP-rank,43,prefix_b,1,60,96
tworoom,AP-rank,44,clean,1,49,80
tworoom,AP-rank,44,prefix_a,1,80,128
tworoom,AP-rank,44,prefix_b,1,85,136
tworoom,AP-rank,45,clean,1,88,144
tworoom,AP-rank,45,prefix_a,1,89,144
tworoom,AP-rank,45,prefix_b,1,88,144
tworoom,AP-rank,46,clean,1,81,136
tworoom,AP-rank,46,prefix_a,1,75,120
tworoom,AP-rank,46,prefix_b,1,51,88
tworoom,AP-rank,47,clean,1,97,160
tworoom,AP-rank,47,prefix_a,1,91,152
tworoom,AP-rank,47,prefix_b,1,88,144
tworoom,AP-rank,48,clean,1,33,56
tworoom,AP-rank,48,prefix_a,1,68,112
tworoom,AP-rank,48,prefix_b,1,94,152
tworoom,AP-rank,49,clean,1,77,128
tworoom,AP-rank,49,prefix_a,1,97,160
tworoom,AP-rank,49,prefix_b,1,86,144
tworoom,AP-rank,50,clean,1,90,144
tworoom,AP-rank,50,prefix_a,1,90,144
tworoom,AP-rank,50,prefix_b,1,97,160
tworoom,AP-rank,51,clean,1,81,136
tworoom,AP-rank,51,prefix_a,1,89,144
tworoom,AP-rank,51,prefix_b,1,68,112
tworoom,AP-rank,52,clean,1,89,144
tworoom,AP-rank,52,prefix_a,1,68,112
tworoom,AP-rank,52,prefix_b,1,82,136
tworoom,AP-rank,53,clean,1,92,152
tworoom,AP-rank,53,prefix_a,1,92,152
tworoom,AP-rank,53,prefix_b,1,96,160
tworoom,AP-rank,54,clean,1,94,152
tworoom,AP-rank,54,prefix_a,1,69,112
tworoom,AP-rank,54,prefix_b,1,80,128
tworoom,AP-rank,55,clean,1,87,144
tworoom,AP-rank,55,prefix_a,1,98,160
tworoom,AP-rank,55,prefix_b,1,76,128
tworoom,AP-rank,56,clean,1,94,152
tworoom,AP-rank,56,prefix_a,1,88,144
tworoom,AP-rank,56,prefix_b,1,96,160
tworoom,AP-rank,57,clean,1,45,72
tworoom,AP-rank,57,prefix_a,1,81,136
tworoom,AP-rank,57,prefix_b,1,97,160
tworoom,AP-rank,58,clean,1,74,120
tworoom,AP-rank,58,prefix_a,1,93,152
tworoom,AP-rank,58,prefix_b,1,88,144
tworoom,AP-rank,59,clean,1,91,152
tworoom,AP-rank,59,prefix_a,1,49,80
tworoom,AP-rank,59,prefix_b,1,50,80
tworoom,AP-rank,60,clean,1,54,88
tworoom,AP-rank,60,prefix_a,1,56,96
tworoom,AP-rank,60,prefix_b,1,97,160
tworoom,AP-rank,61,clean,1,98,160
tworoom,AP-rank,61,prefix_a,1,92,152
tworoom,AP-rank,61,prefix_b,1,94,152
tworoom,AP-rank,62,clean,1,93,152
tworoom,AP-rank,62,prefix_a,1,98,160
tworoom,AP-rank,62,prefix_b,1,98,160
tworoom,AP-rank,63,clean,1,74,120
tworoom,AP-rank,63,prefix_a,1,78,128
tworoom,AP-rank,63,prefix_b,1,49,80
tworoom,AP-rank,64,clean,1,94,152
tworoom,AP-rank,64,prefix_a,1,91,152
tworoom,AP-rank,64,prefix_b,1,92,152
tworoom,AP-rank,65,clean,1,84,136
tworoom,AP-rank,65,prefix_a,1,59,96
tworoom,AP-rank,65,prefix_b,1,35,56
tworoom,AP-rank,66,clean,1,91,152
tworoom,AP-rank,66,prefix_a,1,95,152
tworoom,AP-rank,66,prefix_b,1,91,152
tworoom,AP-rank,67,clean,1,89,144
tworoom,AP-rank,67,prefix_a,1,90,144
tworoom,AP-rank,67,prefix_b,1,90,144
tworoom,AP-rank,68,clean,1,78,128
tworoom,AP-rank,68,prefix_a,1,88,144
tworoom,AP-rank,68,prefix_b,1,94,152
tworoom,AP-rank,69,clean,1,93,152
tworoom,AP-rank,69,prefix_a,1,92,152
tworoom,AP-rank,69,prefix_b,1,93,152
tworoom,AP-rank,70,clean,1,94,152
tworoom,AP-rank,70,prefix_a,1,88,144
tworoom,AP-rank,70,prefix_b,1,92,152
tworoom,AP-rank,71,clean,1,94,152
tworoom,AP-rank,71,prefix_a,1,92,152
tworoom,AP-rank,71,prefix_b,1,83,136
tworoom,AP-rank,72,clean,1,85,136
tworoom,AP-rank,72,prefix_a,1,95,152
tworoom,AP-rank,72,prefix_b,1,96,160
tworoom,AP-rank,73,clean,1,72,120
tworoom,AP-rank,73,prefix_a,1,81,136
tworoom,AP-rank,73,prefix_b,1,92,152
tworoom,AP-rank,74,clean,1,52,88
tworoom,AP-rank,74,prefix_a,1,79,128
tworoom,AP-rank,74,prefix_b,1,75,120
tworoom,AP-rank,75,clean,1,95,152
tworoom,AP-rank,75,prefix_a,1,67,112
tworoom,AP-rank,75,prefix_b,1,93,152
tworoom,AP-rank,76,clean,1,85,136
tworoom,AP-rank,76,prefix_a,1,96,160
tworoom,AP-rank,76,prefix_b,1,97,160
tworoom,AP-rank,77,clean,1,85,136
tworoom,AP-rank,77,prefix_a,1,96,160
tworoom,AP-rank,77,prefix_b,1,94,152
tworoom,AP-rank,78,clean,1,96,160
tworoom,AP-rank,78,prefix_a,1,78,128
tworoom,AP-rank,78,prefix_b,1,99,160
tworoom,AP-rank,79,clean,1,88,144
tworoom,AP-rank,79,prefix_a,1,87,144
tworoom,AP-rank,79,prefix_b,1,64,104
tworoom,AP-rank,80,clean,1,91,152
tworoom,AP-rank,80,prefix_a,1,92,152
tworoom,AP-rank,80,prefix_b,1,81,136
tworoom,AP-rank,81,clean,1,97,160
tworoom,AP-rank,81,prefix_a,1,88,144
tworoom,AP-rank,81,prefix_b,1,98,160
tworoom,AP-rank,82,clean,1,73,120
tworoom,AP-rank,82,prefix_a,1,73,120
tworoom,AP-rank,82,prefix_b,1,76,128
tworoom,AP-rank,83,clean,1,96,160
tworoom,AP-rank,83,prefix_a,1,95,152
tworoom,AP-rank,83,prefix_b,1,92,152
tworoom,AP-rank,84,clean,1,89,144
tworoom,AP-rank,84,prefix_a,1,97,160
tworoom,AP-rank,84,prefix_b,1,63,104
tworoom,AP-rank,85,clean,1,57,96
tworoom,AP-rank,85,prefix_a,1,62,104
tworoom,AP-rank,85,prefix_b,1,70,112
tworoom,AP-rank,86,clean,1,68,112
tworoom,AP-rank,86,prefix_a,1,87,144
tworoom,AP-rank,86,prefix_b,1,97,160
tworoom,AP-rank,87,clean,1,92,152
tworoom,AP-rank,87,prefix_a,1,87,144
tworoom,AP-rank,87,prefix_b,1,97,160
tworoom,AP-rank,88,clean,1,96,160
tworoom,AP-rank,88,prefix_a,1,97,160
tworoom,AP-rank,88,prefix_b,1,97,160
tworoom,AP-rank,89,clean,1,49,80
tworoom,AP-rank,89,prefix_a,1,54,88
tworoom,AP-rank,89,prefix_b,1,90,144
tworoom,AP-rank,90,clean,1,96,160
tworoom,AP-rank,90,prefix_a,1,97,160
tworoom,AP-rank,90,prefix_b,1,86,144
tworoom,AP-rank,91,clean,1,97,160
tworoom,AP-rank,91,prefix_a,1,95,152
tworoom,AP-rank,91,prefix_b,1,98,160
tworoom,AP-rank,92,clean,1,98,160
tworoom,AP-rank,92,prefix_a,1,94,152
tworoom,AP-rank,92,prefix_b,1,83,136
tworoom,AP-rank,93,clean,1,77,128
tworoom,AP-rank,93,prefix_a,1,94,152
tworoom,AP-rank,93,prefix_b,1,77,128
tworoom,AP-rank,94,clean,1,96,160
tworoom,AP-rank,94,prefix_a,1,96,160
tworoom,AP-rank,94,prefix_b,1,89,144
tworoom,AP-rank,95,clean,1,97,160
tworoom,AP-rank,95,prefix_a,1,89,144
tworoom,AP-rank,95,prefix_b,1,83,136
tworoom,AP-rank,96,clean,1,81,136
tworoom,AP-rank,96,prefix_a,1,98,160
tworoom,AP-rank,96,prefix_b,1,94,152
tworoom,AP-rank,97,clean,1,98,160
tworoom,AP-rank,97,prefix_a,1,77,128
tworoom,AP-rank,97,prefix_b,1,88,144
tworoom,AP-rank,98,clean,1,50,80
tworoom,AP-rank,98,prefix_a,1,93,152
tworoom,AP-rank,98,prefix_b,1,90,144
tworoom,AP-rank,99,clean,1,71,120
tworoom,AP-rank,99,prefix_a,1,93,152
tworoom,AP-rank,99,prefix_b,1,83,136
tworoom,AP-rank,100,clean,1,93,152
tworoom,AP-rank,100,prefix_a,1,80,128
tworoom,AP-rank,100,prefix_b,1,95,152
tworoom,AP-rank,101,clean,1,96,160
tworoom,AP-rank,101,prefix_a,1,96,160
tworoom,AP-rank,101,prefix_b,1,92,152
tworoom,AP-rank,102,clean,0,200,320
tworoom,AP-rank,102,prefix_a,1,97,160
tworoom,AP-rank,102,prefix_b,1,86,144
tworoom,AP-rank,103,clean,1,97,160
tworoom,AP-rank,103,prefix_a,1,96,160
tworoom,AP-rank,103,prefix_b,1,67,112
tworoom,AP-rank,104,clean,1,64,104
tworoom,AP-rank,104,prefix_a,1,46,80
tworoom,AP-rank,104,prefix_b,1,38,64
tworoom,AP-rank,105,clean,1,95,152
tworoom,AP-rank,105,prefix_a,1,93,152
tworoom,AP-rank,105,prefix_b,1,86,144
tworoom,AP-rank,106,clean,1,97,160
tworoom,AP-rank,106,prefix_a,1,95,152
tworoom,AP-rank,106,prefix_b,1,95,152
tworoom,AP-rank,107,clean,1,52,88
tworoom,AP-rank,107,prefix_a,1,87,144
tworoom,AP-rank,107,prefix_b,1,91,152
tworoom,AP-rank,108,clean,0,200,320
tworoom,AP-rank,108,prefix_a,1,95,152
tworoom,AP-rank,108,prefix_b,1,88,144
tworoom,AP-rank,109,clean,1,97,160
tworoom,AP-rank,109,prefix_a,1,96,160
tworoom,AP-rank,109,prefix_b,1,98,160
tworoom,AP-rank,110,clean,1,98,160
tworoom,AP-rank,110,prefix_a,1,82,136
tworoom,AP-rank,110,prefix_b,1,61,104
tworoom,AP-rank,111,clean,1,34,56
tworoom,AP-rank,111,prefix_a,1,38,64
tworoom,AP-rank,111,prefix_b,1,35,56
tworoom,AP-rank,112,clean,1,94,152
tworoom,AP-rank,112,prefix_a,1,70,112
tworoom,AP-rank,112,prefix_b,1,92,152
tworoom,AP-rank,113,clean,1,88,144
tworoom,AP-rank,113,prefix_a,1,97,160
tworoom,AP-rank,113,prefix_b,1,97,160
tworoom,AP-rank,114,clean,1,78,128
tworoom,AP-rank,114,prefix_a,1,47,80
tworoom,AP-rank,114,prefix_b,1,53,88
tworoom,AP-rank,115,clean,1,91,152
tworoom,AP-rank,115,prefix_a,1,95,152
tworoom,AP-rank,115,prefix_b,1,97,160
tworoom,AP-rank,116,clean,1,78,128
tworoom,AP-rank,116,prefix_a,1,78,128
tworoom,AP-rank,116,prefix_b,1,75,120
tworoom,AP-rank,117,clean,1,72,120
tworoom,AP-rank,117,prefix_a,1,72,120
tworoom,AP-rank,117,prefix_b,1,74,120
tworoom,AP-rank,118,clean,1,65,104
tworoom,AP-rank,118,prefix_a,1,83,136
tworoom,AP-rank,118,prefix_b,1,94,152
tworoom,AP-rank,119,clean,1,84,136
tworoom,AP-rank,119,prefix_a,1,82,136
tworoom,AP-rank,119,prefix_b,1,96,160
tworoom,AP-rank,120,clean,1,93,152
tworoom,AP-rank,120,prefix_a,1,82,136
tworoom,AP-rank,120,prefix_b,1,70,112
tworoom,AP-rank,121,clean,1,87,144
tworoom,AP-rank,121,prefix_a,1,59,96
tworoom,AP-rank,121,prefix_b,1,45,72
tworoom,AP-rank,122,clean,1,45,72
tworoom,AP-rank,122,prefix_a,1,58,96
tworoom,AP-rank,122,prefix_b,1,63,104
tworoom,AP-rank,123,clean,1,93,152
tworoom,AP-rank,123,prefix_a,1,93,152
tworoom,AP-rank,123,prefix_b,1,94,152
tworoom,AP-rank,124,clean,1,62,104
tworoom,AP-rank,124,prefix_a,1,72,120
tworoom,AP-rank,124,prefix_b,1,79,128
tworoom,AP-rank,125,clean,1,98,160
tworoom,AP-rank,125,prefix_a,1,74,120
tworoom,AP-rank,125,prefix_b,1,62,104
tworoom,AP-rank,126,clean,1,86,144
tworoom,AP-rank,126,prefix_a,1,97,160
tworoom,AP-rank,126,prefix_b,1,86,144
tworoom,AP-rank,127,clean,1,83,136
tworoom,AP-rank,127,prefix_a,1,66,112
tworoom,AP-rank,127,prefix_b,1,97,160
tworoom,CEM (final goal),0,clean,0,200,360080
tworoom,CEM (final goal),0,prefix_a,0,200,360080
tworoom,CEM (final goal),0,prefix_b,0,200,360080
tworoom,CEM (final goal),1,clean,0,200,360080
tworoom,CEM (final goal),1,prefix_a,0,200,360080
tworoom,CEM (final goal),1,prefix_b,0,200,360080
tworoom,CEM (final goal),2,clean,0,200,360080
tworoom,CEM (final goal),2,prefix_a,0,200,360080
tworoom,CEM (final goal),2,prefix_b,0,200,360080
tworoom,CEM (final goal),3,clean,0,200,360080
tworoom,CEM (final goal),3,prefix_a,0,200,360080
tworoom,CEM (final goal),3,prefix_b,0,200,360080
tworoom,CEM (final goal),4,clean,0,200,360080
tworoom,CEM (final goal),4,prefix_a,0,200,360080
tworoom,CEM (final goal),4,prefix_b,0,200,360080
tworoom,CEM (final goal),5,clean,0,200,360080
tworoom,CEM (final goal),5,prefix_a,0,200,360080
tworoom,CEM (final goal),5,prefix_b,0,200,360080
tworoom,CEM (final goal),6,clean,0,200,360080
tworoom,CEM (final goal),6,prefix_a,0,200,360080
tworoom,CEM (final goal),6,prefix_b,0,200,360080
tworoom,CEM (final goal),7,clean,0,200,360080
tworoom,CEM (final goal),7,prefix_a,0,200,360080
tworoom,CEM (final goal),7,prefix_b,0,200,360080
tworoom,CEM (final goal),8,clean,0,200,360080
tworoom,CEM (final goal),8,prefix_a,0,200,360080
tworoom,CEM (final goal),8,prefix_b,0,200,360080
tworoom,CEM (final goal),9,clean,0,200,360080
tworoom,CEM (final goal),9,prefix_a,0,200,360080
tworoom,CEM (final goal),9,prefix_b,0,200,360080
tworoom,CEM (final goal),10,clean,0,200,360080
tworoom,CEM (final goal),10,prefix_a,0,200,360080
tworoom,CEM (final goal),10,prefix_b,0,200,360080
tworoom,CEM (final goal),11,clean,0,200,360080
tworoom,CEM (final goal),11,prefix_a,0,200,360080
tworoom,CEM (final goal),11,prefix_b,0,200,360080
tworoom,CEM (final goal),12,clean,0,200,360080
tworoom,CEM (final goal),12,prefix_a,0,200,360080
tworoom,CEM (final goal),12,prefix_b,0,200,360080
tworoom,CEM (final goal),13,clean,0,200,360080
tworoom,CEM (final goal),13,prefix_a,0,200,360080
tworoom,CEM (final goal),13,prefix_b,0,200,360080
tworoom,CEM (final goal),14,clean,0,200,360080
tworoom,CEM (final goal),14,prefix_a,0,200,360080
tworoom,CEM (final goal),14,prefix_b,0,200,360080
tworoom,CEM (final goal),15,clean,0,200,360080
tworoom,CEM (final goal),15,prefix_a,0,200,360080
tworoom,CEM (final goal),15,prefix_b,0,200,360080
tworoom,CEM (final goal),16,clean,0,200,360080
tworoom,CEM (final goal),16,prefix_a,0,200,360080
tworoom,CEM (final goal),16,prefix_b,0,200,360080
tworoom,CEM (final goal),17,clean,0,200,360080
tworoom,CEM (final goal),17,prefix_a,0,200,360080
tworoom,CEM (final goal),17,prefix_b,0,200,360080
tworoom,CEM (final goal),18,clean,0,200,360080
tworoom,CEM (final goal),18,prefix_a,0,200,360080
tworoom,CEM (final goal),18,prefix_b,0,200,360080
tworoom,CEM (final goal),19,clean,0,200,360080
tworoom,CEM (final goal),19,prefix_a,0,200,360080
tworoom,CEM (final goal),19,prefix_b,0,200,360080
tworoom,CEM (final goal),20,clean,0,200,360080
tworoom,CEM (final goal),20,prefix_a,0,200,360080
tworoom,CEM (final goal),20,prefix_b,0,200,360080
tworoom,CEM (final goal),21,clean,0,200,360080
tworoom,CEM (final goal),21,prefix_a,0,200,360080
tworoom,CEM (final goal),21,prefix_b,0,200,360080
tworoom,CEM (final goal),22,clean,0,200,360080
tworoom,CEM (final goal),22,prefix_a,0,200,360080
tworoom,CEM (final goal),22,prefix_b,0,200,360080
tworoom,CEM (final goal),23,clean,0,200,360080
tworoom,CEM (final goal),23,prefix_a,0,200,360080
tworoom,CEM (final goal),23,prefix_b,0,200,360080
tworoom,CEM (final goal),24,clean,0,200,360080
tworoom,CEM (final goal),24,prefix_a,0,200,360080
tworoom,CEM (final goal),24,prefix_b,0,200,360080
tworoom,CEM (final goal),25,clean,0,200,360080
tworoom,CEM (final goal),25,prefix_a,0,200,360080
tworoom,CEM (final goal),25,prefix_b,0,200,360080
tworoom,CEM (final goal),26,clean,0,200,360080
tworoom,CEM (final goal),26,prefix_a,0,200,360080
tworoom,CEM (final goal),26,prefix_b,0,200,360080
tworoom,CEM (final goal),27,clean,0,200,360080
tworoom,CEM (final goal),27,prefix_a,0,200,360080
tworoom,CEM (final goal),27,prefix_b,0,200,360080
tworoom,CEM (final goal),28,clean,0,200,360080
tworoom,CEM (final goal),28,prefix_a,0,200,360080
tworoom,CEM (final goal),28,prefix_b,0,200,360080
tworoom,CEM (final goal),29,clean,0,200,360080
tworoom,CEM (final goal),29,prefix_a,0,200,360080
tworoom,CEM (final goal),29,prefix_b,0,200,360080
tworoom,CEM (final goal),30,clean,0,200,360080
tworoom,CEM (final goal),30,prefix_a,0,200,360080
tworoom,CEM (final goal),30,prefix_b,0,200,360080
tworoom,CEM (final goal),31,clean,0,200,360080
tworoom,CEM (final goal),31,prefix_a,0,200,360080
tworoom,CEM (final goal),31,prefix_b,0,200,360080
tworoom,CEM (final goal),32,clean,0,200,360080
tworoom,CEM (final goal),32,prefix_a,0,200,360080
tworoom,CEM (final goal),32,prefix_b,0,200,360080
tworoom,CEM (final goal),33,clean,0,200,360080
tworoom,CEM (final goal),33,prefix_a,0,200,360080
tworoom,CEM (final goal),33,prefix_b,0,200,360080
tworoom,CEM (final goal),34,clean,0,200,360080
tworoom,CEM (final goal),34,prefix_a,0,200,360080
tworoom,CEM (final goal),34,prefix_b,0,200,360080
tworoom,CEM (final goal),35,clean,0,200,360080
tworoom,CEM (final goal),35,prefix_a,0,200,360080
tworoom,CEM (final goal),35,prefix_b,0,200,360080
tworoom,CEM (final goal),36,clean,0,200,360080
tworoom,CEM (final goal),36,prefix_a,0,200,360080
tworoom,CEM (final goal),36,prefix_b,0,200,360080
tworoom,CEM (final goal),37,clean,0,200,360080
tworoom,CEM (final goal),37,prefix_a,0,200,360080
tworoom,CEM (final goal),37,prefix_b,0,200,360080
tworoom,CEM (final goal),38,clean,0,200,360080
tworoom,CEM (final goal),38,prefix_a,0,200,360080
tworoom,CEM (final goal),38,prefix_b,0,200,360080
tworoom,CEM (final goal),39,clean,0,200,360080
tworoom,CEM (final goal),39,prefix_a,0,200,360080
tworoom,CEM (final goal),39,prefix_b,0,200,360080
tworoom,CEM (final goal),40,clean,0,200,360080
tworoom,CEM (final goal),40,prefix_a,0,200,360080
tworoom,CEM (final goal),40,prefix_b,0,200,360080
tworoom,CEM (final goal),41,clean,0,200,360080
tworoom,CEM (final goal),41,prefix_a,0,200,360080
tworoom,CEM (final goal),41,prefix_b,0,200,360080
tworoom,CEM (final goal),42,clean,0,200,360080
tworoom,CEM (final goal),42,prefix_a,0,200,360080
tworoom,CEM (final goal),42,prefix_b,0,200,360080
tworoom,CEM (final goal),43,clean,0,200,360080
tworoom,CEM (final goal),43,prefix_a,0,200,360080
tworoom,CEM (final goal),43,prefix_b,0,200,360080
tworoom,CEM (final goal),44,clean,0,200,360080
tworoom,CEM (final goal),44,prefix_a,0,200,360080
tworoom,CEM (final goal),44,prefix_b,0,200,360080
tworoom,CEM (final goal),45,clean,0,200,360080
tworoom,CEM (final goal),45,prefix_a,0,200,360080
tworoom,CEM (final goal),45,prefix_b,0,200,360080
tworoom,CEM (final goal),46,clean,0,200,360080
tworoom,CEM (final goal),46,prefix_a,0,200,360080
tworoom,CEM (final goal),46,prefix_b,0,200,360080
tworoom,CEM (final goal),47,clean,0,200,360080
tworoom,CEM (final goal),47,prefix_a,0,200,360080
tworoom,CEM (final goal),47,prefix_b,0,200,360080
tworoom,CEM (final goal),48,clean,0,200,360080
tworoom,CEM (final goal),48,prefix_a,0,200,360080
tworoom,CEM (final goal),48,prefix_b,0,200,360080
tworoom,CEM (final goal),49,clean,0,200,360080
tworoom,CEM (final goal),49,prefix_a,0,200,360080
tworoom,CEM (final goal),49,prefix_b,0,200,360080
tworoom,CEM (final goal),50,clean,0,200,360080
tworoom,CEM (final goal),50,prefix_a,0,200,360080
tworoom,CEM (final goal),50,prefix_b,0,200,360080
tworoom,CEM (final goal),51,clean,0,200,360080
tworoom,CEM (final goal),51,prefix_a,0,200,360080
tworoom,CEM (final goal),51,prefix_b,0,200,360080
tworoom,CEM (final goal),52,clean,0,200,360080
tworoom,CEM (final goal),52,prefix_a,0,200,360080
tworoom,CEM (final goal),52,prefix_b,0,200,360080
tworoom,CEM (final goal),53,clean,0,200,360080
tworoom,CEM (final goal),53,prefix_a,0,200,360080
tworoom,CEM (final goal),53,prefix_b,0,200,360080
tworoom,CEM (final goal),54,clean,0,200,360080
tworoom,CEM (final goal),54,prefix_a,0,200,360080
tworoom,CEM (final goal),54,prefix_b,0,200,360080
tworoom,CEM (final goal),55,clean,0,200,360080
tworoom,CEM (final goal),55,prefix_a,0,200,360080
tworoom,CEM (final goal),55,prefix_b,0,200,360080
tworoom,CEM (final goal),56,clean,0,200,360080
tworoom,CEM (final goal),56,prefix_a,0,200,360080
tworoom,CEM (final goal),56,prefix_b,0,200,360080
tworoom,CEM (final goal),57,clean,0,200,360080
tworoom,CEM (final goal),57,prefix_a,0,200,360080
tworoom,CEM (final goal),57,prefix_b,0,200,360080
tworoom,CEM (final goal),58,clean,0,200,360080
tworoom,CEM (final goal),58,prefix_a,0,200,360080
tworoom,CEM (final goal),58,prefix_b,0,200,360080
tworoom,CEM (final goal),59,clean,0,200,360080
tworoom,CEM (final goal),59,prefix_a,0,200,360080
tworoom,CEM (final goal),59,prefix_b,0,200,360080
tworoom,CEM (final goal),60,clean,0,200,360080
tworoom,CEM (final goal),60,prefix_a,0,200,360080
tworoom,CEM (final goal),60,prefix_b,0,200,360080
tworoom,CEM (final goal),61,clean,0,200,360080
tworoom,CEM (final goal),61,prefix_a,0,200,360080
tworoom,CEM (final goal),61,prefix_b,0,200,360080
tworoom,CEM (final goal),62,clean,0,200,360080
tworoom,CEM (final goal),62,prefix_a,0,200,360080
tworoom,CEM (final goal),62,prefix_b,0,200,360080
tworoom,CEM (final goal),63,clean,0,200,360080
tworoom,CEM (final goal),63,prefix_a,0,200,360080
tworoom,CEM (final goal),63,prefix_b,0,200,360080
tworoom,CEM (final goal),64,clean,0,200,360080
tworoom,CEM (final goal),64,prefix_a,0,200,360080
tworoom,CEM (final goal),64,prefix_b,0,200,360080
tworoom,CEM (final goal),65,clean,0,200,360080
tworoom,CEM (final goal),65,prefix_a,0,200,360080
tworoom,CEM (final goal),65,prefix_b,0,200,360080
tworoom,CEM (final goal),66,clean,0,200,360080
tworoom,CEM (final goal),66,prefix_a,0,200,360080
tworoom,CEM (final goal),66,prefix_b,0,200,360080
tworoom,CEM (final goal),67,clean,0,200,360080
tworoom,CEM (final goal),67,prefix_a,0,200,360080
tworoom,CEM (final goal),67,prefix_b,0,200,360080
tworoom,CEM (final goal),68,clean,0,200,360080
tworoom,CEM (final goal),68,prefix_a,0,200,360080
tworoom,CEM (final goal),68,prefix_b,0,200,360080
tworoom,CEM (final goal),69,clean,0,200,360080
tworoom,CEM (final goal),69,prefix_a,0,200,360080
tworoom,CEM (final goal),69,prefix_b,0,200,360080
tworoom,CEM (final goal),70,clean,0,200,360080
tworoom,CEM (final goal),70,prefix_a,0,200,360080
tworoom,CEM (final goal),70,prefix_b,0,200,360080
tworoom,CEM (final goal),71,clean,0,200,360080
tworoom,CEM (final goal),71,prefix_a,0,200,360080
tworoom,CEM (final goal),71,prefix_b,0,200,360080
tworoom,CEM (final goal),72,clean,0,200,360080
tworoom,CEM (final goal),72,prefix_a,0,200,360080
tworoom,CEM (final goal),72,prefix_b,0,200,360080
tworoom,CEM (final goal),73,clean,0,200,360080
tworoom,CEM (final goal),73,prefix_a,0,200,360080
tworoom,CEM (final goal),73,prefix_b,0,200,360080
tworoom,CEM (final goal),74,clean,0,200,360080
tworoom,CEM (final goal),74,prefix_a,0,200,360080
tworoom,CEM (final goal),74,prefix_b,0,200,360080
tworoom,CEM (final goal),75,clean,0,200,360080
tworoom,CEM (final goal),75,prefix_a,0,200,360080
tworoom,CEM (final goal),75,prefix_b,0,200,360080
tworoom,CEM (final goal),76,clean,0,200,360080
tworoom,CEM (final goal),76,prefix_a,0,200,360080
tworoom,CEM (final goal),76,prefix_b,0,200,360080
tworoom,CEM (final goal),77,clean,0,200,360080
tworoom,CEM (final goal),77,prefix_a,0,200,360080
tworoom,CEM (final goal),77,prefix_b,0,200,360080
tworoom,CEM (final goal),78,clean,0,200,360080
tworoom,CEM (final goal),78,prefix_a,0,200,360080
tworoom,CEM (final goal),78,prefix_b,0,200,360080
tworoom,CEM (final goal),79,clean,1,20,36008
tworoom,CEM (final goal),79,prefix_a,1,20,36008
tworoom,CEM (final goal),79,prefix_b,0,200,360080
tworoom,CEM (final goal),80,clean,0,200,360080
tworoom,CEM (final goal),80,prefix_a,0,200,360080
tworoom,CEM (final goal),80,prefix_b,0,200,360080
tworoom,CEM (final goal),81,clean,0,200,360080
tworoom,CEM (final goal),81,prefix_a,0,200,360080
tworoom,CEM (final goal),81,prefix_b,0,200,360080
tworoom,CEM (final goal),82,clean,0,200,360080
tworoom,CEM (final goal),82,prefix_a,0,200,360080
tworoom,CEM (final goal),82,prefix_b,0,200,360080
tworoom,CEM (final goal),83,clean,0,200,360080
tworoom,CEM (final goal),83,prefix_a,0,200,360080
tworoom,CEM (final goal),83,prefix_b,0,200,360080
tworoom,CEM (final goal),84,clean,0,200,360080
tworoom,CEM (final goal),84,prefix_a,0,200,360080
tworoom,CEM (final goal),84,prefix_b,0,200,360080
tworoom,CEM (final goal),85,clean,0,200,360080
tworoom,CEM (final goal),85,prefix_a,0,200,360080
tworoom,CEM (final goal),85,prefix_b,0,200,360080
tworoom,CEM (final goal),86,clean,0,200,360080
tworoom,CEM (final goal),86,prefix_a,0,200,360080
tworoom,CEM (final goal),86,prefix_b,0,200,360080
tworoom,CEM (final goal),87,clean,0,200,360080
tworoom,CEM (final goal),87,prefix_a,0,200,360080
tworoom,CEM (final goal),87,prefix_b,0,200,360080
tworoom,CEM (final goal),88,clean,0,200,360080
tworoom,CEM (final goal),88,prefix_a,0,200,360080
tworoom,CEM (final goal),88,prefix_b,0,200,360080
tworoom,CEM (final goal),89,clean,1,13,27006
tworoom,CEM (final goal),89,prefix_a,0,200,360080
tworoom,CEM (final goal),89,prefix_b,1,12,27006
tworoom,CEM (final goal),90,clean,0,200,360080
tworoom,CEM (final goal),90,prefix_a,0,200,360080
tworoom,CEM (final goal),90,prefix_b,0,200,360080
tworoom,CEM (final goal),91,clean,0,200,360080
tworoom,CEM (final goal),91,prefix_a,0,200,360080
tworoom,CEM (final goal),91,prefix_b,0,200,360080
tworoom,CEM (final goal),92,clean,0,200,360080
tworoom,CEM (final goal),92,prefix_a,0,200,360080
tworoom,CEM (final goal),92,prefix_b,0,200,360080
tworoom,CEM (final goal),93,clean,0,200,360080
tworoom,CEM (final goal),93,prefix_a,0,200,360080
tworoom,CEM (final goal),93,prefix_b,0,200,360080
tworoom,CEM (final goal),94,clean,0,200,360080
tworoom,CEM (final goal),94,prefix_a,0,200,360080
tworoom,CEM (final goal),94,prefix_b,0,200,360080
tworoom,CEM (final goal),95,clean,0,200,360080
tworoom,CEM (final goal),95,prefix_a,0,200,360080
tworoom,CEM (final goal),95,prefix_b,0,200,360080
tworoom,CEM (final goal),96,clean,0,200,360080
tworoom,CEM (final goal),96,prefix_a,0,200,360080
tworoom,CEM (final goal),96,prefix_b,0,200,360080
tworoom,CEM (final goal),97,clean,0,200,360080
tworoom,CEM (final goal),97,prefix_a,0,200,360080
tworoom,CEM (final goal),97,prefix_b,0,200,360080
tworoom,CEM (final goal),98,clean,0,200,360080
tworoom,CEM (final goal),98,prefix_a,0,200,360080
tworoom,CEM (final goal),98,prefix_b,0,200,360080
tworoom,CEM (final goal),99,clean,0,200,360080
tworoom,CEM (final goal),99,prefix_a,0,200,360080
tworoom,CEM (final goal),99,prefix_b,0,200,360080
tworoom,CEM (final goal),100,clean,0,200,360080
tworoom,CEM (final goal),100,prefix_a,0,200,360080
tworoom,CEM (final goal),100,prefix_b,0,200,360080
tworoom,CEM (final goal),101,clean,0,200,360080
tworoom,CEM (final goal),101,prefix_a,0,200,360080
tworoom,CEM (final goal),101,prefix_b,0,200,360080
tworoom,CEM (final goal),102,clean,0,200,360080
tworoom,CEM (final goal),102,prefix_a,0,200,360080
tworoom,CEM (final goal),102,prefix_b,0,200,360080
tworoom,CEM (final goal),103,clean,0,200,360080
tworoom,CEM (final goal),103,prefix_a,0,200,360080
tworoom,CEM (final goal),103,prefix_b,0,200,360080
tworoom,CEM (final goal),104,clean,0,200,360080
tworoom,CEM (final goal),104,prefix_a,0,200,360080
tworoom,CEM (final goal),104,prefix_b,0,200,360080
tworoom,CEM (final goal),105,clean,0,200,360080
tworoom,CEM (final goal),105,prefix_a,0,200,360080
tworoom,CEM (final goal),105,prefix_b,0,200,360080
tworoom,CEM (final goal),106,clean,0,200,360080
tworoom,CEM (final goal),106,prefix_a,0,200,360080
tworoom,CEM (final goal),106,prefix_b,0,200,360080
tworoom,CEM (final goal),107,clean,0,200,360080
tworoom,CEM (final goal),107,prefix_a,0,200,360080
tworoom,CEM (final goal),107,prefix_b,0,200,360080
tworoom,CEM (final goal),108,clean,0,200,360080
tworoom,CEM (final goal),108,prefix_a,0,200,360080
tworoom,CEM (final goal),108,prefix_b,0,200,360080
tworoom,CEM (final goal),109,clean,0,200,360080
tworoom,CEM (final goal),109,prefix_a,0,200,360080
tworoom,CEM (final goal),109,prefix_b,0,200,360080
tworoom,CEM (final goal),110,clean,0,200,360080
tworoom,CEM (final goal),110,prefix_a,0,200,360080
tworoom,CEM (final goal),110,prefix_b,0,200,360080
tworoom,CEM (final goal),111,clean,0,200,360080
tworoom,CEM (final goal),111,prefix_a,0,200,360080
tworoom,CEM (final goal),111,prefix_b,0,200,360080
tworoom,CEM (final goal),112,clean,0,200,360080
tworoom,CEM (final goal),112,prefix_a,0,200,360080
tworoom,CEM (final goal),112,prefix_b,0,200,360080
tworoom,CEM (final goal),113,clean,0,200,360080
tworoom,CEM (final goal),113,prefix_a,0,200,360080
tworoom,CEM (final goal),113,prefix_b,0,200,360080
tworoom,CEM (final goal),114,clean,0,200,360080
tworoom,CEM (final goal),114,prefix_a,1,20,36008
tworoom,CEM (final goal),114,prefix_b,1,15,27006
tworoom,CEM (final goal),115,clean,0,200,360080
tworoom,CEM (final goal),115,prefix_a,0,200,360080
tworoom,CEM (final goal),115,prefix_b,0,200,360080
tworoom,CEM (final goal),116,clean,0,200,360080
tworoom,CEM (final goal),116,prefix_a,0,200,360080
tworoom,CEM (final goal),116,prefix_b,0,200,360080
tworoom,CEM (final goal),117,clean,0,200,360080
tworoom,CEM (final goal),117,prefix_a,0,200,360080
tworoom,CEM (final goal),117,prefix_b,0,200,360080
tworoom,CEM (final goal),118,clean,0,200,360080
tworoom,CEM (final goal),118,prefix_a,0,200,360080
tworoom,CEM (final goal),118,prefix_b,0,200,360080
tworoom,CEM (final goal),119,clean,0,200,360080
tworoom,CEM (final goal),119,prefix_a,0,200,360080
tworoom,CEM (final goal),119,prefix_b,0,200,360080
tworoom,CEM (final goal),120,clean,0,200,360080
tworoom,CEM (final goal),120,prefix_a,0,200,360080
tworoom,CEM (final goal),120,prefix_b,0,200,360080
tworoom,CEM (final goal),121,clean,0,200,360080
tworoom,CEM (final goal),121,prefix_a,0,200,360080
tworoom,CEM (final goal),121,prefix_b,0,200,360080
tworoom,CEM (final goal),122,clean,0,200,360080
tworoom,CEM (final goal),122,prefix_a,0,200,360080
tworoom,CEM (final goal),122,prefix_b,0,200,360080
tworoom,CEM (final goal),123,clean,0,200,360080
tworoom,CEM (final goal),123,prefix_a,0,200,360080
tworoom,CEM (final goal),123,prefix_b,0,200,360080
tworoom,CEM (final goal),124,clean,0,200,360080
tworoom,CEM (final goal),124,prefix_a,0,200,360080
tworoom,CEM (final goal),124,prefix_b,0,200,360080
tworoom,CEM (final goal),125,clean,0,200,360080
tworoom,CEM (final goal),125,prefix_a,0,200,360080
tworoom,CEM (final goal),125,prefix_b,0,200,360080
tworoom,CEM (final goal),126,clean,0,200,360080
tworoom,CEM (final goal),126,prefix_a,0,200,360080
tworoom,CEM (final goal),126,prefix_b,0,200,360080
tworoom,CEM (final goal),127,clean,0,200,360080
tworoom,CEM (final goal),127,prefix_a,0,200,360080
tworoom,CEM (final goal),127,prefix_b,0,200,360080
tworoom,CEM (learned target),0,clean,0,200,360080
tworoom,CEM (learned target),0,prefix_a,0,200,360080
tworoom,CEM (learned target),0,prefix_b,0,200,360080
tworoom,CEM (learned target),1,clean,0,200,360080
tworoom,CEM (learned target),1,prefix_a,0,200,360080
tworoom,CEM (learned target),1,prefix_b,0,200,360080
tworoom,CEM (learned target),2,clean,0,200,360080
tworoom,CEM (learned target),2,prefix_a,0,200,360080
tworoom,CEM (learned target),2,prefix_b,0,200,360080
tworoom,CEM (learned target),3,clean,0,200,360080
tworoom,CEM (learned target),3,prefix_a,0,200,360080
tworoom,CEM (learned target),3,prefix_b,0,200,360080
tworoom,CEM (learned target),4,clean,0,200,360080
tworoom,CEM (learned target),4,prefix_a,0,200,360080
tworoom,CEM (learned target),4,prefix_b,0,200,360080
tworoom,CEM (learned target),5,clean,0,200,360080
tworoom,CEM (learned target),5,prefix_a,0,200,360080
tworoom,CEM (learned target),5,prefix_b,0,200,360080
tworoom,CEM (learned target),6,clean,0,200,360080
tworoom,CEM (learned target),6,prefix_a,0,200,360080
tworoom,CEM (learned target),6,prefix_b,0,200,360080
tworoom,CEM (learned target),7,clean,0,200,360080
tworoom,CEM (learned target),7,prefix_a,0,200,360080
tworoom,CEM (learned target),7,prefix_b,0,200,360080
tworoom,CEM (learned target),8,clean,1,92,171038
tworoom,CEM (learned target),8,prefix_a,1,93,171038
tworoom,CEM (learned target),8,prefix_b,1,93,171038
tworoom,CEM (learned target),9,clean,0,200,360080
tworoom,CEM (learned target),9,prefix_a,0,200,360080
tworoom,CEM (learned target),9,prefix_b,0,200,360080
tworoom,CEM (learned target),10,clean,1,190,342076
tworoom,CEM (learned target),10,prefix_a,1,170,306068
tworoom,CEM (learned target),10,prefix_b,1,104,189042
tworoom,CEM (learned target),11,clean,0,200,360080
tworoom,CEM (learned target),11,prefix_a,0,200,360080
tworoom,CEM (learned target),11,prefix_b,0,200,360080
tworoom,CEM (learned target),12,clean,1,141,261058
tworoom,CEM (learned target),12,prefix_a,1,106,198044
tworoom,CEM (learned target),12,prefix_b,1,106,198044
tworoom,CEM (learned target),13,clean,0,200,360080
tworoom,CEM (learned target),13,prefix_a,0,200,360080
tworoom,CEM (learned target),13,prefix_b,0,200,360080
tworoom,CEM (learned target),14,clean,1,77,144032
tworoom,CEM (learned target),14,prefix_a,1,82,153034
tworoom,CEM (learned target),14,prefix_b,1,82,153034
tworoom,CEM (learned target),15,clean,1,82,153034
tworoom,CEM (learned target),15,prefix_a,1,77,144032
tworoom,CEM (learned target),15,prefix_b,1,77,144032
tworoom,CEM (learned target),16,clean,0,200,360080
tworoom,CEM (learned target),16,prefix_a,0,200,360080
tworoom,CEM (learned target),16,prefix_b,0,200,360080
tworoom,CEM (learned target),17,clean,1,81,153034
tworoom,CEM (learned target),17,prefix_a,1,76,144032
tworoom,CEM (learned target),17,prefix_b,1,86,162036
tworoom,CEM (learned target),18,clean,1,90,162036
tworoom,CEM (learned target),18,prefix_a,1,90,162036
tworoom,CEM (learned target),18,prefix_b,1,90,162036
tworoom,CEM (learned target),19,clean,0,200,360080
tworoom,CEM (learned target),19,prefix_a,0,200,360080
tworoom,CEM (learned target),19,prefix_b,0,200,360080
tworoom,CEM (learned target),20,clean,1,84,153034
tworoom,CEM (learned target),20,prefix_a,1,84,153034
tworoom,CEM (learned target),20,prefix_b,1,84,153034
tworoom,CEM (learned target),21,clean,1,82,153034
tworoom,CEM (learned target),21,prefix_a,1,82,153034
tworoom,CEM (learned target),21,prefix_b,1,77,144032
tworoom,CEM (learned target),22,clean,1,98,180040
tworoom,CEM (learned target),22,prefix_a,1,103,189042
tworoom,CEM (learned target),22,prefix_b,1,98,180040
tworoom,CEM (learned target),23,clean,1,52,99022
tworoom,CEM (learned target),23,prefix_a,1,50,90020
tworoom,CEM (learned target),23,prefix_b,1,38,72016
tworoom,CEM (learned target),24,clean,1,95,171038
tworoom,CEM (learned target),24,prefix_a,1,95,171038
tworoom,CEM (learned target),24,prefix_b,1,105,189042
tworoom,CEM (learned target),25,clean,1,75,135030
tworoom,CEM (learned target),25,prefix_a,1,75,135030
tworoom,CEM (learned target),25,prefix_b,1,80,144032
tworoom,CEM (learned target),26,clean,0,200,360080
tworoom,CEM (learned target),26,prefix_a,1,174,315070
tworoom,CEM (learned target),26,prefix_b,0,200,360080
tworoom,CEM (learned target),27,clean,0,200,360080
tworoom,CEM (learned target),27,prefix_a,0,200,360080
tworoom,CEM (learned target),27,prefix_b,0,200,360080
tworoom,CEM (learned target),28,clean,1,75,135030
tworoom,CEM (learned target),28,prefix_a,1,65,117026
tworoom,CEM (learned target),28,prefix_b,1,65,117026
tworoom,CEM (learned target),29,clean,1,70,126028
tworoom,CEM (learned target),29,prefix_a,1,80,144032
tworoom,CEM (learned target),29,prefix_b,1,80,144032
tworoom,CEM (learned target),30,clean,0,200,360080
tworoom,CEM (learned target),30,prefix_a,0,200,360080
tworoom,CEM (learned target),30,prefix_b,0,200,360080
tworoom,CEM (learned target),31,clean,0,200,360080
tworoom,CEM (learned target),31,prefix_a,0,200,360080
tworoom,CEM (learned target),31,prefix_b,0,200,360080
tworoom,CEM (learned target),32,clean,1,75,135030
tworoom,CEM (learned target),32,prefix_a,1,74,135030
tworoom,CEM (learned target),32,prefix_b,1,79,144032
tworoom,CEM (learned target),33,clean,1,84,153034
tworoom,CEM (learned target),33,prefix_a,1,79,144032
tworoom,CEM (learned target),33,prefix_b,1,74,135030
tworoom,CEM (learned target),34,clean,1,64,117026
tworoom,CEM (learned target),34,prefix_a,1,64,117026
tworoom,CEM (learned target),34,prefix_b,1,64,117026
tworoom,CEM (learned target),35,clean,1,51,99022
tworoom,CEM (learned target),35,prefix_a,1,66,126028
tworoom,CEM (learned target),35,prefix_b,1,64,117026
tworoom,CEM (learned target),36,clean,0,200,360080
tworoom,CEM (learned target),36,prefix_a,0,200,360080
tworoom,CEM (learned target),36,prefix_b,0,200,360080
tworoom,CEM (learned target),37,clean,1,91,171038
tworoom,CEM (learned target),37,prefix_a,1,75,135030
tworoom,CEM (learned target),37,prefix_b,1,91,171038
tworoom,CEM (learned target),38,clean,0,200,360080
tworoom,CEM (learned target),38,prefix_a,0,200,360080
tworoom,CEM (learned target),38,prefix_b,1,100,180040
tworoom,CEM (learned target),39,clean,0,200,360080
tworoom,CEM (learned target),39,prefix_a,0,200,360080
tworoom,CEM (learned target),39,prefix_b,0,200,360080
tworoom,CEM (learned target),40,clean,0,200,360080
tworoom,CEM (learned target),40,prefix_a,0,200,360080
tworoom,CEM (learned target),40,prefix_b,0,200,360080
tworoom,CEM (learned target),41,clean,1,134,243054
tworoom,CEM (learned target),41,prefix_a,1,145,261058
tworoom,CEM (learned target),41,prefix_b,1,145,261058
tworoom,CEM (learned target),42,clean,1,49,90020
tworoom,CEM (learned target),42,prefix_a,1,59,108024
tworoom,CEM (learned target),42,prefix_b,1,49,90020
tworoom,CEM (learned target),43,clean,1,89,162036
tworoom,CEM (learned target),43,prefix_a,1,83,153034
tworoom,CEM (learned target),43,prefix_b,1,89,162036
tworoom,CEM (learned target),44,clean,1,90,162036
tworoom,CEM (learned target),44,prefix_a,0,200,360080
tworoom,CEM (learned target),44,prefix_b,1,90,162036
tworoom,CEM (learned target),45,clean,0,200,360080
tworoom,CEM (learned target),45,prefix_a,0,200,360080
tworoom,CEM (learned target),45,prefix_b,0,200,360080
tworoom,CEM (learned target),46,clean,1,89,162036
tworoom,CEM (learned target),46,prefix_a,1,89,162036
tworoom,CEM (learned target),46,prefix_b,1,89,162036
tworoom,CEM (learned target),47,clean,1,88,162036
tworoom,CEM (learned target),47,prefix_a,1,89,162036
tworoom,CEM (learned target),47,prefix_b,1,88,162036
tworoom,CEM (learned target),48,clean,1,83,153034
tworoom,CEM (learned target),48,prefix_a,1,83,153034
tworoom,CEM (learned target),48,prefix_b,1,87,162036
tworoom,CEM (learned target),49,clean,1,91,171038
tworoom,CEM (learned target),49,prefix_a,1,95,171038
tworoom,CEM (learned target),49,prefix_b,1,91,171038
tworoom,CEM (learned target),50,clean,0,200,360080
tworoom,CEM (learned target),50,prefix_a,0,200,360080
tworoom,CEM (learned target),50,prefix_b,0,200,360080
tworoom,CEM (learned target),51,clean,1,89,162036
tworoom,CEM (learned target),51,prefix_a,1,87,162036
tworoom,CEM (learned target),51,prefix_b,1,84,153034
tworoom,CEM (learned target),52,clean,0,200,360080
tworoom,CEM (learned target),52,prefix_a,0,200,360080
tworoom,CEM (learned target),52,prefix_b,0,200,360080
tworoom,CEM (learned target),53,clean,0,200,360080
tworoom,CEM (learned target),53,prefix_a,1,149,270060
tworoom,CEM (learned target),53,prefix_b,0,200,360080
tworoom,CEM (learned target),54,clean,0,200,360080
tworoom,CEM (learned target),54,prefix_a,0,200,360080
tworoom,CEM (learned target),54,prefix_b,1,90,162036
tworoom,CEM (learned target),55,clean,0,200,360080
tworoom,CEM (learned target),55,prefix_a,0,200,360080
tworoom,CEM (learned target),55,prefix_b,0,200,360080
tworoom,CEM (learned target),56,clean,0,200,360080
tworoom,CEM (learned target),56,prefix_a,0,200,360080
tworoom,CEM (learned target),56,prefix_b,0,200,360080
tworoom,CEM (learned target),57,clean,1,87,162036
tworoom,CEM (learned target),57,prefix_a,1,82,153034
tworoom,CEM (learned target),57,prefix_b,1,87,162036
tworoom,CEM (learned target),58,clean,0,200,360080
tworoom,CEM (learned target),58,prefix_a,0,200,360080
tworoom,CEM (learned target),58,prefix_b,0,200,360080
tworoom,CEM (learned target),59,clean,1,82,153034
tworoom,CEM (learned target),59,prefix_a,1,82,153034
tworoom,CEM (learned target),59,prefix_b,1,82,153034
tworoom,CEM (learned target),60,clean,1,114,207046
tworoom,CEM (learned target),60,prefix_a,1,95,171038
tworoom,CEM (learned target),60,prefix_b,1,125,225050
tworoom,CEM (learned target),61,clean,0,200,360080
tworoom,CEM (learned target),61,prefix_a,0,200,360080
tworoom,CEM (learned target),61,prefix_b,0,200,360080
tworoom,CEM (learned target),62,clean,0,200,360080
tworoom,CEM (learned target),62,prefix_a,0,200,360080
tworoom,CEM (learned target),62,prefix_b,0,200,360080
tworoom,CEM (learned target),63,clean,1,85,153034
tworoom,CEM (learned target),63,prefix_a,1,76,144032
tworoom,CEM (learned target),63,prefix_b,1,76,144032
tworoom,CEM (learned target),64,clean,1,86,162036
tworoom,CEM (learned target),64,prefix_a,1,81,153034
tworoom,CEM (learned target),64,prefix_b,1,87,162036
tworoom,CEM (learned target),65,clean,1,96,180040
tworoom,CEM (learned target),65,prefix_a,1,96,180040
tworoom,CEM (learned target),65,prefix_b,1,66,126028
tworoom,CEM (learned target),66,clean,0,200,360080
tworoom,CEM (learned target),66,prefix_a,0,200,360080
tworoom,CEM (learned target),66,prefix_b,0,200,360080
tworoom,CEM (learned target),67,clean,0,200,360080
tworoom,CEM (learned target),67,prefix_a,0,200,360080
tworoom,CEM (learned target),67,prefix_b,0,200,360080
tworoom,CEM (learned target),68,clean,0,200,360080
tworoom,CEM (learned target),68,prefix_a,0,200,360080
tworoom,CEM (learned target),68,prefix_b,0,200,360080
tworoom,CEM (learned target),69,clean,0,200,360080
tworoom,CEM (learned target),69,prefix_a,0,200,360080
tworoom,CEM (learned target),69,prefix_b,0,200,360080
tworoom,CEM (learned target),70,clean,0,200,360080
tworoom,CEM (learned target),70,prefix_a,0,200,360080
tworoom,CEM (learned target),70,prefix_b,0,200,360080
tworoom,CEM (learned target),71,clean,0,200,360080
tworoom,CEM (learned target),71,prefix_a,0,200,360080
tworoom,CEM (learned target),71,prefix_b,0,200,360080
tworoom,CEM (learned target),72,clean,1,83,153034
tworoom,CEM (learned target),72,prefix_a,1,79,144032
tworoom,CEM (learned target),72,prefix_b,1,74,135030
tworoom,CEM (learned target),73,clean,1,82,153034
tworoom,CEM (learned target),73,prefix_a,1,82,153034
tworoom,CEM (learned target),73,prefix_b,1,82,153034
tworoom,CEM (learned target),74,clean,1,74,135030
tworoom,CEM (learned target),74,prefix_a,1,74,135030
tworoom,CEM (learned target),74,prefix_b,1,83,153034
tworoom,CEM (learned target),75,clean,1,120,216048
tworoom,CEM (learned target),75,prefix_a,1,100,180040
tworoom,CEM (learned target),75,prefix_b,1,125,225050
tworoom,CEM (learned target),76,clean,1,87,162036
tworoom,CEM (learned target),76,prefix_a,1,74,135030
tworoom,CEM (learned target),76,prefix_b,1,90,162036
tworoom,CEM (learned target),77,clean,1,90,162036
tworoom,CEM (learned target),77,prefix_a,1,85,153034
tworoom,CEM (learned target),77,prefix_b,1,90,162036
tworoom,CEM (learned target),78,clean,1,79,144032
tworoom,CEM (learned target),78,prefix_a,1,83,153034
tworoom,CEM (learned target),78,prefix_b,1,84,153034
tworoom,CEM (learned target),79,clean,1,60,108024
tworoom,CEM (learned target),79,prefix_a,1,60,108024
tworoom,CEM (learned target),79,prefix_b,1,155,279062
tworoom,CEM (learned target),80,clean,1,104,189042
tworoom,CEM (learned target),80,prefix_a,1,97,180040
tworoom,CEM (learned target),80,prefix_b,1,104,189042
tworoom,CEM (learned target),81,clean,0,200,360080
tworoom,CEM (learned target),81,prefix_a,0,200,360080
tworoom,CEM (learned target),81,prefix_b,0,200,360080
tworoom,CEM (learned target),82,clean,1,92,171038
tworoom,CEM (learned target),82,prefix_a,1,92,171038
tworoom,CEM (learned target),82,prefix_b,1,72,135030
tworoom,CEM (learned target),83,clean,0,200,360080
tworoom,CEM (learned target),83,prefix_a,0,200,360080
tworoom,CEM (learned target),83,prefix_b,0,200,360080
tworoom,CEM (learned target),84,clean,1,82,153034
tworoom,CEM (learned target),84,prefix_a,1,82,153034
tworoom,CEM (learned target),84,prefix_b,1,82,153034
tworoom,CEM (learned target),85,clean,1,67,126028
tworoom,CEM (learned target),85,prefix_a,1,67,126028
tworoom,CEM (learned target),85,prefix_b,1,62,117026
tworoom,CEM (learned target),86,clean,1,67,126028
tworoom,CEM (learned target),86,prefix_a,1,77,144032
tworoom,CEM (learned target),86,prefix_b,1,72,135030
tworoom,CEM (learned target),87,clean,0,200,360080
tworoom,CEM (learned target),87,prefix_a,0,200,360080
tworoom,CEM (learned target),87,prefix_b,0,200,360080
tworoom,CEM (learned target),88,clean,1,75,135030
tworoom,CEM (learned target),88,prefix_a,1,75,135030
tworoom,CEM (learned target),88,prefix_b,1,65,117026
tworoom,CEM (learned target),89,clean,1,73,135030
tworoom,CEM (learned target),89,prefix_a,1,73,135030
tworoom,CEM (learned target),89,prefix_b,1,74,135030
tworoom,CEM (learned target),90,clean,0,200,360080
tworoom,CEM (learned target),90,prefix_a,0,200,360080
tworoom,CEM (learned target),90,prefix_b,0,200,360080
tworoom,CEM (learned target),91,clean,0,200,360080
tworoom,CEM (learned target),91,prefix_a,0,200,360080
tworoom,CEM (learned target),91,prefix_b,0,200,360080
tworoom,CEM (learned target),92,clean,0,200,360080
tworoom,CEM (learned target),92,prefix_a,0,200,360080
tworoom,CEM (learned target),92,prefix_b,0,200,360080
tworoom,CEM (learned target),93,clean,1,74,135030
tworoom,CEM (learned target),93,prefix_a,1,79,144032
tworoom,CEM (learned target),93,prefix_b,1,79,144032
tworoom,CEM (learned target),94,clean,0,200,360080
tworoom,CEM (learned target),94,prefix_a,0,200,360080
tworoom,CEM (learned target),94,prefix_b,0,200,360080
tworoom,CEM (learned target),95,clean,0,200,360080
tworoom,CEM (learned target),95,prefix_a,0,200,360080
tworoom,CEM (learned target),95,prefix_b,0,200,360080
tworoom,CEM (learned target),96,clean,0,200,360080
tworoom,CEM (learned target),96,prefix_a,0,200,360080
tworoom,CEM (learned target),96,prefix_b,0,200,360080
tworoom,CEM (learned target),97,clean,0,200,360080
tworoom,CEM (learned target),97,prefix_a,0,200,360080
tworoom,CEM (learned target),97,prefix_b,0,200,360080
tworoom,CEM (learned target),98,clean,1,66,126028
tworoom,CEM (learned target),98,prefix_a,1,67,126028
tworoom,CEM (learned target),98,prefix_b,1,66,126028
tworoom,CEM (learned target),99,clean,1,77,144032
tworoom,CEM (learned target),99,prefix_a,1,73,135030
tworoom,CEM (learned target),99,prefix_b,1,77,144032
tworoom,CEM (learned target),100,clean,0,200,360080
tworoom,CEM (learned target),100,prefix_a,0,200,360080
tworoom,CEM (learned target),100,prefix_b,0,200,360080
tworoom,CEM (learned target),101,clean,0,200,360080
tworoom,CEM (learned target),101,prefix_a,0,200,360080
tworoom,CEM (learned target),101,prefix_b,1,89,162036
tworoom,CEM (learned target),102,clean,1,64,117026
tworoom,CEM (learned target),102,prefix_a,1,70,126028
tworoom,CEM (learned target),102,prefix_b,1,59,108024
tworoom,CEM (learned target),103,clean,0,200,360080
tworoom,CEM (learned target),103,prefix_a,0,200,360080
tworoom,CEM (learned target),103,prefix_b,0,200,360080
tworoom,CEM (learned target),104,clean,0,200,360080
tworoom,CEM (learned target),104,prefix_a,0,200,360080
tworoom,CEM (learned target),104,prefix_b,0,200,360080
tworoom,CEM (learned target),105,clean,0,200,360080
tworoom,CEM (learned target),105,prefix_a,0,200,360080
tworoom,CEM (learned target),105,prefix_b,0,200,360080
tworoom,CEM (learned target),106,clean,1,103,189042
tworoom,CEM (learned target),106,prefix_a,1,103,189042
tworoom,CEM (learned target),106,prefix_b,1,96,180040
tworoom,CEM (learned target),107,clean,1,59,108024
tworoom,CEM (learned target),107,prefix_a,1,69,126028
tworoom,CEM (learned target),107,prefix_b,1,62,117026
tworoom,CEM (learned target),108,clean,0,200,360080
tworoom,CEM (learned target),108,prefix_a,0,200,360080
tworoom,CEM (learned target),108,prefix_b,0,200,360080
tworoom,CEM (learned target),109,clean,1,110,198044
tworoom,CEM (learned target),109,prefix_a,1,115,207046
tworoom,CEM (learned target),109,prefix_b,1,185,333074
tworoom,CEM (learned target),110,clean,1,84,153034
tworoom,CEM (learned target),110,prefix_a,1,85,153034
tworoom,CEM (learned target),110,prefix_b,1,83,153034
tworoom,CEM (learned target),111,clean,1,65,117026
tworoom,CEM (learned target),111,prefix_a,1,75,135030
tworoom,CEM (learned target),111,prefix_b,1,70,126028
tworoom,CEM (learned target),112,clean,1,81,153034
tworoom,CEM (learned target),112,prefix_a,1,81,153034
tworoom,CEM (learned target),112,prefix_b,1,86,162036
tworoom,CEM (learned target),113,clean,0,200,360080
tworoom,CEM (learned target),113,prefix_a,0,200,360080
tworoom,CEM (learned target),113,prefix_b,0,200,360080
tworoom,CEM (learned target),114,clean,1,45,81018
tworoom,CEM (learned target),114,prefix_a,1,44,81018
tworoom,CEM (learned target),114,prefix_b,1,64,117026
tworoom,CEM (learned target),115,clean,0,200,360080
tworoom,CEM (learned target),115,prefix_a,0,200,360080
tworoom,CEM (learned target),115,prefix_b,0,200,360080
tworoom,CEM (learned target),116,clean,1,85,153034
tworoom,CEM (learned target),116,prefix_a,1,88,162036
tworoom,CEM (learned target),116,prefix_b,1,89,162036
tworoom,CEM (learned target),117,clean,0,200,360080
tworoom,CEM (learned target),117,prefix_a,0,200,360080
tworoom,CEM (learned target),117,prefix_b,0,200,360080
tworoom,CEM (learned target),118,clean,1,58,108024
tworoom,CEM (learned target),118,prefix_a,1,58,108024
tworoom,CEM (learned target),118,prefix_b,1,67,126028
tworoom,CEM (learned target),119,clean,1,81,153034
tworoom,CEM (learned target),119,prefix_a,1,81,153034
tworoom,CEM (learned target),119,prefix_b,1,81,153034
tworoom,CEM (learned target),120,clean,0,200,360080
tworoom,CEM (learned target),120,prefix_a,0,200,360080
tworoom,CEM (learned target),120,prefix_b,0,200,360080
tworoom,CEM (learned target),121,clean,1,72,135030
tworoom,CEM (learned target),121,prefix_a,1,73,135030
tworoom,CEM (learned target),121,prefix_b,1,94,171038
tworoom,CEM (learned target),122,clean,1,64,117026
tworoom,CEM (learned target),122,prefix_a,1,57,108024
tworoom,CEM (learned target),122,prefix_b,1,62,117026
tworoom,CEM (learned target),123,clean,0,200,360080
tworoom,CEM (learned target),123,prefix_a,0,200,360080
tworoom,CEM (learned target),123,prefix_b,0,200,360080
tworoom,CEM (learned target),124,clean,1,90,162036
tworoom,CEM (learned target),124,prefix_a,1,90,162036
tworoom,CEM (learned target),124,prefix_b,1,89,162036
tworoom,CEM (learned target),125,clean,1,89,162036
tworoom,CEM (learned target),125,prefix_a,1,89,162036
tworoom,CEM (learned target),125,prefix_b,1,89,162036
tworoom,CEM (learned target),126,clean,0,200,360080
tworoom,CEM (learned target),126,prefix_a,0,200,360080
tworoom,CEM (learned target),126,prefix_b,0,200,360080
tworoom,CEM (learned target),127,clean,0,200,360080
tworoom,CEM (learned target),127,prefix_a,0,200,360080
tworoom,CEM (learned target),127,prefix_b,1,109,198044
tworoom,Direct,0,clean,1,96,0
tworoom,Direct,0,prefix_a,1,83,0
tworoom,Direct,0,prefix_b,1,95,0
tworoom,Direct,1,clean,1,93,0
tworoom,Direct,1,prefix_a,1,97,0
tworoom,Direct,1,prefix_b,1,96,0
tworoom,Direct,2,clean,1,95,0
tworoom,Direct,2,prefix_a,1,94,0
tworoom,Direct,2,prefix_b,1,86,0
tworoom,Direct,3,clean,1,88,0
tworoom,Direct,3,prefix_a,1,97,0
tworoom,Direct,3,prefix_b,1,94,0
tworoom,Direct,4,clean,1,85,0
tworoom,Direct,4,prefix_a,1,84,0
tworoom,Direct,4,prefix_b,1,89,0
tworoom,Direct,5,clean,1,90,0
tworoom,Direct,5,prefix_a,1,88,0
tworoom,Direct,5,prefix_b,1,96,0
tworoom,Direct,6,clean,1,80,0
tworoom,Direct,6,prefix_a,1,83,0
tworoom,Direct,6,prefix_b,1,89,0
tworoom,Direct,7,clean,1,98,0
tworoom,Direct,7,prefix_a,1,95,0
tworoom,Direct,7,prefix_b,1,83,0
tworoom,Direct,8,clean,1,98,0
tworoom,Direct,8,prefix_a,1,94,0
tworoom,Direct,8,prefix_b,1,93,0
tworoom,Direct,9,clean,1,95,0
tworoom,Direct,9,prefix_a,1,93,0
tworoom,Direct,9,prefix_b,1,92,0
tworoom,Direct,10,clean,1,96,0
tworoom,Direct,10,prefix_a,1,95,0
tworoom,Direct,10,prefix_b,1,95,0
tworoom,Direct,11,clean,1,68,0
tworoom,Direct,11,prefix_a,1,83,0
tworoom,Direct,11,prefix_b,1,92,0
tworoom,Direct,12,clean,1,91,0
tworoom,Direct,12,prefix_a,1,89,0
tworoom,Direct,12,prefix_b,1,96,0
tworoom,Direct,13,clean,1,94,0
tworoom,Direct,13,prefix_a,1,93,0
tworoom,Direct,13,prefix_b,1,87,0
tworoom,Direct,14,clean,1,37,0
tworoom,Direct,14,prefix_a,1,85,0
tworoom,Direct,14,prefix_b,1,44,0
tworoom,Direct,15,clean,1,91,0
tworoom,Direct,15,prefix_a,1,65,0
tworoom,Direct,15,prefix_b,1,75,0
tworoom,Direct,16,clean,1,79,0
tworoom,Direct,16,prefix_a,1,82,0
tworoom,Direct,16,prefix_b,1,57,0
tworoom,Direct,17,clean,1,78,0
tworoom,Direct,17,prefix_a,1,67,0
tworoom,Direct,17,prefix_b,1,87,0
tworoom,Direct,18,clean,1,33,0
tworoom,Direct,18,prefix_a,1,33,0
tworoom,Direct,18,prefix_b,1,33,0
tworoom,Direct,19,clean,1,88,0
tworoom,Direct,19,prefix_a,1,93,0
tworoom,Direct,19,prefix_b,1,73,0
tworoom,Direct,20,clean,1,79,0
tworoom,Direct,20,prefix_a,1,34,0
tworoom,Direct,20,prefix_b,1,50,0
tworoom,Direct,21,clean,1,95,0
tworoom,Direct,21,prefix_a,1,96,0
tworoom,Direct,21,prefix_b,1,90,0
tworoom,Direct,22,clean,1,95,0
tworoom,Direct,22,prefix_a,1,89,0
tworoom,Direct,22,prefix_b,1,81,0
tworoom,Direct,23,clean,1,24,0
tworoom,Direct,23,prefix_a,1,15,0
tworoom,Direct,23,prefix_b,1,25,0
tworoom,Direct,24,clean,1,78,0
tworoom,Direct,24,prefix_a,1,90,0
tworoom,Direct,24,prefix_b,1,80,0
tworoom,Direct,25,clean,1,70,0
tworoom,Direct,25,prefix_a,1,93,0
tworoom,Direct,25,prefix_b,1,71,0
tworoom,Direct,26,clean,1,91,0
tworoom,Direct,26,prefix_a,1,91,0
tworoom,Direct,26,prefix_b,1,93,0
tworoom,Direct,27,clean,1,78,0
tworoom,Direct,27,prefix_a,1,98,0
tworoom,Direct,27,prefix_b,1,96,0
tworoom,Direct,28,clean,1,89,0
tworoom,Direct,28,prefix_a,1,90,0
tworoom,Direct,28,prefix_b,1,88,0
tworoom,Direct,29,clean,1,94,0
tworoom,Direct,29,prefix_a,1,98,0
tworoom,Direct,29,prefix_b,1,87,0
tworoom,Direct,30,clean,1,95,0
tworoom,Direct,30,prefix_a,1,77,0
tworoom,Direct,30,prefix_b,1,92,0
tworoom,Direct,31,clean,1,90,0
tworoom,Direct,31,prefix_a,1,95,0
tworoom,Direct,31,prefix_b,1,79,0
tworoom,Direct,32,clean,1,86,0
tworoom,Direct,32,prefix_a,1,70,0
tworoom,Direct,32,prefix_b,1,96,0
tworoom,Direct,33,clean,1,81,0
tworoom,Direct,33,prefix_a,1,83,0
tworoom,Direct,33,prefix_b,1,77,0
tworoom,Direct,34,clean,1,32,0
tworoom,Direct,34,prefix_a,1,54,0
tworoom,Direct,34,prefix_b,1,60,0
tworoom,Direct,35,clean,1,26,0
tworoom,Direct,35,prefix_a,1,25,0
tworoom,Direct,35,prefix_b,1,26,0
tworoom,Direct,36,clean,1,98,0
tworoom,Direct,36,prefix_a,1,97,0
tworoom,Direct,36,prefix_b,1,97,0
tworoom,Direct,37,clean,1,57,0
tworoom,Direct,37,prefix_a,1,61,0
tworoom,Direct,37,prefix_b,1,87,0
tworoom,Direct,38,clean,1,91,0
tworoom,Direct,38,prefix_a,1,82,0
tworoom,Direct,38,prefix_b,1,87,0
tworoom,Direct,39,clean,1,88,0
tworoom,Direct,39,prefix_a,1,89,0
tworoom,Direct,39,prefix_b,1,82,0
tworoom,Direct,40,clean,1,90,0
tworoom,Direct,40,prefix_a,1,96,0
tworoom,Direct,40,prefix_b,1,27,0
tworoom,Direct,41,clean,1,90,0
tworoom,Direct,41,prefix_a,1,78,0
tworoom,Direct,41,prefix_b,1,92,0
tworoom,Direct,42,clean,1,79,0
tworoom,Direct,42,prefix_a,1,94,0
tworoom,Direct,42,prefix_b,1,97,0
tworoom,Direct,43,clean,1,84,0
tworoom,Direct,43,prefix_a,1,85,0
tworoom,Direct,43,prefix_b,1,64,0
tworoom,Direct,44,clean,1,96,0
tworoom,Direct,44,prefix_a,1,93,0
tworoom,Direct,44,prefix_b,1,86,0
tworoom,Direct,45,clean,1,97,0
tworoom,Direct,45,prefix_a,1,93,0
tworoom,Direct,45,prefix_b,1,88,0
tworoom,Direct,46,clean,1,61,0
tworoom,Direct,46,prefix_a,1,77,0
tworoom,Direct,46,prefix_b,1,92,0
tworoom,Direct,47,clean,1,86,0
tworoom,Direct,47,prefix_a,1,86,0
tworoom,Direct,47,prefix_b,1,91,0
tworoom,Direct,48,clean,1,74,0
tworoom,Direct,48,prefix_a,1,36,0
tworoom,Direct,48,prefix_b,1,25,0
tworoom,Direct,49,clean,1,75,0
tworoom,Direct,49,prefix_a,1,98,0
tworoom,Direct,49,prefix_b,1,80,0
tworoom,Direct,50,clean,1,98,0
tworoom,Direct,50,prefix_a,1,89,0
tworoom,Direct,50,prefix_b,1,98,0
tworoom,Direct,51,clean,1,63,0
tworoom,Direct,51,prefix_a,1,65,0
tworoom,Direct,51,prefix_b,1,69,0
tworoom,Direct,52,clean,1,91,0
tworoom,Direct,52,prefix_a,1,96,0
tworoom,Direct,52,prefix_b,1,92,0
tworoom,Direct,53,clean,1,86,0
tworoom,Direct,53,prefix_a,1,92,0
tworoom,Direct,53,prefix_b,1,89,0
tworoom,Direct,54,clean,1,81,0
tworoom,Direct,54,prefix_a,1,97,0
tworoom,Direct,54,prefix_b,1,96,0
tworoom,Direct,55,clean,1,75,0
tworoom,Direct,55,prefix_a,1,91,0
tworoom,Direct,55,prefix_b,1,88,0
tworoom,Direct,56,clean,1,94,0
tworoom,Direct,56,prefix_a,1,82,0
tworoom,Direct,56,prefix_b,1,80,0
tworoom,Direct,57,clean,1,84,0
tworoom,Direct,57,prefix_a,1,68,0
tworoom,Direct,57,prefix_b,1,94,0
tworoom,Direct,58,clean,1,98,0
tworoom,Direct,58,prefix_a,1,96,0
tworoom,Direct,58,prefix_b,1,97,0
tworoom,Direct,59,clean,1,65,0
tworoom,Direct,59,prefix_a,1,66,0
tworoom,Direct,59,prefix_b,1,91,0
tworoom,Direct,60,clean,1,27,0
tworoom,Direct,60,prefix_a,1,98,0
tworoom,Direct,60,prefix_b,1,83,0
tworoom,Direct,61,clean,1,84,0
tworoom,Direct,61,prefix_a,1,94,0
tworoom,Direct,61,prefix_b,1,94,0
tworoom,Direct,62,clean,1,87,0
tworoom,Direct,62,prefix_a,1,93,0
tworoom,Direct,62,prefix_b,1,99,0
tworoom,Direct,63,clean,1,88,0
tworoom,Direct,63,prefix_a,1,78,0
tworoom,Direct,63,prefix_b,1,49,0
tworoom,Direct,64,clean,1,79,0
tworoom,Direct,64,prefix_a,1,94,0
tworoom,Direct,64,prefix_b,1,79,0
tworoom,Direct,65,clean,1,51,0
tworoom,Direct,65,prefix_a,1,69,0
tworoom,Direct,65,prefix_b,1,57,0
tworoom,Direct,66,clean,1,87,0
tworoom,Direct,66,prefix_a,1,90,0
tworoom,Direct,66,prefix_b,1,89,0
tworoom,Direct,67,clean,1,98,0
tworoom,Direct,67,prefix_a,1,69,0
tworoom,Direct,67,prefix_b,1,77,0
tworoom,Direct,68,clean,1,89,0
tworoom,Direct,68,prefix_a,1,91,0
tworoom,Direct,68,prefix_b,1,90,0
tworoom,Direct,69,clean,1,95,0
tworoom,Direct,69,prefix_a,1,95,0
tworoom,Direct,69,prefix_b,1,87,0
tworoom,Direct,70,clean,1,86,0
tworoom,Direct,70,prefix_a,1,88,0
tworoom,Direct,70,prefix_b,1,96,0
tworoom,Direct,71,clean,1,93,0
tworoom,Direct,71,prefix_a,1,96,0
tworoom,Direct,71,prefix_b,1,88,0
tworoom,Direct,72,clean,1,90,0
tworoom,Direct,72,prefix_a,1,98,0
tworoom,Direct,72,prefix_b,1,92,0
tworoom,Direct,73,clean,1,85,0
tworoom,Direct,73,prefix_a,1,96,0
tworoom,Direct,73,prefix_b,1,91,0
tworoom,Direct,74,clean,1,62,0
tworoom,Direct,74,prefix_a,1,93,0
tworoom,Direct,74,prefix_b,1,75,0
tworoom,Direct,75,clean,1,76,0
tworoom,Direct,75,prefix_a,1,71,0
tworoom,Direct,75,prefix_b,1,96,0
tworoom,Direct,76,clean,1,81,0
tworoom,Direct,76,prefix_a,1,68,0
tworoom,Direct,76,prefix_b,1,85,0
tworoom,Direct,77,clean,1,85,0
tworoom,Direct,77,prefix_a,1,75,0
tworoom,Direct,77,prefix_b,1,93,0
tworoom,Direct,78,clean,1,89,0
tworoom,Direct,78,prefix_a,1,87,0
tworoom,Direct,78,prefix_b,1,99,0
tworoom,Direct,79,clean,1,95,0
tworoom,Direct,79,prefix_a,1,95,0
tworoom,Direct,79,prefix_b,1,92,0
tworoom,Direct,80,clean,1,94,0
tworoom,Direct,80,prefix_a,1,98,0
tworoom,Direct,80,prefix_b,1,91,0
tworoom,Direct,81,clean,1,97,0
tworoom,Direct,81,prefix_a,1,69,0
tworoom,Direct,81,prefix_b,1,96,0
tworoom,Direct,82,clean,1,92,0
tworoom,Direct,82,prefix_a,1,77,0
tworoom,Direct,82,prefix_b,1,75,0
tworoom,Direct,83,clean,1,88,0
tworoom,Direct,83,prefix_a,1,89,0
tworoom,Direct,83,prefix_b,1,92,0
tworoom,Direct,84,clean,1,83,0
tworoom,Direct,84,prefix_a,1,95,0
tworoom,Direct,84,prefix_b,1,71,0
tworoom,Direct,85,clean,1,96,0
tworoom,Direct,85,prefix_a,1,60,0
tworoom,Direct,85,prefix_b,1,87,0
tworoom,Direct,86,clean,1,91,0
tworoom,Direct,86,prefix_a,1,83,0
tworoom,Direct,86,prefix_b,1,96,0
tworoom,Direct,87,clean,1,96,0
tworoom,Direct,87,prefix_a,1,99,0
tworoom,Direct,87,prefix_b,1,98,0
tworoom,Direct,88,clean,1,96,0
tworoom,Direct,88,prefix_a,1,93,0
tworoom,Direct,88,prefix_b,1,97,0
tworoom,Direct,89,clean,1,51,0
tworoom,Direct,89,prefix_a,1,31,0
tworoom,Direct,89,prefix_b,1,90,0
tworoom,Direct,90,clean,1,97,0
tworoom,Direct,90,prefix_a,1,90,0
tworoom,Direct,90,prefix_b,1,86,0
tworoom,Direct,91,clean,1,96,0
tworoom,Direct,91,prefix_a,1,93,0
tworoom,Direct,91,prefix_b,1,91,0
tworoom,Direct,92,clean,1,97,0
tworoom,Direct,92,prefix_a,1,84,0
tworoom,Direct,92,prefix_b,1,97,0
tworoom,Direct,93,clean,1,77,0
tworoom,Direct,93,prefix_a,1,64,0
tworoom,Direct,93,prefix_b,1,93,0
tworoom,Direct,94,clean,1,85,0
tworoom,Direct,94,prefix_a,1,98,0
tworoom,Direct,94,prefix_b,1,85,0
tworoom,Direct,95,clean,1,78,0
tworoom,Direct,95,prefix_a,1,86,0
tworoom,Direct,95,prefix_b,1,92,0
tworoom,Direct,96,clean,1,90,0
tworoom,Direct,96,prefix_a,1,64,0
tworoom,Direct,96,prefix_b,1,90,0
tworoom,Direct,97,clean,1,89,0
tworoom,Direct,97,prefix_a,1,91,0
tworoom,Direct,97,prefix_b,1,91,0
tworoom,Direct,98,clean,1,44,0
tworoom,Direct,98,prefix_a,1,85,0
tworoom,Direct,98,prefix_b,1,43,0
tworoom,Direct,99,clean,1,74,0
tworoom,Direct,99,prefix_a,1,93,0
tworoom,Direct,99,prefix_b,1,58,0
tworoom,Direct,100,clean,1,80,0
tworoom,Direct,100,prefix_a,1,87,0
tworoom,Direct,100,prefix_b,1,94,0
tworoom,Direct,101,clean,1,97,0
tworoom,Direct,101,prefix_a,1,97,0
tworoom,Direct,101,prefix_b,1,97,0
tworoom,Direct,102,clean,0,200,0
tworoom,Direct,102,prefix_a,1,98,0
tworoom,Direct,102,prefix_b,1,98,0
tworoom,Direct,103,clean,1,75,0
tworoom,Direct,103,prefix_a,1,75,0
tworoom,Direct,103,prefix_b,1,80,0
tworoom,Direct,104,clean,1,64,0
tworoom,Direct,104,prefix_a,1,63,0
tworoom,Direct,104,prefix_b,1,38,0
tworoom,Direct,105,clean,1,83,0
tworoom,Direct,105,prefix_a,1,95,0
tworoom,Direct,105,prefix_b,1,86,0
tworoom,Direct,106,clean,1,86,0
tworoom,Direct,106,prefix_a,1,92,0
tworoom,Direct,106,prefix_b,1,88,0
tworoom,Direct,107,clean,1,52,0
tworoom,Direct,107,prefix_a,1,87,0
tworoom,Direct,107,prefix_b,1,51,0
tworoom,Direct,108,clean,1,95,0
tworoom,Direct,108,prefix_a,1,84,0
tworoom,Direct,108,prefix_b,1,97,0
tworoom,Direct,109,clean,1,96,0
tworoom,Direct,109,prefix_a,1,97,0
tworoom,Direct,109,prefix_b,1,96,0
tworoom,Direct,110,clean,1,98,0
tworoom,Direct,110,prefix_a,1,60,0
tworoom,Direct,110,prefix_b,1,96,0
tworoom,Direct,111,clean,1,47,0
tworoom,Direct,111,prefix_a,1,34,0
tworoom,Direct,111,prefix_b,1,41,0
tworoom,Direct,112,clean,1,54,0
tworoom,Direct,112,prefix_a,1,67,0
tworoom,Direct,112,prefix_b,1,87,0
tworoom,Direct,113,clean,1,93,0
tworoom,Direct,113,prefix_a,1,95,0
tworoom,Direct,113,prefix_b,1,98,0
tworoom,Direct,114,clean,1,86,0
tworoom,Direct,114,prefix_a,1,53,0
tworoom,Direct,114,prefix_b,1,73,0
tworoom,Direct,115,clean,1,94,0
tworoom,Direct,115,prefix_a,1,78,0
tworoom,Direct,115,prefix_b,1,97,0
tworoom,Direct,116,clean,1,78,0
tworoom,Direct,116,prefix_a,1,77,0
tworoom,Direct,116,prefix_b,1,97,0
tworoom,Direct,117,clean,1,55,0
tworoom,Direct,117,prefix_a,1,72,0
tworoom,Direct,117,prefix_b,1,77,0
tworoom,Direct,118,clean,1,48,0
tworoom,Direct,118,prefix_a,1,45,0
tworoom,Direct,118,prefix_b,1,54,0
tworoom,Direct,119,clean,1,85,0
tworoom,Direct,119,prefix_a,1,94,0
tworoom,Direct,119,prefix_b,1,96,0
tworoom,Direct,120,clean,1,94,0
tworoom,Direct,120,prefix_a,1,72,0
tworoom,Direct,120,prefix_b,1,82,0
tworoom,Direct,121,clean,1,66,0
tworoom,Direct,121,prefix_a,1,83,0
tworoom,Direct,121,prefix_b,1,83,0
tworoom,Direct,122,clean,1,64,0
tworoom,Direct,122,prefix_a,1,68,0
tworoom,Direct,122,prefix_b,1,56,0
tworoom,Direct,123,clean,1,96,0
tworoom,Direct,123,prefix_a,1,92,0
tworoom,Direct,123,prefix_b,1,96,0
tworoom,Direct,124,clean,1,97,0
tworoom,Direct,124,prefix_a,1,90,0
tworoom,Direct,124,prefix_b,1,79,0
tworoom,Direct,125,clean,1,92,0
tworoom,Direct,125,prefix_a,1,62,0
tworoom,Direct,125,prefix_b,1,76,0
tworoom,Direct,126,clean,1,95,0
tworoom,Direct,126,prefix_a,1,73,0
tworoom,Direct,126,prefix_b,1,95,0
tworoom,Direct,127,clean,1,94,0
tworoom,Direct,127,prefix_a,1,90,0
tworoom,Direct,127,prefix_b,1,93,0
tworoom,LeWM planner,0,clean,0,200,360000
tworoom,LeWM planner,0,prefix_a,0,200,360000
tworoom,LeWM planner,0,prefix_b,0,200,360000
tworoom,LeWM planner,1,clean,0,200,360000
tworoom,LeWM planner,1,prefix_a,0,200,360000
tworoom,LeWM planner,1,prefix_b,0,200,360000
tworoom,LeWM planner,2,clean,0,200,360000
tworoom,LeWM planner,2,prefix_a,0,200,360000
tworoom,LeWM planner,2,prefix_b,0,200,360000
tworoom,LeWM planner,3,clean,1,49,90000
tworoom,LeWM planner,3,prefix_a,1,147,270000
tworoom,LeWM planner,3,prefix_b,1,49,90000
tworoom,LeWM planner,4,clean,0,200,360000
tworoom,LeWM planner,4,prefix_a,0,200,360000
tworoom,LeWM planner,4,prefix_b,0,200,360000
tworoom,LeWM planner,5,clean,0,200,360000
tworoom,LeWM planner,5,prefix_a,0,200,360000
tworoom,LeWM planner,5,prefix_b,0,200,360000
tworoom,LeWM planner,6,clean,0,200,360000
tworoom,LeWM planner,6,prefix_a,0,200,360000
tworoom,LeWM planner,6,prefix_b,0,200,360000
tworoom,LeWM planner,7,clean,1,101,225000
tworoom,LeWM planner,7,prefix_a,1,46,90000
tworoom,LeWM planner,7,prefix_b,0,200,360000
tworoom,LeWM planner,8,clean,0,200,360000
tworoom,LeWM planner,8,prefix_a,0,200,360000
tworoom,LeWM planner,8,prefix_b,0,200,360000
tworoom,LeWM planner,9,clean,0,200,360000
tworoom,LeWM planner,9,prefix_a,0,200,360000
tworoom,LeWM planner,9,prefix_b,1,109,225000
tworoom,LeWM planner,10,clean,0,200,360000
tworoom,LeWM planner,10,prefix_a,0,200,360000
tworoom,LeWM planner,10,prefix_b,0,200,360000
tworoom,LeWM planner,11,clean,0,200,360000
tworoom,LeWM planner,11,prefix_a,0,200,360000
tworoom,LeWM planner,11,prefix_b,0,200,360000
tworoom,LeWM planner,12,clean,0,200,360000
tworoom,LeWM planner,12,prefix_a,0,200,360000
tworoom,LeWM planner,12,prefix_b,0,200,360000
tworoom,LeWM planner,13,clean,1,95,180000
tworoom,LeWM planner,13,prefix_a,1,95,180000
tworoom,LeWM planner,13,prefix_b,1,114,225000
tworoom,LeWM planner,14,clean,0,200,360000
tworoom,LeWM planner,14,prefix_a,0,200,360000
tworoom,LeWM planner,14,prefix_b,0,200,360000
tworoom,LeWM planner,15,clean,0,200,360000
tworoom,LeWM planner,15,prefix_a,0,200,360000
tworoom,LeWM planner,15,prefix_b,0,200,360000
tworoom,LeWM planner,16,clean,0,200,360000
tworoom,LeWM planner,16,prefix_a,0,200,360000
tworoom,LeWM planner,16,prefix_b,0,200,360000
tworoom,LeWM planner,17,clean,0,200,360000
tworoom,LeWM planner,17,prefix_a,0,200,360000
tworoom,LeWM planner,17,prefix_b,0,200,360000
tworoom,LeWM planner,18,clean,1,99,180000
tworoom,LeWM planner,18,prefix_a,1,75,135000
tworoom,LeWM planner,18,prefix_b,1,24,45000
tworoom,LeWM planner,19,clean,0,200,360000
tworoom,LeWM planner,19,prefix_a,0,200,360000
tworoom,LeWM planner,19,prefix_b,0,200,360000
tworoom,LeWM planner,20,clean,0,200,360000
tworoom,LeWM planner,20,prefix_a,0,200,360000
tworoom,LeWM planner,20,prefix_b,0,200,360000
tworoom,LeWM planner,21,clean,0,200,360000
tworoom,LeWM planner,21,prefix_a,0,200,360000
tworoom,LeWM planner,21,prefix_b,0,200,360000
tworoom,LeWM planner,22,clean,0,200,360000
tworoom,LeWM planner,22,prefix_a,0,200,360000
tworoom,LeWM planner,22,prefix_b,0,200,360000
tworoom,LeWM planner,23,clean,0,200,360000
tworoom,LeWM planner,23,prefix_a,1,29,90000
tworoom,LeWM planner,23,prefix_b,1,24,45000
tworoom,LeWM planner,24,clean,0,200,360000
tworoom,LeWM planner,24,prefix_a,0,200,360000
tworoom,LeWM planner,24,prefix_b,0,200,360000
tworoom,LeWM planner,25,clean,0,200,360000
tworoom,LeWM planner,25,prefix_a,0,200,360000
tworoom,LeWM planner,25,prefix_b,1,23,45000
tworoom,LeWM planner,26,clean,0,200,360000
tworoom,LeWM planner,26,prefix_a,0,200,360000
tworoom,LeWM planner,26,prefix_b,0,200,360000
tworoom,LeWM planner,27,clean,0,200,360000
tworoom,LeWM planner,27,prefix_a,0,200,360000
tworoom,LeWM planner,27,prefix_b,0,200,360000
tworoom,LeWM planner,28,clean,0,200,360000
tworoom,LeWM planner,28,prefix_a,0,200,360000
tworoom,LeWM planner,28,prefix_b,0,200,360000
tworoom,LeWM planner,29,clean,0,200,360000
tworoom,LeWM planner,29,prefix_a,0,200,360000
tworoom,LeWM planner,29,prefix_b,0,200,360000
tworoom,LeWM planner,30,clean,0,200,360000
tworoom,LeWM planner,30,prefix_a,0,200,360000
tworoom,LeWM planner,30,prefix_b,1,63,135000
tworoom,LeWM planner,31,clean,0,200,360000
tworoom,LeWM planner,31,prefix_a,0,200,360000
tworoom,LeWM planner,31,prefix_b,1,70,135000
tworoom,LeWM planner,32,clean,0,200,360000
tworoom,LeWM planner,32,prefix_a,0,200,360000
tworoom,LeWM planner,32,prefix_b,0,200,360000
tworoom,LeWM planner,33,clean,0,200,360000
tworoom,LeWM planner,33,prefix_a,0,200,360000
tworoom,LeWM planner,33,prefix_b,0,200,360000
tworoom,LeWM planner,34,clean,1,19,45000
tworoom,LeWM planner,34,prefix_a,1,20,45000
tworoom,LeWM planner,34,prefix_b,0,200,360000
tworoom,LeWM planner,35,clean,1,12,45000
tworoom,LeWM planner,35,prefix_a,1,13,45000
tworoom,LeWM planner,35,prefix_b,1,22,45000
tworoom,LeWM planner,36,clean,1,82,180000
tworoom,LeWM planner,36,prefix_a,1,78,180000
tworoom,LeWM planner,36,prefix_b,1,125,225000
tworoom,LeWM planner,37,clean,0,200,360000
tworoom,LeWM planner,37,prefix_a,0,200,360000
tworoom,LeWM planner,37,prefix_b,0,200,360000
tworoom,LeWM planner,38,clean,0,200,360000
tworoom,LeWM planner,38,prefix_a,0,200,360000
tworoom,LeWM planner,38,prefix_b,0,200,360000
tworoom,LeWM planner,39,clean,0,200,360000
tworoom,LeWM planner,39,prefix_a,0,200,360000
tworoom,LeWM planner,39,prefix_b,0,200,360000
tworoom,LeWM planner,40,clean,1,25,45000
tworoom,LeWM planner,40,prefix_a,1,47,90000
tworoom,LeWM planner,40,prefix_b,1,43,90000
tworoom,LeWM planner,41,clean,0,200,360000
tworoom,LeWM planner,41,prefix_a,0,200,360000
tworoom,LeWM planner,41,prefix_b,0,200,360000
tworoom,LeWM planner,42,clean,0,200,360000
tworoom,LeWM planner,42,prefix_a,0,200,360000
tworoom,LeWM planner,42,prefix_b,0,200,360000
tworoom,LeWM planner,43,clean,0,200,360000
tworoom,LeWM planner,43,prefix_a,0,200,360000
tworoom,LeWM planner,43,prefix_b,0,200,360000
tworoom,LeWM planner,44,clean,1,45,90000
tworoom,LeWM planner,44,prefix_a,1,167,315000
tworoom,LeWM planner,44,prefix_b,1,41,90000
tworoom,LeWM planner,45,clean,1,90,180000
tworoom,LeWM planner,45,prefix_a,0,200,360000
tworoom,LeWM planner,45,prefix_b,0,200,360000
tworoom,LeWM planner,46,clean,0,200,360000
tworoom,LeWM planner,46,prefix_a,0,200,360000
tworoom,LeWM planner,46,prefix_b,0,200,360000
tworoom,LeWM planner,47,clean,0,200,360000
tworoom,LeWM planner,47,prefix_a,0,200,360000
tworoom,LeWM planner,47,prefix_b,0,200,360000
tworoom,LeWM planner,48,clean,0,200,360000
tworoom,LeWM planner,48,prefix_a,0,200,360000
tworoom,LeWM planner,48,prefix_b,0,200,360000
tworoom,LeWM planner,49,clean,1,37,90000
tworoom,LeWM planner,49,prefix_a,0,200,360000
tworoom,LeWM planner,49,prefix_b,1,25,45000
tworoom,LeWM planner,50,clean,0,200,360000
tworoom,LeWM planner,50,prefix_a,0,200,360000
tworoom,LeWM planner,50,prefix_b,0,200,360000
tworoom,LeWM planner,51,clean,0,200,360000
tworoom,LeWM planner,51,prefix_a,0,200,360000
tworoom,LeWM planner,51,prefix_b,0,200,360000
tworoom,LeWM planner,52,clean,0,200,360000
tworoom,LeWM planner,52,prefix_a,0,200,360000
tworoom,LeWM planner,52,prefix_b,0,200,360000
tworoom,LeWM planner,53,clean,0,200,360000
tworoom,LeWM planner,53,prefix_a,0,200,360000
tworoom,LeWM planner,53,prefix_b,0,200,360000
tworoom,LeWM planner,54,clean,0,200,360000
tworoom,LeWM planner,54,prefix_a,0,200,360000
tworoom,LeWM planner,54,prefix_b,0,200,360000
tworoom,LeWM planner,55,clean,0,200,360000
tworoom,LeWM planner,55,prefix_a,0,200,360000
tworoom,LeWM planner,55,prefix_b,0,200,360000
tworoom,LeWM planner,56,clean,0,200,360000
tworoom,LeWM planner,56,prefix_a,0,200,360000
tworoom,LeWM planner,56,prefix_b,0,200,360000
tworoom,LeWM planner,57,clean,0,200,360000
tworoom,LeWM planner,57,prefix_a,0,200,360000
tworoom,LeWM planner,57,prefix_b,0,200,360000
tworoom,LeWM planner,58,clean,0,200,360000
tworoom,LeWM planner,58,prefix_a,0,200,360000
tworoom,LeWM planner,58,prefix_b,0,200,360000
tworoom,LeWM planner,59,clean,0,200,360000
tworoom,LeWM planner,59,prefix_a,0,200,360000
tworoom,LeWM planner,59,prefix_b,0,200,360000
tworoom,LeWM planner,60,clean,1,24,45000
tworoom,LeWM planner,60,prefix_a,1,27,90000
tworoom,LeWM planner,60,prefix_b,0,200,360000
tworoom,LeWM planner,61,clean,1,195,360000
tworoom,LeWM planner,61,prefix_a,0,200,360000
tworoom,LeWM planner,61,prefix_b,0,200,360000
tworoom,LeWM planner,62,clean,0,200,360000
tworoom,LeWM planner,62,prefix_a,0,200,360000
tworoom,LeWM planner,62,prefix_b,0,200,360000
tworoom,LeWM planner,63,clean,0,200,360000
tworoom,LeWM planner,63,prefix_a,0,200,360000
tworoom,LeWM planner,63,prefix_b,0,200,360000
tworoom,LeWM planner,64,clean,0,200,360000
tworoom,LeWM planner,64,prefix_a,1,48,90000
tworoom,LeWM planner,64,prefix_b,1,74,135000
tworoom,LeWM planner,65,clean,0,200,360000
tworoom,LeWM planner,65,prefix_a,0,200,360000
tworoom,LeWM planner,65,prefix_b,0,200,360000
tworoom,LeWM planner,66,clean,0,200,360000
tworoom,LeWM planner,66,prefix_a,0,200,360000
tworoom,LeWM planner,66,prefix_b,0,200,360000
tworoom,LeWM planner,67,clean,0,200,360000
tworoom,LeWM planner,67,prefix_a,0,200,360000
tworoom,LeWM planner,67,prefix_b,0,200,360000
tworoom,LeWM planner,68,clean,0,200,360000
tworoom,LeWM planner,68,prefix_a,0,200,360000
tworoom,LeWM planner,68,prefix_b,0,200,360000
tworoom,LeWM planner,69,clean,0,200,360000
tworoom,LeWM planner,69,prefix_a,0,200,360000
tworoom,LeWM planner,69,prefix_b,0,200,360000
tworoom,LeWM planner,70,clean,0,200,360000
tworoom,LeWM planner,70,prefix_a,0,200,360000
tworoom,LeWM planner,70,prefix_b,0,200,360000
tworoom,LeWM planner,71,clean,0,200,360000
tworoom,LeWM planner,71,prefix_a,0,200,360000
tworoom,LeWM planner,71,prefix_b,0,200,360000
tworoom,LeWM planner,72,clean,0,200,360000
tworoom,LeWM planner,72,prefix_a,0,200,360000
tworoom,LeWM planner,72,prefix_b,0,200,360000
tworoom,LeWM planner,73,clean,0,200,360000
tworoom,LeWM planner,73,prefix_a,0,200,360000
tworoom,LeWM planner,73,prefix_b,0,200,360000
tworoom,LeWM planner,74,clean,0,200,360000
tworoom,LeWM planner,74,prefix_a,0,200,360000
tworoom,LeWM planner,74,prefix_b,0,200,360000
tworoom,LeWM planner,75,clean,0,200,360000
tworoom,LeWM planner,75,prefix_a,0,200,360000
tworoom,LeWM planner,75,prefix_b,0,200,360000
tworoom,LeWM planner,76,clean,0,200,360000
tworoom,LeWM planner,76,prefix_a,0,200,360000
tworoom,LeWM planner,76,prefix_b,0,200,360000
tworoom,LeWM planner,77,clean,0,200,360000
tworoom,LeWM planner,77,prefix_a,0,200,360000
tworoom,LeWM planner,77,prefix_b,0,200,360000
tworoom,LeWM planner,78,clean,0,200,360000
tworoom,LeWM planner,78,prefix_a,0,200,360000
tworoom,LeWM planner,78,prefix_b,0,200,360000
tworoom,LeWM planner,79,clean,1,48,90000
tworoom,LeWM planner,79,prefix_a,1,49,90000
tworoom,LeWM planner,79,prefix_b,0,200,360000
tworoom,LeWM planner,80,clean,1,53,135000
tworoom,LeWM planner,80,prefix_a,0,200,360000
tworoom,LeWM planner,80,prefix_b,0,200,360000
tworoom,LeWM planner,81,clean,0,200,360000
tworoom,LeWM planner,81,prefix_a,0,200,360000
tworoom,LeWM planner,81,prefix_b,0,200,360000
tworoom,LeWM planner,82,clean,0,200,360000
tworoom,LeWM planner,82,prefix_a,0,200,360000
tworoom,LeWM planner,82,prefix_b,0,200,360000
tworoom,LeWM planner,83,clean,0,200,360000
tworoom,LeWM planner,83,prefix_a,0,200,360000
tworoom,LeWM planner,83,prefix_b,0,200,360000
tworoom,LeWM planner,84,clean,0,200,360000
tworoom,LeWM planner,84,prefix_a,0,200,360000
tworoom,LeWM planner,84,prefix_b,0,200,360000
tworoom,LeWM planner,85,clean,0,200,360000
tworoom,LeWM planner,85,prefix_a,0,200,360000
tworoom,LeWM planner,85,prefix_b,0,200,360000
tworoom,LeWM planner,86,clean,0,200,360000
tworoom,LeWM planner,86,prefix_a,0,200,360000
tworoom,LeWM planner,86,prefix_b,0,200,360000
tworoom,LeWM planner,87,clean,0,200,360000
tworoom,LeWM planner,87,prefix_a,0,200,360000
tworoom,LeWM planner,87,prefix_b,0,200,360000
tworoom,LeWM planner,88,clean,0,200,360000
tworoom,LeWM planner,88,prefix_a,0,200,360000
tworoom,LeWM planner,88,prefix_b,0,200,360000
tworoom,LeWM planner,89,clean,1,78,180000
tworoom,LeWM planner,89,prefix_a,1,21,45000
tworoom,LeWM planner,89,prefix_b,1,185,360000
tworoom,LeWM planner,90,clean,1,67,135000
tworoom,LeWM planner,90,prefix_a,1,118,225000
tworoom,LeWM planner,90,prefix_b,1,52,135000
tworoom,LeWM planner,91,clean,0,200,360000
tworoom,LeWM planner,91,prefix_a,0,200,360000
tworoom,LeWM planner,91,prefix_b,0,200,360000
tworoom,LeWM planner,92,clean,0,200,360000
tworoom,LeWM planner,92,prefix_a,0,200,360000
tworoom,LeWM planner,92,prefix_b,0,200,360000
tworoom,LeWM planner,93,clean,0,200,360000
tworoom,LeWM planner,93,prefix_a,0,200,360000
tworoom,LeWM planner,93,prefix_b,0,200,360000
tworoom,LeWM planner,94,clean,0,200,360000
tworoom,LeWM planner,94,prefix_a,0,200,360000
tworoom,LeWM planner,94,prefix_b,0,200,360000
tworoom,LeWM planner,95,clean,0,200,360000
tworoom,LeWM planner,95,prefix_a,0,200,360000
tworoom,LeWM planner,95,prefix_b,1,190,360000
tworoom,LeWM planner,96,clean,0,200,360000
tworoom,LeWM planner,96,prefix_a,0,200,360000
tworoom,LeWM planner,96,prefix_b,0,200,360000
tworoom,LeWM planner,97,clean,0,200,360000
tworoom,LeWM planner,97,prefix_a,0,200,360000
tworoom,LeWM planner,97,prefix_b,1,46,90000
tworoom,LeWM planner,98,clean,0,200,360000
tworoom,LeWM planner,98,prefix_a,0,200,360000
tworoom,LeWM planner,98,prefix_b,0,200,360000
tworoom,LeWM planner,99,clean,0,200,360000
tworoom,LeWM planner,99,prefix_a,0,200,360000
tworoom,LeWM planner,99,prefix_b,0,200,360000
tworoom,LeWM planner,100,clean,1,47,90000
tworoom,LeWM planner,100,prefix_a,0,200,360000
tworoom,LeWM planner,100,prefix_b,1,48,90000
tworoom,LeWM planner,101,clean,0,200,360000
tworoom,LeWM planner,101,prefix_a,0,200,360000
tworoom,LeWM planner,101,prefix_b,0,200,360000
tworoom,LeWM planner,102,clean,0,200,360000
tworoom,LeWM planner,102,prefix_a,0,200,360000
tworoom,LeWM planner,102,prefix_b,0,200,360000
tworoom,LeWM planner,103,clean,0,200,360000
tworoom,LeWM planner,103,prefix_a,0,200,360000
tworoom,LeWM planner,103,prefix_b,1,100,180000
tworoom,LeWM planner,104,clean,1,46,90000
tworoom,LeWM planner,104,prefix_a,1,32,90000
tworoom,LeWM planner,104,prefix_b,1,25,45000
tworoom,LeWM planner,105,clean,1,75,135000
tworoom,LeWM planner,105,prefix_a,1,131,270000
tworoom,LeWM planner,105,prefix_b,1,49,90000
tworoom,LeWM planner,106,clean,0,200,360000
tworoom,LeWM planner,106,prefix_a,0,200,360000
tworoom,LeWM planner,106,prefix_b,0,200,360000
tworoom,LeWM planner,107,clean,0,200,360000
tworoom,LeWM planner,107,prefix_a,0,200,360000
tworoom,LeWM planner,107,prefix_b,0,200,360000
tworoom,LeWM planner,108,clean,0,200,360000
tworoom,LeWM planner,108,prefix_a,0,200,360000
tworoom,LeWM planner,108,prefix_b,0,200,360000
tworoom,LeWM planner,109,clean,0,200,360000
tworoom,LeWM planner,109,prefix_a,0,200,360000
tworoom,LeWM planner,109,prefix_b,0,200,360000
tworoom,LeWM planner,110,clean,0,200,360000
tworoom,LeWM planner,110,prefix_a,0,200,360000
tworoom,LeWM planner,110,prefix_b,0,200,360000
tworoom,LeWM planner,111,clean,0,200,360000
tworoom,LeWM planner,111,prefix_a,0,200,360000
tworoom,LeWM planner,111,prefix_b,0,200,360000
tworoom,LeWM planner,112,clean,0,200,360000
tworoom,LeWM planner,112,prefix_a,0,200,360000
tworoom,LeWM planner,112,prefix_b,0,200,360000
tworoom,LeWM planner,113,clean,0,200,360000
tworoom,LeWM planner,113,prefix_a,0,200,360000
tworoom,LeWM planner,113,prefix_b,0,200,360000
tworoom,LeWM planner,114,clean,1,47,90000
tworoom,LeWM planner,114,prefix_a,1,27,90000
tworoom,LeWM planner,114,prefix_b,1,46,90000
tworoom,LeWM planner,115,clean,0,200,360000
tworoom,LeWM planner,115,prefix_a,0,200,360000
tworoom,LeWM planner,115,prefix_b,0,200,360000
tworoom,LeWM planner,116,clean,0,200,360000
tworoom,LeWM planner,116,prefix_a,0,200,360000
tworoom,LeWM planner,116,prefix_b,0,200,360000
tworoom,LeWM planner,117,clean,0,200,360000
tworoom,LeWM planner,117,prefix_a,0,200,360000
tworoom,LeWM planner,117,prefix_b,0,200,360000
tworoom,LeWM planner,118,clean,0,200,360000
tworoom,LeWM planner,118,prefix_a,0,200,360000
tworoom,LeWM planner,118,prefix_b,0,200,360000
tworoom,LeWM planner,119,clean,0,200,360000
tworoom,LeWM planner,119,prefix_a,0,200,360000
tworoom,LeWM planner,119,prefix_b,0,200,360000
tworoom,LeWM planner,120,clean,0,200,360000
tworoom,LeWM planner,120,prefix_a,0,200,360000
tworoom,LeWM planner,120,prefix_b,0,200,360000
tworoom,LeWM planner,121,clean,0,200,360000
tworoom,LeWM planner,121,prefix_a,0,200,360000
tworoom,LeWM planner,121,prefix_b,1,24,45000
tworoom,LeWM planner,122,clean,0,200,360000
tworoom,LeWM planner,122,prefix_a,0,200,360000
tworoom,LeWM planner,122,prefix_b,0,200,360000
tworoom,LeWM planner,123,clean,0,200,360000
tworoom,LeWM planner,123,prefix_a,0,200,360000
tworoom,LeWM planner,123,prefix_b,0,200,360000
tworoom,LeWM planner,124,clean,0,200,360000
tworoom,LeWM planner,124,prefix_a,0,200,360000
tworoom,LeWM planner,124,prefix_b,0,200,360000
tworoom,LeWM planner,125,clean,0,200,360000
tworoom,LeWM planner,125,prefix_a,0,200,360000
tworoom,LeWM planner,125,prefix_b,0,200,360000
tworoom,LeWM planner,126,clean,0,200,360000
tworoom,LeWM planner,126,prefix_a,0,200,360000
tworoom,LeWM planner,126,prefix_b,0,200,360000
tworoom,LeWM planner,127,clean,1,104,225000
tworoom,LeWM planner,127,prefix_a,0,200,360000
tworoom,LeWM planner,127,prefix_b,1,56,135000
tworoom,Rank (final goal),0,clean,0,200,320
tworoom,Rank (final goal),0,prefix_a,1,95,152
tworoom,Rank (final goal),0,prefix_b,0,200,320
tworoom,Rank (final goal),1,clean,1,94,152
tworoom,Rank (final goal),1,prefix_a,0,200,320
tworoom,Rank (final goal),1,prefix_b,1,91,152
tworoom,Rank (final goal),2,clean,1,90,144
tworoom,Rank (final goal),2,prefix_a,1,95,152
tworoom,Rank (final goal),2,prefix_b,1,98,160
tworoom,Rank (final goal),3,clean,1,91,152
tworoom,Rank (final goal),3,prefix_a,1,58,96
tworoom,Rank (final goal),3,prefix_b,1,93,152
tworoom,Rank (final goal),4,clean,1,88,144
tworoom,Rank (final goal),4,prefix_a,1,90,144
tworoom,Rank (final goal),4,prefix_b,1,97,160
tworoom,Rank (final goal),5,clean,1,94,152
tworoom,Rank (final goal),5,prefix_a,1,94,152
tworoom,Rank (final goal),5,prefix_b,1,94,152
tworoom,Rank (final goal),6,clean,1,90,144
tworoom,Rank (final goal),6,prefix_a,1,90,144
tworoom,Rank (final goal),6,prefix_b,1,94,152
tworoom,Rank (final goal),7,clean,1,81,136
tworoom,Rank (final goal),7,prefix_a,1,66,112
tworoom,Rank (final goal),7,prefix_b,1,86,144
tworoom,Rank (final goal),8,clean,1,90,144
tworoom,Rank (final goal),8,prefix_a,1,71,120
tworoom,Rank (final goal),8,prefix_b,1,127,208
tworoom,Rank (final goal),9,clean,0,200,320
tworoom,Rank (final goal),9,prefix_a,0,200,320
tworoom,Rank (final goal),9,prefix_b,1,91,152
tworoom,Rank (final goal),10,clean,1,87,144
tworoom,Rank (final goal),10,prefix_a,0,200,320
tworoom,Rank (final goal),10,prefix_b,1,87,144
tworoom,Rank (final goal),11,clean,1,79,128
tworoom,Rank (final goal),11,prefix_a,1,98,160
tworoom,Rank (final goal),11,prefix_b,1,99,160
tworoom,Rank (final goal),12,clean,1,118,192
tworoom,Rank (final goal),12,prefix_a,1,97,160
tworoom,Rank (final goal),12,prefix_b,1,92,152
tworoom,Rank (final goal),13,clean,1,82,136
tworoom,Rank (final goal),13,prefix_a,1,98,160
tworoom,Rank (final goal),13,prefix_b,1,82,136
tworoom,Rank (final goal),14,clean,1,98,160
tworoom,Rank (final goal),14,prefix_a,1,89,144
tworoom,Rank (final goal),14,prefix_b,1,78,128
tworoom,Rank (final goal),15,clean,1,91,152
tworoom,Rank (final goal),15,prefix_a,1,95,152
tworoom,Rank (final goal),15,prefix_b,1,68,112
tworoom,Rank (final goal),16,clean,1,96,160
tworoom,Rank (final goal),16,prefix_a,1,99,160
tworoom,Rank (final goal),16,prefix_b,1,98,160
tworoom,Rank (final goal),17,clean,0,200,320
tworoom,Rank (final goal),17,prefix_a,1,141,232
tworoom,Rank (final goal),17,prefix_b,1,93,152
tworoom,Rank (final goal),18,clean,1,33,56
tworoom,Rank (final goal),18,prefix_a,1,36,64
tworoom,Rank (final goal),18,prefix_b,1,26,48
tworoom,Rank (final goal),19,clean,1,93,152
tworoom,Rank (final goal),19,prefix_a,1,94,152
tworoom,Rank (final goal),19,prefix_b,1,88,144
tworoom,Rank (final goal),20,clean,1,34,56
tworoom,Rank (final goal),20,prefix_a,1,34,56
tworoom,Rank (final goal),20,prefix_b,1,62,104
tworoom,Rank (final goal),21,clean,1,97,160
tworoom,Rank (final goal),21,prefix_a,1,93,152
tworoom,Rank (final goal),21,prefix_b,1,98,160
tworoom,Rank (final goal),22,clean,0,200,320
tworoom,Rank (final goal),22,prefix_a,0,200,320
tworoom,Rank (final goal),22,prefix_b,1,91,152
tworoom,Rank (final goal),23,clean,1,20,32
tworoom,Rank (final goal),23,prefix_a,1,13,24
tworoom,Rank (final goal),23,prefix_b,1,98,160
tworoom,Rank (final goal),24,clean,1,69,112
tworoom,Rank (final goal),24,prefix_a,1,97,160
tworoom,Rank (final goal),24,prefix_b,1,79,128
tworoom,Rank (final goal),25,clean,1,93,152
tworoom,Rank (final goal),25,prefix_a,1,93,152
tworoom,Rank (final goal),25,prefix_b,1,59,96
tworoom,Rank (final goal),26,clean,0,200,320
tworoom,Rank (final goal),26,prefix_a,0,200,320
tworoom,Rank (final goal),26,prefix_b,0,200,320
tworoom,Rank (final goal),27,clean,1,95,152
tworoom,Rank (final goal),27,prefix_a,1,98,160
tworoom,Rank (final goal),27,prefix_b,1,82,136
tworoom,Rank (final goal),28,clean,1,98,160
tworoom,Rank (final goal),28,prefix_a,1,92,152
tworoom,Rank (final goal),28,prefix_b,1,87,144
tworoom,Rank (final goal),29,clean,1,81,136
tworoom,Rank (final goal),29,prefix_a,1,85,136
tworoom,Rank (final goal),29,prefix_b,1,95,152
tworoom,Rank (final goal),30,clean,1,73,120
tworoom,Rank (final goal),30,prefix_a,1,94,152
tworoom,Rank (final goal),30,prefix_b,1,52,88
tworoom,Rank (final goal),31,clean,1,72,120
tworoom,Rank (final goal),31,prefix_a,1,91,152
tworoom,Rank (final goal),31,prefix_b,1,84,136
tworoom,Rank (final goal),32,clean,1,79,128
tworoom,Rank (final goal),32,prefix_a,1,88,144
tworoom,Rank (final goal),32,prefix_b,1,74,120
tworoom,Rank (final goal),33,clean,1,84,136
tworoom,Rank (final goal),33,prefix_a,1,81,136
tworoom,Rank (final goal),33,prefix_b,1,101,168
tworoom,Rank (final goal),34,clean,1,94,152
tworoom,Rank (final goal),34,prefix_a,1,93,152
tworoom,Rank (final goal),34,prefix_b,1,53,88
tworoom,Rank (final goal),35,clean,1,13,24
tworoom,Rank (final goal),35,prefix_a,1,18,32
tworoom,Rank (final goal),35,prefix_b,1,18,32
tworoom,Rank (final goal),36,clean,1,80,128
tworoom,Rank (final goal),36,prefix_a,1,93,152
tworoom,Rank (final goal),36,prefix_b,1,77,128
tworoom,Rank (final goal),37,clean,1,34,56
tworoom,Rank (final goal),37,prefix_a,1,79,128
tworoom,Rank (final goal),37,prefix_b,1,71,120
tworoom,Rank (final goal),38,clean,0,200,320
tworoom,Rank (final goal),38,prefix_a,1,95,152
tworoom,Rank (final goal),38,prefix_b,1,95,152
tworoom,Rank (final goal),39,clean,1,93,152
tworoom,Rank (final goal),39,prefix_a,1,93,152
tworoom,Rank (final goal),39,prefix_b,1,93,152
tworoom,Rank (final goal),40,clean,1,43,72
tworoom,Rank (final goal),40,prefix_a,1,47,80
tworoom,Rank (final goal),40,prefix_b,1,29,48
tworoom,Rank (final goal),41,clean,0,200,320
tworoom,Rank (final goal),41,prefix_a,1,118,192
tworoom,Rank (final goal),41,prefix_b,0,200,320
tworoom,Rank (final goal),42,clean,1,92,152
tworoom,Rank (final goal),42,prefix_a,1,93,152
tworoom,Rank (final goal),42,prefix_b,1,103,168
tworoom,Rank (final goal),43,clean,1,98,160
tworoom,Rank (final goal),43,prefix_a,1,90,144
tworoom,Rank (final goal),43,prefix_b,1,95,152
tworoom,Rank (final goal),44,clean,1,93,152
tworoom,Rank (final goal),44,prefix_a,1,95,152
tworoom,Rank (final goal),44,prefix_b,1,95,152
tworoom,Rank (final goal),45,clean,1,94,152
tworoom,Rank (final goal),45,prefix_a,1,79,128
tworoom,Rank (final goal),45,prefix_b,1,87,144
tworoom,Rank (final goal),46,clean,1,97,160
tworoom,Rank (final goal),46,prefix_a,0,200,320
tworoom,Rank (final goal),46,prefix_b,1,94,152
tworoom,Rank (final goal),47,clean,1,145,232
tworoom,Rank (final goal),47,prefix_a,1,145,232
tworoom,Rank (final goal),47,prefix_b,1,145,232
tworoom,Rank (final goal),48,clean,1,99,160
tworoom,Rank (final goal),48,prefix_a,1,98,160
tworoom,Rank (final goal),48,prefix_b,1,94,152
tworoom,Rank (final goal),49,clean,1,24,40
tworoom,Rank (final goal),49,prefix_a,1,43,72
tworoom,Rank (final goal),49,prefix_b,1,79,128
tworoom,Rank (final goal),50,clean,1,82,136
tworoom,Rank (final goal),50,prefix_a,1,96,160
tworoom,Rank (final goal),50,prefix_b,0,200,320
tworoom,Rank (final goal),51,clean,1,76,128
tworoom,Rank (final goal),51,prefix_a,1,98,160
tworoom,Rank (final goal),51,prefix_b,1,56,96
tworoom,Rank (final goal),52,clean,1,94,152
tworoom,Rank (final goal),52,prefix_a,1,96,160
tworoom,Rank (final goal),52,prefix_b,1,94,152
tworoom,Rank (final goal),53,clean,1,87,144
tworoom,Rank (final goal),53,prefix_a,1,87,144
tworoom,Rank (final goal),53,prefix_b,1,87,144
tworoom,Rank (final goal),54,clean,1,70,112
tworoom,Rank (final goal),54,prefix_a,1,92,152
tworoom,Rank (final goal),54,prefix_b,1,106,176
tworoom,Rank (final goal),55,clean,1,84,136
tworoom,Rank (final goal),55,prefix_a,1,98,160
tworoom,Rank (final goal),55,prefix_b,1,84,136
tworoom,Rank (final goal),56,clean,0,200,320
tworoom,Rank (final goal),56,prefix_a,0,200,320
tworoom,Rank (final goal),56,prefix_b,1,94,152
tworoom,Rank (final goal),57,clean,1,98,160
tworoom,Rank (final goal),57,prefix_a,0,200,320
tworoom,Rank (final goal),57,prefix_b,1,90,144
tworoom,Rank (final goal),58,clean,1,98,160
tworoom,Rank (final goal),58,prefix_a,1,98,160
tworoom,Rank (final goal),58,prefix_b,1,93,152
tworoom,Rank (final goal),59,clean,1,87,144
tworoom,Rank (final goal),59,prefix_a,1,94,152
tworoom,Rank (final goal),59,prefix_b,1,82,136
tworoom,Rank (final goal),60,clean,1,54,88
tworoom,Rank (final goal),60,prefix_a,1,17,32
tworoom,Rank (final goal),60,prefix_b,1,93,152
tworoom,Rank (final goal),61,clean,1,92,152
tworoom,Rank (final goal),61,prefix_a,1,95,152
tworoom,Rank (final goal),61,prefix_b,1,90,144
tworoom,Rank (final goal),62,clean,0,200,320
tworoom,Rank (final goal),62,prefix_a,0,200,320
tworoom,Rank (final goal),62,prefix_b,0,200,320
tworoom,Rank (final goal),63,clean,1,93,152
tworoom,Rank (final goal),63,prefix_a,1,65,104
tworoom,Rank (final goal),63,prefix_b,1,92,152
tworoom,Rank (final goal),64,clean,0,200,320
tworoom,Rank (final goal),64,prefix_a,1,91,152
tworoom,Rank (final goal),64,prefix_b,0,200,320
tworoom,Rank (final goal),65,clean,1,73,120
tworoom,Rank (final goal),65,prefix_a,1,73,120
tworoom,Rank (final goal),65,prefix_b,1,73,120
tworoom,Rank (final goal),66,clean,1,88,144
tworoom,Rank (final goal),66,prefix_a,0,200,320
tworoom,Rank (final goal),66,prefix_b,1,94,152
tworoom,Rank (final goal),67,clean,1,85,136
tworoom,Rank (final goal),67,prefix_a,1,94,152
tworoom,Rank (final goal),67,prefix_b,1,94,152
tworoom,Rank (final goal),68,clean,1,93,152
tworoom,Rank (final goal),68,prefix_a,1,44,72
tworoom,Rank (final goal),68,prefix_b,1,42,72
tworoom,Rank (final goal),69,clean,1,92,152
tworoom,Rank (final goal),69,prefix_a,1,95,152
tworoom,Rank (final goal),69,prefix_b,0,200,320
tworoom,Rank (final goal),70,clean,1,95,152
tworoom,Rank (final goal),70,prefix_a,1,89,144
tworoom,Rank (final goal),70,prefix_b,1,94,152
tworoom,Rank (final goal),71,clean,1,83,136
tworoom,Rank (final goal),71,prefix_a,1,92,152
tworoom,Rank (final goal),71,prefix_b,1,81,136
tworoom,Rank (final goal),72,clean,1,91,152
tworoom,Rank (final goal),72,prefix_a,1,91,152
tworoom,Rank (final goal),72,prefix_b,1,99,160
tworoom,Rank (final goal),73,clean,1,97,160
tworoom,Rank (final goal),73,prefix_a,1,97,160
tworoom,Rank (final goal),73,prefix_b,1,98,160
tworoom,Rank (final goal),74,clean,1,84,136
tworoom,Rank (final goal),74,prefix_a,1,93,152
tworoom,Rank (final goal),74,prefix_b,1,94,152
tworoom,Rank (final goal),75,clean,1,92,152
tworoom,Rank (final goal),75,prefix_a,1,92,152
tworoom,Rank (final goal),75,prefix_b,1,87,144
tworoom,Rank (final goal),76,clean,1,98,160
tworoom,Rank (final goal),76,prefix_a,0,200,320
tworoom,Rank (final goal),76,prefix_b,1,98,160
tworoom,Rank (final goal),77,clean,1,92,152
tworoom,Rank (final goal),77,prefix_a,1,93,152
tworoom,Rank (final goal),77,prefix_b,1,97,160
tworoom,Rank (final goal),78,clean,1,58,96
tworoom,Rank (final goal),78,prefix_a,0,200,320
tworoom,Rank (final goal),78,prefix_b,1,88,144
tworoom,Rank (final goal),79,clean,1,68,112
tworoom,Rank (final goal),79,prefix_a,1,29,48
tworoom,Rank (final goal),79,prefix_b,1,86,144
tworoom,Rank (final goal),80,clean,1,87,144
tworoom,Rank (final goal),80,prefix_a,1,87,144
tworoom,Rank (final goal),80,prefix_b,1,72,120
tworoom,Rank (final goal),81,clean,1,73,120
tworoom,Rank (final goal),81,prefix_a,1,88,144
tworoom,Rank (final goal),81,prefix_b,1,97,160
tworoom,Rank (final goal),82,clean,1,91,152
tworoom,Rank (final goal),82,prefix_a,1,87,144
tworoom,Rank (final goal),82,prefix_b,1,82,136
tworoom,Rank (final goal),83,clean,1,93,152
tworoom,Rank (final goal),83,prefix_a,1,73,120
tworoom,Rank (final goal),83,prefix_b,1,95,152
tworoom,Rank (final goal),84,clean,1,89,144
tworoom,Rank (final goal),84,prefix_a,1,138,224
tworoom,Rank (final goal),84,prefix_b,1,139,224
tworoom,Rank (final goal),85,clean,1,93,152
tworoom,Rank (final goal),85,prefix_a,1,93,152
tworoom,Rank (final goal),85,prefix_b,1,93,152
tworoom,Rank (final goal),86,clean,1,87,144
tworoom,Rank (final goal),86,prefix_a,1,73,120
tworoom,Rank (final goal),86,prefix_b,1,72,120
tworoom,Rank (final goal),87,clean,1,92,152
tworoom,Rank (final goal),87,prefix_a,1,81,136
tworoom,Rank (final goal),87,prefix_b,1,91,152
tworoom,Rank (final goal),88,clean,0,200,320
tworoom,Rank (final goal),88,prefix_a,1,78,128
tworoom,Rank (final goal),88,prefix_b,1,97,160
tworoom,Rank (final goal),89,clean,1,53,88
tworoom,Rank (final goal),89,prefix_a,1,46,80
tworoom,Rank (final goal),89,prefix_b,1,31,56
tworoom,Rank (final goal),90,clean,1,95,152
tworoom,Rank (final goal),90,prefix_a,1,82,136
tworoom,Rank (final goal),90,prefix_b,1,95,152
tworoom,Rank (final goal),91,clean,1,89,144
tworoom,Rank (final goal),91,prefix_a,1,103,168
tworoom,Rank (final goal),91,prefix_b,1,84,136
tworoom,Rank (final goal),92,clean,0,200,320
tworoom,Rank (final goal),92,prefix_a,0,200,320
tworoom,Rank (final goal),92,prefix_b,1,97,160
tworoom,Rank (final goal),93,clean,1,87,144
tworoom,Rank (final goal),93,prefix_a,0,200,320
tworoom,Rank (final goal),93,prefix_b,1,93,152
tworoom,Rank (final goal),94,clean,1,97,160
tworoom,Rank (final goal),94,prefix_a,0,200,320
tworoom,Rank (final goal),94,prefix_b,0,200,320
tworoom,Rank (final goal),95,clean,1,94,152
tworoom,Rank (final goal),95,prefix_a,1,95,152
tworoom,Rank (final goal),95,prefix_b,1,99,160
tworoom,Rank (final goal),96,clean,1,83,136
tworoom,Rank (final goal),96,prefix_a,0,200,320
tworoom,Rank (final goal),96,prefix_b,1,91,152
tworoom,Rank (final goal),97,clean,0,200,320
tworoom,Rank (final goal),97,prefix_a,1,63,104
tworoom,Rank (final goal),97,prefix_b,1,63,104
tworoom,Rank (final goal),98,clean,1,92,152
tworoom,Rank (final goal),98,prefix_a,1,87,144
tworoom,Rank (final goal),98,prefix_b,1,99,160
tworoom,Rank (final goal),99,clean,1,95,152
tworoom,Rank (final goal),99,prefix_a,1,61,104
tworoom,Rank (final goal),99,prefix_b,1,95,152
tworoom,Rank (final goal),100,clean,1,92,152
tworoom,Rank (final goal),100,prefix_a,1,84,136
tworoom,Rank (final goal),100,prefix_b,1,71,120
tworoom,Rank (final goal),101,clean,1,94,152
tworoom,Rank (final goal),101,prefix_a,1,98,160
tworoom,Rank (final goal),101,prefix_b,1,98,160
tworoom,Rank (final goal),102,clean,1,85,136
tworoom,Rank (final goal),102,prefix_a,1,86,144
tworoom,Rank (final goal),102,prefix_b,1,85,136
tworoom,Rank (final goal),103,clean,1,98,160
tworoom,Rank (final goal),103,prefix_a,1,93,152
tworoom,Rank (final goal),103,prefix_b,1,79,128
tworoom,Rank (final goal),104,clean,1,89,144
tworoom,Rank (final goal),104,prefix_a,0,200,320
tworoom,Rank (final goal),104,prefix_b,1,98,160
tworoom,Rank (final goal),105,clean,1,77,128
tworoom,Rank (final goal),105,prefix_a,1,92,152
tworoom,Rank (final goal),105,prefix_b,1,71,120
tworoom,Rank (final goal),106,clean,1,89,144
tworoom,Rank (final goal),106,prefix_a,1,77,128
tworoom,Rank (final goal),106,prefix_b,1,96,160
tworoom,Rank (final goal),107,clean,1,26,48
tworoom,Rank (final goal),107,prefix_a,1,31,56
tworoom,Rank (final goal),107,prefix_b,1,46,80
tworoom,Rank (final goal),108,clean,1,87,144
tworoom,Rank (final goal),108,prefix_a,1,77,128
tworoom,Rank (final goal),108,prefix_b,1,87,144
tworoom,Rank (final goal),109,clean,1,98,160
tworoom,Rank (final goal),109,prefix_a,1,83,136
tworoom,Rank (final goal),109,prefix_b,0,200,320
tworoom,Rank (final goal),110,clean,1,54,88
tworoom,Rank (final goal),110,prefix_a,1,94,152
tworoom,Rank (final goal),110,prefix_b,1,141,232
tworoom,Rank (final goal),111,clean,1,19,32
tworoom,Rank (final goal),111,prefix_a,1,30,48
tworoom,Rank (final goal),111,prefix_b,1,95,152
tworoom,Rank (final goal),112,clean,1,92,152
tworoom,Rank (final goal),112,prefix_a,1,92,152
tworoom,Rank (final goal),112,prefix_b,1,97,160
tworoom,Rank (final goal),113,clean,1,97,160
tworoom,Rank (final goal),113,prefix_a,0,200,320
tworoom,Rank (final goal),113,prefix_b,1,97,160
tworoom,Rank (final goal),114,clean,1,40,64
tworoom,Rank (final goal),114,prefix_a,1,40,64
tworoom,Rank (final goal),114,prefix_b,1,25,40
tworoom,Rank (final goal),115,clean,1,94,152
tworoom,Rank (final goal),115,prefix_a,1,98,160
tworoom,Rank (final goal),115,prefix_b,0,200,320
tworoom,Rank (final goal),116,clean,1,92,152
tworoom,Rank (final goal),116,prefix_a,1,97,160
tworoom,Rank (final goal),116,prefix_b,1,93,152
tworoom,Rank (final goal),117,clean,1,55,88
tworoom,Rank (final goal),117,prefix_a,1,55,88
tworoom,Rank (final goal),117,prefix_b,1,59,96
tworoom,Rank (final goal),118,clean,1,34,56
tworoom,Rank (final goal),118,prefix_a,1,71,120
tworoom,Rank (final goal),118,prefix_b,1,92,152
tworoom,Rank (final goal),119,clean,1,89,144
tworoom,Rank (final goal),119,prefix_a,1,94,152
tworoom,Rank (final goal),119,prefix_b,1,90,144
tworoom,Rank (final goal),120,clean,1,37,64
tworoom,Rank (final goal),120,prefix_a,1,86,144
tworoom,Rank (final goal),120,prefix_b,1,78,128
tworoom,Rank (final goal),121,clean,1,74,120
tworoom,Rank (final goal),121,prefix_a,1,97,160
tworoom,Rank (final goal),121,prefix_b,1,21,40
tworoom,Rank (final goal),122,clean,1,100,160
tworoom,Rank (final goal),122,prefix_a,1,92,152
tworoom,Rank (final goal),122,prefix_b,1,94,152
tworoom,Rank (final goal),123,clean,0,200,320
tworoom,Rank (final goal),123,prefix_a,0,200,320
tworoom,Rank (final goal),123,prefix_b,1,98,160
tworoom,Rank (final goal),124,clean,1,91,152
tworoom,Rank (final goal),124,prefix_a,1,91,152
tworoom,Rank (final goal),124,prefix_b,1,96,160
tworoom,Rank (final goal),125,clean,1,99,160
tworoom,Rank (final goal),125,prefix_a,1,94,152
tworoom,Rank (final goal),125,prefix_b,1,85,136
tworoom,Rank (final goal),126,clean,1,97,160
tworoom,Rank (final goal),126,prefix_a,1,96,160
tworoom,Rank (final goal),126,prefix_b,1,96,160
tworoom,Rank (final goal),127,clean,1,88,144
tworoom,Rank (final goal),127,prefix_a,1,66,112
tworoom,Rank (final goal),127,prefix_b,1,87,144
tworoom,Rank (learned target),0,clean,1,92,152
tworoom,Rank (learned target),0,prefix_a,1,86,144
tworoom,Rank (learned target),0,prefix_b,1,95,152
tworoom,Rank (learned target),1,clean,1,97,160
tworoom,Rank (learned target),1,prefix_a,1,96,160
tworoom,Rank (learned target),1,prefix_b,1,96,160
tworoom,Rank (learned target),2,clean,1,95,152
tworoom,Rank (learned target),2,prefix_a,1,91,152
tworoom,Rank (learned target),2,prefix_b,1,88,144
tworoom,Rank (learned target),3,clean,1,94,152
tworoom,Rank (learned target),3,prefix_a,1,79,128
tworoom,Rank (learned target),3,prefix_b,1,94,152
tworoom,Rank (learned target),4,clean,1,79,128
tworoom,Rank (learned target),4,prefix_a,1,86,144
tworoom,Rank (learned target),4,prefix_b,1,92,152
tworoom,Rank (learned target),5,clean,1,92,152
tworoom,Rank (learned target),5,prefix_a,1,96,160
tworoom,Rank (learned target),5,prefix_b,1,94,152
tworoom,Rank (learned target),6,clean,0,200,320
tworoom,Rank (learned target),6,prefix_a,1,91,152
tworoom,Rank (learned target),6,prefix_b,1,99,160
tworoom,Rank (learned target),7,clean,1,95,152
tworoom,Rank (learned target),7,prefix_a,1,91,152
tworoom,Rank (learned target),7,prefix_b,1,94,152
tworoom,Rank (learned target),8,clean,1,68,112
tworoom,Rank (learned target),8,prefix_a,1,87,144
tworoom,Rank (learned target),8,prefix_b,1,92,152
tworoom,Rank (learned target),9,clean,1,87,144
tworoom,Rank (learned target),9,prefix_a,0,200,320
tworoom,Rank (learned target),9,prefix_b,0,200,320
tworoom,Rank (learned target),10,clean,1,94,152
tworoom,Rank (learned target),10,prefix_a,1,81,136
tworoom,Rank (learned target),10,prefix_b,1,76,128
tworoom,Rank (learned target),11,clean,1,94,152
tworoom,Rank (learned target),11,prefix_a,1,87,144
tworoom,Rank (learned target),11,prefix_b,1,80,128
tworoom,Rank (learned target),12,clean,1,99,160
tworoom,Rank (learned target),12,prefix_a,1,79,128
tworoom,Rank (learned target),12,prefix_b,1,97,160
tworoom,Rank (learned target),13,clean,1,96,160
tworoom,Rank (learned target),13,prefix_a,1,96,160
tworoom,Rank (learned target),13,prefix_b,1,91,152
tworoom,Rank (learned target),14,clean,1,91,152
tworoom,Rank (learned target),14,prefix_a,1,96,160
tworoom,Rank (learned target),14,prefix_b,1,97,160
tworoom,Rank (learned target),15,clean,1,86,144
tworoom,Rank (learned target),15,prefix_a,1,88,144
tworoom,Rank (learned target),15,prefix_b,1,86,144
tworoom,Rank (learned target),16,clean,1,94,152
tworoom,Rank (learned target),16,prefix_a,1,95,152
tworoom,Rank (learned target),16,prefix_b,1,95,152
tworoom,Rank (learned target),17,clean,1,85,136
tworoom,Rank (learned target),17,prefix_a,1,67,112
tworoom,Rank (learned target),17,prefix_b,1,73,120
tworoom,Rank (learned target),18,clean,1,96,160
tworoom,Rank (learned target),18,prefix_a,1,96,160
tworoom,Rank (learned target),18,prefix_b,1,78,128
tworoom,Rank (learned target),19,clean,0,200,320
tworoom,Rank (learned target),19,prefix_a,1,94,152
tworoom,Rank (learned target),19,prefix_b,1,90,144
tworoom,Rank (learned target),20,clean,1,74,120
tworoom,Rank (learned target),20,prefix_a,1,79,128
tworoom,Rank (learned target),20,prefix_b,1,75,120
tworoom,Rank (learned target),21,clean,1,76,128
tworoom,Rank (learned target),21,prefix_a,1,72,120
tworoom,Rank (learned target),21,prefix_b,1,76,128
tworoom,Rank (learned target),22,clean,1,91,152
tworoom,Rank (learned target),22,prefix_a,1,84,136
tworoom,Rank (learned target),22,prefix_b,1,98,160
tworoom,Rank (learned target),23,clean,1,26,48
tworoom,Rank (learned target),23,prefix_a,1,34,56
tworoom,Rank (learned target),23,prefix_b,1,25,40
tworoom,Rank (learned target),24,clean,1,97,160
tworoom,Rank (learned target),24,prefix_a,1,96,160
tworoom,Rank (learned target),24,prefix_b,1,97,160
tworoom,Rank (learned target),25,clean,1,70,112
tworoom,Rank (learned target),25,prefix_a,1,83,136
tworoom,Rank (learned target),25,prefix_b,1,85,136
tworoom,Rank (learned target),26,clean,1,97,160
tworoom,Rank (learned target),26,prefix_a,1,96,160
tworoom,Rank (learned target),26,prefix_b,1,97,160
tworoom,Rank (learned target),27,clean,1,97,160
tworoom,Rank (learned target),27,prefix_a,1,98,160
tworoom,Rank (learned target),27,prefix_b,1,96,160
tworoom,Rank (learned target),28,clean,1,92,152
tworoom,Rank (learned target),28,prefix_a,1,90,144
tworoom,Rank (learned target),28,prefix_b,1,90,144
tworoom,Rank (learned target),29,clean,1,92,152
tworoom,Rank (learned target),29,prefix_a,1,90,144
tworoom,Rank (learned target),29,prefix_b,1,93,152
tworoom,Rank (learned target),30,clean,1,86,144
tworoom,Rank (learned target),30,prefix_a,1,94,152
tworoom,Rank (learned target),30,prefix_b,1,96,160
tworoom,Rank (learned target),31,clean,1,96,160
tworoom,Rank (learned target),31,prefix_a,1,84,136
tworoom,Rank (learned target),31,prefix_b,1,94,152
tworoom,Rank (learned target),32,clean,1,68,112
tworoom,Rank (learned target),32,prefix_a,1,94,152
tworoom,Rank (learned target),32,prefix_b,1,68,112
tworoom,Rank (learned target),33,clean,1,68,112
tworoom,Rank (learned target),33,prefix_a,1,63,104
tworoom,Rank (learned target),33,prefix_b,1,73,120
tworoom,Rank (learned target),34,clean,1,97,160
tworoom,Rank (learned target),34,prefix_a,1,92,152
tworoom,Rank (learned target),34,prefix_b,1,92,152
tworoom,Rank (learned target),35,clean,1,26,48
tworoom,Rank (learned target),35,prefix_a,1,49,80
tworoom,Rank (learned target),35,prefix_b,1,67,112
tworoom,Rank (learned target),36,clean,1,94,152
tworoom,Rank (learned target),36,prefix_a,1,83,136
tworoom,Rank (learned target),36,prefix_b,1,82,136
tworoom,Rank (learned target),37,clean,1,73,120
tworoom,Rank (learned target),37,prefix_a,1,59,96
tworoom,Rank (learned target),37,prefix_b,1,73,120
tworoom,Rank (learned target),38,clean,1,96,160
tworoom,Rank (learned target),38,prefix_a,1,95,152
tworoom,Rank (learned target),38,prefix_b,1,88,144
tworoom,Rank (learned target),39,clean,1,91,152
tworoom,Rank (learned target),39,prefix_a,1,91,152
tworoom,Rank (learned target),39,prefix_b,1,86,144
tworoom,Rank (learned target),40,clean,1,91,152
tworoom,Rank (learned target),40,prefix_a,1,97,160
tworoom,Rank (learned target),40,prefix_b,1,44,72
tworoom,Rank (learned target),41,clean,1,98,160
tworoom,Rank (learned target),41,prefix_a,1,83,136
tworoom,Rank (learned target),41,prefix_b,1,83,136
tworoom,Rank (learned target),42,clean,0,200,320
tworoom,Rank (learned target),42,prefix_a,1,87,144
tworoom,Rank (learned target),42,prefix_b,1,68,112
tworoom,Rank (learned target),43,clean,1,89,144
tworoom,Rank (learned target),43,prefix_a,1,89,144
tworoom,Rank (learned target),43,prefix_b,1,82,136
tworoom,Rank (learned target),44,clean,1,104,168
tworoom,Rank (learned target),44,prefix_a,1,92,152
tworoom,Rank (learned target),44,prefix_b,1,86,144
tworoom,Rank (learned target),45,clean,1,95,152
tworoom,Rank (learned target),45,prefix_a,1,84,136
tworoom,Rank (learned target),45,prefix_b,1,93,152
tworoom,Rank (learned target),46,clean,1,93,152
tworoom,Rank (learned target),46,prefix_a,1,94,152
tworoom,Rank (learned target),46,prefix_b,1,88,144
tworoom,Rank (learned target),47,clean,1,86,144
tworoom,Rank (learned target),47,prefix_a,1,86,144
tworoom,Rank (learned target),47,prefix_b,1,93,152
tworoom,Rank (learned target),48,clean,1,44,72
tworoom,Rank (learned target),48,prefix_a,1,22,40
tworoom,Rank (learned target),48,prefix_b,1,22,40
tworoom,Rank (learned target),49,clean,1,103,168
tworoom,Rank (learned target),49,prefix_a,1,93,152
tworoom,Rank (learned target),49,prefix_b,1,103,168
tworoom,Rank (learned target),50,clean,1,87,144
tworoom,Rank (learned target),50,prefix_a,1,90,144
tworoom,Rank (learned target),50,prefix_b,1,85,136
tworoom,Rank (learned target),51,clean,1,82,136
tworoom,Rank (learned target),51,prefix_a,1,70,112
tworoom,Rank (learned target),51,prefix_b,1,71,120
tworoom,Rank (learned target),52,clean,1,93,152
tworoom,Rank (learned target),52,prefix_a,1,92,152
tworoom,Rank (learned target),52,prefix_b,1,90,144
tworoom,Rank (learned target),53,clean,1,98,160
tworoom,Rank (learned target),53,prefix_a,1,97,160
tworoom,Rank (learned target),53,prefix_b,1,97,160
tworoom,Rank (learned target),54,clean,1,96,160
tworoom,Rank (learned target),54,prefix_a,1,97,160
tworoom,Rank (learned target),54,prefix_b,1,90,144
tworoom,Rank (learned target),55,clean,1,76,128
tworoom,Rank (learned target),55,prefix_a,1,92,152
tworoom,Rank (learned target),55,prefix_b,0,200,320
tworoom,Rank (learned target),56,clean,1,98,160
tworoom,Rank (learned target),56,prefix_a,1,98,160
tworoom,Rank (learned target),56,prefix_b,1,98,160
tworoom,Rank (learned target),57,clean,1,81,136
tworoom,Rank (learned target),57,prefix_a,1,80,128
tworoom,Rank (learned target),57,prefix_b,1,83,136
tworoom,Rank (learned target),58,clean,1,94,152
tworoom,Rank (learned target),58,prefix_a,1,92,152
tworoom,Rank (learned target),58,prefix_b,1,94,152
tworoom,Rank (learned target),59,clean,1,81,136
tworoom,Rank (learned target),59,prefix_a,1,57,96
tworoom,Rank (learned target),59,prefix_b,1,72,120
tworoom,Rank (learned target),60,clean,1,96,160
tworoom,Rank (learned target),60,prefix_a,1,96,160
tworoom,Rank (learned target),60,prefix_b,1,93,152
tworoom,Rank (learned target),61,clean,1,81,136
tworoom,Rank (learned target),61,prefix_a,1,97,160
tworoom,Rank (learned target),61,prefix_b,1,90,144
tworoom,Rank (learned target),62,clean,1,88,144
tworoom,Rank (learned target),62,prefix_a,1,95,152
tworoom,Rank (learned target),62,prefix_b,1,100,160
tworoom,Rank (learned target),63,clean,1,74,120
tworoom,Rank (learned target),63,prefix_a,1,69,112
tworoom,Rank (learned target),63,prefix_b,1,59,96
tworoom,Rank (learned target),64,clean,1,90,144
tworoom,Rank (learned target),64,prefix_a,1,157,256
tworoom,Rank (learned target),64,prefix_b,1,91,152
tworoom,Rank (learned target),65,clean,1,92,152
tworoom,Rank (learned target),65,prefix_a,1,91,152
tworoom,Rank (learned target),65,prefix_b,1,44,72
tworoom,Rank (learned target),66,clean,1,95,152
tworoom,Rank (learned target),66,prefix_a,1,95,152
tworoom,Rank (learned target),66,prefix_b,1,94,152
tworoom,Rank (learned target),67,clean,1,90,144
tworoom,Rank (learned target),67,prefix_a,1,86,144
tworoom,Rank (learned target),67,prefix_b,1,79,128
tworoom,Rank (learned target),68,clean,1,97,160
tworoom,Rank (learned target),68,prefix_a,1,95,152
tworoom,Rank (learned target),68,prefix_b,1,95,152
tworoom,Rank (learned target),69,clean,1,89,144
tworoom,Rank (learned target),69,prefix_a,1,93,152
tworoom,Rank (learned target),69,prefix_b,1,93,152
tworoom,Rank (learned target),70,clean,1,89,144
tworoom,Rank (learned target),70,prefix_a,1,95,152
tworoom,Rank (learned target),70,prefix_b,1,88,144
tworoom,Rank (learned target),71,clean,1,79,128
tworoom,Rank (learned target),71,prefix_a,1,82,136
tworoom,Rank (learned target),71,prefix_b,1,91,152
tworoom,Rank (learned target),72,clean,1,95,152
tworoom,Rank (learned target),72,prefix_a,1,77,128
tworoom,Rank (learned target),72,prefix_b,1,77,128
tworoom,Rank (learned target),73,clean,1,85,136
tworoom,Rank (learned target),73,prefix_a,1,79,128
tworoom,Rank (learned target),73,prefix_b,1,92,152
tworoom,Rank (learned target),74,clean,1,71,120
tworoom,Rank (learned target),74,prefix_a,1,73,120
tworoom,Rank (learned target),74,prefix_b,1,71,120
tworoom,Rank (learned target),75,clean,1,94,152
tworoom,Rank (learned target),75,prefix_a,1,90,144
tworoom,Rank (learned target),75,prefix_b,1,97,160
tworoom,Rank (learned target),76,clean,1,90,144
tworoom,Rank (learned target),76,prefix_a,1,83,136
tworoom,Rank (learned target),76,prefix_b,1,87,144
tworoom,Rank (learned target),77,clean,1,94,152
tworoom,Rank (learned target),77,prefix_a,1,89,144
tworoom,Rank (learned target),77,prefix_b,1,96,160
tworoom,Rank (learned target),78,clean,1,84,136
tworoom,Rank (learned target),78,prefix_a,1,96,160
tworoom,Rank (learned target),78,prefix_b,1,95,152
tworoom,Rank (learned target),79,clean,1,91,152
tworoom,Rank (learned target),79,prefix_a,1,93,152
tworoom,Rank (learned target),79,prefix_b,1,89,144
tworoom,Rank (learned target),80,clean,1,61,104
tworoom,Rank (learned target),80,prefix_a,1,95,152
tworoom,Rank (learned target),80,prefix_b,1,95,152
tworoom,Rank (learned target),81,clean,1,94,152
tworoom,Rank (learned target),81,prefix_a,1,90,144
tworoom,Rank (learned target),81,prefix_b,1,96,160
tworoom,Rank (learned target),82,clean,1,86,144
tworoom,Rank (learned target),82,prefix_a,1,87,144
tworoom,Rank (learned target),82,prefix_b,1,75,120
tworoom,Rank (learned target),83,clean,1,91,152
tworoom,Rank (learned target),83,prefix_a,1,91,152
tworoom,Rank (learned target),83,prefix_b,1,97,160
tworoom,Rank (learned target),84,clean,1,71,120
tworoom,Rank (learned target),84,prefix_a,1,78,128
tworoom,Rank (learned target),84,prefix_b,1,87,144
tworoom,Rank (learned target),85,clean,1,51,88
tworoom,Rank (learned target),85,prefix_a,1,66,112
tworoom,Rank (learned target),85,prefix_b,1,51,88
tworoom,Rank (learned target),86,clean,1,77,128
tworoom,Rank (learned target),86,prefix_a,1,71,120
tworoom,Rank (learned target),86,prefix_b,1,62,104
tworoom,Rank (learned target),87,clean,1,97,160
tworoom,Rank (learned target),87,prefix_a,1,96,160
tworoom,Rank (learned target),87,prefix_b,1,98,160
tworoom,Rank (learned target),88,clean,1,88,144
tworoom,Rank (learned target),88,prefix_a,1,85,136
tworoom,Rank (learned target),88,prefix_b,1,70,112
tworoom,Rank (learned target),89,clean,1,63,104
tworoom,Rank (learned target),89,prefix_a,1,96,160
tworoom,Rank (learned target),89,prefix_b,1,32,56
tworoom,Rank (learned target),90,clean,1,92,152
tworoom,Rank (learned target),90,prefix_a,1,82,136
tworoom,Rank (learned target),90,prefix_b,1,91,152
tworoom,Rank (learned target),91,clean,1,104,168
tworoom,Rank (learned target),91,prefix_a,1,93,152
tworoom,Rank (learned target),91,prefix_b,1,93,152
tworoom,Rank (learned target),92,clean,1,94,152
tworoom,Rank (learned target),92,prefix_a,1,87,144
tworoom,Rank (learned target),92,prefix_b,1,87,144
tworoom,Rank (learned target),93,clean,1,71,120
tworoom,Rank (learned target),93,prefix_a,1,80,128
tworoom,Rank (learned target),93,prefix_b,1,85,136
tworoom,Rank (learned target),94,clean,1,90,144
tworoom,Rank (learned target),94,prefix_a,1,96,160
tworoom,Rank (learned target),94,prefix_b,1,99,160
tworoom,Rank (learned target),95,clean,1,87,144
tworoom,Rank (learned target),95,prefix_a,1,95,152
tworoom,Rank (learned target),95,prefix_b,1,94,152
tworoom,Rank (learned target),96,clean,1,93,152
tworoom,Rank (learned target),96,prefix_a,1,97,160
tworoom,Rank (learned target),96,prefix_b,1,90,144
tworoom,Rank (learned target),97,clean,1,97,160
tworoom,Rank (learned target),97,prefix_a,1,91,152
tworoom,Rank (learned target),97,prefix_b,1,82,136
tworoom,Rank (learned target),98,clean,1,69,112
tworoom,Rank (learned target),98,prefix_a,1,42,72
tworoom,Rank (learned target),98,prefix_b,1,82,136
tworoom,Rank (learned target),99,clean,1,83,136
tworoom,Rank (learned target),99,prefix_a,1,70,112
tworoom,Rank (learned target),99,prefix_b,1,80,128
tworoom,Rank (learned target),100,clean,1,85,136
tworoom,Rank (learned target),100,prefix_a,1,97,160
tworoom,Rank (learned target),100,prefix_b,1,93,152
tworoom,Rank (learned target),101,clean,1,98,160
tworoom,Rank (learned target),101,prefix_a,1,98,160
tworoom,Rank (learned target),101,prefix_b,1,94,152
tworoom,Rank (learned target),102,clean,1,84,136
tworoom,Rank (learned target),102,prefix_a,1,80,128
tworoom,Rank (learned target),102,prefix_b,1,79,128
tworoom,Rank (learned target),103,clean,1,94,152
tworoom,Rank (learned target),103,prefix_a,1,97,160
tworoom,Rank (learned target),103,prefix_b,1,92,152
tworoom,Rank (learned target),104,clean,1,92,152
tworoom,Rank (learned target),104,prefix_a,0,200,320
tworoom,Rank (learned target),104,prefix_b,1,86,144
tworoom,Rank (learned target),105,clean,1,86,144
tworoom,Rank (learned target),105,prefix_a,1,94,152
tworoom,Rank (learned target),105,prefix_b,1,90,144
tworoom,Rank (learned target),106,clean,1,83,136
tworoom,Rank (learned target),106,prefix_a,1,91,152
tworoom,Rank (learned target),106,prefix_b,1,92,152
tworoom,Rank (learned target),107,clean,1,58,96
tworoom,Rank (learned target),107,prefix_a,1,79,128
tworoom,Rank (learned target),107,prefix_b,1,68,112
tworoom,Rank (learned target),108,clean,1,91,152
tworoom,Rank (learned target),108,prefix_a,1,99,160
tworoom,Rank (learned target),108,prefix_b,1,91,152
tworoom,Rank (learned target),109,clean,1,98,160
tworoom,Rank (learned target),109,prefix_a,1,87,144
tworoom,Rank (learned target),109,prefix_b,1,98,160
tworoom,Rank (learned target),110,clean,1,73,120
tworoom,Rank (learned target),110,prefix_a,1,60,96
tworoom,Rank (learned target),110,prefix_b,1,89,144
tworoom,Rank (learned target),111,clean,1,50,80
tworoom,Rank (learned target),111,prefix_a,1,50,80
tworoom,Rank (learned target),111,prefix_b,1,62,104
tworoom,Rank (learned target),112,clean,1,66,112
tworoom,Rank (learned target),112,prefix_a,1,61,104
tworoom,Rank (learned target),112,prefix_b,1,74,120
tworoom,Rank (learned target),113,clean,0,200,320
tworoom,Rank (learned target),113,prefix_a,1,99,160
tworoom,Rank (learned target),113,prefix_b,1,92,152
tworoom,Rank (learned target),114,clean,1,40,64
tworoom,Rank (learned target),114,prefix_a,1,91,152
tworoom,Rank (learned target),114,prefix_b,1,40,64
tworoom,Rank (learned target),115,clean,1,90,144
tworoom,Rank (learned target),115,prefix_a,1,90,144
tworoom,Rank (learned target),115,prefix_b,1,103,168
tworoom,Rank (learned target),116,clean,1,94,152
tworoom,Rank (learned target),116,prefix_a,1,84,136
tworoom,Rank (learned target),116,prefix_b,1,88,144
tworoom,Rank (learned target),117,clean,1,94,152
tworoom,Rank (learned target),117,prefix_a,1,86,144
tworoom,Rank (learned target),117,prefix_b,1,72,120
tworoom,Rank (learned target),118,clean,1,60,96
tworoom,Rank (learned target),118,prefix_a,1,51,88
tworoom,Rank (learned target),118,prefix_b,1,81,136
tworoom,Rank (learned target),119,clean,1,75,120
tworoom,Rank (learned target),119,prefix_a,1,85,136
tworoom,Rank (learned target),119,prefix_b,1,86,144
tworoom,Rank (learned target),120,clean,1,98,160
tworoom,Rank (learned target),120,prefix_a,1,98,160
tworoom,Rank (learned target),120,prefix_b,1,92,152
tworoom,Rank (learned target),121,clean,1,62,104
tworoom,Rank (learned target),121,prefix_a,1,62,104
tworoom,Rank (learned target),121,prefix_b,1,66,112
tworoom,Rank (learned target),122,clean,1,55,88
tworoom,Rank (learned target),122,prefix_a,1,32,56
tworoom,Rank (learned target),122,prefix_b,1,63,104
tworoom,Rank (learned target),123,clean,1,93,152
tworoom,Rank (learned target),123,prefix_a,1,107,176
tworoom,Rank (learned target),123,prefix_b,1,95,152
tworoom,Rank (learned target),124,clean,1,86,144
tworoom,Rank (learned target),124,prefix_a,1,85,136
tworoom,Rank (learned target),124,prefix_b,1,82,136
tworoom,Rank (learned target),125,clean,1,85,136
tworoom,Rank (learned target),125,prefix_a,1,78,128
tworoom,Rank (learned target),125,prefix_b,1,85,136
tworoom,Rank (learned target),126,clean,1,92,152
tworoom,Rank (learned target),126,prefix_a,1,85,136
tworoom,Rank (learned target),126,prefix_b,1,94,152
tworoom,Rank (learned target),127,clean,1,90,144
tworoom,Rank (learned target),127,prefix_a,1,93,152
tworoom,Rank (learned target),127,prefix_b,1,88,144
